# Gait Analysis Data - MPU6050 IMU
# Duration: 10 seconds
# Format: timestamp(s),ax(g),ay(g),az(g),gx(deg/s),gy(deg/s),gz(deg/s),temp(C)
# Note: Document sensor placement (ankle/wrist) separately
timestamp,ax,ay,az,gx,gy,gz,temp
0.000587,0.511000,-0.109000,-0.755000,-23.573000,202.534000,-33.679000,30.51
0.001199,0.600000,-0.108000,-0.828000,-16.916000,209.008000,-37.206000,30.51
0.001727,0.548000,-0.109000,-0.758000,-7.618000,219.924000,-39.832000,30.46
0.002254,0.577000,-0.107000,-0.738000,-9.527000,240.901000,-45.771000,30.55
0.002764,0.728000,-0.165000,-0.817000,-14.870000,263.023000,-54.733000,30.51
0.003343,0.625000,-0.308000,-0.846000,-24.366000,275.649000,-73.420000,30.51
0.003902,0.913000,-0.356000,-0.943000,-35.450000,293.313000,-90.214000,30.51
0.004440,0.963000,-0.375000,-0.962000,-33.160000,314.122000,-108.931000,30.55
0.005261,1.359000,-0.490000,-1.219000,-2.855000,352.443000,-124.153000,30.60
0.006532,1.941000,-0.613000,-1.863000,60.626000,339.084000,-109.634000,30.51
0.007655,2.219000,-0.573000,-1.981000,91.405000,327.420000,-105.023000,30.41
0.008527,2.153000,-0.427000,-1.671000,64.962000,372.580000,-129.527000,30.51
0.009246,2.074000,-0.426000,-1.826000,32.000000,310.397000,-153.282000,30.46
0.010142,1.127000,-0.509000,-1.972000,-0.321000,264.473000,-157.527000,30.51
0.011024,0.374000,-0.857000,-1.727000,1.328000,181.771000,-132.489000,30.51
0.011800,0.125000,-3.075000,-3.614000,18.244000,89.450000,-23.313000,30.51
0.012457,1.689000,-2.884000,-4.000000,-94.534000,-81.863000,7.649000,30.51
0.013338,-1.299000,-1.864000,-1.648000,-152.580000,-177.664000,47.756000,30.55
0.014288,-0.671000,-0.944000,-1.828000,-119.802000,-172.305000,57.511000,30.51
0.015058,-0.424000,-0.472000,-1.738000,-66.733000,-176.366000,67.176000,30.41
0.015652,-0.390000,-0.608000,-1.526000,-15.908000,-191.435000,74.809000,30.51
0.016302,-0.224000,-0.706000,-1.369000,-2.137000,-231.893000,68.229000,30.51
0.016881,-0.156000,-0.626000,-1.222000,-17.969000,-249.893000,44.092000,30.46
0.017435,0.150000,-0.318000,-1.140000,-32.626000,-273.435000,26.183000,30.60
0.017945,0.397000,-0.281000,-1.301000,-16.992000,-283.328000,-2.076000,30.51
0.018461,0.487000,-0.163000,-1.076000,-0.916000,-299.344000,-14.229000,30.51
0.018942,0.616000,-0.331000,-0.984000,21.740000,-300.626000,-16.763000,30.46
0.019414,0.735000,-0.543000,-0.891000,42.458000,-304.947000,-8.336000,30.46
0.019891,0.827000,-0.730000,-0.805000,50.870000,-304.565000,11.450000,30.51
0.020360,0.934000,-0.855000,-0.760000,48.214000,-290.000000,38.305000,30.51
0.020819,0.990000,-0.774000,-0.798000,53.008000,-263.053000,68.092000,30.51
0.021283,1.108000,-0.637000,-0.830000,60.611000,-251.237000,99.267000,30.55
0.021973,1.182000,-0.552000,-0.872000,71.191000,-235.099000,125.450000,30.55
0.022489,1.305000,-0.523000,-0.796000,79.328000,-197.130000,140.565000,30.51
0.022959,1.581000,-0.567000,-0.987000,76.000000,-228.809000,154.656000,30.60
0.023452,1.420000,-0.557000,-0.848000,62.412000,-210.504000,163.511000,30.60
0.023903,1.611000,-0.548000,-0.931000,51.649000,-196.336000,173.176000,30.46
0.024352,1.792000,-0.468000,-0.964000,41.115000,-188.580000,182.870000,30.46
0.024801,1.936000,-0.411000,-0.893000,44.504000,-175.053000,188.366000,30.60
0.025409,2.045000,-0.160000,-0.811000,63.053000,-176.336000,187.023000,30.41
0.025989,2.035000,-0.033000,-0.716000,56.153000,-150.107000,181.756000,30.51
0.026431,2.011000,0.266000,-0.696000,69.908000,-155.557000,170.137000,30.55
0.026872,1.775000,0.417000,-0.646000,91.450000,-131.710000,157.237000,30.55
0.027310,2.099000,0.292000,-0.270000,92.244000,-123.099000,138.901000,30.60
0.027749,2.591000,0.338000,-0.534000,88.992000,-100.244000,117.679000,30.51
0.028215,2.417000,0.585000,-0.414000,89.038000,-125.679000,101.542000,30.60
0.028680,2.335000,0.766000,-0.433000,96.366000,-119.344000,85.145000,30.46
0.029137,2.123000,0.757000,-0.156000,97.603000,-127.786000,62.962000,30.55
0.029571,1.827000,0.782000,0.261000,97.756000,-108.626000,37.588000,30.51
0.029999,1.899000,0.693000,0.455000,94.794000,-88.779000,18.458000,30.51
0.030421,1.760000,0.516000,0.576000,72.534000,-61.527000,0.015000,30.51
0.030907,1.762000,0.340000,0.740000,33.664000,-27.695000,-16.198000,30.46
0.031334,1.848000,0.383000,0.714000,-18.397000,2.611000,-36.168000,30.46
0.031769,1.952000,0.487000,0.759000,-56.809000,37.328000,-46.855000,30.41
0.032217,2.088000,0.606000,1.222000,-93.191000,91.847000,-49.954000,30.51
0.032663,0.566000,0.813000,1.358000,-76.702000,148.122000,-49.863000,30.46
0.033103,1.112000,-0.304000,-1.649000,-47.695000,191.206000,-20.931000,30.55
0.033552,0.222000,-0.076000,-2.547000,-50.672000,141.267000,-56.672000,30.46
0.033997,-0.079000,0.429000,-1.458000,-7.313000,136.412000,-89.664000,30.51
0.034446,0.916000,0.263000,-0.995000,34.641000,185.374000,-108.748000,30.51
0.034872,2.508000,-1.029000,-2.169000,-6.473000,125.176000,-111.985000,30.55
0.035382,1.281000,-0.734000,-0.826000,-40.931000,66.412000,-79.527000,30.37
0.035803,0.582000,-0.485000,-0.990000,-58.565000,83.298000,-75.282000,30.41
0.036223,0.670000,-0.629000,-1.572000,-30.275000,73.008000,-79.939000,30.51
0.036669,0.744000,-0.119000,-0.851000,-33.573000,29.206000,-54.718000,30.60
0.037246,0.801000,-0.694000,-0.922000,-46.931000,50.122000,-41.771000,30.46
0.037719,0.612000,-0.410000,-0.819000,-54.947000,30.473000,-41.710000,30.46
0.038176,0.688000,-0.285000,-0.935000,-61.038000,45.191000,-37.298000,30.60
0.038646,0.590000,-0.401000,-0.905000,-61.374000,40.718000,-32.000000,30.51
0.039120,0.621000,-0.321000,-1.038000,-57.573000,34.550000,-27.084000,30.46
0.039589,0.544000,-0.303000,-0.955000,-50.046000,27.649000,-25.695000,30.46
0.040062,0.587000,-0.379000,-0.912000,-45.802000,28.153000,-25.328000,30.55
0.040528,0.571000,-0.351000,-0.886000,-45.496000,33.191000,-27.267000,30.51
0.040983,0.601000,-0.323000,-0.896000,-43.313000,32.015000,-28.611000,30.51
0.041436,0.580000,-0.258000,-0.825000,-35.908000,24.595000,-28.183000,30.46
0.041874,0.584000,-0.204000,-0.842000,-30.656000,21.527000,-26.824000,30.46
0.042318,0.541000,-0.236000,-0.816000,-29.527000,21.221000,-26.992000,30.55
0.042773,0.574000,-0.262000,-0.827000,-30.458000,23.023000,-27.832000,30.51
0.043230,0.604000,-0.203000,-0.840000,-30.427000,22.748000,-26.947000,30.51
0.043667,0.632000,-0.200000,-0.818000,-27.206000,19.282000,-24.885000,30.46
0.044104,0.606000,-0.168000,-0.833000,-23.832000,16.718000,-22.305000,30.65
0.044552,0.591000,-0.191000,-0.814000,-20.885000,15.847000,-19.847000,30.51
0.045002,0.600000,-0.193000,-0.810000,-17.954000,15.282000,-18.260000,30.51
0.045582,0.535000,-0.054000,-0.893000,-11.511000,14.489000,-17.939000,30.51
0.046040,0.637000,-0.183000,-0.807000,-13.603000,15.527000,-14.427000,30.46
0.046473,0.599000,-0.177000,-0.805000,-11.420000,14.260000,-12.947000,30.46
0.046907,0.583000,-0.195000,-0.798000,-9.969000,15.328000,-12.351000,30.51
0.047340,0.596000,-0.169000,-0.805000,-8.198000,14.611000,-10.595000,30.51
0.047787,0.595000,-0.173000,-0.802000,-6.321000,14.565000,-10.122000,30.46
0.048224,0.597000,-0.193000,-0.798000,-6.046000,14.092000,-10.168000,30.55
0.048654,0.612000,-0.184000,-0.801000,-7.084000,13.008000,-10.855000,30.55
0.049086,0.620000,-0.181000,-0.780000,-7.832000,11.145000,-10.733000,30.51
0.049514,0.606000,-0.158000,-0.782000,-7.756000,8.931000,-9.878000,30.51
0.049928,0.597000,-0.169000,-0.773000,-7.069000,7.359000,-8.855000,30.55
0.050357,0.606000,-0.186000,-0.787000,-5.969000,5.893000,-8.397000,30.46
0.050767,0.587000,-0.188000,-0.794000,-5.145000,5.038000,-8.504000,30.46
0.051179,0.590000,-0.178000,-0.799000,-4.580000,5.924000,-8.687000,30.51
0.051583,0.603000,-0.172000,-0.811000,-4.244000,6.534000,-7.344000,30.51
0.052008,0.621000,-0.152000,-0.816000,-3.878000,7.130000,-5.756000,30.55
0.052419,0.633000,-0.144000,-0.804000,-2.534000,6.427000,-3.221000,30.51
0.052841,0.670000,-0.122000,-0.809000,0.015000,4.198000,0.534000,30.41
0.053244,0.668000,-0.106000,-0.803000,2.962000,-1.802000,5.023000,30.41
0.053675,0.633000,-0.169000,-0.802000,4.565000,-6.061000,7.374000,30.41
0.054109,0.619000,-0.200000,-0.780000,4.473000,-9.130000,6.824000,30.55
0.054526,0.569000,-0.255000,-0.759000,2.458000,-9.954000,5.359000,30.51
0.054931,0.502000,-0.228000,-0.799000,-1.634000,-9.069000,1.344000,30.51
0.055510,0.536000,-0.287000,-0.788000,-6.336000,-6.183000,-2.962000,30.51
0.056144,0.579000,-0.235000,-0.823000,-8.962000,-0.809000,-6.122000,30.55
0.056647,0.556000,-0.196000,-0.826000,-9.664000,5.924000,-7.557000,30.46
0.057108,0.561000,-0.166000,-0.836000,-8.947000,6.565000,-7.435000,30.41
0.057542,0.568000,-0.146000,-0.810000,-8.015000,10.931000,-7.695000,30.41
0.058019,0.574000,-0.108000,-0.805000,-7.557000,11.695000,-4.977000,30.60
0.058462,0.558000,-0.105000,-0.813000,-6.061000,15.481000,-2.748000,30.46
0.058884,0.575000,-0.112000,-0.803000,-4.107000,18.198000,-1.069000,30.46
0.059321,0.582000,-0.117000,-0.787000,-2.290000,16.565000,1.221000,30.60
0.059761,0.586000,-0.153000,-0.805000,-1.313000,21.282000,2.626000,30.41
0.060190,0.567000,-0.160000,-0.787000,-1.435000,24.824000,2.885000,30.41
0.060608,0.565000,-0.177000,-0.797000,-2.840000,27.511000,2.076000,30.46
0.061034,0.568000,-0.174000,-0.777000,-3.176000,29.634000,0.260000,30.46
0.061489,0.583000,-0.191000,-0.768000,-4.885000,33.649000,-2.275000,30.41
0.061944,0.596000,-0.203000,-0.755000,-7.405000,34.885000,-5.344000,30.51
0.062391,0.602000,-0.199000,-0.753000,-8.458000,34.916000,-7.481000,30.51
0.062832,0.597000,-0.206000,-0.759000,-9.954000,37.466000,-10.000000,30.55
0.063257,0.611000,-0.200000,-0.770000,-10.168000,36.718000,-12.855000,30.46
0.063700,0.627000,-0.186000,-0.774000,-8.748000,35.313000,-15.176000,30.51
0.064166,0.638000,-0.162000,-0.746000,-5.756000,33.863000,-17.542000,30.51
0.064634,0.647000,-0.158000,-0.749000,-0.901000,32.336000,-20.550000,30.46
0.065097,0.639000,-0.154000,-0.758000,4.107000,30.763000,-23.924000,30.46
0.065635,0.643000,-0.152000,-0.746000,8.656000,28.718000,-27.252000,30.46
0.066225,0.633000,-0.150000,-0.728000,14.672000,27.023000,-30.290000,30.51
0.066687,0.657000,-0.162000,-0.736000,17.786000,25.008000,-32.855000,30.51
0.067148,0.652000,-0.148000,-0.731000,20.855000,23.252000,-34.473000,30.55
0.067594,0.673000,-0.156000,-0.742000,23.511000,21.573000,-35.267000,30.55
0.068088,0.667000,-0.149000,-0.729000,25.053000,20.550000,-36.214000,30.46
0.068571,0.679000,-0.145000,-0.724000,26.244000,19.344000,-37.099000,30.41
0.069037,0.683000,-0.139000,-0.721000,27.740000,17.618000,-37.817000,30.41
0.069485,0.691000,-0.141000,-0.706000,29.863000,16.061000,-38.534000,30.55
0.069927,0.671000,-0.146000,-0.697000,31.405000,16.351000,-38.824000,30.46
0.070347,0.685000,-0.154000,-0.721000,32.061000,14.412000,-38.962000,30.41
0.070779,0.695000,-0.144000,-0.723000,31.252000,12.809000,-39.038000,30.51
0.071203,0.701000,-0.151000,-0.709000,29.756000,10.794000,-38.992000,30.51
0.071630,0.705000,-0.145000,-0.703000,29.374000,8.550000,-38.733000,30.55
0.072056,0.706000,-0.134000,-0.702000,29.328000,6.489000,-38.489000,30.46
0.072477,0.701000,-0.144000,-0.701000,28.611000,4.534000,-38.565000,30.51
0.072925,0.685000,-0.134000,-0.697000,29.099000,2.565000,-38.137000,30.60
0.073354,0.691000,-0.133000,-0.699000,29.710000,1.557000,-37.298000,30.46
0.073785,0.687000,-0.111000,-0.679000,30.275000,0.565000,-36.198000,30.46
0.074211,0.698000,-0.130000,-0.697000,29.664000,1.191000,-34.015000,30.46
0.074639,0.683000,-0.116000,-0.709000,28.382000,0.931000,-31.282000,30.41
0.075065,0.701000,-0.126000,-0.697000,26.656000,0.901000,-28.611000,30.51
0.075578,0.709000,-0.114000,-0.717000,24.916000,0.809000,-25.664000,30.37
0.076129,0.701000,-0.115000,-0.720000,23.481000,0.107000,-22.870000,30.37
0.076582,0.698000,-0.119000,-0.709000,22.198000,-0.260000,-20.260000,30.51
0.077032,0.697000,-0.115000,-0.695000,21.267000,-0.794000,-17.511000,30.41
0.077480,0.694000,-0.124000,-0.709000,19.969000,-0.550000,-14.840000,30.51
0.077991,0.688000,-0.112000,-0.704000,19.282000,0.473000,-11.511000,30.55
0.078491,0.700000,-0.111000,-0.709000,17.939000,1.038000,-8.153000,30.46
0.078987,0.704000,-0.113000,-0.705000,16.351000,2.595000,-5.069000,30.51
0.079440,0.708000,-0.125000,-0.714000,14.412000,2.061000,-2.275000,30.51
0.079863,0.700000,-0.146000,-0.708000,12.412000,2.992000,-0.641000,30.46
0.080282,0.703000,-0.139000,-0.710000,12.260000,2.550000,0.565000,30.46
0.080736,0.699000,-0.153000,-0.689000,12.565000,2.427000,1.115000,30.46
0.081161,0.691000,-0.153000,-0.696000,13.115000,2.641000,1.313000,30.41
0.081594,0.698000,-0.166000,-0.703000,13.145000,1.954000,1.389000,30.51
0.082020,0.696000,-0.167000,-0.702000,12.015000,2.015000,1.374000,30.46
0.082439,0.701000,-0.167000,-0.705000,10.565000,1.450000,1.282000,30.41
0.082870,0.698000,-0.184000,-0.712000,9.206000,0.885000,0.321000,30.51
0.083298,0.698000,-0.194000,-0.710000,7.573000,0.641000,-0.855000,30.51
0.083724,0.698000,-0.208000,-0.698000,6.412000,0.519000,-2.672000,30.51
0.084150,0.703000,-0.207000,-0.714000,6.183000,-0.092000,-5.298000,30.55
0.084578,0.696000,-0.212000,-0.713000,5.450000,-1.206000,-8.214000,30.60
0.084997,0.695000,-0.194000,-0.707000,5.221000,-3.176000,-11.710000,30.51
0.085586,0.696000,-0.167000,-0.701000,7.496000,-4.595000,-14.489000,30.51
0.086150,0.689000,-0.160000,-0.702000,11.542000,-6.183000,-17.893000,30.46
0.086601,0.683000,-0.170000,-0.705000,16.382000,-7.786000,-21.969000,30.55
0.087089,0.676000,-0.163000,-0.709000,22.427000,-8.458000,-26.550000,30.51
0.087554,0.685000,-0.184000,-0.719000,26.992000,-10.656000,-31.603000,30.41
0.088033,0.691000,-0.190000,-0.712000,31.924000,-11.206000,-37.237000,30.51
0.088487,0.687000,-0.184000,-0.726000,38.198000,-13.557000,-44.626000,30.46
0.088920,0.683000,-0.185000,-0.735000,45.206000,-15.756000,-53.084000,30.55
0.089362,0.677000,-0.197000,-0.734000,53.817000,-19.282000,-62.870000,30.60
0.089797,0.690000,-0.195000,-0.726000,63.771000,-23.786000,-74.580000,30.41
0.090229,0.724000,-0.205000,-0.712000,74.076000,-27.954000,-86.947000,30.41
0.090657,0.661000,-0.222000,-0.722000,85.053000,-34.015000,-99.588000,30.46
0.091085,0.677000,-0.206000,-0.706000,94.473000,-39.603000,-111.802000,30.46
0.091530,0.695000,-0.213000,-0.704000,102.687000,-45.099000,-123.130000,30.51
0.091966,0.699000,-0.221000,-0.689000,110.290000,-49.969000,-132.855000,30.51
0.092416,0.710000,-0.193000,-0.690000,116.855000,-53.405000,-142.672000,30.51
0.092869,0.711000,-0.172000,-0.700000,124.855000,-58.824000,-152.092000,30.46
0.093299,0.689000,-0.206000,-0.675000,130.870000,-63.450000,-160.305000,30.46
0.093733,0.689000,-0.202000,-0.688000,134.718000,-67.450000,-167.344000,30.41
0.094173,0.683000,-0.169000,-0.687000,139.053000,-69.863000,-172.641000,30.51
0.094612,0.673000,-0.154000,-0.704000,142.595000,-72.901000,-175.695000,30.41
0.095065,0.670000,-0.133000,-0.707000,144.412000,-73.756000,-175.527000,30.46
0.095606,0.667000,-0.101000,-0.742000,144.168000,-75.405000,-172.718000,30.46
0.096053,0.651000,-0.083000,-0.753000,140.931000,-76.840000,-167.832000,30.51
0.096490,0.634000,-0.098000,-0.767000,135.237000,-77.710000,-160.794000,30.51
0.096932,0.616000,-0.102000,-0.768000,125.267000,-77.435000,-150.947000,30.51
0.097375,0.594000,-0.094000,-0.790000,112.489000,-75.832000,-137.206000,30.46
0.097851,0.593000,-0.078000,-0.802000,96.840000,-72.412000,-120.580000,30.46
0.098301,0.562000,-0.089000,-0.815000,80.733000,-67.588000,-100.489000,30.51
0.098742,0.556000,-0.097000,-0.823000,62.092000,-63.252000,-77.328000,30.51
0.099175,0.551000,-0.076000,-0.831000,42.565000,-56.260000,-51.450000,30.55
0.099604,0.557000,-0.048000,-0.815000,24.656000,-45.008000,-22.702000,30.46
0.100024,0.554000,0.023000,-0.828000,12.290000,-37.053000,1.985000,30.37
0.100447,0.575000,0.111000,-0.860000,14.519000,-30.275000,15.496000,30.51
0.100881,0.546000,-0.049000,-0.840000,20.977000,-28.931000,19.939000,30.51
0.101304,0.511000,-0.153000,-0.827000,24.153000,-23.695000,18.137000,30.46
0.101744,0.559000,-0.175000,-0.816000,26.794000,-17.969000,17.374000,30.46
0.102182,0.563000,-0.132000,-0.813000,29.496000,-15.695000,18.366000,30.46
0.102609,0.551000,-0.235000,-0.810000,29.878000,-10.244000,19.679000,30.51
0.103049,0.547000,-0.297000,-0.791000,26.244000,-9.206000,18.244000,30.41
0.103487,0.537000,-0.335000,-0.797000,21.405000,-8.321000,14.962000,30.46
0.104020,0.401000,-0.381000,-0.746000,15.313000,-4.885000,8.153000,30.46
0.104455,0.533000,-0.328000,-0.802000,7.527000,-7.847000,3.481000,30.51
0.104922,0.549000,-0.239000,-0.832000,4.321000,-4.153000,1.099000,30.51
0.105416,0.543000,-0.192000,-0.815000,3.160000,-3.359000,1.389000,30.51
0.106010,0.557000,-0.176000,-0.816000,3.969000,-4.015000,2.504000,30.46
0.106476,0.556000,-0.153000,-0.839000,6.366000,-2.565000,4.229000,30.55
0.106906,0.549000,-0.192000,-0.812000,8.611000,-3.740000,5.802000,30.51
0.107363,0.534000,-0.204000,-0.827000,9.710000,-0.809000,7.176000,30.51
0.107822,0.537000,-0.202000,-0.833000,10.809000,1.344000,8.198000,30.55
0.108256,0.545000,-0.222000,-0.821000,11.618000,0.794000,9.130000,30.55
0.108675,0.540000,-0.200000,-0.825000,12.107000,1.771000,10.000000,30.46
0.109096,0.534000,-0.212000,-0.824000,13.649000,3.084000,11.252000,30.51
0.109520,0.532000,-0.228000,-0.829000,14.443000,3.771000,11.939000,30.51
0.109936,0.530000,-0.251000,-0.817000,14.504000,4.779000,11.878000,30.46
0.110341,0.521000,-0.279000,-0.823000,12.656000,4.718000,10.550000,30.37
0.110756,0.541000,-0.285000,-0.809000,10.534000,4.672000,9.023000,30.51
0.111160,0.542000,-0.275000,-0.805000,9.221000,3.695000,8.122000,30.51
0.111564,0.543000,-0.268000,-0.808000,8.031000,2.824000,7.115000,30.51
0.111965,0.551000,-0.264000,-0.823000,7.557000,2.336000,6.763000,30.46
0.112386,0.546000,-0.275000,-0.815000,6.809000,2.107000,6.122000,30.46
0.112803,0.546000,-0.262000,-0.820000,6.137000,1.756000,5.420000,30.51
0.113204,0.548000,-0.271000,-0.818000,5.695000,1.649000,5.160000,30.51
0.113608,0.546000,-0.273000,-0.809000,4.763000,1.832000,4.672000,30.51
0.114027,0.558000,-0.274000,-0.822000,3.420000,1.313000,4.260000,30.46
0.114432,0.546000,-0.273000,-0.825000,2.763000,-0.046000,3.847000,30.55
0.114835,0.553000,-0.283000,-0.812000,1.221000,-0.824000,3.221000,30.41
0.115241,0.543000,-0.262000,-0.812000,1.038000,-2.137000,2.702000,30.51
0.115784,0.525000,-0.273000,-0.802000,1.328000,-1.252000,2.473000,30.51
0.116353,0.527000,-0.259000,-0.813000,2.412000,-1.328000,2.733000,30.55
0.116794,0.522000,-0.250000,-0.808000,4.534000,-1.634000,2.992000,30.46
0.117233,0.515000,-0.254000,-0.811000,6.229000,-0.672000,3.679000,30.41
0.117735,0.530000,-0.235000,-0.819000,7.771000,-0.427000,4.611000,30.51
0.118177,0.541000,-0.223000,-0.827000,9.985000,-0.458000,6.076000,30.46
0.118587,0.549000,-0.229000,-0.827000,13.267000,-0.794000,7.908000,30.46
0.119014,0.552000,-0.240000,-0.830000,16.427000,-1.038000,9.756000,30.55
0.119439,0.550000,-0.243000,-0.830000,19.176000,-1.802000,11.237000,30.51
0.119884,0.553000,-0.241000,-0.835000,22.092000,-2.382000,12.885000,30.51
0.120323,0.550000,-0.250000,-0.831000,25.130000,-3.344000,14.840000,30.46
0.120760,0.551000,-0.263000,-0.829000,27.359000,-3.725000,16.015000,30.46
0.121194,0.565000,-0.273000,-0.851000,29.466000,-4.641000,17.282000,30.46
0.121642,0.511000,-0.287000,-0.819000,31.206000,-5.282000,17.496000,30.51
0.122063,0.477000,-0.360000,-0.770000,28.031000,-2.855000,15.405000,30.51
0.122499,0.466000,-0.377000,-0.764000,23.756000,-1.405000,12.275000,30.46
0.122937,0.451000,-0.368000,-0.764000,19.359000,-0.275000,9.252000,30.46
0.123380,0.487000,-0.368000,-0.768000,15.221000,0.473000,6.809000,30.46
0.123804,0.510000,-0.361000,-0.783000,12.977000,0.504000,5.237000,30.41
0.124247,0.515000,-0.351000,-0.800000,12.229000,-0.031000,4.473000,30.51
0.124669,0.529000,-0.335000,-0.820000,12.656000,-0.763000,4.534000,30.46
0.125089,0.542000,-0.319000,-0.844000,15.542000,-1.924000,5.786000,30.51
0.125646,0.529000,-0.298000,-0.833000,18.229000,-2.489000,6.809000,30.41
0.126219,0.524000,-0.318000,-0.832000,20.534000,-2.305000,8.504000,30.41
0.126675,0.523000,-0.312000,-0.848000,24.000000,-2.397000,10.412000,30.51
0.127116,0.514000,-0.319000,-0.839000,26.870000,-3.084000,12.321000,30.46
0.127551,0.525000,-0.366000,-0.829000,29.191000,-3.450000,13.939000,30.51
0.128089,0.528000,-0.373000,-0.824000,30.565000,-4.214000,15.023000,30.41
0.128555,0.539000,-0.386000,-0.820000,32.916000,-6.534000,16.748000,30.51
0.129087,0.518000,-0.388000,-0.801000,32.458000,-10.366000,16.779000,30.46
0.129536,0.486000,-0.420000,-0.764000,28.198000,-12.702000,14.992000,30.46
0.129961,0.489000,-0.462000,-0.754000,25.115000,-14.443000,13.832000,30.41
0.130436,0.491000,-0.421000,-0.745000,21.817000,-16.015000,12.229000,30.41
0.130890,0.493000,-0.411000,-0.771000,21.160000,-19.145000,11.405000,30.41
0.131322,0.460000,-0.398000,-0.747000,17.481000,-17.954000,9.802000,30.46
0.131753,0.454000,-0.414000,-0.718000,14.794000,-19.160000,8.489000,30.55
0.132174,0.453000,-0.402000,-0.755000,12.397000,-17.389000,7.634000,30.51
0.132594,0.450000,-0.380000,-0.776000,10.702000,-16.641000,7.069000,30.41
0.133018,0.466000,-0.388000,-0.798000,9.664000,-15.405000,6.855000,30.51
0.133438,0.451000,-0.369000,-0.779000,9.710000,-16.153000,7.038000,30.55
0.133854,0.435000,-0.362000,-0.782000,6.458000,-13.298000,6.443000,30.37
0.134276,0.420000,-0.362000,-0.772000,6.321000,-13.527000,5.298000,30.51
0.134690,0.414000,-0.386000,-0.769000,3.527000,-11.084000,3.557000,30.51
0.135110,0.418000,-0.411000,-0.761000,1.573000,-10.366000,1.908000,30.51
0.135639,0.426000,-0.429000,-0.755000,-0.916000,-7.099000,-0.031000,30.55
0.136201,0.431000,-0.456000,-0.772000,-4.687000,-6.321000,-0.595000,30.46
0.136679,0.435000,-0.436000,-0.783000,-6.031000,-7.115000,-1.405000,30.51
0.137138,0.444000,-0.400000,-0.790000,-6.000000,-9.191000,-2.061000,30.41
0.137574,0.447000,-0.402000,-0.788000,-6.580000,-8.229000,-2.794000,30.41
0.138004,0.448000,-0.376000,-0.818000,-6.397000,-8.153000,-2.947000,30.55
0.138414,0.452000,-0.361000,-0.822000,-4.641000,-9.679000,-2.901000,30.46
0.138830,0.446000,-0.335000,-0.830000,-4.489000,-7.588000,-3.603000,30.41
0.139251,0.460000,-0.329000,-0.854000,-2.290000,-10.153000,-3.802000,30.32
0.139667,0.436000,-0.299000,-0.846000,-0.611000,-11.725000,-5.359000,30.46
0.140079,0.407000,-0.286000,-0.843000,0.779000,-11.221000,-8.443000,30.46
0.140502,0.388000,-0.259000,-0.841000,2.015000,-12.580000,-13.237000,30.46
0.140920,0.370000,-0.252000,-0.857000,2.611000,-10.947000,-20.260000,30.41
0.141357,0.363000,-0.173000,-0.894000,4.840000,-11.771000,-32.397000,30.51
0.141787,0.359000,-0.013000,-0.958000,7.649000,-16.534000,-51.817000,30.46
0.142211,0.332000,0.125000,-0.995000,10.718000,-21.985000,-75.863000,30.46
0.142636,0.367000,0.156000,-0.999000,14.840000,-26.580000,-101.298000,30.46
0.143083,0.389000,0.212000,-0.901000,23.069000,-34.977000,-129.267000,30.51
0.143506,0.449000,0.182000,-0.933000,29.893000,-37.603000,-157.267000,30.51
0.143930,0.512000,0.194000,-0.865000,38.031000,-45.008000,-186.092000,30.37
0.144360,0.503000,0.256000,-0.841000,46.183000,-50.046000,-220.809000,30.46
0.144789,0.571000,0.217000,-0.835000,56.168000,-55.450000,-254.519000,30.46
0.145235,0.641000,0.137000,-0.904000,71.786000,-62.351000,-287.130000,30.51
0.145801,0.682000,0.074000,-0.958000,91.237000,-75.221000,-316.305000,30.51
0.146399,0.783000,-0.235000,-1.025000,117.954000,-87.847000,-333.725000,30.37
0.146867,0.939000,-0.441000,-1.153000,152.076000,-106.260000,-331.664000,30.46
0.147326,0.947000,-0.443000,-0.933000,173.573000,-121.679000,-315.893000,30.51
0.147837,0.863000,-0.501000,-0.750000,179.634000,-131.511000,-305.435000,30.41
0.148322,0.790000,-0.595000,-0.634000,165.573000,-140.351000,-296.092000,30.41
0.148819,0.728000,-0.716000,-0.510000,154.229000,-131.420000,-277.328000,30.46
0.149280,0.578000,-0.786000,-0.424000,141.679000,-119.863000,-259.160000,30.46
0.149721,0.446000,-0.746000,-0.366000,132.550000,-100.397000,-241.725000,30.51
0.150155,0.370000,-0.740000,-0.311000,124.855000,-74.977000,-223.084000,30.51
0.150589,0.300000,-0.712000,-0.343000,117.130000,-53.450000,-206.656000,30.46
0.151024,0.294000,-0.692000,-0.388000,107.710000,-28.885000,-190.809000,30.55
0.151457,0.313000,-0.631000,-0.471000,102.580000,-7.649000,-175.939000,30.46
0.151880,0.413000,-0.580000,-0.615000,84.489000,7.679000,-169.069000,30.41
0.152295,0.546000,-0.751000,-0.715000,25.817000,4.290000,-180.733000,30.41
0.152734,0.687000,-0.162000,-1.075000,11.115000,4.107000,-164.931000,30.46
0.153156,0.681000,-0.210000,-0.886000,37.221000,0.763000,-148.885000,30.46
0.153602,0.748000,-0.229000,-0.976000,47.679000,-0.809000,-138.137000,30.46
0.154045,0.690000,-0.204000,-1.192000,62.412000,-1.542000,-130.733000,30.51
0.154501,0.626000,-0.113000,-0.928000,74.931000,-23.588000,-121.878000,30.51
0.154930,0.669000,-0.099000,-0.896000,88.611000,-32.962000,-118.122000,30.46
0.155436,0.633000,-0.198000,-0.802000,93.099000,-37.802000,-116.550000,30.55
0.156013,0.616000,-0.256000,-0.724000,91.008000,-38.366000,-115.496000,30.46
0.156477,0.603000,-0.310000,-0.669000,83.985000,-37.481000,-114.489000,30.41
0.156938,0.603000,-0.356000,-0.631000,72.214000,-32.305000,-112.000000,30.41
0.157438,0.609000,-0.373000,-0.650000,64.458000,-33.969000,-108.305000,30.46
0.157983,0.599000,-0.367000,-0.644000,52.122000,-35.298000,-103.893000,30.46
0.158488,0.585000,-0.329000,-0.650000,38.748000,-34.550000,-99.924000,30.51
0.158964,0.609000,-0.304000,-0.670000,26.763000,-30.962000,-95.160000,30.41
0.159425,0.627000,-0.273000,-0.682000,16.947000,-31.160000,-89.618000,30.41
0.159882,0.674000,-0.207000,-0.720000,10.779000,-32.687000,-85.679000,30.46
0.160335,0.718000,-0.193000,-0.762000,7.740000,-35.557000,-76.534000,30.55
0.160777,0.723000,-0.262000,-0.738000,7.832000,-38.183000,-65.313000,30.51
0.161227,0.844000,-0.328000,-0.749000,8.076000,-37.115000,-49.176000,30.41
0.161722,0.688000,-0.396000,-0.720000,-2.336000,-44.290000,-29.847000,30.41
0.162236,0.539000,-0.307000,-0.778000,-8.885000,-31.496000,-3.344000,30.46
0.162694,0.292000,0.054000,-0.830000,-7.954000,-31.725000,4.183000,30.37
0.163142,0.397000,0.159000,-1.157000,-2.214000,-40.397000,-3.115000,30.51
0.163583,0.235000,-0.158000,-1.021000,-4.137000,-33.634000,-5.298000,30.41
0.164038,0.380000,-0.445000,-0.782000,-3.084000,-27.344000,-8.137000,30.60
0.164474,0.432000,-0.508000,-0.718000,-14.260000,6.061000,-10.107000,30.46
0.164926,0.542000,-0.183000,-0.915000,-13.405000,8.229000,-10.351000,30.46
0.165451,0.580000,0.018000,-1.003000,-4.031000,4.947000,-6.641000,30.41
0.166039,0.549000,-0.074000,-0.919000,3.466000,2.763000,-1.603000,30.41
0.166508,0.532000,-0.184000,-0.857000,5.160000,5.099000,1.786000,30.46
0.166942,0.516000,-0.231000,-0.829000,8.580000,-0.687000,2.061000,30.37
0.167360,0.481000,-0.290000,-0.818000,7.496000,0.702000,1.359000,30.46
0.167794,0.459000,-0.324000,-0.789000,2.855000,2.290000,0.076000,30.41
0.168224,0.478000,-0.285000,-0.777000,-1.710000,5.038000,-1.008000,30.41
0.168648,0.502000,-0.212000,-0.831000,-1.176000,2.931000,-2.229000,30.46
0.169077,0.510000,-0.236000,-0.834000,-0.855000,2.840000,-1.924000,30.46
0.169507,0.504000,-0.279000,-0.806000,-1.908000,3.557000,-1.695000,30.51
0.169950,0.498000,-0.268000,-0.831000,-1.435000,2.473000,-2.504000,30.41
0.170386,0.490000,-0.242000,-0.849000,-4.916000,8.763000,-2.641000,30.41
0.170815,0.488000,-0.210000,-0.841000,-4.076000,10.809000,-2.183000,30.46
0.171253,0.497000,-0.201000,-0.869000,-1.267000,6.534000,-0.565000,30.41
0.171671,0.485000,-0.186000,-0.907000,0.000000,6.626000,0.611000,30.51
0.172101,0.491000,-0.189000,-0.863000,3.725000,5.298000,1.527000,30.41
0.172545,0.503000,-0.191000,-0.854000,6.412000,5.802000,2.580000,30.41
0.172971,0.489000,-0.199000,-0.851000,8.198000,8.947000,3.267000,30.37
0.173402,0.512000,-0.224000,-0.844000,8.656000,6.275000,4.321000,30.41
0.173825,0.521000,-0.232000,-0.845000,6.962000,7.618000,4.977000,30.41
0.174268,0.526000,-0.255000,-0.825000,7.328000,5.374000,5.267000,30.41
0.174712,0.512000,-0.274000,-0.826000,6.382000,3.908000,4.870000,30.46
0.175137,0.458000,-0.269000,-0.804000,6.015000,4.702000,3.084000,30.37
0.175559,0.457000,-0.269000,-0.826000,4.092000,5.588000,1.282000,30.41
0.175976,0.501000,-0.267000,-0.811000,4.611000,4.870000,0.076000,30.41
0.176398,0.479000,-0.243000,-0.843000,-0.779000,9.725000,0.015000,30.41
0.176811,0.492000,-0.237000,-0.825000,1.450000,5.725000,-0.824000,30.55
0.177336,0.504000,-0.243000,-0.818000,0.290000,8.137000,-1.160000,30.37
0.177864,0.511000,-0.238000,-0.850000,1.618000,7.771000,-1.099000,30.41
0.178455,0.513000,-0.238000,-0.848000,1.725000,6.458000,-0.779000,30.41
0.179012,0.501000,-0.249000,-0.833000,1.023000,7.160000,-0.718000,30.32
0.179533,0.505000,-0.249000,-0.832000,1.206000,4.947000,-1.237000,30.46
0.179969,0.506000,-0.262000,-0.823000,0.382000,5.145000,-1.450000,30.46
0.180455,0.504000,-0.268000,-0.821000,-0.031000,4.412000,-2.397000,30.51
0.180888,0.508000,-0.257000,-0.826000,-1.634000,5.664000,-2.748000,30.41
0.181325,0.494000,-0.253000,-0.818000,-1.466000,5.481000,-2.870000,30.37
0.181756,0.503000,-0.246000,-0.833000,-1.542000,6.397000,-3.038000,30.37
0.182187,0.503000,-0.233000,-0.836000,-1.313000,6.031000,-2.504000,30.46
0.182614,0.507000,-0.225000,-0.842000,-0.397000,7.160000,-2.198000,30.41
0.183094,0.518000,-0.230000,-0.852000,0.748000,6.550000,-1.221000,30.32
0.183536,0.504000,-0.237000,-0.834000,1.344000,6.840000,-0.687000,30.46
0.183962,0.512000,-0.240000,-0.832000,1.588000,7.008000,-0.687000,30.46
0.184388,0.517000,-0.257000,-0.829000,1.389000,6.489000,-0.840000,30.46
0.184824,0.518000,-0.255000,-0.833000,1.099000,6.397000,-1.344000,30.51
0.185258,0.511000,-0.256000,-0.813000,0.458000,6.275000,-1.405000,30.41
0.185699,0.517000,-0.261000,-0.824000,-1.221000,7.969000,-2.427000,30.37
0.186146,0.516000,-0.269000,-0.825000,-2.290000,6.519000,-2.931000,30.37
0.186688,0.519000,-0.251000,-0.826000,-2.992000,6.412000,-3.282000,30.46
0.187168,0.513000,-0.252000,-0.821000,-2.519000,3.282000,-3.115000,30.32
0.187844,0.510000,-0.242000,-0.826000,-3.420000,5.191000,-3.344000,30.41
0.188401,0.520000,-0.230000,-0.826000,-2.229000,3.557000,-2.702000,30.46
0.188890,0.522000,-0.225000,-0.828000,-0.977000,4.046000,-2.015000,30.46
0.189471,0.510000,-0.236000,-0.825000,-0.702000,4.733000,-1.679000,30.46
0.189967,0.511000,-0.245000,-0.822000,0.015000,5.008000,-1.511000,30.41
0.190457,0.516000,-0.256000,-0.821000,0.656000,4.168000,-1.573000,30.41
0.190906,0.511000,-0.230000,-0.820000,0.885000,3.832000,-1.573000,30.55
0.191331,0.510000,-0.259000,-0.819000,0.290000,6.901000,-2.031000,30.46
0.191758,0.470000,-0.246000,-0.794000,0.122000,5.924000,-2.046000,30.46
0.192169,0.511000,-0.242000,-0.809000,2.550000,2.244000,-2.397000,30.51
0.192593,0.501000,-0.242000,-0.829000,0.489000,6.305000,-2.290000,30.41
0.193031,0.529000,-0.248000,-0.834000,-0.031000,3.878000,-2.061000,30.55
0.193453,0.519000,-0.236000,-0.829000,-0.412000,3.221000,-1.679000,30.37
0.193869,0.514000,-0.238000,-0.823000,-0.412000,3.374000,-1.740000,30.51
0.194287,0.524000,-0.244000,-0.793000,-0.718000,3.099000,-1.328000,30.41
0.194740,0.521000,-0.246000,-0.832000,-0.611000,2.458000,-0.992000,30.51
0.195187,0.525000,-0.243000,-0.824000,-0.092000,3.160000,-1.160000,30.46
0.195619,0.521000,-0.256000,-0.821000,-0.550000,3.237000,-0.885000,30.46
0.196046,0.508000,-0.254000,-0.828000,-0.061000,3.420000,-1.038000,30.51
0.196491,0.508000,-0.270000,-0.818000,-1.206000,3.557000,-1.679000,30.41
0.196912,0.520000,-0.261000,-0.819000,-2.275000,3.969000,-2.580000,30.51
0.197347,0.525000,-0.261000,-0.824000,-2.779000,4.107000,-2.794000,30.46
0.197789,0.515000,-0.249000,-0.827000,-2.947000,4.153000,-2.702000,30.46
0.198230,0.514000,-0.243000,-0.820000,-2.534000,3.969000,-2.519000,30.41
0.198653,0.517000,-0.245000,-0.823000,-2.229000,4.504000,-2.290000,30.41
0.199069,0.519000,-0.242000,-0.830000,-2.015000,4.626000,-2.031000,30.32
0.199494,0.518000,-0.245000,-0.829000,-1.786000,4.947000,-1.618000,30.46
0.199921,0.519000,-0.254000,-0.827000,-1.618000,5.695000,-1.618000,30.46
0.200361,0.516000,-0.270000,-0.823000,-2.397000,6.122000,-2.168000,30.51
0.200779,0.529000,-0.282000,-0.813000,-4.183000,5.588000,-3.405000,30.41
0.201196,0.524000,-0.290000,-0.821000,-5.725000,5.160000,-4.321000,30.46
0.201628,0.533000,-0.292000,-0.808000,-8.198000,4.198000,-5.756000,30.37
0.202049,0.528000,-0.294000,-0.815000,-11.221000,2.992000,-7.115000,30.46
0.202465,0.530000,-0.276000,-0.808000,-13.725000,1.573000,-8.763000,30.41
0.202903,0.530000,-0.261000,-0.810000,-15.237000,0.092000,-9.588000,30.51
0.203328,0.531000,-0.231000,-0.821000,-15.573000,-1.221000,-9.542000,30.37
0.203774,0.532000,-0.204000,-0.835000,-14.351000,-2.107000,-8.290000,30.46
0.204298,0.530000,-0.199000,-0.843000,-12.504000,-2.275000,-7.099000,30.41
0.204787,0.530000,-0.197000,-0.843000,-10.382000,-1.893000,-5.267000,30.41
0.205230,0.529000,-0.211000,-0.830000,-8.336000,-0.947000,-3.511000,30.51
0.205708,0.519000,-0.206000,-0.843000,-6.397000,-0.427000,-2.366000,30.46
0.206133,0.522000,-0.213000,-0.838000,-5.099000,1.252000,-1.405000,30.46
0.206541,0.555000,-0.218000,-0.875000,-3.084000,-0.977000,-0.489000,30.41
0.206950,0.516000,-0.209000,-0.835000,-1.496000,2.427000,0.382000,30.51
0.207364,0.518000,-0.227000,-0.829000,-1.130000,2.000000,0.916000,30.41
0.207791,0.534000,-0.234000,-0.830000,-0.931000,2.122000,1.160000,30.46
0.208199,0.494000,-0.216000,-0.795000,-1.344000,1.389000,1.969000,30.46
0.208619,0.535000,-0.226000,-0.832000,1.023000,0.214000,1.618000,30.41
0.209033,0.524000,-0.227000,-0.833000,3.603000,3.969000,1.679000,30.41
0.209441,0.543000,-0.233000,-0.841000,4.565000,5.542000,2.076000,30.46
0.209844,0.538000,-0.229000,-0.851000,8.336000,3.221000,2.412000,30.46
0.210254,0.521000,-0.219000,-0.831000,3.832000,5.847000,3.405000,30.37
0.210674,0.521000,-0.219000,-0.847000,9.939000,-1.130000,4.305000,30.41
0.211089,0.529000,-0.220000,-0.862000,10.962000,-0.779000,5.053000,30.41
0.211512,0.509000,-0.218000,-0.852000,12.504000,-0.489000,5.420000,30.37
0.211936,0.507000,-0.228000,-0.842000,14.153000,0.885000,5.145000,30.46
0.212364,0.514000,-0.240000,-0.845000,12.275000,5.282000,5.053000,30.46
0.212793,0.524000,-0.234000,-0.839000,19.496000,-2.427000,5.313000,30.41
0.213216,0.510000,-0.243000,-0.812000,14.718000,5.725000,5.863000,30.32
0.213640,0.515000,-0.239000,-0.834000,20.015000,-0.305000,6.031000,30.46
0.214164,0.521000,-0.263000,-0.848000,18.947000,2.824000,6.336000,30.46
0.214749,0.506000,-0.253000,-0.809000,18.702000,3.527000,6.824000,30.51
0.215195,0.509000,-0.257000,-0.823000,19.069000,2.000000,6.595000,30.41
0.215637,0.526000,-0.249000,-0.818000,17.282000,3.786000,6.427000,30.32
0.216061,0.505000,-0.226000,-0.829000,16.718000,1.603000,5.389000,30.37
0.216484,0.509000,-0.233000,-0.832000,16.840000,-0.656000,4.550000,30.41
0.216905,0.489000,-0.225000,-0.810000,15.573000,1.542000,2.473000,30.41
0.217333,0.498000,-0.234000,-0.833000,16.046000,-0.748000,0.779000,30.41
0.217811,0.500000,-0.248000,-0.824000,15.008000,-1.405000,-2.046000,30.41
0.218282,0.505000,-0.216000,-0.822000,14.427000,-5.389000,-5.954000,30.46
0.218739,0.524000,-0.179000,-0.835000,14.870000,-4.519000,-12.397000,30.51
0.219189,0.528000,-0.111000,-0.863000,17.832000,-8.611000,-22.489000,30.41
0.219643,0.521000,0.006000,-0.892000,24.809000,-16.397000,-39.954000,30.41
0.220113,0.521000,0.172000,-0.899000,31.008000,-23.252000,-65.069000,30.46
0.220612,0.553000,0.290000,-0.983000,39.542000,-35.191000,-96.122000,30.46
0.221061,0.651000,0.446000,-0.935000,50.580000,-51.847000,-134.321000,30.41
0.221484,0.708000,0.514000,-0.979000,63.450000,-63.389000,-173.939000,30.41
0.221910,0.823000,0.535000,-0.914000,76.550000,-73.954000,-210.504000,30.41
0.222336,0.848000,0.458000,-0.856000,81.573000,-86.885000,-243.145000,30.37
0.222773,0.967000,0.046000,-0.774000,78.733000,-97.450000,-256.046000,30.37
0.223216,0.917000,-0.219000,-0.670000,79.282000,-91.450000,-255.298000,30.41
0.223644,0.767000,-0.330000,-0.599000,73.924000,-84.534000,-247.817000,30.41
0.224147,0.691000,-0.298000,-0.662000,71.573000,-78.962000,-240.107000,30.51
0.224764,0.599000,-0.308000,-0.669000,66.840000,-69.847000,-229.313000,30.46
0.225230,0.529000,-0.303000,-0.668000,62.458000,-61.298000,-220.473000,30.46
0.225677,0.518000,-0.234000,-0.677000,61.832000,-50.244000,-216.275000,30.51
0.226120,0.525000,-0.224000,-0.665000,63.603000,-42.580000,-213.435000,30.41
0.226574,0.572000,-0.191000,-0.692000,66.992000,-35.389000,-213.084000,30.51
0.227023,0.625000,-0.086000,-0.752000,75.832000,-29.695000,-216.290000,30.46
0.227470,0.706000,-0.098000,-0.765000,88.122000,-29.710000,-219.252000,30.37
0.227969,0.817000,-0.299000,-0.859000,94.351000,-28.565000,-215.405000,30.32
0.228445,0.885000,-0.245000,-0.877000,90.641000,-33.863000,-213.878000,30.41
0.228893,0.835000,-0.315000,-0.807000,90.214000,-37.771000,-207.160000,30.46
0.229332,0.805000,-0.323000,-0.774000,87.191000,-44.351000,-200.779000,30.37
0.229756,0.741000,-0.313000,-0.727000,80.748000,-45.237000,-195.878000,30.37
0.230220,0.670000,-0.290000,-0.689000,76.229000,-43.954000,-192.000000,30.51
0.230649,0.605000,-0.283000,-0.658000,73.267000,-39.237000,-188.092000,30.51
0.231076,0.567000,-0.278000,-0.657000,69.466000,-32.901000,-185.099000,30.46
0.231510,0.536000,-0.274000,-0.658000,67.954000,-25.115000,-181.038000,30.46
0.231942,0.531000,-0.281000,-0.657000,68.153000,-16.947000,-175.893000,30.41
0.232361,0.504000,-0.289000,-0.628000,70.260000,-8.321000,-168.595000,30.41
0.232788,0.482000,-0.289000,-0.608000,74.565000,1.221000,-159.679000,30.32
0.233215,0.478000,-0.291000,-0.609000,81.954000,12.885000,-149.313000,30.37
0.233641,0.673000,-0.250000,-0.774000,113.878000,19.206000,-121.725000,30.37
0.234168,0.487000,-0.513000,-0.621000,142.473000,32.290000,-101.374000,30.41
0.234761,0.547000,-0.644000,-0.862000,154.672000,23.832000,-87.481000,30.41
0.235210,0.581000,-0.809000,-1.106000,139.084000,3.191000,-80.656000,30.41
0.235655,0.546000,-0.907000,-1.120000,94.336000,-26.015000,-75.710000,30.37
0.236101,0.375000,-0.918000,-0.788000,55.374000,-18.519000,-65.160000,30.46
0.236568,0.271000,-0.553000,-0.590000,36.427000,-20.031000,-51.023000,30.41
0.237002,0.382000,-0.421000,-0.776000,16.779000,-7.176000,-36.733000,30.32
0.237452,0.620000,-0.273000,-0.963000,-2.718000,-8.580000,-21.542000,30.37
0.237895,0.492000,0.042000,-0.916000,-12.397000,-3.481000,-8.611000,30.46
0.238313,0.531000,0.239000,-0.888000,4.260000,-7.710000,-2.550000,30.46
0.238722,0.630000,0.057000,-0.969000,14.061000,-16.855000,4.718000,30.32
0.239145,0.507000,-0.234000,-0.811000,17.634000,-20.641000,8.473000,30.41
0.239568,0.478000,-0.241000,-0.877000,11.069000,-7.008000,7.832000,30.46
0.239985,0.470000,-0.153000,-0.880000,8.733000,-3.130000,3.802000,30.37
0.240387,0.490000,-0.203000,-0.853000,7.099000,7.817000,1.664000,30.37
0.240794,0.525000,-0.241000,-0.830000,9.786000,8.076000,1.878000,30.41
0.241204,0.547000,-0.225000,-0.874000,9.420000,8.305000,2.397000,30.41
0.241621,0.525000,-0.240000,-0.861000,8.504000,9.969000,2.076000,30.46
0.242028,0.514000,-0.256000,-0.845000,5.695000,9.053000,0.779000,30.46
0.242436,0.512000,-0.251000,-0.845000,1.985000,8.733000,-0.870000,30.46
0.242877,0.529000,-0.235000,-0.833000,-2.382000,8.137000,-2.519000,30.41
0.243296,0.511000,-0.224000,-0.825000,-5.725000,6.015000,-4.061000,30.41
0.243719,0.505000,-0.209000,-0.830000,-9.954000,5.069000,-5.863000,30.46
0.244257,0.503000,-0.222000,-0.833000,-13.802000,3.252000,-8.061000,30.46
0.244818,0.514000,-0.221000,-0.829000,-16.061000,3.328000,-9.695000,30.41
0.245313,0.524000,-0.207000,-0.842000,-16.031000,1.771000,-10.214000,30.41
0.245754,0.523000,-0.182000,-0.850000,-15.160000,1.893000,-10.061000,30.41
0.246170,0.523000,-0.157000,-0.855000,-13.756000,1.084000,-8.702000,30.37
0.246586,0.514000,-0.158000,-0.851000,-11.740000,0.855000,-7.221000,30.55
0.247008,0.503000,-0.147000,-0.845000,-10.153000,0.992000,-5.985000,30.41
0.247414,0.495000,-0.157000,-0.854000,-9.374000,1.649000,-5.634000,30.41
0.247839,0.493000,-0.161000,-0.842000,-9.344000,3.084000,-5.954000,30.41
0.248252,0.494000,-0.156000,-0.854000,-9.359000,4.107000,-6.153000,30.37
0.248663,0.506000,-0.159000,-0.847000,-8.916000,5.145000,-5.985000,30.46
0.249083,0.509000,-0.169000,-0.854000,-8.382000,4.656000,-5.313000,30.41
0.249501,0.517000,-0.160000,-0.847000,-7.817000,4.519000,-5.115000,30.51
0.249922,0.521000,-0.162000,-0.861000,-7.847000,4.382000,-5.084000,30.37
0.250343,0.520000,-0.166000,-0.846000,-7.969000,3.679000,-4.656000,30.37
0.250757,0.521000,-0.165000,-0.849000,-7.817000,3.038000,-4.458000,30.46
0.251175,0.527000,-0.158000,-0.849000,-7.481000,2.626000,-4.473000,30.41
0.251589,0.526000,-0.165000,-0.855000,-7.023000,2.275000,-4.031000,30.51
0.251999,0.515000,-0.167000,-0.852000,-6.656000,1.802000,-4.183000,30.37
0.252416,0.515000,-0.166000,-0.849000,-6.565000,1.908000,-4.351000,30.37
0.252848,0.511000,-0.155000,-0.841000,-6.275000,1.893000,-4.397000,30.37
0.253261,0.513000,-0.149000,-0.853000,-6.061000,1.725000,-4.092000,30.51
0.253676,0.505000,-0.151000,-0.848000,-5.466000,1.756000,-4.198000,30.41
0.254231,0.502000,-0.161000,-0.849000,-5.969000,2.611000,-4.534000,30.46
0.254838,0.502000,-0.148000,-0.856000,-5.740000,3.115000,-5.145000,30.41
0.255292,0.510000,-0.132000,-0.850000,-5.130000,3.023000,-4.824000,30.51
0.255739,0.507000,-0.120000,-0.845000,-4.122000,3.145000,-4.290000,30.41
0.256174,0.514000,-0.120000,-0.843000,-2.595000,3.954000,-3.313000,30.41
0.256621,0.514000,-0.129000,-0.846000,-0.672000,4.046000,-2.702000,30.37
0.257063,0.550000,-0.132000,-0.818000,2.168000,-0.672000,-2.305000,30.32
0.257491,0.545000,-0.134000,-0.816000,1.053000,2.412000,-1.282000,30.41
0.257968,0.515000,-0.146000,-0.856000,0.046000,3.221000,-1.191000,30.41
0.258428,0.516000,-0.136000,-0.844000,1.863000,0.519000,-0.916000,30.41
0.258868,0.510000,-0.146000,-0.844000,-0.382000,1.649000,-0.702000,30.37
0.259300,0.510000,-0.142000,-0.845000,-1.817000,2.840000,-0.595000,30.41
0.259735,0.502000,-0.130000,-0.846000,-0.321000,2.046000,-0.473000,30.41
0.260162,0.495000,-0.136000,-0.852000,1.618000,1.435000,-0.595000,30.41
0.260598,0.500000,-0.142000,-0.845000,2.336000,1.573000,-0.427000,30.37
0.261025,0.496000,-0.144000,-0.838000,1.603000,4.321000,-0.443000,30.37
0.261453,0.494000,-0.131000,-0.846000,2.931000,4.046000,-0.672000,30.32
0.261914,0.505000,-0.113000,-0.843000,3.847000,3.710000,0.351000,30.32
0.262360,0.501000,-0.136000,-0.856000,5.176000,4.290000,0.870000,30.41
0.262781,0.518000,-0.161000,-0.857000,5.649000,4.611000,1.023000,30.46
0.263182,0.527000,-0.180000,-0.837000,3.725000,5.450000,0.870000,30.37
0.263603,0.518000,-0.175000,-0.849000,1.359000,6.031000,0.489000,30.41
0.264096,0.519000,-0.178000,-0.847000,1.237000,4.733000,-0.092000,30.41
0.264640,0.510000,-0.184000,-0.843000,1.069000,3.756000,-1.145000,30.41
0.265093,0.504000,-0.167000,-0.834000,0.595000,3.344000,-1.756000,30.46
0.265581,0.509000,-0.155000,-0.852000,0.840000,3.374000,-1.771000,30.46
0.266029,0.513000,-0.153000,-0.847000,1.817000,2.931000,-1.511000,30.41
0.266470,0.513000,-0.157000,-0.854000,2.336000,3.389000,-1.145000,30.41
0.266898,0.522000,-0.167000,-0.846000,2.397000,3.695000,-0.931000,30.41
0.267325,0.525000,-0.165000,-0.860000,1.771000,3.786000,-0.916000,30.46
0.267804,0.525000,-0.173000,-0.853000,1.466000,3.252000,-0.840000,30.37
0.268236,0.531000,-0.177000,-0.848000,0.962000,3.450000,-0.687000,30.41
0.268653,0.529000,-0.182000,-0.843000,-0.183000,3.267000,-0.840000,30.41
0.269076,0.532000,-0.196000,-0.850000,-1.664000,2.885000,-1.573000,30.46
0.269495,0.523000,-0.185000,-0.836000,-3.557000,2.183000,-2.504000,30.46
0.269912,0.520000,-0.177000,-0.845000,-5.145000,1.313000,-3.298000,30.37
0.270323,0.526000,-0.176000,-0.845000,-5.863000,0.504000,-3.771000,30.41
0.270751,0.522000,-0.165000,-0.845000,-5.939000,-0.168000,-3.954000,30.51
0.271169,0.526000,-0.159000,-0.851000,-5.496000,-1.466000,-3.679000,30.46
0.271589,0.524000,-0.143000,-0.847000,-5.359000,-1.802000,-2.947000,30.46
0.272121,0.528000,-0.140000,-0.852000,-4.137000,-2.382000,-2.229000,30.41
0.272727,0.522000,-0.140000,-0.849000,-3.878000,-2.168000,-1.038000,30.41
0.273175,0.525000,-0.133000,-0.852000,-2.809000,-2.580000,-0.015000,30.41
0.273591,0.522000,-0.131000,-0.851000,-2.061000,-2.015000,1.237000,30.46
0.274019,0.516000,-0.128000,-0.852000,2.290000,-3.176000,2.656000,30.46
0.274447,0.510000,-0.134000,-0.847000,4.595000,-2.061000,4.321000,30.41
0.274856,0.501000,-0.146000,-0.857000,7.023000,-0.870000,5.557000,30.41
0.275266,0.492000,-0.174000,-0.862000,8.412000,1.023000,5.832000,30.37
0.275673,0.500000,-0.169000,-0.857000,7.557000,4.351000,5.634000,30.37
0.276082,0.498000,-0.167000,-0.854000,8.412000,3.557000,5.267000,30.37
0.276498,0.516000,-0.172000,-0.858000,8.672000,4.305000,5.069000,30.41
0.276902,0.506000,-0.155000,-0.860000,9.160000,5.145000,5.878000,30.32
0.277304,0.553000,-0.122000,-0.906000,8.504000,7.802000,7.511000,30.37
0.277726,0.531000,-0.154000,-0.877000,9.115000,2.046000,7.771000,30.37
0.278139,0.537000,-0.193000,-0.882000,12.595000,3.008000,8.122000,30.41
0.278567,0.505000,-0.228000,-0.831000,6.901000,7.557000,7.496000,30.41
0.278991,0.502000,-0.209000,-0.850000,4.229000,6.840000,6.260000,30.41
0.279452,0.526000,-0.191000,-0.847000,0.718000,6.901000,6.595000,30.37
0.279880,0.511000,-0.198000,-0.855000,-0.107000,5.847000,6.748000,30.46
0.280290,0.510000,-0.203000,-0.838000,1.710000,5.344000,5.802000,30.41
0.280701,0.547000,-0.182000,-0.879000,9.008000,-10.718000,5.664000,30.51
0.281123,0.508000,-0.185000,-0.822000,-1.008000,3.618000,5.618000,30.37
0.281533,0.483000,-0.152000,-0.872000,2.611000,-9.008000,5.328000,30.37
0.281946,0.482000,-0.176000,-0.796000,-3.084000,4.626000,4.473000,30.46
0.282470,0.510000,-0.161000,-0.855000,1.588000,-0.748000,4.244000,30.41
0.282916,0.494000,-0.171000,-0.833000,0.824000,1.603000,4.366000,30.32
0.283348,0.495000,-0.179000,-0.840000,2.794000,-1.313000,4.443000,30.37
0.283780,0.492000,-0.198000,-0.846000,1.191000,1.527000,4.244000,30.32
0.284196,0.496000,-0.195000,-0.846000,1.466000,1.649000,3.740000,30.41
0.284615,0.494000,-0.178000,-0.837000,1.252000,0.840000,3.664000,30.32
0.285040,0.487000,-0.175000,-0.840000,0.687000,0.305000,4.076000,30.37
0.285454,0.484000,-0.186000,-0.838000,1.924000,2.534000,4.046000,30.27
0.285858,0.487000,-0.189000,-0.859000,2.809000,2.947000,3.466000,30.41
0.286276,0.489000,-0.177000,-0.863000,5.084000,3.527000,3.511000,30.32
0.286692,0.490000,-0.201000,-0.843000,5.038000,3.771000,3.603000,30.32
0.287115,0.479000,-0.213000,-0.820000,5.099000,4.763000,3.053000,30.37
0.287538,0.491000,-0.211000,-0.859000,4.931000,3.924000,2.153000,30.46
0.287965,0.484000,-0.205000,-0.826000,2.870000,5.038000,1.344000,30.41
0.288376,0.500000,-0.228000,-0.833000,-0.031000,6.733000,0.244000,30.41
0.288793,0.492000,-0.216000,-0.831000,-2.397000,7.313000,-0.412000,30.41
0.289208,0.498000,-0.205000,-0.831000,-3.557000,7.313000,-0.763000,30.37
0.289621,0.500000,-0.218000,-0.837000,-1.832000,5.817000,-1.374000,30.46
0.290035,0.499000,-0.206000,-0.833000,-0.382000,3.878000,-1.802000,30.41
0.290451,0.490000,-0.204000,-0.843000,-1.863000,6.565000,-1.786000,30.32
0.290868,0.493000,-0.196000,-0.833000,-3.496000,6.718000,-1.725000,30.41
0.291298,0.498000,-0.202000,-0.836000,-1.221000,3.893000,-2.351000,30.37
0.291711,0.505000,-0.198000,-0.831000,-1.328000,4.809000,-2.275000,30.37
0.292250,0.499000,-0.196000,-0.838000,-2.824000,5.863000,-2.107000,30.32
0.292915,0.513000,-0.188000,-0.846000,-4.305000,7.282000,-1.649000,30.41
0.293355,0.510000,-0.191000,-0.851000,-5.176000,7.908000,-1.588000,30.37
0.293773,0.499000,-0.202000,-0.840000,-3.893000,7.176000,-1.618000,30.37
0.294204,0.526000,-0.208000,-0.844000,-3.740000,1.893000,-1.496000,30.46
0.294628,0.505000,-0.208000,-0.833000,-0.763000,3.191000,-2.244000,30.41
0.295072,0.508000,-0.210000,-0.834000,-4.840000,7.740000,-2.641000,30.41
0.295512,0.512000,-0.204000,-0.833000,-3.802000,5.786000,-2.718000,30.46
0.295942,0.508000,-0.205000,-0.833000,-3.756000,5.359000,-3.099000,30.37
0.296353,0.514000,-0.209000,-0.835000,-3.252000,5.435000,-3.344000,30.41
0.296772,0.518000,-0.195000,-0.839000,-4.809000,6.962000,-3.191000,30.41
0.297185,0.522000,-0.189000,-0.839000,-3.527000,6.321000,-3.069000,30.41
0.297604,0.523000,-0.194000,-0.840000,-2.977000,5.908000,-2.962000,30.46
0.298036,0.518000,-0.192000,-0.833000,-1.817000,5.481000,-2.977000,30.46
0.298463,0.515000,-0.201000,-0.838000,-2.427000,6.809000,-2.656000,30.41
0.298877,0.507000,-0.199000,-0.835000,-3.115000,7.466000,-3.145000,30.41
0.299318,0.524000,-0.190000,-0.837000,-4.031000,8.718000,-3.099000,30.37
0.299735,0.525000,-0.197000,-0.843000,-4.107000,7.069000,-3.145000,30.37
0.300152,0.515000,-0.196000,-0.837000,-3.160000,6.214000,-3.176000,30.46
0.300572,0.514000,-0.187000,-0.842000,-3.481000,5.695000,-3.359000,30.41
0.300993,0.514000,-0.207000,-0.819000,-4.580000,6.076000,-3.450000,30.32
0.301413,0.519000,-0.186000,-0.832000,-4.626000,6.046000,-3.908000,30.46
0.301830,0.527000,-0.201000,-0.818000,-5.496000,6.412000,-3.466000,30.37
0.302355,0.529000,-0.176000,-0.844000,-4.916000,4.947000,-3.176000,30.41
0.303012,0.526000,-0.192000,-0.840000,-4.809000,4.748000,-3.115000,30.41
0.303529,0.525000,-0.187000,-0.839000,-4.931000,4.153000,-2.870000,30.41
0.304058,0.517000,-0.180000,-0.838000,-4.733000,4.473000,-2.458000,30.46
0.304551,0.519000,-0.185000,-0.835000,-4.260000,4.290000,-2.214000,30.46
0.304961,0.527000,-0.182000,-0.844000,-3.802000,4.244000,-1.908000,30.41
0.305373,0.538000,-0.177000,-0.835000,-2.931000,3.695000,-1.145000,30.41
0.305785,0.527000,-0.169000,-0.835000,-2.275000,3.115000,-0.763000,30.37
0.306198,0.521000,-0.173000,-0.838000,-2.473000,2.824000,-0.290000,30.37
0.306603,0.523000,-0.177000,-0.847000,-2.000000,2.550000,0.168000,30.37
0.307011,0.522000,-0.184000,-0.839000,-2.031000,2.595000,0.061000,30.41
0.307422,0.513000,-0.189000,-0.832000,-2.031000,3.023000,-0.122000,30.41
0.307858,0.519000,-0.194000,-0.834000,-2.183000,3.466000,-0.351000,30.46
0.308271,0.520000,-0.204000,-0.840000,-2.153000,3.771000,-0.870000,30.46
0.308680,0.521000,-0.199000,-0.835000,-2.840000,4.046000,-1.435000,30.32
0.309097,0.525000,-0.194000,-0.824000,-3.115000,3.328000,-1.557000,30.41
0.309515,0.512000,-0.191000,-0.832000,-3.023000,4.290000,-1.939000,30.32
0.309922,0.515000,-0.196000,-0.830000,-4.275000,5.206000,-2.473000,30.37
0.310327,0.526000,-0.198000,-0.840000,-4.260000,4.534000,-2.824000,30.41
0.310740,0.527000,-0.192000,-0.828000,-5.832000,5.573000,-3.679000,30.41
0.311154,0.519000,-0.173000,-0.858000,-2.962000,4.076000,-4.763000,30.51
0.311567,0.517000,-0.203000,-0.817000,-5.725000,5.695000,-4.168000,30.37
0.311971,0.539000,-0.175000,-0.841000,-5.145000,5.252000,-3.740000,30.46
0.312503,0.526000,-0.174000,-0.840000,-4.748000,4.534000,-3.710000,30.51
0.313195,0.524000,-0.197000,-0.840000,-2.916000,4.031000,-3.542000,30.32
0.313654,0.529000,-0.182000,-0.832000,-3.649000,4.641000,-3.649000,30.32
0.314088,0.534000,-0.172000,-0.836000,-2.672000,3.328000,-3.267000,30.37
0.314524,0.530000,-0.177000,-0.839000,-3.252000,4.198000,-2.916000,30.37
0.314956,0.512000,-0.154000,-0.853000,-2.565000,3.954000,-3.695000,30.32
0.315387,0.511000,-0.172000,-0.836000,-3.863000,3.374000,-3.389000,30.32
0.315852,0.525000,-0.169000,-0.830000,-3.221000,4.015000,-3.405000,30.41
0.316319,0.528000,-0.176000,-0.842000,-2.412000,2.336000,-3.145000,30.46
0.316769,0.529000,-0.170000,-0.838000,-3.771000,3.527000,-3.023000,30.37
0.317200,0.527000,-0.188000,-0.833000,-2.901000,2.412000,-2.779000,30.41
0.317627,0.528000,-0.173000,-0.833000,-3.344000,2.626000,-2.275000,30.41
0.318086,0.517000,-0.174000,-0.839000,-4.305000,3.221000,-2.061000,30.32
0.318514,0.525000,-0.183000,-0.839000,-4.779000,3.847000,-1.985000,30.37
0.318921,0.526000,-0.174000,-0.828000,-4.824000,3.649000,-1.771000,30.46
0.319336,0.527000,-0.173000,-0.841000,-4.931000,3.573000,-1.924000,30.32
0.319737,0.530000,-0.174000,-0.833000,-3.939000,2.916000,-2.107000,30.51
0.320142,0.524000,-0.172000,-0.831000,-3.924000,3.145000,-1.740000,30.37
0.320634,0.522000,-0.164000,-0.841000,-3.450000,3.679000,-1.756000,30.46
0.321044,0.519000,-0.171000,-0.831000,-3.237000,3.740000,-1.969000,30.46
0.321447,0.516000,-0.166000,-0.838000,-2.458000,3.939000,-1.969000,30.32
0.321858,0.510000,-0.164000,-0.842000,-2.443000,3.863000,-2.824000,30.41
0.322334,0.533000,-0.186000,-0.840000,-0.351000,-0.672000,-3.130000,30.37
0.322952,0.523000,-0.189000,-0.812000,-1.740000,2.840000,-3.389000,30.37
0.323371,0.533000,-0.157000,-0.850000,-2.260000,2.824000,-3.130000,30.46
0.323784,0.517000,-0.171000,-0.833000,-2.779000,4.290000,-2.580000,30.32
0.324201,0.520000,-0.176000,-0.844000,-2.550000,3.603000,-2.595000,30.32
0.324611,0.526000,-0.169000,-0.833000,-2.443000,2.443000,-2.137000,30.37
0.325021,0.534000,-0.174000,-0.834000,-1.954000,3.099000,-2.046000,30.37
0.325428,0.528000,-0.176000,-0.832000,-1.969000,3.435000,-1.908000,30.32
0.325840,0.530000,-0.163000,-0.836000,-1.634000,3.634000,-1.725000,30.41
0.326256,0.527000,-0.168000,-0.834000,-1.939000,3.511000,-1.573000,30.51
0.326664,0.529000,-0.169000,-0.833000,-1.603000,3.252000,-1.603000,30.27
0.327085,0.531000,-0.175000,-0.825000,-2.290000,3.908000,-1.588000,30.46
0.327496,0.532000,-0.161000,-0.840000,-2.015000,3.557000,-1.267000,30.41
0.327911,0.524000,-0.166000,-0.839000,-1.939000,3.588000,-1.130000,30.41
0.328411,0.531000,-0.164000,-0.831000,-1.817000,3.542000,-1.130000,30.41
0.328868,0.532000,-0.168000,-0.830000,-1.649000,3.145000,-1.038000,30.37
0.329289,0.526000,-0.157000,-0.829000,-1.664000,2.962000,-0.748000,30.37
0.329711,0.521000,-0.163000,-0.844000,-1.496000,3.084000,-0.672000,30.41
0.330129,0.526000,-0.167000,-0.836000,-1.069000,2.992000,-0.427000,30.41
0.330546,0.527000,-0.172000,-0.833000,-1.267000,2.931000,-0.382000,30.46
0.330966,0.531000,-0.167000,-0.824000,-1.389000,2.855000,-0.504000,30.46
0.331392,0.530000,-0.168000,-0.836000,-1.374000,2.733000,-0.351000,30.46
0.331799,0.524000,-0.177000,-0.835000,-1.191000,2.382000,-0.458000,30.41
0.332211,0.525000,-0.173000,-0.838000,-1.542000,2.595000,-0.534000,30.32
0.332713,0.533000,-0.168000,-0.836000,-1.450000,2.626000,-0.550000,30.37
0.333320,0.530000,-0.173000,-0.836000,-1.542000,2.626000,-0.672000,30.46
0.333778,0.526000,-0.162000,-0.833000,-1.344000,2.504000,-0.336000,30.32
0.334216,0.523000,-0.169000,-0.833000,-1.313000,2.824000,-0.656000,30.41
0.334653,0.527000,-0.176000,-0.836000,-1.267000,2.840000,-0.550000,30.41
0.335099,0.520000,-0.177000,-0.838000,-1.405000,3.145000,-0.687000,30.27
0.335565,0.529000,-0.173000,-0.830000,-1.420000,2.977000,-0.656000,30.37
0.335994,0.528000,-0.170000,-0.834000,-1.145000,3.237000,-0.718000,30.41
0.336427,0.529000,-0.177000,-0.832000,-1.450000,3.237000,-0.794000,30.32
0.336867,0.523000,-0.173000,-0.836000,-1.389000,3.405000,-0.947000,30.37
0.337327,0.525000,-0.175000,-0.839000,-0.840000,3.893000,-1.053000,30.37
0.337780,0.524000,-0.171000,-0.825000,-1.573000,3.802000,-0.901000,30.37
0.338196,0.527000,-0.174000,-0.835000,-1.099000,3.389000,-1.084000,30.41
0.338607,0.530000,-0.166000,-0.836000,-1.374000,3.893000,-1.237000,30.41
0.339085,0.527000,-0.171000,-0.834000,-1.328000,4.366000,-1.206000,30.37
0.339611,0.523000,-0.166000,-0.836000,-1.908000,4.550000,-1.023000,30.32
0.340072,0.532000,-0.172000,-0.828000,-1.420000,3.588000,-1.038000,30.41
0.340518,0.529000,-0.168000,-0.830000,-1.160000,3.160000,-0.870000,30.32
0.340957,0.537000,-0.165000,-0.829000,-1.710000,3.008000,-0.794000,30.32
0.341391,0.534000,-0.168000,-0.833000,-1.695000,3.191000,-0.458000,30.37
0.341824,0.528000,-0.166000,-0.833000,-1.557000,3.221000,-0.382000,30.32
0.342256,0.526000,-0.163000,-0.826000,-1.527000,3.023000,-0.031000,30.32
0.342678,0.535000,-0.166000,-0.835000,-1.084000,2.641000,0.076000,30.41
0.343109,0.525000,-0.170000,-0.826000,-1.282000,1.985000,0.275000,30.37
0.343533,0.530000,-0.162000,-0.835000,-1.237000,2.092000,0.351000,30.27
0.343998,0.520000,-0.169000,-0.830000,-0.565000,2.305000,0.458000,30.41
0.344439,0.531000,-0.176000,-0.829000,-0.336000,2.351000,0.458000,30.32
0.344858,0.527000,-0.168000,-0.832000,-0.443000,2.366000,0.519000,30.41
0.345279,0.527000,-0.168000,-0.838000,-0.412000,2.153000,0.626000,30.37
0.345685,0.528000,-0.171000,-0.834000,-0.137000,2.137000,0.397000,30.37
0.346089,0.530000,-0.174000,-0.832000,-0.275000,2.427000,0.504000,30.41
0.346503,0.525000,-0.171000,-0.835000,-0.137000,2.519000,0.473000,30.32
0.346915,0.528000,-0.177000,-0.837000,-0.214000,2.305000,0.595000,30.32
0.347318,0.526000,-0.174000,-0.833000,0.015000,2.351000,0.687000,30.37
0.347722,0.528000,-0.169000,-0.827000,0.366000,2.489000,0.565000,30.37
0.348126,0.528000,-0.168000,-0.831000,0.611000,2.718000,0.870000,30.41
0.348531,0.527000,-0.170000,-0.844000,0.595000,2.489000,0.779000,30.32
0.348947,0.521000,-0.172000,-0.844000,0.763000,2.534000,0.840000,30.37
0.349364,0.524000,-0.175000,-0.826000,0.550000,2.672000,0.748000,30.37
0.349769,0.524000,-0.180000,-0.839000,0.565000,2.519000,0.504000,30.37
0.350179,0.531000,-0.177000,-0.837000,0.366000,2.595000,0.779000,30.41
0.350585,0.531000,-0.173000,-0.849000,0.489000,2.244000,0.855000,30.41
0.350995,0.526000,-0.180000,-0.833000,0.672000,2.290000,0.901000,30.37
0.351399,0.526000,-0.184000,-0.829000,0.702000,1.985000,0.611000,30.46
0.351822,0.523000,-0.178000,-0.835000,0.397000,2.366000,0.473000,30.32
0.352245,0.521000,-0.187000,-0.833000,-0.076000,2.626000,0.244000,30.41
0.352655,0.529000,-0.179000,-0.827000,-0.168000,2.290000,0.092000,30.41
0.353099,0.519000,-0.181000,-0.827000,-0.168000,2.015000,0.137000,30.37
0.353511,0.525000,-0.178000,-0.835000,0.107000,1.832000,0.366000,30.46
0.353950,0.527000,-0.173000,-0.833000,0.290000,1.847000,0.580000,30.41
0.354537,0.526000,-0.174000,-0.845000,0.412000,1.756000,0.611000,30.41
0.355107,0.522000,-0.177000,-0.837000,0.870000,2.046000,0.947000,30.32
0.355540,0.521000,-0.180000,-0.827000,1.069000,2.427000,1.160000,30.37
0.355980,0.514000,-0.168000,-0.829000,1.313000,2.611000,1.252000,30.37
0.356403,0.524000,-0.172000,-0.837000,1.954000,2.916000,1.649000,30.51
0.356807,0.520000,-0.180000,-0.835000,1.847000,3.435000,1.573000,30.32
0.357218,0.513000,-0.177000,-0.826000,1.878000,3.298000,1.252000,30.37
0.357626,0.515000,-0.184000,-0.833000,2.076000,3.435000,1.252000,30.37
0.358030,0.515000,-0.191000,-0.829000,1.618000,4.137000,0.992000,30.37
0.358435,0.522000,-0.197000,-0.827000,1.374000,4.534000,0.656000,30.41
0.358863,0.517000,-0.189000,-0.834000,1.450000,4.855000,0.504000,30.41
0.359265,0.517000,-0.190000,-0.838000,1.237000,5.511000,0.275000,30.46
0.359694,0.521000,-0.195000,-0.832000,1.206000,5.756000,0.031000,30.46
0.360101,0.527000,-0.197000,-0.826000,1.237000,5.863000,0.000000,30.37
0.360511,0.524000,-0.195000,-0.831000,1.267000,5.832000,-0.076000,30.32
0.360918,0.525000,-0.199000,-0.829000,1.160000,5.878000,-0.290000,30.41
0.361336,0.522000,-0.190000,-0.829000,1.511000,6.153000,-0.473000,30.37
0.361769,0.525000,-0.198000,-0.829000,1.023000,6.153000,-0.214000,30.37
0.362217,0.533000,-0.183000,-0.825000,1.115000,6.275000,0.015000,30.37
0.362648,0.528000,-0.193000,-0.828000,1.542000,5.542000,0.076000,30.41
0.363085,0.521000,-0.169000,-0.833000,1.908000,5.695000,-0.504000,30.41
0.363499,0.529000,-0.192000,-0.822000,1.466000,5.679000,0.168000,30.27
0.364015,0.542000,-0.178000,-0.838000,2.061000,5.221000,0.687000,30.46
0.364596,0.524000,-0.183000,-0.830000,2.580000,4.962000,1.115000,30.32
0.365049,0.527000,-0.193000,-0.836000,2.626000,4.870000,1.298000,30.32
0.365474,0.531000,-0.197000,-0.836000,2.412000,5.267000,1.084000,30.32
0.365892,0.535000,-0.197000,-0.826000,2.672000,4.305000,1.267000,30.37
0.366314,0.531000,-0.206000,-0.816000,2.290000,4.504000,1.053000,30.37
0.366753,0.527000,-0.196000,-0.814000,2.229000,4.412000,0.885000,30.41
0.367179,0.528000,-0.202000,-0.826000,2.168000,4.779000,0.824000,30.41
0.367592,0.528000,-0.203000,-0.827000,1.481000,4.855000,0.580000,30.32
0.368014,0.534000,-0.199000,-0.826000,1.038000,5.160000,0.641000,30.37
0.368435,0.531000,-0.204000,-0.823000,1.359000,5.344000,0.718000,30.27
0.368928,0.527000,-0.203000,-0.820000,1.206000,5.008000,0.687000,30.41
0.369393,0.523000,-0.202000,-0.825000,1.374000,4.977000,0.626000,30.41
0.369840,0.531000,-0.208000,-0.832000,1.420000,5.313000,0.718000,30.46
0.370326,0.534000,-0.210000,-0.829000,0.992000,5.359000,0.748000,30.37
0.370780,0.532000,-0.207000,-0.820000,1.115000,4.901000,0.595000,30.37
0.371341,0.535000,-0.213000,-0.829000,0.611000,5.008000,0.519000,30.22
0.371840,0.538000,-0.210000,-0.822000,0.550000,4.931000,0.275000,30.32
0.372277,0.538000,-0.205000,-0.825000,0.382000,4.611000,0.137000,30.37
0.372684,0.531000,-0.200000,-0.828000,0.351000,3.954000,0.321000,30.41
0.373095,0.537000,-0.208000,-0.827000,0.183000,3.969000,0.229000,30.32
0.373503,0.530000,-0.209000,-0.826000,0.000000,3.618000,0.458000,30.32
0.373926,0.538000,-0.206000,-0.823000,-0.076000,3.282000,0.092000,30.32
0.374343,0.530000,-0.215000,-0.819000,-0.198000,3.496000,0.107000,30.46
0.374761,0.533000,-0.217000,-0.821000,-0.595000,3.557000,-0.137000,30.41
0.375179,0.538000,-0.219000,-0.818000,-0.611000,3.481000,-0.107000,30.32
0.375594,0.538000,-0.214000,-0.824000,-0.687000,3.038000,-0.321000,30.41
0.376012,0.529000,-0.206000,-0.836000,-0.641000,2.992000,-0.290000,30.46
0.376427,0.532000,-0.203000,-0.822000,-0.305000,3.008000,0.076000,30.37
0.376844,0.527000,-0.212000,-0.814000,-0.336000,3.008000,0.092000,30.41
0.377257,0.533000,-0.207000,-0.821000,-0.061000,3.023000,0.168000,30.32
0.377665,0.533000,-0.208000,-0.823000,0.046000,3.115000,0.244000,30.32
0.378077,0.539000,-0.210000,-0.818000,0.168000,3.344000,0.183000,30.37
0.378524,0.533000,-0.215000,-0.825000,0.641000,3.160000,0.137000,30.37
0.378956,0.537000,-0.219000,-0.813000,0.244000,3.389000,0.214000,30.41
0.379385,0.537000,-0.217000,-0.822000,0.061000,3.405000,0.076000,30.32
0.379800,0.531000,-0.214000,-0.819000,-0.122000,3.389000,-0.107000,30.22
0.380224,0.537000,-0.216000,-0.815000,-0.229000,3.282000,-0.092000,30.37
0.380647,0.534000,-0.219000,-0.816000,-0.504000,3.344000,-0.244000,30.37
0.381065,0.532000,-0.216000,-0.822000,-0.687000,2.901000,-0.168000,30.41
0.381574,0.538000,-0.213000,-0.816000,-0.427000,3.130000,0.000000,30.41
0.382157,0.535000,-0.210000,-0.823000,-0.504000,3.313000,-0.076000,30.37
0.382648,0.530000,-0.217000,-0.815000,-0.183000,2.916000,0.122000,30.37
0.383088,0.534000,-0.211000,-0.824000,-0.076000,3.328000,0.153000,30.46
0.383523,0.532000,-0.213000,-0.823000,-0.031000,3.130000,0.305000,30.41
0.383990,0.532000,-0.216000,-0.830000,0.244000,2.840000,0.321000,30.41
0.384420,0.540000,-0.214000,-0.819000,0.122000,3.038000,0.229000,30.27
0.384822,0.538000,-0.222000,-0.816000,0.031000,3.053000,0.275000,30.37
0.385233,0.538000,-0.214000,-0.815000,-0.015000,2.840000,0.107000,30.37
0.385645,0.526000,-0.218000,-0.820000,-0.061000,2.534000,0.229000,30.32
0.386054,0.537000,-0.219000,-0.810000,-0.275000,2.580000,0.137000,30.32
0.386463,0.528000,-0.219000,-0.827000,-0.641000,2.504000,0.198000,30.37
0.386874,0.529000,-0.214000,-0.817000,-0.718000,2.519000,0.015000,30.46
0.387304,0.530000,-0.219000,-0.823000,-0.855000,2.504000,0.061000,30.32
0.387725,0.531000,-0.217000,-0.810000,-0.840000,2.351000,-0.168000,30.41
0.388136,0.536000,-0.223000,-0.815000,-0.962000,2.733000,-0.168000,30.32
0.388550,0.536000,-0.220000,-0.815000,-0.824000,2.611000,-0.290000,30.37
0.388980,0.537000,-0.219000,-0.818000,-0.931000,2.672000,-0.214000,30.37
0.389393,0.529000,-0.217000,-0.823000,-0.733000,2.718000,-0.153000,30.41
0.389821,0.526000,-0.218000,-0.813000,-0.748000,2.870000,-0.214000,30.41
0.390234,0.528000,-0.218000,-0.829000,-0.504000,2.947000,-0.168000,30.46
0.390647,0.529000,-0.225000,-0.822000,-0.382000,3.038000,-0.244000,30.37
0.391065,0.529000,-0.218000,-0.820000,-0.519000,2.977000,-0.305000,30.37
0.391551,0.531000,-0.220000,-0.809000,-0.473000,3.115000,-0.092000,30.41
0.392102,0.525000,-0.224000,-0.815000,-0.718000,3.267000,-0.229000,30.32
0.392552,0.534000,-0.219000,-0.817000,-0.595000,3.160000,-0.336000,30.27
0.392996,0.531000,-0.228000,-0.821000,-0.550000,3.374000,-0.412000,30.46
0.393429,0.535000,-0.219000,-0.815000,-0.397000,3.344000,-0.290000,30.41
0.393926,0.532000,-0.220000,-0.828000,-0.321000,3.374000,-0.336000,30.41
0.394409,0.529000,-0.220000,-0.814000,-0.198000,3.374000,-0.214000,30.32
0.394864,0.537000,-0.223000,-0.818000,-0.397000,3.130000,-0.321000,30.37
0.395343,0.536000,-0.219000,-0.822000,-0.412000,2.626000,-0.168000,30.37
0.395792,0.535000,-0.224000,-0.819000,-0.733000,2.702000,-0.336000,30.32
0.396208,0.531000,-0.221000,-0.810000,-1.038000,2.641000,-0.427000,30.41
0.396627,0.525000,-0.227000,-0.820000,-1.298000,2.412000,-0.611000,30.41
0.397037,0.529000,-0.220000,-0.825000,-1.252000,2.840000,-0.626000,30.37
0.397455,0.531000,-0.221000,-0.816000,-1.267000,2.824000,-0.656000,30.27
0.397867,0.530000,-0.225000,-0.826000,-1.267000,2.931000,-0.840000,30.32
0.398288,0.526000,-0.224000,-0.820000,-1.328000,2.763000,-0.580000,30.41
0.398722,0.532000,-0.225000,-0.817000,-1.481000,2.855000,-0.718000,30.27
0.399137,0.537000,-0.223000,-0.818000,-1.603000,2.779000,-0.580000,30.37
0.399555,0.538000,-0.219000,-0.819000,-1.374000,2.397000,-0.427000,30.37
0.399977,0.536000,-0.220000,-0.812000,-1.344000,1.756000,-0.458000,30.32
0.400388,0.525000,-0.210000,-0.815000,-1.038000,1.924000,-0.382000,30.41
0.400799,0.534000,-0.214000,-0.812000,-1.008000,1.985000,-0.061000,30.37
0.401218,0.527000,-0.209000,-0.818000,-0.550000,1.924000,0.260000,30.41
0.401713,0.527000,-0.218000,-0.815000,-0.260000,2.519000,0.382000,30.32
0.402281,0.532000,-0.220000,-0.820000,-0.275000,2.168000,0.412000,30.41
0.402722,0.530000,-0.211000,-0.828000,0.198000,2.061000,0.748000,30.32
0.403212,0.534000,-0.210000,-0.823000,0.672000,1.863000,0.885000,30.37
0.403670,0.523000,-0.231000,-0.822000,0.977000,2.351000,1.023000,30.32
0.404113,0.530000,-0.240000,-0.822000,0.702000,2.702000,0.733000,30.32
0.404541,0.530000,-0.250000,-0.815000,0.183000,2.824000,0.076000,30.41
0.404954,0.528000,-0.234000,-0.817000,-0.611000,3.344000,-0.275000,30.37
0.405367,0.527000,-0.226000,-0.816000,-0.840000,3.282000,-0.519000,30.37
0.405778,0.526000,-0.223000,-0.817000,-0.626000,3.206000,-0.504000,30.41
0.406185,0.531000,-0.218000,-0.825000,-0.611000,3.130000,-0.229000,30.41
0.406597,0.532000,-0.218000,-0.825000,-0.656000,2.779000,-0.046000,30.41
0.407014,0.528000,-0.220000,-0.822000,-0.641000,2.748000,0.046000,30.37
0.407413,0.531000,-0.220000,-0.814000,-0.397000,2.260000,0.397000,30.37
0.407820,0.532000,-0.218000,-0.814000,-0.061000,2.305000,0.687000,30.41
0.408229,0.532000,-0.224000,-0.817000,0.321000,2.031000,0.733000,30.41
0.408631,0.526000,-0.220000,-0.814000,0.901000,1.847000,1.160000,30.32
0.409055,0.521000,-0.225000,-0.825000,1.069000,1.756000,1.099000,30.37
0.409466,0.528000,-0.225000,-0.823000,1.206000,2.183000,1.053000,30.46
0.409875,0.531000,-0.230000,-0.818000,1.191000,2.412000,1.252000,30.32
0.410269,0.528000,-0.233000,-0.818000,1.084000,2.214000,1.069000,30.41
0.410684,0.526000,-0.232000,-0.827000,1.069000,2.519000,0.885000,30.32
0.411091,0.531000,-0.237000,-0.812000,0.595000,2.840000,1.008000,30.27
0.411498,0.520000,-0.233000,-0.827000,0.641000,2.824000,0.702000,30.27
0.412042,0.524000,-0.235000,-0.822000,0.290000,3.160000,0.794000,30.32
0.412468,0.525000,-0.244000,-0.818000,-0.137000,3.328000,0.275000,30.32
0.412879,0.528000,-0.236000,-0.831000,-0.031000,3.328000,0.260000,30.37
0.413291,0.521000,-0.240000,-0.811000,-0.275000,3.038000,0.229000,30.37
0.413718,0.518000,-0.242000,-0.814000,-0.046000,3.359000,0.000000,30.37
0.414127,0.526000,-0.239000,-0.803000,-0.366000,3.176000,-0.214000,30.32
0.414542,0.530000,-0.240000,-0.821000,-0.550000,3.221000,0.015000,30.32
0.414964,0.522000,-0.234000,-0.819000,-0.580000,3.038000,-0.290000,30.37
0.415365,0.527000,-0.242000,-0.817000,-0.534000,3.115000,0.031000,30.37
0.415783,0.525000,-0.235000,-0.815000,-0.382000,2.885000,-0.107000,30.41
0.416196,0.528000,-0.239000,-0.822000,-0.565000,2.809000,-0.092000,30.41
0.416610,0.527000,-0.233000,-0.806000,-0.870000,2.962000,-0.229000,30.32
0.417014,0.527000,-0.241000,-0.812000,-1.359000,3.221000,-0.443000,30.46
0.417439,0.521000,-0.232000,-0.813000,-1.405000,3.206000,-0.763000,30.37
0.417851,0.526000,-0.242000,-0.815000,-1.466000,3.038000,-0.779000,30.41
0.418258,0.529000,-0.240000,-0.815000,-1.878000,3.008000,-0.840000,30.32
0.418681,0.528000,-0.240000,-0.814000,-1.863000,3.313000,-1.023000,30.37
0.419093,0.523000,-0.239000,-0.816000,-2.122000,2.901000,-0.992000,30.37
0.419501,0.520000,-0.242000,-0.813000,-2.168000,3.069000,-1.237000,30.41
0.419907,0.529000,-0.243000,-0.814000,-2.412000,3.176000,-1.328000,30.32
0.420330,0.528000,-0.232000,-0.809000,-2.824000,3.115000,-1.573000,30.32
0.420737,0.521000,-0.231000,-0.816000,-2.702000,3.008000,-1.695000,30.37
0.421143,0.532000,-0.236000,-0.819000,-2.718000,3.328000,-1.634000,30.37
0.421662,0.529000,-0.240000,-0.817000,-2.656000,3.099000,-1.756000,30.32
0.422243,0.532000,-0.233000,-0.818000,-2.702000,2.947000,-1.771000,30.41
0.422685,0.525000,-0.233000,-0.818000,-2.931000,3.069000,-1.969000,30.37
0.423117,0.527000,-0.233000,-0.816000,-2.809000,2.977000,-1.588000,30.37
0.423546,0.518000,-0.236000,-0.806000,-2.870000,3.145000,-1.802000,30.46
0.424024,0.526000,-0.237000,-0.816000,-2.748000,3.405000,-1.832000,30.32
0.424456,0.522000,-0.236000,-0.818000,-3.115000,3.084000,-1.832000,30.32
0.424874,0.530000,-0.234000,-0.817000,-3.466000,2.962000,-2.244000,30.27
0.425290,0.526000,-0.239000,-0.810000,-3.618000,3.145000,-2.229000,30.32
0.425697,0.529000,-0.232000,-0.812000,-3.710000,2.641000,-2.504000,30.41
0.426112,0.522000,-0.235000,-0.808000,-4.260000,2.885000,-2.473000,30.41
0.426522,0.533000,-0.239000,-0.820000,-4.611000,2.931000,-2.656000,30.32
0.426938,0.536000,-0.239000,-0.819000,-4.626000,2.687000,-2.916000,30.37
0.427376,0.525000,-0.231000,-0.812000,-4.779000,2.885000,-2.779000,30.41
0.427793,0.525000,-0.223000,-0.823000,-4.458000,2.672000,-2.840000,30.22
0.428228,0.525000,-0.227000,-0.818000,-4.366000,3.023000,-2.702000,30.41
0.428656,0.531000,-0.219000,-0.817000,-4.214000,3.084000,-2.473000,30.37
0.429083,0.526000,-0.222000,-0.819000,-3.893000,2.580000,-2.275000,30.37
0.429508,0.535000,-0.227000,-0.825000,-4.092000,3.053000,-2.260000,30.41
0.429917,0.524000,-0.220000,-0.816000,-3.847000,2.656000,-2.244000,30.32
0.430328,0.522000,-0.225000,-0.826000,-3.679000,2.855000,-2.244000,30.41
0.430740,0.534000,-0.228000,-0.814000,-3.740000,2.702000,-2.153000,30.37
0.431153,0.528000,-0.227000,-0.826000,-3.481000,2.565000,-1.939000,30.37
0.431561,0.531000,-0.229000,-0.816000,-3.496000,3.069000,-1.634000,30.41
0.432163,0.532000,-0.220000,-0.815000,-3.115000,2.366000,-1.695000,30.32
0.432634,0.531000,-0.226000,-0.811000,-3.313000,2.427000,-1.817000,30.32
0.433055,0.529000,-0.224000,-0.820000,-3.603000,2.321000,-1.740000,30.37
0.433479,0.526000,-0.227000,-0.811000,-3.649000,2.290000,-1.634000,30.37
0.433974,0.526000,-0.219000,-0.818000,-3.527000,2.183000,-1.679000,30.41
0.434444,0.523000,-0.221000,-0.808000,-3.221000,2.168000,-1.573000,30.22
0.434881,0.526000,-0.220000,-0.820000,-3.359000,2.244000,-1.527000,30.41
0.435312,0.531000,-0.224000,-0.826000,-3.252000,2.244000,-1.756000,30.37
0.435747,0.531000,-0.222000,-0.819000,-3.053000,2.321000,-1.679000,30.37
0.436179,0.533000,-0.220000,-0.819000,-2.947000,2.397000,-1.649000,30.41
0.436649,0.526000,-0.225000,-0.826000,-2.214000,3.145000,-1.695000,30.41
0.437131,0.523000,-0.229000,-0.819000,-2.840000,2.718000,-1.985000,30.37
0.437545,0.530000,-0.229000,-0.817000,-3.282000,3.084000,-2.351000,30.37
0.437954,0.528000,-0.221000,-0.806000,-3.481000,2.779000,-2.305000,30.37
0.438365,0.525000,-0.225000,-0.811000,-3.939000,3.557000,-2.397000,30.32
0.438796,0.523000,-0.220000,-0.813000,-3.496000,2.870000,-2.443000,30.32
0.439205,0.532000,-0.207000,-0.822000,-3.542000,2.885000,-2.015000,30.37
0.439619,0.528000,-0.207000,-0.833000,-2.901000,2.809000,-1.817000,30.37
0.440029,0.531000,-0.227000,-0.827000,-2.412000,3.084000,-1.588000,30.37
0.440440,0.525000,-0.233000,-0.819000,-3.084000,3.405000,-1.802000,30.41
0.440846,0.528000,-0.220000,-0.816000,-3.267000,3.863000,-2.046000,30.32
0.441256,0.532000,-0.198000,-0.821000,-3.435000,3.817000,-1.847000,30.37
0.441719,0.531000,-0.205000,-0.822000,-2.595000,3.893000,-1.313000,30.27
0.442251,0.532000,-0.219000,-0.814000,-1.863000,3.466000,-0.962000,30.41
0.442681,0.527000,-0.219000,-0.816000,-2.092000,3.359000,-0.840000,30.32
0.443109,0.538000,-0.216000,-0.818000,-2.061000,3.237000,-1.023000,30.32
0.443534,0.538000,-0.220000,-0.827000,-2.153000,3.206000,-0.992000,30.37
0.444020,0.539000,-0.216000,-0.821000,-2.031000,2.992000,-0.870000,30.37
0.444474,0.530000,-0.213000,-0.820000,-1.985000,2.565000,-0.870000,30.32
0.444912,0.524000,-0.213000,-0.810000,-1.786000,2.092000,-0.763000,30.32
0.445386,0.529000,-0.194000,-0.820000,-1.237000,1.832000,-0.473000,30.32
0.445816,0.531000,-0.199000,-0.836000,-0.870000,1.267000,-0.046000,30.37
0.446221,0.519000,-0.225000,-0.811000,-0.031000,1.603000,0.504000,30.37
0.446630,0.517000,-0.232000,-0.809000,-0.412000,1.618000,0.107000,30.41
0.447037,0.531000,-0.230000,-0.829000,-1.084000,2.046000,-0.351000,30.41
0.447446,0.518000,-0.243000,-0.819000,-1.756000,2.534000,-0.702000,30.27
0.447861,0.521000,-0.230000,-0.822000,-2.260000,2.580000,-1.282000,30.37
0.448277,0.520000,-0.229000,-0.816000,-3.038000,3.130000,-2.015000,30.46
0.448705,0.530000,-0.228000,-0.829000,-3.466000,3.588000,-2.290000,30.32
0.449115,0.531000,-0.223000,-0.821000,-3.603000,3.756000,-2.275000,30.32
0.449523,0.527000,-0.224000,-0.821000,-3.802000,3.817000,-2.473000,30.37
0.449947,0.530000,-0.218000,-0.821000,-3.832000,3.832000,-2.611000,30.37
0.450350,0.524000,-0.206000,-0.827000,-3.893000,3.481000,-2.641000,30.37
0.450763,0.531000,-0.207000,-0.827000,-3.145000,2.519000,-2.763000,30.41
0.451173,0.531000,-0.221000,-0.819000,-2.931000,2.168000,-2.611000,30.32
0.451618,0.539000,-0.192000,-0.827000,-2.702000,2.824000,-1.557000,30.27
0.452161,0.536000,-0.195000,-0.827000,-1.374000,2.260000,-0.443000,30.37
0.452672,0.536000,-0.192000,-0.819000,-0.168000,2.061000,0.321000,30.37
0.453104,0.532000,-0.203000,-0.820000,0.107000,2.275000,0.779000,30.32
0.453561,0.521000,-0.207000,-0.825000,0.916000,2.183000,1.298000,30.32
0.454021,0.526000,-0.208000,-0.826000,1.435000,2.794000,1.481000,30.37
0.454445,0.530000,-0.212000,-0.822000,1.634000,2.977000,1.557000,30.37
0.454851,0.525000,-0.213000,-0.815000,1.557000,2.977000,1.588000,30.32
0.455271,0.522000,-0.224000,-0.817000,1.405000,3.313000,1.282000,30.32
0.455683,0.527000,-0.221000,-0.821000,1.420000,3.176000,1.160000,30.32
0.456092,0.522000,-0.219000,-0.811000,0.977000,3.328000,0.870000,30.27
0.456502,0.518000,-0.238000,-0.819000,0.641000,3.542000,0.504000,30.37
0.456902,0.522000,-0.234000,-0.810000,0.046000,3.954000,0.260000,30.32
0.457314,0.517000,-0.229000,-0.816000,-0.489000,4.244000,-0.092000,30.32
0.457729,0.523000,-0.220000,-0.824000,-0.412000,4.244000,-0.473000,30.32
0.458152,0.536000,-0.215000,-0.824000,-0.672000,4.076000,-0.473000,30.37
0.458565,0.536000,-0.230000,-0.819000,-0.626000,4.321000,-0.397000,30.37
0.459001,0.521000,-0.242000,-0.818000,-0.763000,3.893000,-0.885000,30.32
0.459415,0.526000,-0.242000,-0.816000,-1.954000,4.656000,-1.542000,30.32
0.459844,0.527000,-0.240000,-0.816000,-2.718000,4.672000,-2.214000,30.37
0.460256,0.531000,-0.241000,-0.812000,-3.664000,5.237000,-2.534000,30.37
0.460670,0.523000,-0.230000,-0.811000,-4.229000,4.840000,-3.267000,30.37
0.461102,0.531000,-0.235000,-0.819000,-4.718000,5.176000,-3.557000,30.32
0.461534,0.527000,-0.224000,-0.814000,-5.466000,5.099000,-4.015000,30.32
0.462049,0.529000,-0.222000,-0.822000,-5.542000,4.824000,-4.244000,30.27
0.462612,0.535000,-0.218000,-0.816000,-6.122000,4.489000,-4.504000,30.37
0.463055,0.540000,-0.207000,-0.820000,-6.107000,4.061000,-3.969000,30.37
0.463542,0.544000,-0.201000,-0.819000,-5.756000,3.191000,-3.649000,30.41
0.464051,0.532000,-0.197000,-0.813000,-5.221000,2.840000,-3.359000,30.32
0.464502,0.525000,-0.198000,-0.826000,-4.504000,3.221000,-2.870000,30.27
0.464927,0.535000,-0.204000,-0.811000,-3.542000,3.679000,-2.748000,30.32
0.465352,0.539000,-0.209000,-0.831000,-3.466000,4.519000,-2.412000,30.41
0.465766,0.533000,-0.210000,-0.821000,-2.626000,4.092000,-2.336000,30.22
0.466188,0.532000,-0.211000,-0.821000,-2.092000,4.198000,-2.107000,30.41
0.466606,0.533000,-0.222000,-0.823000,-2.305000,4.733000,-2.198000,30.37
0.467022,0.528000,-0.226000,-0.820000,-2.336000,4.656000,-2.504000,30.41
0.467432,0.526000,-0.224000,-0.813000,-3.420000,5.389000,-3.206000,30.32
0.467852,0.535000,-0.220000,-0.811000,-3.893000,4.992000,-3.542000,30.41
0.468285,0.535000,-0.221000,-0.820000,-4.046000,4.473000,-4.046000,30.46
0.468724,0.532000,-0.215000,-0.814000,-4.076000,5.115000,-4.305000,30.37
0.469154,0.546000,-0.216000,-0.809000,-4.855000,5.084000,-4.534000,30.32
0.469734,0.535000,-0.221000,-0.825000,-5.359000,5.313000,-4.824000,30.32
0.470182,0.541000,-0.216000,-0.825000,-5.344000,5.130000,-4.702000,30.32
0.470619,0.538000,-0.208000,-0.821000,-5.298000,4.580000,-4.748000,30.37
0.471041,0.538000,-0.202000,-0.819000,-4.901000,4.092000,-4.916000,30.27
0.471479,0.543000,-0.205000,-0.824000,-4.168000,2.855000,-4.977000,30.32
0.471911,0.546000,-0.192000,-0.822000,-4.885000,3.756000,-4.061000,30.32
0.472341,0.543000,-0.194000,-0.809000,-4.061000,3.023000,-3.618000,30.32
0.472764,0.541000,-0.203000,-0.818000,-3.740000,3.359000,-3.511000,30.37
0.473191,0.545000,-0.201000,-0.813000,-3.725000,3.191000,-3.603000,30.27
0.473611,0.547000,-0.199000,-0.823000,-3.481000,2.870000,-3.313000,30.32
0.474031,0.529000,-0.207000,-0.817000,-3.618000,3.954000,-3.435000,30.41
0.474636,0.537000,-0.208000,-0.815000,-3.282000,2.672000,-3.282000,30.32
0.475450,0.541000,-0.198000,-0.815000,-3.420000,3.267000,-3.008000,30.27
0.476294,0.536000,-0.206000,-0.825000,-2.962000,3.389000,-2.855000,30.37
0.477370,0.537000,-0.198000,-0.822000,-3.145000,3.389000,-2.870000,30.32
0.487201,0.535000,-0.194000,-0.820000,-2.534000,3.618000,-2.840000,30.32
0.492712,0.537000,-0.194000,-0.823000,-2.290000,3.832000,-2.718000,30.27
0.493293,0.535000,-0.197000,-0.820000,-2.305000,4.534000,-2.534000,30.27
0.493832,0.539000,-0.192000,-0.819000,-2.015000,4.504000,-2.321000,30.37
0.494399,0.543000,-0.199000,-0.817000,-2.046000,4.473000,-2.244000,30.41
0.495394,0.541000,-0.191000,-0.825000,-1.542000,4.290000,-2.046000,30.32
0.501113,0.539000,-0.192000,-0.825000,-1.466000,4.366000,-1.863000,30.37
0.501862,0.542000,-0.198000,-0.829000,-1.374000,4.656000,-1.649000,30.27
0.504714,0.543000,-0.194000,-0.812000,-1.359000,4.656000,-1.420000,30.22
0.505612,0.547000,-0.196000,-0.814000,-0.794000,3.557000,-1.267000,30.32
0.506094,0.545000,-0.200000,-0.822000,-1.099000,4.061000,-1.267000,30.32
0.506555,0.545000,-0.194000,-0.819000,-1.038000,3.786000,-0.977000,30.27
0.507050,0.544000,-0.201000,-0.813000,-0.763000,3.374000,-0.992000,30.37
0.510057,0.549000,-0.203000,-0.820000,-0.931000,3.023000,-1.023000,30.22
0.510702,0.540000,-0.202000,-0.818000,-1.130000,3.115000,-0.901000,30.41
0.511277,0.533000,-0.203000,-0.815000,-0.824000,2.687000,-0.977000,30.37
0.511767,0.544000,-0.202000,-0.819000,-1.191000,3.038000,-0.885000,30.37
0.512371,0.537000,-0.201000,-0.822000,-1.160000,2.992000,-0.840000,30.41
0.512935,0.544000,-0.205000,-0.819000,-1.145000,3.099000,-0.992000,30.32
0.519206,0.547000,-0.194000,-0.823000,-1.298000,3.374000,-0.916000,30.32
0.521399,0.550000,-0.198000,-0.819000,-1.282000,3.511000,-0.733000,30.37
0.522242,0.543000,-0.198000,-0.823000,-1.450000,3.603000,-0.718000,30.37
0.522959,0.542000,-0.201000,-0.815000,-1.084000,3.328000,-0.382000,30.32
0.524235,0.539000,-0.198000,-0.815000,-0.809000,3.176000,-0.229000,30.32
0.524722,0.541000,-0.197000,-0.809000,-0.626000,2.977000,-0.137000,30.27
0.525186,0.545000,-0.203000,-0.817000,-0.550000,3.023000,0.000000,30.27
0.529778,0.541000,-0.205000,-0.817000,-0.763000,2.977000,-0.031000,30.37
0.531031,0.534000,-0.202000,-0.805000,-0.763000,2.595000,-0.137000,30.32
0.531719,0.540000,-0.205000,-0.810000,-1.130000,2.565000,-0.595000,30.41
0.532200,0.543000,-0.211000,-0.812000,-1.359000,2.519000,-0.779000,30.37
0.532654,0.540000,-0.195000,-0.812000,-1.603000,2.718000,-0.809000,30.22
0.533128,0.546000,-0.202000,-0.816000,-1.603000,2.305000,-0.687000,30.32
0.533576,0.538000,-0.206000,-0.816000,-1.496000,2.321000,-0.763000,30.32
0.534629,0.539000,-0.204000,-0.813000,-2.031000,2.641000,-0.931000,30.37
0.535463,0.542000,-0.203000,-0.827000,-2.229000,2.733000,-1.191000,30.27
0.537067,0.541000,-0.203000,-0.817000,-2.275000,2.962000,-1.069000,30.32
0.539297,0.545000,-0.199000,-0.810000,-2.550000,2.840000,-1.359000,30.32
0.540239,0.541000,-0.194000,-0.812000,-2.489000,2.443000,-1.344000,30.32
0.542457,0.543000,-0.198000,-0.812000,-2.198000,2.137000,-1.298000,30.37
0.543154,0.541000,-0.202000,-0.815000,-2.397000,2.000000,-1.252000,30.37
0.543765,0.549000,-0.195000,-0.806000,-2.183000,2.137000,-0.794000,30.32
0.546237,0.544000,-0.200000,-0.808000,-1.954000,2.046000,-0.702000,30.32
0.546860,0.540000,-0.199000,-0.813000,-1.893000,2.305000,-0.840000,30.22
0.555292,0.546000,-0.193000,-0.820000,-1.557000,2.137000,-0.321000,30.37
0.556005,0.546000,-0.201000,-0.817000,-1.221000,2.122000,-0.489000,30.37
0.556507,0.538000,-0.194000,-0.819000,-1.115000,2.031000,-0.305000,30.32
0.559295,0.539000,-0.201000,-0.816000,-0.794000,2.000000,-0.427000,30.22
0.565819,0.546000,-0.195000,-0.817000,-0.779000,2.107000,-0.076000,30.37
0.571366,0.546000,-0.198000,-0.822000,-0.977000,2.321000,-0.107000,30.27
0.571946,0.540000,-0.201000,-0.816000,-1.313000,2.137000,-0.046000,30.32
0.572420,0.537000,-0.208000,-0.819000,-1.344000,2.168000,-0.092000,30.41
0.572894,0.547000,-0.199000,-0.818000,-1.405000,2.275000,-0.076000,30.37
0.573348,0.543000,-0.198000,-0.814000,-1.359000,1.847000,-0.031000,30.27
0.573787,0.542000,-0.200000,-0.812000,-1.328000,1.557000,0.107000,30.27
0.574231,0.533000,-0.200000,-0.819000,-1.069000,1.588000,0.107000,30.41
0.574671,0.537000,-0.203000,-0.814000,-1.099000,1.664000,0.015000,30.32
0.575114,0.539000,-0.206000,-0.820000,-1.084000,2.092000,0.244000,30.27
0.575618,0.541000,-0.207000,-0.822000,-1.130000,1.817000,0.260000,30.37
0.576060,0.541000,-0.207000,-0.815000,-1.115000,1.863000,0.229000,30.22
0.576493,0.538000,-0.212000,-0.821000,-0.779000,1.466000,0.214000,30.22
0.576929,0.535000,-0.207000,-0.820000,-0.748000,1.420000,0.015000,30.37
0.577376,0.538000,-0.211000,-0.818000,-0.702000,1.450000,0.061000,30.27
0.577811,0.541000,-0.200000,-0.825000,-0.672000,1.740000,0.412000,30.37
0.578444,0.537000,-0.197000,-0.821000,-0.427000,1.985000,0.305000,30.22
0.579665,0.530000,-0.203000,-0.829000,-0.137000,2.168000,0.519000,30.41
0.580220,0.544000,-0.203000,-0.825000,-0.229000,2.153000,0.626000,30.37
0.580675,0.546000,-0.207000,-0.823000,-0.687000,2.260000,0.534000,30.32
0.581116,0.545000,-0.196000,-0.823000,-0.763000,2.366000,0.855000,30.41
0.581564,0.540000,-0.204000,-0.830000,-0.183000,2.214000,1.023000,30.32
0.583311,0.538000,-0.207000,-0.823000,0.092000,1.939000,1.084000,30.22
0.588504,0.540000,-0.205000,-0.821000,0.458000,1.573000,1.420000,30.37
0.589073,0.542000,-0.215000,-0.815000,0.534000,1.618000,1.481000,30.32
0.593081,0.538000,-0.206000,-0.818000,0.626000,1.298000,1.496000,30.41
0.595633,0.535000,-0.210000,-0.814000,0.702000,1.023000,1.740000,30.41
0.596911,0.525000,-0.210000,-0.816000,0.366000,1.221000,1.573000,30.37
0.602247,0.530000,-0.211000,-0.819000,0.061000,1.496000,1.466000,30.37
0.606847,0.539000,-0.210000,-0.820000,0.153000,1.069000,1.511000,30.32
0.608200,0.543000,-0.204000,-0.820000,-0.229000,0.870000,1.557000,30.41
0.611461,0.532000,-0.216000,-0.819000,0.092000,0.168000,1.420000,30.32
0.612039,0.535000,-0.217000,-0.822000,0.000000,0.366000,1.298000,30.27
0.612503,0.534000,-0.210000,-0.825000,0.046000,0.382000,1.176000,30.37
0.616926,0.534000,-0.214000,-0.828000,-0.183000,0.351000,1.267000,30.41
0.620132,0.534000,-0.211000,-0.825000,0.031000,0.351000,1.420000,30.32
0.622468,0.530000,-0.205000,-0.826000,0.107000,0.550000,1.832000,30.27
0.628056,0.539000,-0.201000,-0.833000,0.351000,0.672000,2.214000,30.18
0.629791,0.532000,-0.211000,-0.826000,1.160000,0.260000,2.382000,30.37
0.630359,0.532000,-0.209000,-0.818000,1.435000,0.214000,2.397000,30.41
0.631537,0.534000,-0.210000,-0.826000,1.588000,0.229000,2.718000,30.32
0.633308,0.529000,-0.215000,-0.824000,2.168000,0.000000,2.840000,30.37
0.635759,0.530000,-0.215000,-0.823000,2.489000,-0.305000,3.084000,30.27
0.636903,0.534000,-0.216000,-0.825000,2.962000,-0.198000,3.191000,30.41
0.637502,0.527000,-0.223000,-0.822000,3.145000,0.153000,3.466000,30.32
0.638571,0.528000,-0.222000,-0.819000,3.267000,0.244000,3.618000,30.27
0.639357,0.520000,-0.219000,-0.826000,2.809000,0.443000,3.328000,30.27
0.639842,0.519000,-0.225000,-0.813000,2.809000,0.901000,3.160000,30.37
0.640291,0.514000,-0.234000,-0.823000,2.580000,1.481000,2.748000,30.32
0.640729,0.521000,-0.226000,-0.816000,2.336000,1.405000,2.580000,30.32
0.641175,0.518000,-0.229000,-0.820000,2.061000,1.863000,2.321000,30.27
0.641704,0.520000,-0.231000,-0.820000,2.015000,1.954000,1.939000,30.37
0.642219,0.525000,-0.235000,-0.822000,1.405000,2.443000,1.802000,30.32
0.642844,0.520000,-0.229000,-0.803000,1.313000,2.290000,1.435000,30.32
0.643304,0.527000,-0.234000,-0.821000,1.069000,2.168000,1.069000,30.27
0.643742,0.524000,-0.234000,-0.808000,0.718000,2.015000,0.901000,30.37
0.644262,0.520000,-0.233000,-0.809000,0.473000,2.198000,0.870000,30.27
0.644933,0.518000,-0.230000,-0.821000,0.580000,2.305000,0.733000,30.22
0.645411,0.519000,-0.227000,-0.819000,0.458000,2.229000,0.733000,30.41
0.645852,0.517000,-0.231000,-0.817000,0.229000,2.550000,0.504000,30.27
0.646383,0.517000,-0.233000,-0.820000,-0.076000,2.443000,0.412000,30.41
0.646984,0.529000,-0.234000,-0.817000,-0.504000,2.901000,0.107000,30.32
0.647466,0.513000,-0.232000,-0.816000,-0.718000,2.870000,0.076000,30.32
0.647920,0.521000,-0.230000,-0.822000,-1.008000,3.389000,-0.183000,30.37
0.648356,0.525000,-0.236000,-0.823000,-1.298000,2.901000,-0.229000,30.37
0.648811,0.525000,-0.227000,-0.823000,-1.252000,3.176000,-0.366000,30.41
0.649264,0.524000,-0.235000,-0.819000,-1.282000,3.069000,-0.305000,30.32
0.649746,0.520000,-0.234000,-0.824000,-1.389000,3.115000,-0.656000,30.22
0.650226,0.525000,-0.232000,-0.816000,-1.863000,3.511000,-0.458000,30.27
0.650688,0.524000,-0.235000,-0.819000,-2.122000,3.328000,-0.473000,30.37
0.651299,0.528000,-0.232000,-0.817000,-1.908000,3.405000,-0.550000,30.32
0.652069,0.528000,-0.230000,-0.816000,-1.756000,2.931000,-0.351000,30.32
0.653266,0.526000,-0.224000,-0.826000,-1.420000,2.809000,-0.137000,30.32
0.654005,0.534000,-0.225000,-0.826000,-1.267000,2.519000,0.015000,30.27
0.656424,0.528000,-0.228000,-0.826000,-0.947000,2.321000,0.229000,30.27
0.657061,0.522000,-0.228000,-0.815000,-0.412000,2.565000,0.229000,30.41
0.657566,0.520000,-0.234000,-0.813000,-0.458000,2.305000,0.046000,30.32
0.660392,0.526000,-0.233000,-0.818000,-0.412000,2.534000,0.061000,30.37
0.660994,0.521000,-0.228000,-0.825000,-0.611000,2.550000,0.183000,30.27
0.661455,0.522000,-0.232000,-0.824000,-0.397000,2.748000,0.397000,30.37
0.661911,0.525000,-0.233000,-0.824000,-0.748000,2.885000,0.321000,30.32
0.662980,0.531000,-0.232000,-0.816000,-0.611000,2.916000,0.443000,30.41
0.665855,0.527000,-0.229000,-0.829000,-0.565000,2.733000,0.366000,30.27
0.666375,0.533000,-0.237000,-0.817000,2.321000,-2.687000,0.366000,30.27
0.666841,0.524000,-0.246000,-0.829000,0.412000,-0.290000,0.214000,30.22
0.667301,0.514000,-0.238000,-0.835000,-1.420000,1.359000,0.168000,30.32
0.667868,0.521000,-0.243000,-0.816000,-1.618000,1.924000,0.229000,30.32
0.668494,0.518000,-0.244000,-0.821000,-1.099000,1.557000,-0.260000,30.37
0.668991,0.520000,-0.246000,-0.823000,-1.084000,1.420000,-0.366000,30.27
0.669502,0.521000,-0.235000,-0.821000,-1.206000,1.420000,-0.504000,30.41
0.670868,0.525000,-0.241000,-0.818000,-1.802000,1.924000,-0.443000,30.32
0.671669,0.520000,-0.237000,-0.812000,-1.924000,2.015000,-0.214000,30.27
0.672155,0.518000,-0.235000,-0.823000,-1.618000,1.618000,-0.412000,30.27
0.672612,0.516000,-0.240000,-0.825000,-1.374000,1.328000,-0.321000,30.22
0.673256,0.516000,-0.237000,-0.825000,-1.466000,1.573000,-0.260000,30.32
0.673753,0.517000,-0.236000,-0.813000,-2.061000,1.802000,-0.229000,30.32
0.674218,0.516000,-0.244000,-0.812000,-2.489000,1.939000,-0.550000,30.37
0.674669,0.520000,-0.240000,-0.818000,-2.550000,2.153000,-0.824000,30.37
0.675117,0.516000,-0.241000,-0.822000,-2.870000,1.908000,-1.176000,30.22
0.675559,0.521000,-0.248000,-0.820000,-3.191000,1.893000,-1.344000,30.22
0.676014,0.518000,-0.239000,-0.817000,-3.557000,1.939000,-1.496000,30.27
0.676462,0.509000,-0.236000,-0.820000,-3.374000,2.137000,-1.618000,30.27
0.676907,0.516000,-0.241000,-0.829000,-3.466000,1.878000,-2.076000,30.32
0.677353,0.517000,-0.238000,-0.819000,-3.481000,1.908000,-2.000000,30.32
0.677934,0.517000,-0.234000,-0.828000,-3.878000,2.229000,-2.183000,30.32
0.678548,0.519000,-0.240000,-0.816000,-4.214000,2.321000,-2.366000,30.37
0.679500,0.519000,-0.235000,-0.819000,-4.779000,2.687000,-2.550000,30.32
0.679979,0.516000,-0.238000,-0.816000,-4.916000,2.809000,-2.672000,30.32
0.680490,0.521000,-0.243000,-0.829000,-4.870000,2.321000,-2.763000,30.32
0.680985,0.518000,-0.231000,-0.815000,-4.672000,2.229000,-3.084000,30.27
0.681414,0.514000,-0.227000,-0.820000,-4.748000,2.275000,-2.748000,30.18
0.681860,0.515000,-0.227000,-0.829000,-4.351000,2.427000,-2.641000,30.32
0.682286,0.524000,-0.232000,-0.816000,-4.183000,1.985000,-2.504000,30.41
0.682708,0.517000,-0.230000,-0.822000,-4.412000,2.427000,-2.748000,30.32
0.683140,0.521000,-0.226000,-0.832000,-4.489000,2.763000,-2.489000,30.27
0.683565,0.521000,-0.228000,-0.832000,-4.107000,2.351000,-2.412000,30.37
0.684006,0.516000,-0.222000,-0.821000,-4.092000,2.382000,-2.198000,30.32
0.684466,0.518000,-0.227000,-0.835000,-4.183000,2.427000,-2.000000,30.32
0.684941,0.515000,-0.216000,-0.827000,-3.710000,2.229000,-1.756000,30.18
0.685398,0.520000,-0.221000,-0.824000,-3.725000,2.504000,-1.679000,30.27
0.685841,0.518000,-0.224000,-0.828000,-3.740000,2.794000,-1.695000,30.37
0.686291,0.517000,-0.224000,-0.838000,-3.374000,2.947000,-1.527000,30.41
0.686737,0.518000,-0.225000,-0.832000,-3.008000,2.824000,-1.527000,30.32
0.687354,0.513000,-0.221000,-0.821000,-3.008000,2.977000,-1.389000,30.37
0.687850,0.511000,-0.222000,-0.828000,-2.580000,2.748000,-1.466000,30.27
0.688311,0.514000,-0.223000,-0.827000,-2.458000,2.901000,-1.344000,30.32
0.688763,0.518000,-0.227000,-0.828000,-2.809000,3.206000,-1.389000,30.32
0.689197,0.520000,-0.221000,-0.820000,-3.069000,3.511000,-1.282000,30.32
0.689621,0.515000,-0.229000,-0.827000,-3.084000,3.267000,-1.405000,30.37
0.690063,0.510000,-0.230000,-0.823000,-3.328000,3.206000,-1.450000,30.27
0.690554,0.519000,-0.231000,-0.821000,-3.344000,3.252000,-1.511000,30.32
0.691077,0.526000,-0.226000,-0.828000,-3.145000,3.145000,-1.481000,30.22
0.691520,0.519000,-0.227000,-0.830000,-3.420000,2.901000,-1.725000,30.27
0.691962,0.519000,-0.227000,-0.825000,-3.511000,2.824000,-1.924000,30.27
0.692395,0.513000,-0.226000,-0.833000,-3.511000,2.519000,-1.878000,30.27
0.692829,0.522000,-0.224000,-0.831000,-3.634000,2.366000,-1.893000,30.32
0.693260,0.514000,-0.221000,-0.833000,-3.634000,2.656000,-1.634000,30.41
0.693694,0.519000,-0.219000,-0.836000,-3.420000,2.305000,-1.573000,30.37
0.694131,0.525000,-0.219000,-0.839000,-3.634000,2.153000,-1.328000,30.27
0.694559,0.521000,-0.213000,-0.826000,-3.206000,2.290000,-1.160000,30.32
0.695106,0.512000,-0.213000,-0.831000,-3.069000,2.214000,-1.038000,30.22
0.695582,0.522000,-0.221000,-0.827000,-2.885000,2.107000,-0.885000,30.22
0.696026,0.513000,-0.216000,-0.816000,-3.237000,2.336000,-1.038000,30.27
0.696454,0.510000,-0.227000,-0.826000,-3.221000,2.321000,-1.115000,30.37
0.696884,0.515000,-0.225000,-0.826000,-3.053000,2.244000,-1.481000,30.32
0.697301,0.513000,-0.221000,-0.828000,-3.664000,2.656000,-1.664000,30.32
0.697714,0.509000,-0.224000,-0.820000,-3.924000,2.962000,-1.557000,30.27
0.698124,0.509000,-0.223000,-0.829000,-3.817000,3.298000,-1.908000,30.27
0.698541,0.507000,-0.219000,-0.822000,-4.092000,3.450000,-1.985000,30.27
0.698956,0.520000,-0.220000,-0.835000,-4.122000,3.679000,-2.000000,30.22
0.699370,0.518000,-0.214000,-0.835000,-3.527000,3.420000,-1.847000,30.41
0.699788,0.512000,-0.219000,-0.837000,-3.282000,3.450000,-1.786000,30.27
0.700201,0.515000,-0.215000,-0.833000,-3.634000,2.931000,-2.122000,30.32
0.700727,0.518000,-0.217000,-0.837000,-3.588000,3.298000,-2.275000,30.41
0.701288,0.518000,-0.225000,-0.830000,-3.634000,3.069000,-2.321000,30.41
0.701723,0.516000,-0.216000,-0.823000,-4.275000,3.069000,-2.458000,30.32
0.702162,0.521000,-0.221000,-0.825000,-4.595000,3.237000,-2.443000,30.37
0.702594,0.519000,-0.223000,-0.830000,-4.473000,2.840000,-2.794000,30.32
0.703077,0.507000,-0.221000,-0.827000,-4.901000,3.038000,-3.206000,30.32
0.703548,0.521000,-0.218000,-0.823000,-4.794000,2.763000,-3.313000,30.32
0.704001,0.514000,-0.222000,-0.823000,-4.947000,2.519000,-3.420000,30.27
0.704447,0.520000,-0.216000,-0.828000,-5.679000,2.382000,-3.603000,30.18
0.704876,0.517000,-0.220000,-0.828000,-6.000000,2.550000,-3.664000,30.32
0.705298,0.520000,-0.219000,-0.815000,-6.443000,1.817000,-3.908000,30.32
0.705723,0.524000,-0.215000,-0.831000,-6.977000,1.634000,-3.756000,30.32
0.706154,0.528000,-0.208000,-0.827000,-7.099000,0.794000,-4.031000,30.37
0.706583,0.532000,-0.199000,-0.832000,-7.344000,-0.046000,-3.954000,30.37
0.707013,0.534000,-0.200000,-0.829000,-7.588000,-0.366000,-3.878000,30.32
0.707438,0.527000,-0.200000,-0.832000,-7.649000,-1.023000,-3.786000,30.32
0.707859,0.525000,-0.200000,-0.838000,-7.618000,-1.832000,-3.359000,30.37
0.708283,0.513000,-0.201000,-0.842000,-7.847000,-1.695000,-3.099000,30.27
0.708706,0.494000,-0.196000,-0.823000,-7.405000,-1.298000,-3.237000,30.32
0.709123,0.489000,-0.199000,-0.833000,-6.916000,-0.137000,-3.435000,30.41
0.709538,0.499000,-0.198000,-0.846000,-7.038000,0.397000,-3.847000,30.32
0.709967,0.510000,-0.200000,-0.837000,-6.885000,1.084000,-4.153000,30.27
0.710405,0.517000,-0.193000,-0.830000,-7.115000,1.588000,-4.031000,30.27
0.711046,0.520000,-0.194000,-0.834000,-6.916000,1.481000,-3.863000,30.32
0.711571,0.514000,-0.193000,-0.844000,-6.519000,1.481000,-3.573000,30.32
0.712250,0.518000,-0.179000,-0.838000,-6.092000,1.756000,-3.237000,30.37
0.712862,0.521000,-0.186000,-0.843000,-5.679000,1.710000,-3.160000,30.27
0.713337,0.522000,-0.186000,-0.846000,-5.603000,1.603000,-2.580000,30.32
0.713809,0.511000,-0.189000,-0.842000,-4.718000,1.573000,-2.336000,30.22
0.714270,0.500000,-0.195000,-0.835000,-4.229000,1.618000,-2.305000,30.32
0.714765,0.503000,-0.191000,-0.840000,-4.015000,1.924000,-2.534000,30.37
0.715253,0.506000,-0.188000,-0.838000,-4.351000,2.565000,-2.809000,30.27
0.715696,0.506000,-0.198000,-0.838000,-4.702000,3.145000,-3.008000,30.32
0.716124,0.512000,-0.194000,-0.838000,-4.870000,3.450000,-2.855000,30.32
0.716554,0.518000,-0.185000,-0.830000,-5.038000,3.237000,-2.962000,30.27
0.716987,0.521000,-0.185000,-0.840000,-4.962000,3.023000,-3.023000,30.27
0.717415,0.514000,-0.182000,-0.840000,-4.947000,2.672000,-2.931000,30.27
0.717854,0.515000,-0.181000,-0.835000,-4.595000,2.473000,-2.519000,30.22
0.718284,0.520000,-0.178000,-0.842000,-4.366000,2.351000,-2.382000,30.22
0.718704,0.514000,-0.184000,-0.844000,-3.924000,2.076000,-2.153000,30.27
0.719121,0.516000,-0.178000,-0.837000,-3.679000,1.878000,-1.863000,30.32
0.719538,0.510000,-0.178000,-0.836000,-3.206000,2.015000,-1.908000,30.32
0.720007,0.515000,-0.175000,-0.837000,-3.023000,1.985000,-1.893000,30.41
0.720558,0.512000,-0.182000,-0.842000,-2.824000,1.908000,-1.771000,30.37
0.721213,0.510000,-0.185000,-0.848000,-2.855000,2.519000,-1.573000,30.37
0.721669,0.514000,-0.179000,-0.834000,-2.534000,2.504000,-1.359000,30.32
0.722104,0.515000,-0.178000,-0.844000,-2.366000,2.672000,-1.435000,30.32
0.722541,0.515000,-0.179000,-0.849000,-2.611000,2.733000,-1.618000,30.22
0.722958,0.514000,-0.179000,-0.837000,-2.473000,2.824000,-1.435000,30.37
0.723376,0.519000,-0.177000,-0.842000,-2.092000,2.565000,-1.038000,30.27
0.723787,0.515000,-0.173000,-0.840000,-1.740000,2.351000,-0.901000,30.22
0.724201,0.513000,-0.180000,-0.843000,-1.252000,2.519000,-0.550000,30.32
0.724615,0.513000,-0.173000,-0.841000,-0.916000,2.718000,-0.443000,30.27
0.725042,0.515000,-0.177000,-0.843000,-0.702000,2.733000,-0.336000,30.27
0.725452,0.505000,-0.181000,-0.833000,-0.290000,2.718000,-0.214000,30.27
0.725864,0.511000,-0.181000,-0.833000,-0.366000,2.947000,-0.122000,30.22
0.726281,0.506000,-0.185000,-0.839000,-0.305000,3.038000,-0.137000,30.32
0.726707,0.510000,-0.189000,-0.840000,-0.565000,3.115000,-0.275000,30.27
0.727125,0.519000,-0.191000,-0.841000,-0.977000,3.191000,-0.305000,30.27
0.727570,0.510000,-0.193000,-0.830000,-1.191000,3.405000,-0.580000,30.32
0.728109,0.512000,-0.190000,-0.843000,-1.725000,3.023000,-0.687000,30.22
0.728571,0.513000,-0.191000,-0.847000,-1.664000,2.641000,-0.748000,30.32
0.729010,0.517000,-0.190000,-0.845000,-1.786000,2.641000,-0.779000,30.27
0.729445,0.510000,-0.183000,-0.846000,-2.183000,2.489000,-0.977000,30.27
0.729884,0.517000,-0.192000,-0.844000,-2.290000,2.260000,-0.809000,30.32
0.730321,0.510000,-0.191000,-0.846000,-2.412000,2.168000,-0.977000,30.41
0.730849,0.509000,-0.180000,-0.841000,-2.412000,2.366000,-0.870000,30.37
0.731461,0.508000,-0.183000,-0.837000,-2.458000,2.611000,-0.840000,30.37
0.731917,0.510000,-0.197000,-0.835000,-2.672000,2.763000,-1.313000,30.32
0.732355,0.510000,-0.183000,-0.833000,-3.084000,2.992000,-1.282000,30.41
0.732779,0.511000,-0.190000,-0.849000,-2.947000,2.809000,-1.710000,30.32
0.733217,0.507000,-0.187000,-0.841000,-2.885000,2.855000,-1.832000,30.37
0.733651,0.517000,-0.188000,-0.848000,-3.069000,2.641000,-2.092000,30.27
0.734077,0.512000,-0.184000,-0.842000,-2.702000,2.565000,-2.092000,30.32
0.734499,0.511000,-0.175000,-0.842000,-2.473000,2.611000,-2.137000,30.22
0.734990,0.513000,-0.174000,-0.841000,-2.763000,2.702000,-2.061000,30.37
0.735443,0.510000,-0.185000,-0.841000,-3.038000,3.053000,-1.847000,30.18
0.735870,0.518000,-0.186000,-0.842000,-3.191000,3.069000,-1.985000,30.32
0.736300,0.517000,-0.182000,-0.851000,-3.008000,3.008000,-1.786000,30.32
0.736734,0.510000,-0.180000,-0.847000,-2.824000,2.992000,-1.847000,30.32
0.737172,0.509000,-0.177000,-0.838000,-2.443000,2.763000,-1.878000,30.27
0.737608,0.514000,-0.179000,-0.847000,-2.229000,2.473000,-1.557000,30.32
0.738088,0.516000,-0.182000,-0.844000,-2.015000,2.198000,-1.496000,30.22
0.738524,0.512000,-0.186000,-0.840000,-2.168000,2.489000,-1.405000,30.22
0.738956,0.509000,-0.176000,-0.847000,-3.985000,4.748000,-1.267000,30.27
0.739365,0.516000,-0.180000,-0.847000,-1.878000,2.412000,-1.435000,30.27
0.739789,0.511000,-0.181000,-0.839000,-1.832000,2.931000,-1.481000,30.22
0.740201,0.507000,-0.174000,-0.837000,-2.351000,2.870000,-1.130000,30.32
0.740611,0.516000,-0.173000,-0.832000,-2.229000,2.870000,-1.237000,30.22
0.741114,0.517000,-0.173000,-0.838000,-2.534000,3.115000,-1.099000,30.27
0.741654,0.513000,-0.181000,-0.843000,-2.153000,2.519000,-0.870000,30.27
0.742080,0.517000,-0.179000,-0.844000,-2.076000,2.321000,-0.809000,30.32
0.742510,0.508000,-0.179000,-0.842000,-2.031000,2.336000,-0.427000,30.32
0.742942,0.515000,-0.173000,-0.845000,-1.954000,2.366000,-0.550000,30.27
0.743372,0.520000,-0.182000,-0.835000,-1.893000,2.595000,-0.321000,30.27
0.743800,0.518000,-0.179000,-0.842000,-1.649000,2.443000,-0.153000,30.37
0.744273,0.514000,-0.180000,-0.841000,-1.511000,2.641000,-0.076000,30.32
0.744806,0.511000,-0.176000,-0.837000,-1.160000,2.443000,-0.046000,30.32
0.745326,0.511000,-0.174000,-0.839000,-1.115000,2.733000,0.183000,30.37
0.745928,0.506000,-0.180000,-0.845000,-1.038000,2.977000,0.214000,30.37
0.746531,0.509000,-0.177000,-0.850000,-0.580000,2.641000,0.443000,30.32
0.747022,0.506000,-0.175000,-0.848000,-0.076000,2.656000,0.626000,30.22
0.747472,0.505000,-0.180000,-0.832000,0.076000,2.824000,0.504000,30.37
0.747906,0.508000,-0.182000,-0.838000,0.366000,3.008000,0.412000,30.37
0.748334,0.510000,-0.182000,-0.840000,0.137000,3.099000,0.321000,30.27
0.748752,0.514000,-0.182000,-0.842000,0.031000,3.481000,0.275000,30.32
0.749179,0.504000,-0.188000,-0.844000,0.076000,3.420000,0.153000,30.32
0.749599,0.509000,-0.191000,-0.846000,-0.275000,3.756000,0.000000,30.37
0.750076,0.507000,-0.191000,-0.838000,-0.183000,3.847000,-0.229000,30.27
0.750538,0.505000,-0.187000,-0.844000,-0.458000,3.847000,-0.412000,30.22
0.751008,0.507000,-0.190000,-0.838000,-0.855000,4.015000,-0.534000,30.32
0.751491,0.510000,-0.192000,-0.834000,-0.962000,4.046000,-0.977000,30.37
0.751927,0.509000,-0.197000,-0.835000,-1.511000,4.443000,-1.496000,30.37
0.752384,0.503000,-0.193000,-0.842000,-1.466000,4.565000,-1.832000,30.37
0.752833,0.504000,-0.192000,-0.829000,-1.924000,4.473000,-2.000000,30.32
0.753330,0.512000,-0.191000,-0.835000,-2.748000,4.794000,-2.519000,30.22
0.753821,0.508000,-0.196000,-0.833000,-3.160000,4.870000,-2.824000,30.27
0.754262,0.508000,-0.196000,-0.842000,-4.000000,5.511000,-2.580000,30.32
0.754787,0.516000,-0.180000,-0.846000,-4.366000,5.130000,-2.840000,30.22
0.755319,0.510000,-0.180000,-0.835000,-3.466000,4.718000,-2.580000,30.22
0.755769,0.510000,-0.179000,-0.847000,-3.191000,4.763000,-2.504000,30.32
0.756220,0.508000,-0.170000,-0.844000,-3.053000,4.931000,-2.519000,30.37
0.756653,0.520000,-0.172000,-0.835000,-2.855000,4.901000,-2.321000,30.32
0.757088,0.519000,-0.176000,-0.839000,-2.840000,4.992000,-2.122000,30.32
0.757515,0.513000,-0.176000,-0.826000,-2.702000,5.221000,-1.954000,30.32
0.757938,0.517000,-0.181000,-0.840000,-0.443000,1.817000,-2.000000,30.37
0.758366,0.517000,-0.180000,-0.827000,-1.969000,4.611000,-1.679000,30.27
0.758812,0.523000,-0.179000,-0.838000,-1.466000,4.672000,-1.832000,30.32
0.759258,0.523000,-0.181000,-0.841000,-0.641000,4.153000,-1.832000,30.32
0.759759,0.523000,-0.178000,-0.844000,-0.611000,3.740000,-1.481000,30.32
0.760227,0.522000,-0.181000,-0.842000,-0.626000,3.542000,-1.344000,30.27
0.760653,0.518000,-0.177000,-0.843000,-1.206000,4.168000,-1.359000,30.27
0.761118,0.518000,-0.181000,-0.830000,-1.191000,3.771000,-1.191000,30.32
0.761677,0.524000,-0.181000,-0.841000,-1.573000,4.015000,-0.962000,30.32
0.762126,0.519000,-0.181000,-0.838000,-1.344000,3.710000,-0.992000,30.37
0.762637,0.518000,-0.175000,-0.840000,-1.252000,3.588000,-0.763000,30.27
0.763071,0.520000,-0.178000,-0.838000,-1.374000,3.527000,-0.626000,30.22
0.763492,0.526000,-0.180000,-0.838000,-1.038000,3.160000,-0.458000,30.32
0.763907,0.525000,-0.182000,-0.843000,-1.115000,3.282000,-0.550000,30.37
0.764358,0.516000,-0.180000,-0.836000,-1.115000,3.298000,-0.443000,30.37
0.764786,0.514000,-0.177000,-0.837000,-1.053000,2.962000,-0.168000,30.27
0.765205,0.521000,-0.174000,-0.838000,-0.962000,3.008000,0.260000,30.32
0.765620,0.520000,-0.170000,-0.834000,-0.351000,2.336000,0.611000,30.32
0.766040,0.518000,-0.174000,-0.840000,-0.351000,2.366000,0.794000,30.37
0.766453,0.529000,-0.175000,-0.847000,1.084000,1.328000,1.176000,30.37
0.766871,0.513000,-0.174000,-0.842000,1.099000,2.122000,1.557000,30.22
0.767283,0.507000,-0.179000,-0.843000,0.779000,2.458000,1.573000,30.22
0.767690,0.518000,-0.183000,-0.845000,1.969000,1.802000,2.046000,30.37
0.768106,0.514000,-0.175000,-0.850000,2.611000,1.878000,2.260000,30.27
0.768522,0.524000,-0.176000,-0.848000,2.855000,2.092000,2.565000,30.32
0.768935,0.511000,-0.188000,-0.840000,3.053000,2.107000,2.779000,30.32
0.769347,0.513000,-0.187000,-0.836000,2.672000,2.763000,2.824000,30.41
0.769767,0.514000,-0.191000,-0.836000,2.962000,3.115000,2.794000,30.37
0.770183,0.509000,-0.196000,-0.831000,3.176000,3.252000,2.702000,30.32
0.770616,0.508000,-0.195000,-0.836000,3.053000,3.176000,2.504000,30.32
0.771106,0.516000,-0.188000,-0.836000,2.901000,3.267000,2.336000,30.32
0.771550,0.524000,-0.192000,-0.833000,2.840000,2.992000,2.473000,30.37
0.771964,0.521000,-0.198000,-0.833000,2.427000,2.916000,2.214000,30.27
0.772383,0.519000,-0.199000,-0.839000,1.725000,2.824000,1.771000,30.32
0.772799,0.520000,-0.202000,-0.829000,1.542000,2.458000,1.573000,30.22
0.773215,0.514000,-0.211000,-0.834000,0.962000,2.718000,1.252000,30.32
0.773623,0.506000,-0.208000,-0.824000,0.382000,2.824000,1.053000,30.37
0.774038,0.511000,-0.205000,-0.840000,0.580000,2.351000,0.824000,30.27
0.774458,0.509000,-0.206000,-0.835000,-0.015000,2.718000,0.443000,30.22
0.774883,0.512000,-0.203000,-0.851000,-0.076000,3.008000,0.305000,30.22
0.775302,0.517000,-0.198000,-0.838000,-0.153000,3.038000,0.168000,30.32
0.775719,0.514000,-0.199000,-0.837000,-0.443000,3.389000,0.412000,30.27
0.776143,0.505000,-0.198000,-0.819000,-1.511000,4.977000,0.366000,30.37
0.776557,0.510000,-0.198000,-0.834000,-0.519000,2.794000,0.137000,30.22
0.776968,0.513000,-0.201000,-0.839000,-0.565000,3.069000,0.153000,30.32
0.777399,0.513000,-0.203000,-0.830000,-0.595000,2.718000,-0.092000,30.32
0.777834,0.519000,-0.205000,-0.838000,-0.779000,2.779000,-0.107000,30.37
0.778257,0.511000,-0.202000,-0.828000,-0.824000,2.870000,-0.366000,30.27
0.778684,0.516000,-0.206000,-0.841000,-1.481000,3.267000,-0.565000,30.32
0.779172,0.510000,-0.206000,-0.841000,-2.290000,3.511000,-0.947000,30.32
0.779744,0.517000,-0.206000,-0.831000,-1.985000,3.145000,-1.450000,30.27
0.780359,0.516000,-0.197000,-0.837000,-2.519000,3.237000,-1.344000,30.27
0.780804,0.518000,-0.194000,-0.832000,-2.779000,2.855000,-1.008000,30.27
0.781246,0.525000,-0.191000,-0.839000,-2.183000,3.099000,-0.626000,30.22
0.781716,0.508000,-0.181000,-0.843000,-1.511000,2.763000,-0.412000,30.32
0.782185,0.507000,-0.188000,-0.829000,-0.153000,3.023000,-0.031000,30.27
0.782615,0.498000,-0.186000,-0.833000,0.748000,3.481000,0.275000,30.37
0.783038,0.503000,-0.185000,-0.839000,1.206000,4.198000,0.198000,30.27
0.783471,0.513000,-0.190000,-0.840000,1.328000,4.153000,0.809000,30.32
0.783898,0.517000,-0.192000,-0.836000,1.344000,4.397000,0.977000,30.32
0.784351,0.518000,-0.197000,-0.832000,1.893000,3.985000,1.115000,30.37
0.784872,0.514000,-0.205000,-0.835000,2.260000,3.954000,1.420000,30.37
0.785379,0.512000,-0.208000,-0.828000,1.802000,4.107000,0.763000,30.22
0.785823,0.501000,-0.219000,-0.832000,1.115000,4.229000,0.641000,30.22
0.786251,0.508000,-0.223000,-0.820000,0.382000,4.351000,-0.092000,30.22
0.786722,0.511000,-0.219000,-0.827000,-0.366000,4.290000,-0.580000,30.27
0.787194,0.517000,-0.222000,-0.828000,-1.160000,4.305000,-1.053000,30.37
0.787637,0.516000,-0.219000,-0.831000,-1.817000,4.031000,-1.618000,30.32
0.788065,0.516000,-0.213000,-0.822000,-2.870000,3.908000,-1.954000,30.22
0.788511,0.517000,-0.213000,-0.831000,-3.359000,3.481000,-2.076000,30.27
0.788944,0.516000,-0.207000,-0.832000,-3.710000,3.832000,-2.550000,30.37
0.789395,0.510000,-0.215000,-0.830000,-4.031000,3.832000,-2.672000,30.27
0.789842,0.512000,-0.205000,-0.833000,-4.321000,3.725000,-3.084000,30.22
0.790288,0.510000,-0.202000,-0.828000,-4.290000,3.588000,-3.359000,30.22
0.790724,0.511000,-0.205000,-0.835000,-4.550000,3.786000,-3.496000,30.27
0.791156,0.523000,-0.201000,-0.832000,-4.198000,3.679000,-3.603000,30.27
0.791578,0.525000,-0.198000,-0.832000,-3.847000,3.466000,-3.573000,30.22
0.792004,0.517000,-0.191000,-0.836000,-3.802000,3.344000,-3.450000,30.32
0.792445,0.513000,-0.200000,-0.828000,-3.740000,3.267000,-3.374000,30.22
0.792874,0.524000,-0.198000,-0.833000,-3.756000,3.282000,-3.573000,30.37
0.793307,0.512000,-0.197000,-0.838000,-3.588000,3.511000,-3.679000,30.27
0.793743,0.516000,-0.197000,-0.833000,-3.878000,3.771000,-3.603000,30.32
0.794166,0.518000,-0.197000,-0.841000,-3.954000,3.908000,-3.664000,30.22
0.794589,0.514000,-0.202000,-0.834000,-3.664000,3.985000,-3.679000,30.27
0.795181,0.516000,-0.190000,-0.835000,-3.802000,4.275000,-3.634000,30.27
0.795638,0.518000,-0.182000,-0.835000,-3.588000,4.015000,-3.557000,30.27
0.796065,0.524000,-0.197000,-0.830000,-3.710000,4.351000,-3.206000,30.22
0.796502,0.525000,-0.193000,-0.839000,-3.053000,3.725000,-3.069000,30.22
0.796936,0.526000,-0.190000,-0.842000,-3.252000,3.802000,-2.763000,30.27
0.797385,0.522000,-0.190000,-0.827000,-3.328000,3.817000,-2.656000,30.37
0.797828,0.520000,-0.193000,-0.832000,-3.008000,3.924000,-2.672000,30.32
0.798254,0.523000,-0.185000,-0.831000,-3.069000,3.969000,-2.412000,30.32
0.798673,0.516000,-0.194000,-0.837000,-2.870000,4.046000,-2.275000,30.22
0.799103,0.520000,-0.191000,-0.831000,-2.855000,3.847000,-2.321000,30.27
0.799532,0.527000,-0.190000,-0.831000,-2.626000,3.740000,-2.092000,30.32
0.799965,0.519000,-0.190000,-0.836000,-2.534000,3.466000,-2.015000,30.22
0.800400,0.523000,-0.192000,-0.837000,-2.397000,3.603000,-1.771000,30.32
0.800826,0.525000,-0.192000,-0.835000,-2.779000,3.298000,-1.771000,30.22
0.801252,0.524000,-0.195000,-0.836000,-2.779000,2.794000,-1.756000,30.27
0.801675,0.529000,-0.189000,-0.832000,-2.458000,2.366000,-1.511000,30.32
0.802097,0.517000,-0.201000,-0.828000,-3.573000,3.191000,-1.511000,30.22
0.802524,0.523000,-0.197000,-0.828000,-3.985000,3.344000,-1.695000,30.22
0.802968,0.521000,-0.192000,-0.827000,-2.962000,1.588000,-1.725000,30.27
0.803453,0.523000,-0.193000,-0.831000,-3.176000,1.573000,-1.679000,30.27
0.803899,0.526000,-0.195000,-0.830000,-3.771000,1.817000,-1.969000,30.32
0.804331,0.526000,-0.198000,-0.838000,-4.336000,1.542000,-2.137000,30.32
0.804764,0.528000,-0.194000,-0.834000,-4.656000,1.679000,-2.061000,30.32
0.805189,0.523000,-0.194000,-0.824000,-4.824000,1.542000,-2.260000,30.37
0.805603,0.513000,-0.189000,-0.828000,-4.336000,1.206000,-2.290000,30.27
0.806037,0.519000,-0.188000,-0.837000,-4.412000,1.573000,-2.214000,30.32
0.806462,0.512000,-0.182000,-0.832000,-4.214000,1.817000,-2.183000,30.32
0.806889,0.513000,-0.182000,-0.830000,-3.985000,1.786000,-2.336000,30.32
0.807304,0.515000,-0.182000,-0.837000,-3.863000,1.985000,-2.183000,30.37
0.807736,0.513000,-0.180000,-0.826000,-3.405000,2.244000,-2.183000,30.37
0.808160,0.513000,-0.176000,-0.840000,-3.206000,2.718000,-2.122000,30.32
0.808585,0.515000,-0.181000,-0.835000,-3.206000,3.344000,-2.137000,30.32
0.808999,0.519000,-0.180000,-0.837000,-3.130000,3.298000,-2.153000,30.32
0.809424,0.519000,-0.180000,-0.837000,-3.038000,3.191000,-1.725000,30.37
0.809851,0.526000,-0.184000,-0.846000,-2.962000,2.870000,-1.527000,30.27
0.810283,0.523000,-0.186000,-0.837000,-2.534000,2.595000,-1.481000,30.32
0.810711,0.525000,-0.186000,-0.839000,-3.130000,2.595000,-1.267000,30.22
0.811133,0.530000,-0.183000,-0.826000,-2.305000,1.573000,-0.840000,30.27
0.811563,0.522000,-0.177000,-0.835000,-2.916000,1.466000,-0.931000,30.37
0.812000,0.518000,-0.170000,-0.830000,-1.573000,0.916000,-0.702000,30.27
0.812431,0.517000,-0.175000,-0.837000,-1.756000,1.649000,-0.397000,30.22
0.812870,0.522000,-0.175000,-0.837000,-1.679000,1.786000,-0.168000,30.22
0.813431,0.520000,-0.178000,-0.836000,-1.282000,1.771000,-0.015000,30.27
0.814064,0.518000,-0.184000,-0.835000,-1.267000,1.939000,0.153000,30.27
0.814501,0.522000,-0.180000,-0.842000,-0.992000,2.061000,0.336000,30.32
0.814989,0.516000,-0.177000,-0.837000,-0.718000,1.771000,0.687000,30.32
0.815452,0.515000,-0.175000,-0.839000,-0.504000,1.908000,0.718000,30.22
0.815875,0.519000,-0.181000,-0.830000,-0.366000,1.771000,0.794000,30.27
0.816304,0.523000,-0.175000,-0.840000,-0.321000,1.954000,1.389000,30.27
0.816726,0.527000,-0.185000,-0.845000,-0.305000,2.244000,1.527000,30.32
0.817145,0.523000,-0.183000,-0.839000,0.000000,2.214000,1.847000,30.32
0.817569,0.514000,-0.185000,-0.840000,0.275000,2.000000,1.817000,30.32
0.817985,0.512000,-0.188000,-0.840000,0.046000,2.137000,1.847000,30.37
0.818412,0.511000,-0.187000,-0.836000,-0.229000,2.748000,1.756000,30.27
0.818840,0.517000,-0.186000,-0.844000,4.000000,-7.328000,1.557000,30.32
0.819278,0.512000,-0.197000,-0.836000,2.672000,-2.595000,1.023000,30.22
0.819706,0.514000,-0.197000,-0.850000,-0.779000,1.603000,0.580000,30.27
0.820137,0.518000,-0.203000,-0.844000,0.092000,1.740000,0.198000,30.27
0.820592,0.518000,-0.203000,-0.833000,-0.687000,4.855000,-0.336000,30.32
0.821032,0.523000,-0.198000,-0.837000,0.137000,5.038000,-0.565000,30.22
0.821454,0.503000,-0.192000,-0.807000,-1.466000,4.122000,-0.519000,30.22
0.821886,0.529000,-0.189000,-0.844000,0.519000,1.786000,-0.611000,30.37
0.822314,0.512000,-0.191000,-0.832000,-1.481000,2.977000,-0.489000,30.27
0.822746,0.527000,-0.193000,-0.844000,-3.435000,3.969000,-0.397000,30.32
0.823289,0.511000,-0.188000,-0.827000,-2.321000,3.359000,-0.641000,30.32
0.823891,0.516000,-0.191000,-0.839000,-3.115000,2.916000,-0.427000,30.27
0.824339,0.514000,-0.194000,-0.839000,0.580000,-0.137000,-0.458000,30.27
0.824861,0.517000,-0.198000,-0.846000,-0.824000,1.786000,-0.580000,30.27
0.825355,0.508000,-0.194000,-0.838000,-1.374000,2.107000,-0.534000,30.32
0.825812,0.504000,-0.184000,-0.832000,-1.985000,2.382000,-0.916000,30.32
0.826257,0.515000,-0.189000,-0.824000,-1.740000,2.565000,-1.130000,30.27
0.826697,0.508000,-0.187000,-0.834000,-3.664000,4.046000,-1.115000,30.32
0.827135,0.512000,-0.195000,-0.834000,-3.298000,3.771000,-1.405000,30.32
0.827572,0.508000,-0.191000,-0.834000,-2.122000,2.885000,-1.740000,30.22
0.828050,0.518000,-0.192000,-0.845000,-1.985000,2.901000,-1.985000,30.32
0.828594,0.506000,-0.188000,-0.838000,-1.634000,2.794000,-1.863000,30.27
0.829183,0.502000,-0.193000,-0.839000,-4.412000,6.244000,-1.847000,30.22
0.829724,0.510000,-0.185000,-0.837000,-2.061000,4.641000,-2.260000,30.22
0.830197,0.516000,-0.188000,-0.837000,-2.580000,5.603000,-2.275000,30.13
0.830640,0.513000,-0.187000,-0.835000,-1.908000,6.351000,-2.382000,30.37
0.831100,0.518000,-0.180000,-0.852000,-1.344000,3.969000,-2.046000,30.37
0.831541,0.515000,-0.189000,-0.831000,-1.023000,5.099000,-2.015000,30.22
0.831990,0.509000,-0.184000,-0.833000,-2.092000,5.893000,-2.061000,30.32
0.832430,0.516000,-0.190000,-0.846000,-1.313000,4.611000,-2.031000,30.22
0.832860,0.512000,-0.194000,-0.827000,-0.305000,4.748000,-2.107000,30.27
0.833289,0.514000,-0.188000,-0.834000,-2.687000,6.336000,-1.634000,30.27
0.833718,0.524000,-0.178000,-0.837000,0.214000,2.458000,-1.832000,30.22
0.834149,0.536000,-0.188000,-0.834000,-1.603000,3.450000,-1.435000,30.32
0.834589,0.524000,-0.191000,-0.835000,0.153000,4.321000,-1.389000,30.22
0.835074,0.521000,-0.183000,-0.842000,-1.664000,5.374000,-1.237000,30.27
0.835523,0.523000,-0.179000,-0.842000,-1.725000,5.542000,-1.008000,30.27
0.835958,0.523000,-0.179000,-0.835000,-0.061000,3.344000,-0.824000,30.32
0.836434,0.511000,-0.190000,-0.838000,-2.153000,7.069000,-1.084000,30.32
0.836923,0.521000,-0.181000,-0.837000,0.137000,5.023000,-0.947000,30.27
0.837396,0.518000,-0.183000,-0.830000,-0.718000,6.107000,-1.008000,30.27
0.837835,0.525000,-0.181000,-0.839000,-1.145000,6.748000,-0.855000,30.27
0.838259,0.522000,-0.186000,-0.831000,-2.336000,6.504000,-0.702000,30.32
0.838683,0.524000,-0.190000,-0.823000,-2.641000,6.366000,-0.656000,30.32
0.839188,0.533000,-0.190000,-0.834000,-2.519000,5.939000,0.153000,30.37
0.839938,0.529000,-0.183000,-0.824000,-2.000000,5.130000,0.321000,30.37
0.840378,0.530000,-0.189000,-0.831000,0.214000,3.740000,0.473000,30.22
0.840782,0.526000,-0.184000,-0.818000,0.718000,3.435000,0.809000,30.32
0.841197,0.529000,-0.188000,-0.822000,-0.702000,4.107000,1.008000,30.22
0.841612,0.521000,-0.185000,-0.832000,-0.168000,2.809000,1.405000,30.27
0.842022,0.529000,-0.184000,-0.840000,0.702000,1.939000,1.695000,30.27
0.842421,0.524000,-0.191000,-0.827000,0.595000,2.260000,1.939000,30.22
0.842829,0.520000,-0.195000,-0.822000,0.992000,1.740000,1.695000,30.32
0.843244,0.525000,-0.193000,-0.830000,1.496000,1.130000,1.649000,30.18
0.843661,0.509000,-0.199000,-0.823000,-2.092000,4.336000,1.878000,30.27
0.844073,0.500000,-0.198000,-0.807000,-2.901000,5.817000,1.649000,30.22
0.844491,0.522000,-0.196000,-0.830000,8.183000,-4.290000,0.550000,30.32
0.844969,0.523000,-0.202000,-0.837000,-0.397000,1.863000,0.565000,30.32
0.845424,0.520000,-0.205000,-0.840000,-1.481000,2.779000,0.626000,30.18
0.845852,0.517000,-0.206000,-0.835000,-0.870000,1.359000,0.198000,30.37
0.846271,0.521000,-0.196000,-0.830000,-2.748000,0.244000,0.183000,30.32
0.846699,0.520000,-0.195000,-0.836000,0.733000,-2.092000,-0.305000,30.22
0.847125,0.512000,-0.199000,-0.826000,-1.832000,2.550000,-0.397000,30.27
0.847557,0.509000,-0.196000,-0.825000,-2.275000,2.947000,-0.519000,30.27
0.847983,0.510000,-0.197000,-0.827000,-2.855000,2.015000,-0.641000,30.37
0.848408,0.520000,-0.198000,-0.830000,-3.069000,1.191000,-0.687000,30.32
0.848828,0.515000,-0.202000,-0.826000,-3.466000,1.847000,-1.053000,30.32
0.849251,0.514000,-0.193000,-0.836000,-3.557000,1.496000,-0.763000,30.37
0.849789,0.519000,-0.194000,-0.833000,-3.206000,2.137000,-1.359000,30.27
0.850349,0.516000,-0.198000,-0.827000,-3.206000,2.137000,-1.466000,30.32
0.850790,0.520000,-0.197000,-0.829000,-2.626000,2.595000,-1.420000,30.32
0.851236,0.518000,-0.194000,-0.843000,-2.137000,3.099000,-1.389000,30.22
0.851671,0.520000,-0.186000,-0.837000,-1.710000,2.824000,-1.267000,30.37
0.852112,0.519000,-0.187000,-0.836000,-1.435000,2.947000,-0.962000,30.22
0.852538,0.493000,-0.188000,-0.843000,0.229000,4.550000,-1.176000,30.32
0.852959,0.514000,-0.189000,-0.825000,-0.550000,4.321000,-1.160000,30.22
0.853438,0.512000,-0.187000,-0.831000,-2.015000,4.305000,-0.870000,30.27
0.853905,0.520000,-0.192000,-0.833000,-0.977000,2.794000,-0.687000,30.27
0.854345,0.517000,-0.194000,-0.835000,-0.794000,3.496000,-0.733000,30.32
0.854776,0.521000,-0.197000,-0.845000,-1.344000,3.893000,-0.992000,30.22
0.855195,0.522000,-0.196000,-0.835000,-1.405000,3.756000,-0.763000,30.22
0.855613,0.524000,-0.195000,-0.832000,-1.939000,3.893000,-0.824000,30.27
0.856034,0.522000,-0.199000,-0.834000,-1.221000,3.084000,-1.053000,30.27
0.856445,0.518000,-0.193000,-0.827000,-0.977000,3.374000,-1.069000,30.22
0.856867,0.512000,-0.194000,-0.826000,-1.710000,4.076000,-0.962000,30.32
0.857290,0.524000,-0.197000,-0.841000,-1.710000,3.084000,-0.672000,30.22
0.857713,0.515000,-0.194000,-0.834000,-1.313000,2.931000,-0.504000,30.27
0.858132,0.513000,-0.197000,-0.819000,-0.901000,3.176000,-0.809000,30.18
0.858552,0.520000,-0.196000,-0.836000,-1.344000,3.328000,-0.489000,30.32
0.858974,0.521000,-0.203000,-0.843000,-2.595000,3.847000,-0.473000,30.32
0.859393,0.517000,-0.197000,-0.830000,-1.374000,2.870000,-0.641000,30.27
0.859938,0.514000,-0.204000,-0.827000,-1.740000,3.206000,-0.473000,30.18
0.860541,0.520000,-0.199000,-0.832000,-1.008000,2.183000,-0.687000,30.27
0.860992,0.519000,-0.203000,-0.829000,-1.740000,2.748000,-0.626000,30.22
0.861438,0.525000,-0.198000,-0.837000,-2.000000,2.656000,-0.656000,30.32
0.861965,0.526000,-0.205000,-0.830000,-3.130000,3.466000,-0.458000,30.27
0.862494,0.514000,-0.193000,-0.829000,-3.130000,3.664000,-0.626000,30.27
0.862934,0.518000,-0.199000,-0.834000,-2.733000,3.252000,-0.748000,30.22
0.863359,0.513000,-0.195000,-0.829000,-2.885000,3.511000,-0.656000,30.22
0.863774,0.518000,-0.196000,-0.835000,-2.733000,3.527000,-0.794000,30.22
0.864199,0.515000,-0.194000,-0.830000,-2.489000,3.756000,-0.855000,30.18
0.864624,0.517000,-0.192000,-0.832000,-2.244000,3.802000,-0.885000,30.27
0.865084,0.521000,-0.202000,-0.834000,-1.847000,3.740000,-0.855000,30.22
0.865500,0.520000,-0.196000,-0.836000,-1.252000,3.221000,-1.115000,30.22
0.865916,0.519000,-0.191000,-0.835000,-1.145000,3.344000,-0.977000,30.27
0.866344,0.527000,-0.193000,-0.831000,-1.359000,3.053000,-0.885000,30.27
0.866771,0.520000,-0.192000,-0.838000,-1.359000,3.115000,-0.824000,30.22
0.867193,0.515000,-0.196000,-0.836000,-1.191000,3.191000,-0.779000,30.22
0.867614,0.522000,-0.198000,-0.836000,-1.527000,3.130000,-0.763000,30.32
0.868036,0.518000,-0.194000,-0.838000,-1.374000,3.359000,-0.748000,30.37
0.868453,0.518000,-0.194000,-0.839000,-1.191000,3.405000,-0.565000,30.18
0.868876,0.519000,-0.194000,-0.833000,-1.282000,3.740000,-0.687000,30.22
0.869287,0.520000,-0.196000,-0.842000,-1.405000,3.802000,-0.611000,30.32
0.869857,0.525000,-0.197000,-0.828000,-1.420000,3.725000,-0.763000,30.27
0.870301,0.524000,-0.194000,-0.828000,-1.252000,3.954000,-0.672000,30.27
0.870742,0.522000,-0.196000,-0.828000,-1.221000,3.679000,-0.580000,30.27
0.871179,0.526000,-0.198000,-0.832000,-1.084000,3.618000,-0.809000,30.22
0.871658,0.527000,-0.194000,-0.826000,-1.374000,3.389000,-0.672000,30.32
0.872090,0.523000,-0.190000,-0.830000,-1.466000,3.160000,-0.550000,30.27
0.872652,0.518000,-0.198000,-0.835000,-0.870000,2.962000,-0.489000,30.27
0.873188,0.517000,-0.199000,-0.821000,-0.718000,2.809000,-0.641000,30.32
0.873629,0.525000,-0.198000,-0.832000,-0.885000,2.748000,-0.748000,30.32
0.874057,0.520000,-0.194000,-0.824000,-0.809000,3.099000,-0.794000,30.22
0.874486,0.517000,-0.199000,-0.832000,-0.702000,3.023000,-0.641000,30.27
0.874983,0.521000,-0.197000,-0.831000,-0.840000,3.527000,-0.427000,30.22
0.875461,0.522000,-0.198000,-0.832000,-0.947000,3.664000,-0.519000,30.32
0.875909,0.524000,-0.197000,-0.826000,-1.023000,3.756000,-0.672000,30.32
0.876341,0.520000,-0.202000,-0.829000,-1.145000,3.695000,-0.672000,30.27
0.876767,0.521000,-0.196000,-0.832000,-1.450000,3.878000,-0.458000,30.37
0.877197,0.517000,-0.198000,-0.824000,-1.344000,3.511000,-0.443000,30.32
0.877623,0.520000,-0.196000,-0.830000,-1.008000,3.282000,-0.290000,30.22
0.878122,0.524000,-0.198000,-0.834000,-1.115000,3.389000,-0.519000,30.32
0.878595,0.519000,-0.199000,-0.833000,-0.947000,3.374000,-0.397000,30.37
0.879222,0.515000,-0.194000,-0.826000,-0.885000,3.405000,-0.565000,30.27
0.879868,0.520000,-0.198000,-0.828000,-0.931000,3.649000,-0.473000,30.22
0.880335,0.516000,-0.202000,-0.832000,-0.763000,3.542000,-0.550000,30.22
0.880769,0.527000,-0.203000,-0.824000,-0.962000,3.328000,-0.809000,30.37
0.881207,0.528000,-0.190000,-0.829000,-1.084000,3.573000,-0.855000,30.27
0.881634,0.516000,-0.195000,-0.824000,-0.977000,3.466000,-0.580000,30.27
0.882062,0.518000,-0.198000,-0.831000,-1.084000,3.496000,-0.489000,30.22
0.882488,0.522000,-0.202000,-0.835000,-1.298000,3.740000,-0.626000,30.22
0.882912,0.517000,-0.199000,-0.822000,-1.145000,3.679000,-0.794000,30.27
0.883340,0.529000,-0.196000,-0.834000,-1.084000,3.557000,-0.687000,30.37
0.883768,0.519000,-0.203000,-0.830000,-0.962000,3.313000,-0.397000,30.32
0.884202,0.517000,-0.199000,-0.832000,-1.130000,3.359000,-0.519000,30.22
0.884641,0.523000,-0.198000,-0.832000,-1.023000,3.298000,-0.718000,30.22
0.885131,0.522000,-0.201000,-0.836000,-1.053000,3.344000,-0.763000,30.27
0.885592,0.526000,-0.204000,-0.828000,-1.435000,3.695000,-0.702000,30.27
0.886025,0.524000,-0.196000,-0.826000,-1.008000,3.267000,-0.794000,30.32
0.886506,0.518000,-0.201000,-0.832000,-1.252000,3.038000,-0.794000,30.32
0.887065,0.505000,-0.214000,-0.823000,-6.840000,10.183000,-0.809000,30.27
0.887537,0.538000,-0.196000,-0.843000,-5.405000,5.282000,-0.519000,30.37
0.887955,0.552000,-0.190000,-0.864000,5.557000,-9.939000,-1.206000,30.22
0.888376,0.543000,-0.182000,-0.879000,-2.336000,-1.084000,-0.824000,30.32
0.888868,0.580000,-0.198000,-0.900000,-3.893000,-1.939000,-0.076000,30.22
0.889416,0.506000,-0.187000,-0.819000,-1.878000,1.115000,-0.626000,30.27
0.889919,0.498000,-0.178000,-0.838000,0.672000,7.588000,-0.656000,30.27
0.890363,0.546000,-0.181000,-0.904000,-1.786000,6.473000,-0.947000,30.22
0.890841,0.545000,-0.214000,-0.849000,-0.076000,5.969000,-1.252000,30.32
0.891319,0.521000,-0.184000,-0.796000,-1.985000,8.000000,-2.076000,30.27
0.891824,0.560000,-0.200000,-0.842000,-2.809000,-1.313000,-1.053000,30.32
0.892262,0.501000,-0.252000,-0.990000,-28.550000,24.092000,-1.725000,30.32
0.892690,0.537000,-0.160000,-0.821000,2.046000,-16.275000,-0.061000,30.32
0.893116,0.510000,-0.209000,-0.786000,-5.130000,2.702000,0.076000,30.18
0.893537,0.507000,-0.188000,-0.824000,-2.611000,6.580000,-1.023000,30.27
0.893951,0.534000,-0.196000,-0.838000,-3.450000,6.382000,-1.481000,30.32
0.894380,0.524000,-0.219000,-0.803000,-4.061000,3.267000,-0.809000,30.22
0.894805,0.540000,-0.216000,-0.815000,-5.985000,0.015000,-0.168000,30.32
0.895228,0.526000,-0.187000,-0.835000,-4.321000,-1.389000,-0.595000,30.27
0.895657,0.527000,-0.187000,-0.857000,-5.496000,1.084000,-0.626000,30.27
0.896079,0.550000,-0.159000,-0.862000,-4.305000,-0.260000,0.214000,30.22
0.896504,0.455000,-0.157000,-0.663000,-9.267000,17.099000,0.198000,30.22
0.896932,0.516000,-0.229000,-0.854000,-9.038000,5.985000,-2.565000,30.37
0.897355,0.522000,-0.196000,-0.788000,-20.641000,15.206000,-1.756000,30.37
0.897785,0.557000,-0.181000,-0.825000,-18.504000,13.542000,-0.214000,30.27
0.898211,0.546000,-0.162000,-0.832000,-9.405000,2.595000,-0.840000,30.32
0.898633,0.539000,-0.185000,-0.826000,-5.603000,0.794000,0.275000,30.22
0.899130,0.531000,-0.167000,-0.854000,-3.237000,0.824000,0.504000,30.27
0.899643,0.505000,-0.166000,-0.758000,0.824000,-2.672000,0.137000,30.27
0.900129,0.593000,-0.184000,-0.684000,5.649000,-20.229000,0.321000,30.22
0.900568,0.551000,-0.190000,-0.860000,4.824000,-8.443000,-1.511000,30.32
0.900992,0.519000,-0.207000,-0.810000,-4.427000,11.435000,-1.649000,30.37
0.901409,0.544000,-0.200000,-0.854000,-3.832000,7.145000,-1.450000,30.27
0.901839,0.537000,-0.172000,-0.827000,-2.947000,0.107000,-0.611000,30.22
0.902261,0.533000,-0.162000,-0.867000,0.733000,-8.382000,0.168000,30.32
0.902676,0.479000,-0.190000,-0.850000,-1.878000,2.015000,0.153000,30.32
0.903097,0.488000,-0.235000,-0.889000,-1.023000,1.618000,-1.817000,30.37
0.903521,0.519000,-0.209000,-0.859000,-1.145000,3.160000,-1.344000,30.27
0.903954,0.511000,-0.180000,-0.848000,-1.634000,7.237000,-1.084000,30.32
0.904377,0.508000,-0.193000,-0.853000,-1.908000,2.443000,-1.298000,30.22
0.904801,0.524000,-0.190000,-0.812000,-5.664000,6.107000,-1.435000,30.27
0.905220,0.543000,-0.171000,-0.850000,-3.908000,1.664000,-1.130000,30.18
0.905633,0.534000,-0.149000,-0.819000,-1.115000,3.893000,-1.603000,30.37
0.906046,0.526000,-0.181000,-0.836000,1.679000,0.443000,-2.580000,30.32
0.906463,0.509000,-0.179000,-0.826000,-0.779000,1.908000,-3.145000,30.32
0.906883,0.530000,-0.192000,-0.803000,-2.702000,5.374000,-1.908000,30.27
0.907304,0.517000,-0.185000,-0.834000,-1.771000,1.710000,-2.061000,30.32
0.907732,0.521000,-0.198000,-0.832000,-4.718000,4.473000,-1.420000,30.32
0.908159,0.529000,-0.186000,-0.842000,-3.679000,4.412000,-1.191000,30.32
0.908592,0.524000,-0.175000,-0.818000,-3.298000,2.656000,-0.458000,30.27
0.909115,0.545000,-0.192000,-0.843000,-1.267000,-0.626000,-0.687000,30.18
0.909646,0.538000,-0.165000,-0.856000,1.359000,-4.214000,-0.382000,30.32
0.910142,0.536000,-0.172000,-0.839000,1.542000,2.321000,-0.473000,30.22
0.910580,0.502000,-0.193000,-0.795000,0.519000,1.847000,-0.244000,30.32
0.911000,0.433000,-0.282000,-0.674000,1.740000,7.145000,-0.595000,30.27
0.911434,0.518000,-0.183000,-0.824000,-3.466000,2.565000,0.214000,30.27
0.911853,0.506000,-0.206000,-0.777000,3.374000,0.107000,0.382000,30.22
0.912262,0.453000,-0.254000,-0.726000,8.809000,-7.206000,1.588000,30.22
0.912671,0.514000,-0.204000,-0.844000,0.733000,4.198000,0.153000,30.27
0.913084,0.525000,-0.185000,-0.838000,-1.069000,0.214000,0.947000,30.27
0.913501,0.523000,-0.188000,-0.820000,2.626000,0.351000,0.046000,30.22
0.913922,0.552000,-0.226000,-0.812000,2.336000,-0.595000,0.550000,30.32
0.914333,0.537000,-0.188000,-0.855000,2.305000,1.435000,0.168000,30.22
0.914756,0.527000,-0.196000,-0.810000,2.046000,1.695000,0.931000,30.27
0.915350,0.495000,-0.180000,-0.813000,5.099000,-2.840000,1.145000,30.27
0.915952,0.505000,-0.207000,-0.855000,3.252000,-9.649000,0.977000,30.32
0.916424,0.575000,-0.211000,-0.892000,-4.458000,-30.931000,3.985000,30.22
0.916872,0.466000,-0.172000,-0.783000,0.076000,22.260000,-1.115000,30.27
0.917304,0.560000,-0.198000,-0.889000,0.595000,6.153000,-1.160000,30.37
0.917735,0.491000,-0.187000,-0.816000,-3.817000,8.565000,-1.328000,30.27
0.918171,0.077000,-0.608000,-0.266000,0.015000,-3.588000,-0.565000,30.32
0.918612,0.562000,-0.088000,-0.498000,-1.069000,-36.397000,3.282000,30.22
0.919058,0.514000,-0.280000,-0.881000,-22.321000,69.313000,-2.275000,30.37
0.919488,0.513000,-0.251000,-0.828000,1.176000,-10.931000,-1.679000,30.27
0.919978,0.565000,-0.204000,-0.889000,8.840000,-20.565000,-0.168000,30.32
0.920489,0.509000,-0.209000,-0.814000,-0.824000,3.511000,-1.145000,30.32
0.920949,0.490000,-0.190000,-0.826000,-4.489000,3.695000,-0.870000,30.37
0.921373,0.522000,-0.204000,-0.815000,-5.893000,11.084000,-1.679000,30.27
0.921796,0.519000,-0.195000,-0.840000,-2.244000,2.550000,-1.466000,30.27
0.922209,0.516000,-0.181000,-0.852000,-0.580000,2.412000,-1.481000,30.32
0.922628,0.511000,-0.173000,-0.829000,-1.496000,2.779000,-1.710000,30.32
0.923046,0.513000,-0.211000,-0.829000,-3.756000,7.023000,-1.985000,30.27
0.923462,0.507000,-0.192000,-0.819000,-4.351000,8.412000,-2.076000,30.13
0.923875,0.519000,-0.191000,-0.829000,-3.099000,5.802000,-2.122000,30.13
0.924292,0.524000,-0.170000,-0.841000,-2.351000,5.496000,-2.076000,30.32
0.924714,0.521000,-0.182000,-0.840000,-2.611000,5.985000,-1.664000,30.32
0.925122,0.508000,-0.166000,-0.846000,-3.649000,6.534000,-1.863000,30.27
0.925640,0.518000,-0.196000,-0.824000,-3.863000,6.351000,-2.076000,30.32
0.926220,0.510000,-0.194000,-0.792000,-0.931000,14.977000,-2.046000,30.22
0.926677,0.522000,-0.191000,-0.830000,-1.817000,-0.015000,-1.389000,30.22
0.927103,0.514000,-0.177000,-0.829000,-2.031000,7.817000,-2.443000,30.27
0.927530,0.519000,-0.199000,-0.823000,-1.832000,2.107000,-1.618000,30.27
0.927981,0.524000,-0.192000,-0.839000,-1.221000,4.107000,-1.588000,30.32
0.928413,0.523000,-0.184000,-0.842000,-0.763000,3.130000,-1.420000,30.22
0.928832,0.527000,-0.186000,-0.832000,-0.962000,2.443000,-1.435000,30.32
0.929250,0.533000,-0.180000,-0.835000,-0.779000,2.458000,-1.267000,30.37
0.929671,0.519000,-0.187000,-0.823000,-0.534000,1.939000,-1.053000,30.37
0.930100,0.522000,-0.192000,-0.827000,-0.458000,2.427000,-1.038000,30.32
0.930516,0.520000,-0.186000,-0.828000,-0.565000,2.565000,-1.084000,30.32
0.930945,0.521000,-0.189000,-0.831000,-0.565000,3.023000,-1.084000,30.22
0.931368,0.521000,-0.184000,-0.828000,-0.733000,3.191000,-1.328000,30.27
0.931785,0.523000,-0.189000,-0.834000,-0.824000,3.679000,-1.282000,30.37
0.932199,0.517000,-0.184000,-0.839000,-1.099000,3.725000,-1.160000,30.32
0.932614,0.531000,-0.191000,-0.836000,-1.282000,3.725000,-1.176000,30.22
0.933024,0.524000,-0.188000,-0.829000,-1.542000,3.832000,-1.206000,30.27
0.933442,0.513000,-0.187000,-0.827000,-1.725000,3.588000,-0.931000,30.27
0.933860,0.515000,-0.192000,-0.837000,-2.076000,3.664000,-1.115000,30.22
0.934267,0.523000,-0.192000,-0.825000,-1.985000,3.389000,-1.053000,30.22
0.934817,0.527000,-0.184000,-0.838000,-1.939000,3.389000,-0.855000,30.22
0.935445,0.531000,-0.192000,-0.826000,-1.908000,3.359000,-0.870000,30.27
0.935945,0.525000,-0.185000,-0.832000,-2.168000,3.389000,-0.901000,30.27
0.936445,0.522000,-0.190000,-0.831000,-2.137000,3.450000,-1.069000,30.32
0.936991,0.520000,-0.189000,-0.833000,-2.122000,3.435000,-0.947000,30.32
0.937513,0.523000,-0.189000,-0.832000,-2.137000,3.664000,-0.992000,30.27
0.938009,0.522000,-0.193000,-0.835000,-2.031000,3.664000,-1.221000,30.27
0.938448,0.535000,-0.195000,-0.833000,-2.351000,3.206000,-1.237000,30.27
0.938861,0.526000,-0.192000,-0.834000,-2.473000,3.298000,-1.160000,30.32
0.939287,0.523000,-0.190000,-0.831000,-2.534000,3.038000,-1.176000,30.22
0.939716,0.526000,-0.189000,-0.836000,-2.611000,2.885000,-1.252000,30.37
0.940129,0.523000,-0.188000,-0.834000,-2.565000,2.580000,-1.267000,30.27
0.940586,0.523000,-0.186000,-0.835000,-2.641000,2.626000,-1.450000,30.22
0.941012,0.520000,-0.191000,-0.831000,-2.473000,2.412000,-1.359000,30.22
0.941430,0.520000,-0.191000,-0.831000,-2.534000,2.580000,-1.221000,30.32
0.941844,0.520000,-0.182000,-0.831000,-2.611000,2.656000,-1.298000,30.27
0.942267,0.527000,-0.186000,-0.834000,-2.321000,2.641000,-1.191000,30.27
0.942681,0.524000,-0.184000,-0.835000,-2.229000,2.611000,-1.221000,30.22
0.943099,0.527000,-0.182000,-0.837000,-2.214000,2.702000,-0.992000,30.22
0.943514,0.529000,-0.184000,-0.837000,-1.939000,2.748000,-0.824000,30.27
0.943932,0.522000,-0.185000,-0.829000,-2.061000,2.412000,-0.687000,30.27
0.944350,0.518000,-0.183000,-0.832000,-1.802000,2.443000,-0.870000,30.27
0.944769,0.524000,-0.188000,-0.822000,-1.756000,2.580000,-0.779000,30.22
0.945176,0.525000,-0.184000,-0.832000,-1.725000,2.458000,-0.641000,30.22
0.945597,0.524000,-0.186000,-0.834000,-1.725000,2.733000,-0.611000,30.27
0.946110,0.520000,-0.190000,-0.821000,-1.618000,2.748000,-0.733000,30.37
0.946694,0.525000,-0.181000,-0.832000,-1.664000,2.977000,-0.626000,30.22
0.947127,0.523000,-0.187000,-0.828000,-1.557000,2.763000,-0.702000,30.32
0.947546,0.520000,-0.191000,-0.833000,-1.557000,2.885000,-0.718000,30.22
0.947980,0.524000,-0.188000,-0.837000,-1.496000,2.962000,-0.794000,30.27
0.948428,0.515000,-0.189000,-0.832000,-1.557000,3.191000,-0.763000,30.22
0.948893,0.520000,-0.191000,-0.833000,-1.618000,2.992000,-0.718000,30.22
0.949328,0.524000,-0.193000,-0.825000,-1.649000,3.267000,-0.870000,30.32
0.949808,0.527000,-0.187000,-0.829000,-1.389000,3.069000,-1.053000,30.27
0.950242,0.527000,-0.192000,-0.829000,-1.618000,3.389000,-0.977000,30.27
0.950671,0.525000,-0.191000,-0.826000,-1.679000,3.298000,-1.084000,30.22
0.951097,0.523000,-0.188000,-0.832000,-1.847000,3.542000,-1.145000,30.32
0.951536,0.526000,-0.185000,-0.832000,-1.832000,3.679000,-1.282000,30.22
0.951960,0.523000,-0.190000,-0.823000,-1.847000,3.466000,-1.481000,30.27
0.952400,0.520000,-0.185000,-0.824000,-1.908000,3.573000,-1.130000,30.18
0.952861,0.522000,-0.187000,-0.825000,-1.863000,3.511000,-1.206000,30.22
0.953347,0.525000,-0.194000,-0.827000,-1.695000,3.328000,-1.221000,30.22
0.953823,0.531000,-0.177000,-0.845000,-1.573000,4.168000,-1.282000,30.27
0.954249,0.528000,-0.178000,-0.832000,-1.420000,3.511000,-0.931000,30.27
0.954663,0.524000,-0.182000,-0.839000,-0.458000,2.718000,-0.870000,30.22
0.955095,0.526000,-0.185000,-0.819000,-0.672000,2.412000,-0.672000,30.22
0.955516,0.524000,-0.185000,-0.834000,-1.466000,2.153000,-0.580000,30.22
0.955936,0.525000,-0.184000,-0.829000,-2.168000,2.611000,-0.687000,30.27
0.956350,0.522000,-0.181000,-0.836000,-2.153000,2.550000,-0.565000,30.27
0.956760,0.516000,-0.191000,-0.828000,-1.679000,2.931000,-0.687000,30.32
0.957176,0.528000,-0.177000,-0.841000,-1.527000,3.160000,-0.702000,30.22
0.957596,0.526000,-0.187000,-0.826000,-1.282000,3.176000,-0.779000,30.27
0.958021,0.523000,-0.191000,-0.817000,-0.916000,3.573000,-0.718000,30.27
0.958439,0.525000,-0.181000,-0.841000,-1.084000,0.992000,-0.916000,30.27
0.958867,0.520000,-0.193000,-0.815000,-1.496000,1.939000,-0.382000,30.32
0.959303,0.534000,-0.183000,-0.849000,-1.679000,1.176000,-0.519000,30.22
0.959722,0.521000,-0.190000,-0.822000,-1.313000,3.176000,-0.595000,30.27
0.960132,0.525000,-0.187000,-0.829000,-1.542000,2.947000,-0.595000,30.18
0.960553,0.522000,-0.189000,-0.838000,-1.359000,3.420000,-0.550000,30.22
0.960979,0.524000,-0.188000,-0.830000,-1.237000,3.237000,-0.565000,30.32
0.961400,0.524000,-0.188000,-0.830000,-1.389000,3.023000,-0.504000,30.22
0.961818,0.516000,-0.189000,-0.833000,-1.542000,3.527000,-0.443000,30.27
0.962236,0.524000,-0.186000,-0.835000,-1.374000,3.634000,-0.473000,30.37
0.962661,0.529000,-0.189000,-0.821000,-0.931000,3.344000,-0.305000,30.32
0.963086,0.527000,-0.181000,-0.831000,-0.702000,2.183000,-0.260000,30.13
0.963562,0.521000,-0.181000,-0.841000,-0.977000,1.099000,-0.137000,30.27
0.964217,0.521000,-0.191000,-0.828000,-0.809000,1.954000,-0.244000,30.18
0.964646,0.523000,-0.191000,-0.823000,-0.840000,1.511000,-0.153000,30.27
0.965163,0.533000,-0.190000,-0.844000,-0.626000,1.664000,-0.229000,30.22
0.965589,0.527000,-0.190000,-0.833000,-0.565000,1.939000,-0.015000,30.22
0.966001,0.525000,-0.186000,-0.828000,-0.244000,2.046000,-0.076000,30.27
0.966415,0.528000,-0.189000,-0.826000,-0.107000,1.450000,0.046000,30.22
0.966827,0.525000,-0.184000,-0.839000,-0.046000,2.153000,0.015000,30.32
0.967236,0.525000,-0.190000,-0.829000,-0.153000,2.061000,0.092000,30.32
0.967654,0.520000,-0.194000,-0.835000,-0.015000,0.992000,-0.153000,30.22
0.968072,0.521000,-0.207000,-0.826000,-0.794000,2.534000,-0.473000,30.18
0.968488,0.517000,-0.192000,-0.826000,-0.626000,5.145000,-0.809000,30.32
0.968895,0.525000,-0.204000,-0.823000,-1.527000,5.405000,-0.626000,30.32
0.969317,0.512000,-0.196000,-0.833000,-1.740000,7.847000,-0.901000,30.32
0.969747,0.512000,-0.206000,-0.956000,-3.389000,23.542000,-1.450000,30.18
0.970172,0.567000,-0.190000,-0.838000,0.595000,1.252000,-0.733000,30.27
0.970614,0.512000,-0.195000,-0.830000,0.550000,6.519000,-0.656000,30.32
0.971040,0.558000,-0.187000,-0.826000,-0.244000,2.397000,-0.565000,30.22
0.971450,0.512000,-0.186000,-0.837000,0.718000,1.328000,-0.672000,30.22
0.971874,0.521000,-0.192000,-0.809000,-0.763000,0.641000,-0.153000,30.18
0.972288,0.519000,-0.193000,-0.844000,-1.206000,0.824000,-0.260000,30.27
0.972700,0.533000,-0.193000,-0.825000,0.092000,2.290000,-0.275000,30.32
0.973125,0.512000,-0.191000,-0.850000,-0.672000,2.214000,-0.061000,30.22
0.973611,0.518000,-0.193000,-0.822000,0.092000,1.481000,-0.137000,30.22
0.974182,0.518000,-0.201000,-0.821000,0.763000,-0.107000,-0.260000,30.27
0.974629,0.509000,-0.197000,-0.854000,0.076000,3.023000,-0.183000,30.18
0.975125,0.531000,-0.189000,-0.867000,-0.275000,3.267000,-0.382000,30.22
0.975561,0.574000,-0.202000,-0.840000,-0.840000,-6.260000,0.427000,30.22
0.975973,0.522000,-0.193000,-0.832000,-1.176000,1.282000,-0.229000,30.18
0.976384,0.521000,-0.206000,-0.823000,-0.931000,4.107000,-0.534000,30.37
0.976803,0.520000,-0.194000,-0.835000,-1.084000,3.435000,-0.718000,30.27
0.977222,0.524000,-0.197000,-0.830000,-1.099000,4.290000,-0.947000,30.22
0.977643,0.523000,-0.190000,-0.829000,-1.313000,3.695000,-0.824000,30.22
0.978059,0.524000,-0.176000,-0.838000,-0.656000,2.687000,-0.595000,30.37
0.978467,0.504000,-0.180000,-0.801000,0.168000,4.992000,-0.290000,30.27
0.978890,0.550000,-0.202000,-0.858000,-0.611000,-2.824000,-0.198000,30.32
0.979303,0.524000,-0.197000,-0.826000,-0.870000,0.473000,-0.061000,30.32
0.979711,0.514000,-0.117000,-0.845000,-0.244000,2.000000,0.092000,30.32
0.980136,0.519000,-0.202000,-0.798000,-0.168000,-1.832000,-0.092000,30.27
0.980546,0.523000,-0.202000,-0.844000,-2.122000,0.229000,-0.489000,30.27
0.980962,0.513000,-0.192000,-0.811000,-1.863000,5.893000,-0.702000,30.41
0.981374,0.519000,-0.202000,-0.834000,-1.206000,4.321000,-0.580000,30.22
0.981792,0.516000,-0.199000,-0.828000,-1.359000,4.855000,-0.534000,30.18
0.982211,0.516000,-0.202000,-0.876000,-2.061000,0.809000,-0.595000,30.27
0.982634,0.500000,-0.177000,-0.792000,-1.099000,6.565000,-0.534000,30.32
0.983049,0.539000,-0.195000,-0.880000,-0.153000,-7.053000,-0.321000,30.22
0.983469,0.527000,-0.196000,-0.837000,-1.481000,-4.260000,-0.641000,30.22
0.984015,0.532000,-0.196000,-0.837000,-1.893000,5.710000,-1.221000,30.27
0.984569,0.515000,-0.171000,-0.834000,-2.214000,6.183000,-0.962000,30.27
0.985043,0.509000,-0.191000,-0.838000,-1.176000,-1.221000,-0.534000,30.22
0.985482,0.511000,-0.213000,-0.827000,-1.145000,-1.145000,-0.687000,30.32
0.985899,0.528000,-0.184000,-0.843000,-1.008000,-2.443000,-0.840000,30.27
0.986321,0.522000,-0.191000,-0.851000,-1.282000,-0.260000,-0.565000,30.27
0.986755,0.514000,-0.198000,-0.832000,-2.076000,3.023000,-0.855000,30.22
0.987174,0.519000,-0.191000,-0.847000,-1.618000,1.084000,-0.519000,30.32
0.987583,0.522000,-0.189000,-0.832000,-1.878000,1.756000,-0.611000,30.22
0.987997,0.518000,-0.198000,-0.827000,-2.351000,1.893000,-0.779000,30.27
0.988418,0.498000,-0.193000,-0.814000,-3.252000,5.496000,-0.718000,30.22
0.988835,0.514000,-0.200000,-0.842000,-3.008000,1.832000,-0.656000,30.22
0.989279,0.517000,-0.198000,-0.841000,-3.145000,2.076000,-0.687000,30.13
0.989696,0.509000,-0.186000,-0.828000,-2.870000,4.870000,-0.748000,30.18
0.990111,0.510000,-0.197000,-0.832000,-2.214000,4.687000,-0.962000,30.27
0.990516,0.517000,-0.201000,-0.829000,-1.573000,5.267000,-0.626000,30.22
0.990930,0.513000,-0.210000,-0.825000,-1.969000,5.099000,-0.183000,30.22
0.991343,0.528000,-0.195000,-0.840000,-1.176000,2.382000,-0.137000,30.22
0.991764,0.514000,-0.199000,-0.823000,-0.992000,1.924000,0.321000,30.18
0.992174,0.517000,-0.205000,-0.828000,-0.885000,3.603000,0.198000,30.27
0.992584,0.522000,-0.198000,-0.841000,-0.504000,3.878000,0.580000,30.22
0.992996,0.526000,-0.194000,-0.836000,-0.107000,3.267000,0.519000,30.22
0.993409,0.517000,-0.195000,-0.836000,-0.504000,0.504000,0.198000,30.18
0.993930,0.526000,-0.198000,-0.856000,-2.031000,2.076000,-0.656000,30.27
0.994513,0.508000,-0.194000,-0.833000,-2.137000,1.466000,-0.427000,30.22
0.995071,0.517000,-0.191000,-0.836000,-1.908000,1.511000,-0.351000,30.22
0.995535,0.514000,-0.190000,-0.829000,-1.939000,0.916000,-0.153000,30.32
0.995963,0.511000,-0.199000,-0.825000,-1.618000,1.511000,-0.031000,30.27
0.996415,0.514000,-0.198000,-0.835000,-1.756000,1.267000,0.076000,30.27
0.996851,0.511000,-0.206000,-0.832000,-1.176000,1.618000,0.214000,30.22
0.997284,0.514000,-0.206000,-0.830000,-1.466000,2.733000,0.153000,30.22
0.997710,0.504000,-0.207000,-0.825000,-0.809000,3.481000,0.366000,30.27
0.998138,0.515000,-0.199000,-0.839000,-1.023000,3.313000,0.000000,30.27
0.998564,0.516000,-0.210000,-0.840000,-0.748000,3.908000,0.168000,30.27
0.998994,0.518000,-0.201000,-0.839000,-0.992000,4.427000,0.214000,30.22
0.999422,0.508000,-0.185000,-0.823000,-1.191000,3.069000,0.168000,30.32
0.999857,0.525000,-0.174000,-0.843000,-1.313000,2.290000,-0.290000,30.18
1.000512,0.510000,-0.213000,-0.804000,1.725000,-10.031000,-0.672000,30.27
1.001099,0.516000,-0.169000,-0.851000,-1.740000,3.969000,-0.931000,30.13
1.001577,0.524000,-0.168000,-0.857000,-0.977000,-3.344000,-0.244000,30.32
1.002040,0.519000,-0.194000,-0.844000,-0.366000,-2.305000,-0.092000,30.18
1.002531,0.510000,-0.227000,-0.800000,-1.084000,0.076000,-0.931000,30.27
1.003022,0.496000,-0.153000,-0.828000,-5.008000,-4.565000,-1.008000,30.27
1.003468,0.395000,-0.230000,-0.976000,-3.145000,-3.588000,-0.046000,30.32
1.003930,0.514000,-0.199000,-0.812000,-1.893000,3.588000,-0.580000,30.22
1.004385,0.501000,-0.168000,-0.836000,-1.374000,-0.885000,-0.061000,30.37
1.004833,0.459000,-0.167000,-0.788000,-1.664000,11.664000,-0.641000,30.27
1.005298,0.540000,-0.155000,-0.861000,-4.656000,-2.702000,-2.092000,30.22
1.005741,0.512000,-0.188000,-0.861000,-2.351000,8.321000,-0.794000,30.22
1.006176,0.538000,-0.105000,-0.929000,-7.878000,-8.382000,-2.947000,30.22
1.006907,0.484000,-0.236000,-0.879000,-3.817000,-1.954000,-0.672000,30.27
1.007416,0.506000,-0.281000,-0.883000,-4.260000,3.802000,-0.458000,30.22
1.007900,0.487000,-0.180000,-0.791000,-0.763000,3.542000,-0.672000,30.32
1.008405,0.530000,-0.214000,-0.852000,1.328000,-0.183000,-0.855000,30.32
1.008938,0.541000,-0.236000,-0.866000,-1.252000,-1.557000,-0.672000,30.27
1.009455,0.505000,-0.194000,-0.837000,-1.725000,1.985000,-0.947000,30.37
1.009953,0.505000,-0.214000,-0.842000,-2.137000,0.366000,-0.733000,30.22
1.010401,0.508000,-0.210000,-0.827000,-2.260000,3.160000,-0.763000,30.32
1.010843,0.500000,-0.191000,-0.828000,-1.053000,0.351000,-0.351000,30.22
1.011267,0.504000,-0.201000,-0.829000,-1.099000,0.885000,-0.458000,30.27
1.011702,0.518000,-0.210000,-0.847000,-0.870000,0.458000,-0.214000,30.27
1.012176,0.514000,-0.210000,-0.804000,-1.145000,2.885000,-0.214000,30.13
1.012698,0.501000,-0.215000,-0.842000,-2.504000,0.641000,0.015000,30.22
1.013140,0.520000,-0.198000,-0.828000,0.962000,-8.122000,-0.260000,30.32
1.013574,0.485000,-0.174000,-0.791000,6.840000,-21.405000,-1.008000,30.27
1.014004,0.496000,-0.232000,-0.812000,6.305000,-22.672000,-3.710000,30.18
1.014428,0.452000,-0.246000,-0.779000,2.901000,-14.580000,-2.656000,30.32
1.014884,0.654000,0.096000,-0.053000,-16.122000,167.145000,-2.916000,30.22
1.015892,0.455000,-0.254000,-0.811000,-19.359000,9.542000,-3.710000,30.27
1.016439,0.500000,-0.257000,-0.829000,-4.565000,-13.802000,-0.198000,30.27
1.016893,0.498000,-0.170000,-0.807000,-3.573000,3.985000,-1.206000,30.22
1.017333,0.491000,-0.203000,-0.827000,1.130000,5.740000,0.122000,30.22
1.017764,0.507000,-0.201000,-0.861000,0.855000,8.534000,1.450000,30.22
1.018194,0.499000,-0.149000,-0.846000,0.229000,12.015000,1.603000,30.18
1.018627,0.496000,-0.226000,-0.865000,-0.580000,3.649000,0.901000,30.18
1.019106,0.438000,-0.249000,-0.882000,-3.145000,14.443000,0.168000,30.22
1.019570,0.487000,-0.248000,-0.818000,-3.206000,9.053000,0.504000,30.32
1.020101,0.499000,-0.209000,-0.833000,-2.504000,10.626000,0.183000,30.18
1.020606,0.499000,-0.195000,-0.823000,-1.527000,9.939000,0.183000,30.27
1.021115,0.491000,-0.174000,-0.802000,2.000000,16.031000,0.718000,30.18
1.021590,0.517000,-0.186000,-0.889000,-1.954000,7.710000,-0.351000,30.22
1.022028,0.521000,-0.185000,-0.846000,0.824000,9.985000,-0.763000,30.22
1.022465,0.499000,-0.184000,-0.812000,2.626000,9.786000,0.229000,30.18
1.022916,0.501000,-0.162000,-0.841000,-0.565000,4.794000,-0.809000,30.27
1.023349,0.517000,-0.197000,-0.875000,-1.160000,3.252000,-0.931000,30.18
1.023781,0.519000,-0.199000,-0.822000,-0.763000,-3.664000,-0.275000,30.22
1.024227,0.494000,-0.175000,-0.812000,-1.466000,10.550000,-0.840000,30.32
1.024644,0.528000,-0.215000,-0.833000,0.305000,-5.969000,0.153000,30.18
1.025063,0.496000,-0.210000,-0.850000,-2.153000,3.908000,-0.412000,30.27
1.025483,0.540000,-0.208000,-0.804000,-2.977000,-0.321000,-0.733000,30.22
1.025920,0.533000,-0.166000,-0.903000,-6.427000,-10.870000,-1.023000,30.32
1.026343,0.492000,-0.214000,-0.844000,-1.496000,2.107000,-0.443000,30.27
1.026766,0.526000,-0.226000,-0.863000,-2.214000,2.687000,-0.504000,30.18
1.027184,0.511000,-0.205000,-0.819000,-0.458000,2.611000,0.122000,30.27
1.027590,0.494000,-0.214000,-0.833000,0.718000,4.611000,1.023000,30.22
1.028012,0.507000,-0.216000,-0.845000,1.603000,5.298000,0.794000,30.22
1.028447,0.520000,-0.233000,-0.805000,1.878000,1.588000,0.656000,30.27
1.028878,0.525000,-0.183000,-0.859000,-0.473000,6.214000,0.122000,30.22
1.029519,0.505000,-0.208000,-0.830000,-1.389000,3.817000,0.229000,30.22
1.030011,0.511000,-0.208000,-0.840000,-1.053000,4.397000,0.260000,30.22
1.030450,0.503000,-0.190000,-0.827000,0.489000,4.519000,0.595000,30.27
1.030943,0.504000,-0.197000,-0.837000,2.198000,5.740000,0.885000,30.27
1.031392,0.505000,-0.197000,-0.831000,2.397000,5.573000,1.374000,30.32
1.031834,0.516000,-0.182000,-0.847000,1.130000,-3.618000,0.641000,30.22
1.032263,0.501000,-0.201000,-0.833000,-0.168000,1.954000,0.427000,30.13
1.032693,0.516000,-0.227000,-0.851000,-1.664000,2.183000,-0.153000,30.37
1.033118,0.466000,-0.145000,-0.727000,-1.115000,4.672000,-2.015000,30.18
1.033554,0.516000,-0.231000,-0.829000,1.985000,7.939000,0.550000,30.22
1.034025,0.498000,-0.178000,-0.818000,0.977000,6.992000,0.641000,30.22
1.034497,0.514000,-0.219000,-0.849000,0.733000,6.763000,0.885000,30.22
1.034922,0.506000,-0.198000,-0.825000,-1.298000,3.649000,0.305000,30.18
1.035357,0.516000,-0.206000,-0.855000,-1.756000,4.137000,0.107000,30.27
1.035791,0.514000,-0.216000,-0.821000,-2.992000,5.557000,-0.718000,30.22
1.036224,0.521000,-0.192000,-0.839000,-3.053000,5.786000,-0.947000,30.32
1.036652,0.519000,-0.193000,-0.841000,-2.794000,4.458000,-1.481000,30.18
1.037092,0.518000,-0.212000,-0.837000,-4.168000,3.634000,-1.847000,30.08
1.037533,0.521000,-0.205000,-0.844000,-6.260000,0.015000,-2.489000,30.27
1.037970,0.544000,-0.138000,-0.836000,-7.221000,-1.878000,-3.588000,30.22
1.038408,0.497000,-0.211000,-0.812000,-8.275000,-0.443000,-2.382000,30.22
1.038850,0.524000,-0.219000,-0.835000,-6.656000,0.275000,-1.771000,30.18
1.039372,0.381000,-0.159000,-0.823000,0.122000,4.076000,1.603000,30.27
1.039913,0.572000,-0.179000,-0.944000,-6.076000,-0.840000,-1.954000,30.22
1.040345,0.505000,-0.215000,-0.831000,-1.939000,1.573000,-0.626000,30.22
1.040855,0.526000,-0.206000,-0.828000,-3.710000,3.496000,-1.389000,30.27
1.041295,0.503000,-0.204000,-0.834000,-3.420000,3.374000,-1.420000,30.37
1.041713,0.506000,-0.190000,-0.852000,-4.794000,3.389000,-2.641000,30.27
1.042131,0.517000,-0.205000,-0.836000,-3.359000,3.832000,-2.397000,30.22
1.042549,0.523000,-0.189000,-0.841000,-4.092000,4.122000,-3.160000,30.32
1.042967,0.490000,-0.207000,-0.814000,-1.878000,4.107000,-2.137000,30.27
1.043387,0.506000,-0.157000,-0.830000,-2.992000,2.198000,-2.931000,30.27
1.043795,0.500000,-0.248000,-0.832000,0.489000,7.649000,-0.656000,30.22
1.044208,0.503000,-0.257000,-0.866000,-1.740000,-0.275000,0.626000,30.32
1.044621,0.511000,-0.163000,-0.845000,-0.687000,3.420000,-0.580000,30.27
1.045041,0.510000,-0.204000,-0.797000,2.321000,7.344000,-0.046000,30.27
1.045453,0.521000,-0.209000,-0.852000,3.145000,5.771000,0.198000,30.22
1.046067,0.502000,-0.211000,-0.805000,2.412000,6.092000,1.099000,30.22
1.046522,0.511000,-0.203000,-0.812000,3.389000,9.588000,1.115000,30.22
1.046962,0.499000,-0.191000,-0.827000,5.664000,11.267000,1.298000,30.27
1.047394,0.513000,-0.196000,-0.808000,14.977000,22.321000,3.664000,30.22
1.047836,0.521000,-0.189000,-0.837000,17.496000,24.947000,2.595000,30.22
1.048275,0.513000,-0.175000,-0.846000,14.626000,19.573000,2.504000,30.22
1.048704,0.539000,-0.229000,-0.864000,9.939000,14.611000,1.924000,30.27
1.049219,0.530000,-0.234000,-0.830000,6.550000,14.382000,1.618000,30.37
1.049804,0.534000,-0.207000,-0.809000,4.092000,10.672000,0.641000,30.22
1.050260,0.544000,-0.227000,-0.816000,5.160000,12.992000,1.099000,30.22
1.050724,0.551000,-0.262000,-0.809000,6.565000,12.198000,1.237000,30.22
1.051156,0.520000,-0.252000,-0.802000,7.389000,15.511000,1.267000,30.18
1.051584,0.527000,-0.241000,-0.810000,7.954000,15.863000,0.901000,30.27
1.051995,0.526000,-0.188000,-0.818000,9.771000,17.832000,1.313000,30.22
1.052415,0.529000,-0.200000,-0.822000,11.679000,14.885000,2.427000,30.22
1.052827,0.577000,-0.208000,-0.872000,4.351000,4.580000,2.015000,30.32
1.053257,0.562000,-0.222000,-0.847000,-0.214000,-3.969000,1.176000,30.18
1.053697,0.487000,-0.213000,-0.791000,-4.382000,-5.969000,1.038000,30.27
1.054123,0.539000,-0.205000,-0.825000,-7.252000,-8.366000,-0.595000,30.32
1.054544,0.545000,-0.260000,-0.798000,-6.794000,-6.748000,-0.992000,30.22
1.054967,0.481000,-0.203000,-0.758000,-8.901000,-10.672000,-1.145000,30.32
1.055377,0.521000,-0.267000,-0.771000,-1.420000,-6.122000,0.107000,30.27
1.055791,0.505000,-0.201000,-0.741000,6.214000,4.809000,1.115000,30.27
1.056195,0.554000,-0.216000,-0.832000,7.344000,7.160000,1.115000,30.32
1.056595,0.526000,-0.197000,-0.828000,4.214000,3.099000,0.779000,30.22
1.057014,0.530000,-0.238000,-0.867000,-1.344000,-3.939000,-0.122000,30.37
1.057433,0.534000,-0.249000,-0.825000,-6.305000,-2.931000,-1.359000,30.27
1.057858,0.544000,-0.243000,-0.828000,-11.863000,-11.008000,-2.137000,30.22
1.058283,0.528000,-0.202000,-0.855000,-15.802000,-15.237000,-2.336000,30.22
1.058715,0.473000,-0.102000,-0.800000,-15.802000,-17.252000,-1.496000,30.22
1.059241,0.533000,-0.146000,-0.806000,-18.382000,-15.191000,-2.626000,30.27
1.059869,0.520000,-0.216000,-0.837000,-15.603000,-13.374000,-3.053000,30.27
1.060321,0.493000,-0.227000,-0.784000,-12.611000,-8.504000,-1.969000,30.22
1.060806,0.458000,-0.113000,-0.901000,-16.748000,-8.855000,-2.015000,30.22
1.061243,0.509000,-0.254000,-0.808000,-1.450000,1.420000,-0.122000,30.27
1.061662,0.480000,-0.331000,-0.813000,5.527000,3.939000,1.969000,30.27
1.062071,0.487000,-0.258000,-0.818000,6.931000,9.053000,1.985000,30.18
1.062472,0.499000,-0.205000,-0.842000,5.756000,6.977000,1.527000,30.22
1.062883,0.513000,-0.217000,-0.857000,1.405000,6.046000,0.015000,30.22
1.063293,0.507000,-0.265000,-0.820000,-2.366000,4.977000,-1.176000,30.18
1.063709,0.514000,-0.220000,-0.823000,-2.992000,3.405000,-1.313000,30.27
1.064128,0.547000,-0.189000,-0.885000,-7.893000,-1.359000,-2.901000,30.22
1.064543,0.528000,-0.195000,-0.832000,-8.718000,-1.237000,-3.008000,30.22
1.064958,0.490000,-0.202000,-0.827000,-5.084000,0.748000,-0.992000,30.27
1.065375,0.490000,-0.235000,-0.815000,-2.015000,5.206000,-0.351000,30.27
1.065791,0.508000,-0.248000,-0.794000,-1.282000,8.107000,-0.427000,30.18
1.066208,0.511000,-0.249000,-0.848000,-1.038000,12.366000,-0.473000,30.13
1.066632,0.515000,-0.225000,-0.849000,-1.481000,17.496000,-1.893000,30.22
1.067045,0.549000,-0.223000,-0.848000,-0.840000,8.748000,-2.092000,30.37
1.067460,0.516000,-0.225000,-0.803000,-0.275000,8.733000,-1.985000,30.27
1.067875,0.502000,-0.193000,-0.818000,1.389000,10.611000,-2.427000,30.32
1.068287,0.508000,-0.190000,-0.809000,6.672000,12.595000,-0.534000,30.22
1.068700,0.508000,-0.190000,-0.812000,10.366000,16.366000,0.947000,30.22
1.069222,0.527000,-0.205000,-0.827000,10.534000,14.916000,1.298000,30.27
1.069764,0.518000,-0.245000,-0.798000,12.748000,17.038000,2.901000,30.32
1.070185,0.532000,-0.199000,-0.843000,9.725000,12.855000,3.405000,30.32
1.070589,0.531000,-0.184000,-0.866000,4.076000,4.275000,4.366000,30.22
1.071000,0.526000,-0.207000,-0.840000,1.221000,1.038000,4.305000,30.27
1.071424,0.522000,-0.224000,-0.814000,-0.672000,0.901000,4.092000,30.18
1.071841,0.535000,-0.227000,-0.819000,-0.443000,-0.473000,3.725000,30.22
1.072257,0.554000,-0.215000,-0.810000,1.130000,-2.870000,2.718000,30.22
1.072665,0.544000,-0.241000,-0.812000,2.733000,-3.130000,2.977000,30.22
1.073065,0.520000,-0.239000,-0.808000,2.321000,2.061000,1.695000,30.18
1.073475,0.524000,-0.252000,-0.815000,0.855000,3.573000,0.962000,30.27
1.073886,0.530000,-0.252000,-0.811000,-1.740000,3.206000,-0.260000,30.22
1.074301,0.532000,-0.259000,-0.816000,-2.260000,-0.977000,-0.321000,30.22
1.074718,0.514000,-0.199000,-0.820000,-3.771000,-0.137000,-1.481000,30.32
1.075141,0.538000,-0.228000,-0.846000,-6.305000,-4.305000,-2.321000,30.18
1.075564,0.527000,-0.224000,-0.818000,-9.038000,-7.405000,-2.947000,30.27
1.075991,0.534000,-0.253000,-0.843000,-11.298000,-7.099000,-3.664000,30.22
1.076425,0.520000,-0.228000,-0.830000,-11.878000,-7.740000,-3.511000,30.32
1.076851,0.385000,-0.187000,-0.484000,-15.527000,-21.557000,-4.901000,30.37
1.077274,0.538000,-0.203000,-0.925000,-21.664000,-20.412000,-7.053000,30.27
1.077693,0.497000,-0.210000,-0.809000,-9.695000,-4.992000,-3.878000,30.27
1.078116,0.495000,-0.251000,-0.777000,-9.847000,-3.710000,-3.603000,30.32
1.078525,0.498000,-0.211000,-0.817000,-4.031000,2.534000,-1.511000,30.41
1.078947,0.512000,-0.274000,-0.860000,-4.687000,5.786000,-0.824000,30.18
1.079488,0.502000,-0.231000,-0.796000,-5.649000,9.817000,-1.847000,30.27
1.080074,0.527000,-0.206000,-0.847000,-5.237000,6.153000,-1.649000,30.32
1.080499,0.519000,-0.186000,-0.827000,-5.313000,5.679000,-1.908000,30.22
1.081006,0.572000,-0.019000,-0.867000,-5.069000,-0.305000,-3.282000,30.22
1.081497,0.458000,-0.354000,-0.813000,-6.168000,9.542000,-2.519000,30.27
1.081940,0.496000,-0.239000,-0.787000,-4.244000,9.756000,-1.878000,30.27
1.082391,0.519000,-0.171000,-0.858000,-1.832000,4.565000,-1.298000,30.22
1.082826,0.512000,-0.213000,-0.823000,-1.481000,3.267000,-1.053000,30.22
1.083255,0.527000,-0.209000,-0.844000,-0.748000,4.565000,-0.855000,30.18
1.083686,0.524000,-0.210000,-0.835000,-0.611000,3.527000,-1.099000,30.27
1.084112,0.521000,-0.229000,-0.843000,-1.450000,2.153000,-0.901000,30.27
1.084537,0.504000,-0.226000,-0.819000,-1.664000,2.458000,-0.718000,30.22
1.084971,0.505000,-0.206000,-0.835000,-2.229000,2.794000,-0.824000,30.22
1.085400,0.510000,-0.216000,-0.833000,-2.458000,3.053000,-0.565000,30.18
1.085864,0.526000,-0.214000,-0.849000,-3.725000,1.450000,-0.824000,30.18
1.086298,0.429000,-0.229000,-0.758000,0.122000,-0.550000,1.313000,30.32
1.086802,0.555000,-0.280000,-0.862000,-5.389000,2.931000,-0.992000,30.22
1.087246,0.511000,-0.170000,-0.820000,-3.130000,2.656000,-1.191000,30.32
1.087663,0.521000,-0.215000,-0.843000,-2.519000,5.023000,-1.359000,30.27
1.088094,0.503000,-0.238000,-0.815000,-4.382000,2.534000,-1.206000,30.27
1.088519,0.513000,-0.211000,-0.832000,-3.420000,2.931000,-1.603000,30.22
1.088938,0.522000,-0.215000,-0.836000,-3.008000,3.603000,-2.031000,30.22
1.089421,0.503000,-0.205000,-0.808000,-2.534000,5.038000,-2.107000,30.27
1.089980,0.503000,-0.217000,-0.805000,-1.099000,8.031000,-1.481000,30.27
1.090427,0.510000,-0.298000,-0.795000,-1.985000,15.145000,-1.435000,30.08
1.090916,0.538000,-0.281000,-0.852000,-3.237000,8.214000,-2.809000,30.41
1.091364,0.532000,-0.211000,-0.858000,-6.382000,19.786000,-4.168000,30.22
1.091788,0.554000,-0.219000,-0.829000,-5.252000,17.344000,-3.191000,30.27
1.092229,0.513000,-0.213000,-0.792000,-3.542000,8.580000,-1.649000,30.22
1.092667,0.514000,-0.192000,-0.816000,-5.267000,7.237000,-0.565000,30.22
1.093097,0.501000,-0.199000,-0.812000,-4.290000,4.198000,-0.366000,30.32
1.093511,0.512000,-0.215000,-0.824000,-3.969000,6.947000,0.641000,30.32
1.093943,0.523000,-0.174000,-0.839000,-3.344000,6.321000,0.550000,30.18
1.094368,0.542000,-0.207000,-0.845000,-2.992000,3.527000,0.260000,30.22
1.094814,0.533000,-0.172000,-0.837000,-3.008000,0.672000,-0.275000,30.22
1.095244,0.523000,-0.197000,-0.833000,-2.504000,0.427000,-0.031000,30.22
1.095722,0.521000,-0.213000,-0.801000,-1.664000,0.092000,0.672000,30.18
1.096157,0.539000,-0.208000,-0.836000,-0.550000,0.641000,0.443000,30.18
1.096571,0.593000,-0.281000,-1.015000,2.580000,5.924000,0.672000,30.22
1.096990,0.504000,-0.240000,-0.824000,4.840000,-5.038000,1.511000,30.32
1.097408,0.532000,-0.206000,-0.842000,0.458000,-0.137000,0.748000,30.22
1.097821,0.568000,-0.273000,-0.853000,0.504000,1.786000,0.870000,30.27
1.098246,0.519000,-0.220000,-0.805000,-1.038000,12.962000,-0.595000,30.27
1.098656,0.555000,-0.175000,-0.844000,-1.115000,2.305000,-2.092000,30.32
1.099077,0.530000,-0.158000,-0.839000,-1.573000,1.389000,-2.427000,30.32
1.099566,0.516000,-0.181000,-0.825000,-2.534000,1.130000,-2.565000,30.18
1.100096,0.538000,-0.216000,-0.842000,-1.405000,-1.695000,-2.107000,30.27
1.100562,0.529000,-0.238000,-0.848000,-2.809000,-1.420000,-2.153000,30.27
1.101081,0.515000,-0.237000,-0.817000,-3.115000,-0.580000,-1.756000,30.22
1.101551,0.519000,-0.201000,-0.811000,-1.649000,1.450000,-1.252000,30.22
1.101990,0.527000,-0.198000,-0.839000,-2.947000,-1.527000,-1.527000,30.37
1.102417,0.514000,-0.207000,-0.835000,-3.176000,-2.198000,-1.435000,30.18
1.102850,0.514000,-0.212000,-0.822000,-3.053000,-1.450000,-1.527000,30.22
1.103329,0.516000,-0.213000,-0.825000,-3.008000,-1.084000,-1.374000,30.22
1.103797,0.519000,-0.214000,-0.833000,-2.794000,-1.237000,-1.313000,30.27
1.104231,0.527000,-0.193000,-0.823000,-2.901000,-2.504000,-1.878000,30.27
1.104647,0.518000,-0.189000,-0.844000,-2.855000,-4.702000,-1.832000,30.18
1.105075,0.506000,-0.205000,-0.817000,-1.939000,-3.176000,-1.481000,30.22
1.105493,0.522000,-0.228000,-0.830000,-1.954000,-4.031000,-0.748000,30.32
1.105918,0.474000,-0.082000,-0.704000,0.733000,-5.267000,-1.191000,30.18
1.106329,0.558000,-0.212000,-0.833000,-3.603000,-0.595000,-1.695000,30.18
1.106750,0.526000,-0.192000,-0.863000,-1.313000,-2.214000,-0.885000,30.27
1.107159,0.506000,-0.214000,-0.825000,-0.870000,1.359000,-0.870000,30.22
1.107572,0.509000,-0.205000,-0.833000,-1.160000,1.786000,-0.992000,30.22
1.107979,0.508000,-0.207000,-0.827000,-2.061000,3.527000,-0.840000,30.18
1.108486,0.517000,-0.212000,-0.834000,-2.321000,2.260000,-1.053000,30.27
1.109052,0.548000,-0.239000,-0.878000,-8.901000,-1.053000,-1.725000,30.22
1.109512,0.499000,-0.571000,-0.520000,-7.267000,23.267000,-2.031000,30.41
1.109941,0.637000,-0.098000,-0.970000,3.313000,21.725000,-2.397000,30.27
1.110376,0.562000,-0.012000,-1.014000,-1.802000,-8.260000,-2.244000,30.18
1.110832,0.471000,-0.224000,-0.789000,-1.221000,5.710000,-0.702000,30.13
1.111267,0.529000,-0.256000,-0.836000,-3.191000,2.275000,-0.763000,30.32
1.111688,0.508000,-0.220000,-0.822000,-5.893000,3.863000,-1.344000,30.18
1.112104,0.498000,-0.210000,-0.796000,-2.382000,5.863000,-0.321000,30.18
1.112517,0.525000,-0.216000,-0.820000,-0.336000,9.160000,0.046000,30.22
1.112925,0.517000,-0.168000,-0.855000,0.611000,8.198000,0.198000,30.32
1.113340,0.515000,-0.140000,-0.866000,0.550000,4.183000,0.626000,30.22
1.113754,0.510000,-0.187000,-0.839000,0.611000,2.198000,1.023000,30.27
1.114172,0.528000,-0.208000,-0.846000,-1.466000,1.008000,0.076000,30.18
1.114588,0.528000,-0.206000,-0.838000,-2.137000,0.000000,-0.427000,30.32
1.115004,0.526000,-0.211000,-0.836000,-2.580000,-1.893000,-1.160000,30.22
1.115422,0.517000,-0.204000,-0.827000,-4.092000,-1.847000,-1.557000,30.22
1.115857,0.522000,-0.187000,-0.852000,-6.626000,-3.389000,-2.626000,30.18
1.116283,0.514000,-0.172000,-0.844000,-9.313000,-5.756000,-3.298000,30.27
1.116704,0.516000,-0.164000,-0.825000,-7.649000,-8.015000,-3.588000,30.32
1.117114,0.369000,-0.293000,-0.717000,2.565000,-0.656000,2.214000,30.22
1.117531,0.532000,-0.247000,-0.827000,2.763000,-1.435000,-0.992000,30.27
1.117935,0.504000,-0.244000,-0.830000,4.198000,1.954000,0.290000,30.27
1.118360,0.542000,-0.136000,-0.800000,-0.290000,-1.603000,0.000000,30.13
1.118775,0.490000,-0.181000,-0.852000,-1.359000,1.969000,-0.458000,30.32
1.119189,0.521000,-0.210000,-0.829000,-1.328000,3.008000,-0.824000,30.32
1.119599,0.512000,-0.192000,-0.847000,-1.649000,2.794000,-0.718000,30.27
1.120014,0.510000,-0.212000,-0.831000,-1.802000,1.145000,-0.748000,30.18
1.120422,0.508000,-0.208000,-0.824000,-1.802000,2.977000,-0.855000,30.32
1.120992,0.510000,-0.206000,-0.836000,-2.260000,3.618000,-0.992000,30.22
1.121567,0.433000,-0.344000,-0.764000,-7.282000,-0.504000,1.313000,30.27
1.122017,0.417000,-0.347000,-0.698000,-0.290000,19.908000,1.969000,30.18
1.122464,0.539000,-0.116000,-0.872000,-10.748000,-3.191000,-4.504000,30.22
1.122895,0.494000,-0.134000,-0.825000,-7.099000,3.466000,-3.405000,30.22
1.123324,0.503000,-0.175000,-0.843000,-2.962000,3.252000,-1.603000,30.22
1.123748,0.516000,-0.214000,-0.829000,-2.229000,3.420000,-1.237000,30.27
1.124176,0.503000,-0.253000,-0.798000,-1.145000,5.756000,0.168000,30.27
1.124592,0.513000,-0.194000,-0.839000,-0.702000,7.954000,0.122000,30.22
1.125014,0.516000,-0.163000,-0.869000,-1.130000,7.069000,0.046000,30.13
1.125440,0.514000,-0.160000,-0.849000,-2.779000,3.420000,-0.061000,30.27
1.125939,0.519000,-0.145000,-0.857000,-3.817000,1.130000,-0.519000,30.27
1.126420,0.519000,-0.181000,-0.842000,-5.023000,0.015000,-0.718000,30.32
1.126870,0.521000,-0.178000,-0.842000,-5.252000,-1.176000,-1.038000,30.22
1.127313,0.517000,-0.177000,-0.836000,-4.443000,-2.046000,-1.466000,30.32
1.127744,0.513000,-0.190000,-0.827000,-4.366000,-2.427000,-1.634000,30.18
1.128173,0.429000,-0.206000,-0.791000,-0.290000,-2.183000,0.824000,30.32
1.128613,0.549000,-0.209000,-0.938000,-3.939000,-2.992000,-1.038000,30.32
1.129123,0.464000,-0.221000,-0.744000,1.725000,2.504000,0.458000,30.32
1.129559,0.531000,-0.240000,-0.853000,-3.511000,-1.588000,-1.435000,30.18
1.129982,0.498000,-0.217000,-0.810000,-3.466000,0.061000,-1.588000,30.27
1.130405,0.523000,-0.198000,-0.869000,-2.351000,2.534000,-1.466000,30.22
1.130834,0.498000,-0.190000,-0.830000,-1.389000,2.489000,-1.038000,30.22
1.131270,0.509000,-0.192000,-0.832000,-0.229000,2.153000,-0.916000,30.22
1.131705,0.495000,-0.154000,-0.790000,4.412000,5.832000,-0.031000,30.18
1.132125,0.486000,-0.181000,-0.806000,4.870000,3.145000,0.626000,30.27
1.132537,0.531000,-0.210000,-0.864000,2.840000,0.718000,0.015000,30.22
1.132946,0.544000,-0.245000,-0.843000,3.466000,3.847000,0.321000,30.22
1.133351,0.504000,-0.198000,-0.834000,3.924000,3.603000,0.473000,30.22
1.133753,0.508000,-0.209000,-0.845000,1.298000,2.718000,0.183000,30.27
1.134164,0.506000,-0.224000,-0.854000,-0.947000,1.557000,0.107000,30.27
1.134579,0.514000,-0.202000,-0.836000,-1.053000,2.244000,-0.198000,30.22
1.134996,0.505000,-0.199000,-0.836000,-0.626000,2.366000,-0.290000,30.32
1.135412,0.533000,-0.257000,-0.894000,-8.061000,-0.336000,0.733000,30.27
1.135852,0.319000,-0.574000,-0.713000,-0.718000,20.183000,4.901000,30.37
1.136274,0.520000,-0.202000,-0.803000,3.344000,3.771000,0.840000,30.32
1.136713,0.534000,-0.126000,-0.904000,0.122000,3.008000,-1.176000,30.32
1.137150,0.483000,-0.198000,-0.787000,1.405000,3.084000,-0.580000,30.22
1.137569,0.519000,-0.209000,-0.862000,-0.397000,0.168000,-0.641000,30.18
1.137997,0.488000,-0.210000,-0.823000,-1.603000,1.282000,-0.443000,30.18
1.138418,0.514000,-0.213000,-0.826000,0.244000,2.656000,-0.153000,30.22
1.138943,0.490000,-0.198000,-0.822000,-0.137000,3.405000,-0.214000,30.32
1.139482,0.497000,-0.184000,-0.847000,-1.252000,2.702000,-0.366000,30.27
1.139928,0.511000,-0.191000,-0.855000,-0.504000,2.855000,-0.168000,30.27
1.140361,0.507000,-0.217000,-0.841000,-1.328000,2.824000,0.076000,30.27
1.140825,0.505000,-0.212000,-0.835000,-2.565000,2.580000,-0.382000,30.32
1.141262,0.492000,-0.217000,-0.844000,-2.504000,1.374000,-0.534000,30.13
1.141682,0.511000,-0.200000,-0.842000,-2.321000,1.908000,-0.779000,30.27
1.142114,0.499000,-0.198000,-0.831000,-1.420000,2.702000,-0.809000,30.27
1.142531,0.510000,-0.194000,-0.833000,-1.649000,2.275000,-0.840000,30.22
1.142948,0.506000,-0.199000,-0.832000,-0.504000,1.664000,-0.519000,30.32
1.143365,0.517000,-0.218000,-0.825000,-0.427000,2.779000,-0.427000,30.32
1.143782,0.501000,-0.206000,-0.833000,-0.931000,2.412000,-0.885000,30.27
1.144190,0.509000,-0.208000,-0.840000,-1.038000,2.947000,-0.855000,30.18
1.144603,0.494000,-0.213000,-0.821000,-0.595000,3.710000,-0.214000,30.22
1.145028,0.506000,-0.226000,-0.831000,-0.611000,5.115000,0.168000,30.22
1.145449,0.507000,-0.204000,-0.833000,-0.870000,5.740000,-0.290000,30.27
1.145880,0.520000,-0.205000,-0.840000,-0.718000,5.176000,-0.336000,30.18
1.146309,0.523000,-0.196000,-0.881000,-1.817000,1.053000,-0.809000,30.27
1.146733,0.529000,-0.201000,-0.862000,-0.733000,4.122000,-0.916000,30.22
1.147150,0.514000,-0.190000,-0.824000,-1.389000,2.977000,-0.733000,30.22
1.147564,0.501000,-0.192000,-0.836000,-2.870000,1.282000,-0.824000,30.18
1.147979,0.516000,-0.187000,-0.836000,-2.458000,0.473000,-0.901000,30.22
1.148408,0.505000,-0.212000,-0.847000,-4.687000,-1.252000,-0.733000,30.32
1.148928,0.499000,-0.211000,-0.841000,-5.710000,-0.702000,-0.687000,30.22
1.149492,0.505000,-0.208000,-0.848000,-7.771000,-0.824000,-1.542000,30.18
1.149948,0.520000,-0.204000,-0.862000,-9.878000,-2.305000,-3.084000,30.27
1.150407,0.515000,-0.187000,-0.836000,-7.954000,-2.794000,-3.466000,30.22
1.150904,0.523000,-0.182000,-0.880000,-3.557000,-0.427000,-2.565000,30.22
1.151354,0.495000,-0.232000,-0.791000,1.359000,4.153000,-0.580000,30.22
1.151777,0.518000,-0.225000,-0.871000,-0.641000,2.183000,-0.534000,30.18
1.152203,0.516000,-0.260000,-0.896000,0.305000,0.351000,0.153000,30.27
1.152616,0.493000,-0.231000,-0.808000,0.107000,6.198000,0.321000,30.22
1.153036,0.494000,-0.210000,-0.820000,-0.794000,4.260000,-0.229000,30.22
1.153457,0.504000,-0.201000,-0.826000,-1.191000,2.779000,-0.290000,30.27
1.153894,0.508000,-0.209000,-0.846000,-0.962000,2.641000,-0.061000,30.27
1.154687,0.497000,-0.210000,-0.833000,-0.931000,2.504000,-0.153000,30.18
1.155368,0.501000,-0.205000,-0.833000,-0.397000,3.267000,-0.076000,30.22
1.155856,0.503000,-0.218000,-0.834000,-1.847000,2.687000,-0.382000,30.22
1.156681,0.501000,-0.213000,-0.827000,-1.832000,2.794000,-0.626000,30.27
1.157189,0.494000,-0.206000,-0.843000,-1.420000,2.992000,-0.718000,30.27
1.157714,0.500000,-0.213000,-0.834000,-2.107000,2.885000,-1.115000,30.32
1.158184,0.599000,-0.378000,-0.625000,-12.565000,8.565000,-6.321000,30.22
1.158638,0.490000,0.029000,-0.966000,-0.061000,4.260000,-3.130000,30.22
1.159096,0.570000,-0.133000,-0.941000,3.939000,4.489000,-1.038000,30.18
1.160502,0.445000,-0.241000,-0.711000,-0.672000,4.550000,-1.160000,30.18
1.161057,0.490000,-0.332000,-0.874000,-2.916000,6.794000,0.763000,30.22
1.163983,0.456000,-0.201000,-0.750000,3.817000,16.931000,-0.824000,30.22
1.164934,0.539000,-0.239000,-0.842000,1.282000,8.000000,-1.053000,30.27
1.165925,0.502000,-0.183000,-0.838000,2.931000,6.931000,-0.595000,30.27
1.168388,0.507000,-0.186000,-0.874000,-0.519000,2.046000,-0.656000,30.27
1.169768,0.515000,-0.191000,-0.847000,1.511000,6.458000,-0.061000,30.32
1.170995,0.523000,-0.225000,-0.832000,2.153000,5.893000,-0.244000,30.22
1.171791,0.521000,-0.198000,-0.841000,0.840000,2.687000,-0.244000,30.27
1.173606,0.505000,-0.213000,-0.832000,2.244000,4.992000,-0.321000,30.18
1.174120,0.500000,-0.206000,-0.823000,1.389000,4.351000,-0.565000,30.22
1.176303,0.521000,-0.212000,-0.835000,2.092000,5.710000,-0.595000,30.22
1.177172,0.503000,-0.181000,-0.780000,8.198000,10.779000,-0.992000,30.18
1.177724,0.555000,-0.243000,-0.841000,2.489000,7.359000,-1.344000,30.18
1.179258,0.491000,-0.224000,-0.852000,-1.588000,3.649000,-1.634000,30.27
1.179906,0.501000,-0.227000,-0.884000,-3.450000,-1.954000,-1.618000,30.22
1.182215,0.500000,-0.255000,-0.824000,-3.481000,2.473000,-2.107000,30.22
1.183448,0.516000,-0.239000,-0.847000,-6.748000,3.176000,-1.527000,30.37
1.184193,0.530000,-0.191000,-0.864000,-8.290000,-4.977000,-1.328000,30.18
1.185913,0.496000,-0.235000,-0.832000,-5.466000,-2.672000,-0.840000,30.13
1.186494,0.495000,-0.253000,-0.824000,-7.664000,4.107000,-1.282000,30.32
1.186957,0.481000,-0.239000,-0.810000,-4.565000,4.565000,-0.061000,30.32
1.187880,0.516000,-0.232000,-0.846000,-7.023000,-0.947000,-0.046000,30.27
1.188409,0.517000,-0.199000,-0.840000,-4.153000,-4.076000,0.366000,30.22
1.188845,0.488000,-0.225000,-0.800000,-3.191000,3.023000,0.290000,30.22
1.189273,0.525000,-0.159000,-0.848000,-4.305000,0.061000,-0.901000,30.22
1.189702,0.516000,-0.203000,-0.855000,-5.847000,-0.382000,-1.481000,30.27
1.190129,0.507000,-0.206000,-0.808000,-3.389000,0.214000,-1.160000,30.18
1.190548,0.504000,-0.202000,-0.852000,-5.466000,-2.748000,-1.542000,30.32
1.190973,0.510000,-0.194000,-0.879000,-3.847000,1.756000,-1.160000,30.13
1.191382,0.495000,-0.203000,-0.827000,-2.687000,1.588000,-0.504000,30.22
1.191808,0.511000,-0.212000,-0.829000,-3.466000,-0.183000,-0.656000,30.37
1.192221,0.512000,-0.202000,-0.828000,-3.252000,0.046000,-0.733000,30.18
1.192641,0.562000,-0.192000,-0.850000,-4.733000,-2.198000,-2.214000,30.22
1.193063,0.505000,-0.223000,-0.823000,-1.344000,2.382000,-0.656000,30.22
1.193570,0.495000,-0.214000,-0.837000,-2.382000,3.191000,-1.099000,30.18
1.194030,0.503000,-0.198000,-0.835000,-2.031000,3.863000,-1.389000,30.27
1.194461,0.504000,-0.209000,-0.838000,-2.214000,3.206000,-1.221000,30.18
1.195173,0.505000,-0.200000,-0.837000,-2.595000,2.977000,-1.191000,30.22
1.196078,0.506000,-0.207000,-0.843000,-2.733000,2.733000,-1.405000,30.22
1.196991,0.491000,-0.215000,-0.829000,-2.870000,3.282000,-1.481000,30.27
1.198206,0.512000,-0.201000,-0.846000,-2.687000,3.695000,-1.679000,30.18
1.198782,0.500000,-0.203000,-0.834000,-2.885000,3.313000,-1.817000,30.27
1.200115,0.507000,-0.206000,-0.831000,-2.687000,3.130000,-1.695000,30.22
1.200807,0.513000,-0.196000,-0.840000,-3.084000,3.206000,-1.573000,30.32
1.201375,0.510000,-0.203000,-0.836000,-2.840000,3.450000,-1.588000,30.27
1.201843,0.517000,-0.230000,-0.851000,-6.214000,2.473000,-2.336000,30.27
1.202297,0.450000,-0.241000,-0.791000,-5.282000,4.336000,-1.115000,30.22
1.202742,0.504000,-0.187000,-0.796000,-6.489000,1.267000,-3.649000,30.22
1.203168,0.508000,-0.205000,-0.868000,-10.947000,31.573000,-4.534000,30.22
1.203597,0.501000,-0.205000,-0.823000,-4.290000,-12.107000,-3.069000,30.27
1.204025,0.520000,-0.219000,-0.857000,-9.771000,-14.076000,-4.015000,30.27
1.204466,0.522000,-0.254000,-0.829000,-12.229000,-4.962000,-4.870000,30.22
1.204890,0.497000,-0.200000,-0.834000,-8.962000,-4.733000,-4.687000,30.32
1.205488,0.508000,-0.251000,-0.811000,-8.656000,-4.260000,-4.061000,30.22
1.206051,0.482000,-0.078000,-0.810000,-3.038000,7.954000,-3.817000,30.27
1.206490,0.491000,0.000000,-0.891000,10.076000,4.885000,-1.313000,30.27
1.206958,0.483000,-0.100000,-0.836000,20.458000,11.099000,2.626000,30.32
1.207478,0.483000,-0.143000,-0.865000,24.305000,19.603000,5.740000,30.22
1.207961,0.495000,-0.210000,-0.875000,20.244000,17.618000,6.702000,30.27
1.208377,0.531000,-0.403000,-0.919000,3.924000,19.786000,4.763000,30.18
1.208792,0.469000,-0.182000,-0.826000,1.252000,-5.893000,4.427000,30.18
1.209204,0.531000,-0.245000,-0.853000,-2.794000,7.969000,1.588000,30.32
1.209615,0.499000,-0.219000,-0.846000,-1.206000,-4.962000,0.809000,30.22
1.210035,0.505000,-0.190000,-0.823000,-2.076000,3.344000,-0.031000,30.18
1.210451,0.492000,-0.256000,-0.820000,-5.618000,5.496000,-0.534000,30.18
1.210866,0.509000,-0.233000,-0.816000,-6.595000,5.084000,-0.962000,30.22
1.211281,0.494000,-0.189000,-0.833000,-6.748000,3.771000,-1.221000,30.22
1.211694,0.528000,-0.193000,-0.867000,-7.557000,-4.336000,-2.107000,30.22
1.212110,0.493000,-0.208000,-0.817000,-7.878000,4.794000,-3.115000,30.18
1.212532,0.512000,-0.208000,-0.862000,-12.534000,4.107000,-5.252000,30.27
1.212944,0.508000,-0.162000,-0.823000,-13.435000,1.969000,-5.725000,30.32
1.213358,0.520000,-0.185000,-0.850000,-11.237000,0.733000,-5.725000,30.22
1.213770,0.432000,-0.207000,-0.847000,-0.656000,3.588000,-1.802000,30.27
1.214186,0.512000,-0.195000,-0.878000,-0.473000,3.908000,-2.382000,30.27
1.214599,0.488000,-0.198000,-0.830000,1.282000,5.969000,-1.160000,30.18
1.215039,0.510000,-0.212000,-0.843000,-0.763000,3.802000,-0.824000,30.22
1.215595,0.506000,-0.188000,-0.834000,-1.008000,3.282000,-0.885000,30.22
1.216196,0.509000,-0.202000,-0.838000,-1.099000,2.931000,-0.870000,30.27
1.216644,0.509000,-0.194000,-0.845000,-0.748000,4.031000,-0.626000,30.22
1.217097,0.506000,-0.192000,-0.842000,-0.809000,3.206000,-0.595000,30.22
1.217529,0.501000,-0.198000,-0.831000,-0.916000,3.771000,-0.641000,30.22
1.217963,0.512000,-0.193000,-0.838000,-0.992000,3.588000,-0.702000,30.22
1.218373,0.503000,-0.198000,-0.833000,-1.084000,3.588000,-0.733000,30.18
1.218788,0.510000,-0.192000,-0.833000,-0.473000,3.863000,-0.534000,30.22
1.219196,0.384000,-0.367000,-0.653000,-10.870000,-8.534000,3.573000,30.22
1.219608,0.483000,-0.086000,-0.869000,-5.481000,3.237000,-2.794000,30.22
1.220025,0.503000,-0.226000,-0.758000,-1.542000,2.229000,1.481000,30.18
1.220433,0.483000,-0.122000,-0.834000,1.389000,8.092000,0.092000,30.27
1.220841,0.487000,-0.179000,-0.802000,11.420000,7.939000,4.397000,30.22
1.221256,0.506000,-0.206000,-0.816000,19.481000,20.366000,7.740000,30.32
1.221669,0.505000,-0.096000,-0.796000,29.603000,24.489000,8.779000,30.18
1.222092,0.547000,-0.118000,-0.850000,34.885000,24.031000,9.023000,30.18
1.222503,0.542000,-0.114000,-0.838000,35.466000,17.405000,7.420000,30.18
1.222921,0.556000,-0.221000,-0.893000,33.893000,9.725000,5.649000,30.32
1.223334,0.506000,-0.300000,-0.828000,26.748000,6.321000,5.237000,30.22
1.223736,0.488000,-0.345000,-0.844000,14.580000,5.954000,4.321000,30.18
1.224141,0.510000,-0.355000,-0.842000,2.153000,4.061000,2.794000,30.27
1.224549,0.501000,-0.287000,-0.812000,-3.878000,2.779000,1.053000,30.22
1.224965,0.538000,-0.256000,-0.844000,-6.992000,4.473000,0.046000,30.32
1.225482,0.536000,-0.238000,-0.820000,-7.634000,2.427000,-0.244000,30.13
1.226100,0.527000,-0.271000,-0.836000,-10.611000,2.168000,-0.672000,30.27
1.226553,0.531000,-0.280000,-0.833000,-15.313000,-0.687000,-2.092000,30.18
1.227013,0.539000,-0.266000,-0.840000,-20.809000,-4.046000,-4.015000,30.22
1.227472,0.554000,-0.235000,-0.849000,-27.069000,-8.351000,-7.053000,30.22
1.227948,0.588000,-0.114000,-0.841000,-40.824000,-26.824000,-13.878000,30.27
1.228414,0.322000,0.126000,-0.704000,-37.573000,-30.580000,-12.779000,30.27
1.228879,0.521000,-0.145000,-0.912000,-9.618000,-4.107000,-4.305000,30.13
1.229312,0.470000,-0.186000,-0.804000,-4.198000,8.824000,-1.603000,30.32
1.229727,0.518000,-0.203000,-0.852000,-3.389000,5.649000,-0.840000,30.22
1.230146,0.516000,-0.191000,-0.828000,-1.817000,2.748000,-0.550000,30.27
1.230563,0.514000,-0.209000,-0.833000,-1.649000,1.389000,0.046000,30.18
1.230984,0.503000,-0.205000,-0.832000,-2.031000,1.969000,-0.076000,30.32
1.231395,0.503000,-0.212000,-0.846000,-1.832000,1.603000,0.046000,30.22
1.231816,0.506000,-0.202000,-0.833000,-1.115000,1.542000,-0.153000,30.27
1.232235,0.506000,-0.210000,-0.836000,-0.977000,2.427000,-0.061000,30.18
1.232648,0.508000,-0.205000,-0.823000,-1.099000,2.962000,-0.260000,30.13
1.233067,0.510000,-0.216000,-0.840000,-1.450000,2.168000,-0.229000,30.22
1.233487,0.499000,-0.216000,-0.831000,-1.481000,2.321000,-0.427000,30.13
1.233903,0.501000,-0.210000,-0.838000,-1.634000,2.992000,-0.641000,30.27
1.234326,0.505000,-0.218000,-0.830000,-1.954000,3.298000,-1.008000,30.22
1.234752,0.510000,-0.206000,-0.834000,-2.000000,2.870000,-0.977000,30.22
1.235170,0.510000,-0.209000,-0.838000,-2.305000,2.779000,-1.130000,30.22
1.235706,0.508000,-0.210000,-0.842000,-2.321000,2.977000,-1.176000,30.27
1.236275,0.507000,-0.209000,-0.826000,-2.382000,2.824000,-1.176000,30.18
1.236793,0.512000,-0.207000,-0.834000,-2.229000,2.992000,-1.038000,30.22
1.237271,0.513000,-0.207000,-0.834000,-2.366000,2.550000,-1.145000,30.22
1.237714,0.505000,-0.211000,-0.833000,-2.443000,2.412000,-0.763000,30.13
1.238129,0.510000,-0.208000,-0.833000,-2.305000,2.183000,-0.779000,30.27
1.238565,0.510000,-0.201000,-0.836000,-2.397000,2.458000,-0.962000,30.18
1.238978,0.507000,-0.202000,-0.833000,-2.366000,2.443000,-0.824000,30.22
1.239397,0.500000,-0.205000,-0.836000,-2.000000,2.321000,-0.824000,30.22
1.239826,0.510000,-0.207000,-0.840000,-1.954000,2.229000,-0.809000,30.22
1.240241,0.510000,-0.206000,-0.830000,-2.137000,2.366000,-0.809000,30.27
1.240647,0.507000,-0.207000,-0.836000,-2.137000,2.244000,-0.763000,30.08
1.241068,0.511000,-0.206000,-0.833000,-2.443000,2.260000,-0.809000,30.22
1.241488,0.515000,-0.204000,-0.841000,-2.122000,1.954000,-0.565000,30.22
1.241904,0.510000,-0.208000,-0.837000,-2.412000,1.939000,-0.626000,30.27
1.242316,0.511000,-0.209000,-0.836000,-2.351000,1.740000,-0.595000,30.18
1.242728,0.505000,-0.202000,-0.835000,-2.489000,1.450000,-0.519000,30.18
1.243141,0.511000,-0.213000,-0.833000,-2.550000,1.069000,-0.595000,30.22
1.243551,0.507000,-0.205000,-0.832000,-2.977000,0.748000,-0.687000,30.22
1.243970,0.506000,-0.213000,-0.837000,-2.885000,0.504000,-0.779000,30.18
1.244384,0.508000,-0.212000,-0.833000,-3.252000,0.733000,-0.779000,30.18
1.244807,0.499000,-0.212000,-0.836000,-3.466000,0.733000,-0.779000,30.22
1.245218,0.500000,-0.204000,-0.836000,-3.527000,0.702000,-0.947000,30.22
1.245679,0.507000,-0.211000,-0.841000,-3.725000,0.748000,-1.130000,30.18
1.246099,0.500000,-0.205000,-0.845000,-3.817000,0.809000,-1.130000,30.27
1.246519,0.505000,-0.202000,-0.841000,-3.847000,1.053000,-1.374000,30.27
1.246942,0.503000,-0.210000,-0.847000,-4.046000,1.145000,-1.237000,30.22
1.247356,0.503000,-0.205000,-0.838000,-3.939000,1.374000,-1.359000,30.22
1.247775,0.502000,-0.205000,-0.834000,-4.000000,1.267000,-1.481000,30.18
1.248196,0.502000,-0.202000,-0.852000,-3.802000,1.496000,-1.481000,30.27
1.248617,0.510000,-0.205000,-0.845000,-3.664000,1.450000,-1.221000,30.22
1.249043,0.493000,-0.197000,-0.848000,-3.450000,1.710000,-1.252000,30.13
1.249454,0.499000,-0.204000,-0.840000,-3.206000,1.557000,-1.084000,30.22
1.249890,0.500000,-0.203000,-0.843000,-3.344000,1.573000,-1.038000,30.27
1.250308,0.508000,-0.200000,-0.849000,-3.221000,1.847000,-1.344000,30.18
1.250726,0.502000,-0.200000,-0.838000,-3.053000,1.679000,-1.038000,30.22
1.251138,0.502000,-0.198000,-0.841000,-3.069000,1.740000,-1.084000,30.22
1.251560,0.508000,-0.198000,-0.833000,-2.733000,2.000000,-0.992000,30.37
1.251979,0.497000,-0.202000,-0.839000,-2.916000,1.893000,-0.901000,30.27
1.252391,0.495000,-0.200000,-0.837000,-2.840000,2.061000,-0.962000,30.27
1.252797,0.508000,-0.203000,-0.840000,-2.702000,1.969000,-0.855000,30.13
1.253212,0.506000,-0.202000,-0.840000,-2.443000,2.382000,-1.069000,30.13
1.253636,0.504000,-0.201000,-0.847000,-2.718000,2.107000,-0.870000,30.27
1.254054,0.504000,-0.198000,-0.849000,-2.443000,2.305000,-1.008000,30.22
1.254471,0.504000,-0.199000,-0.840000,-2.092000,2.122000,-0.687000,30.22
1.254898,0.509000,-0.194000,-0.840000,-1.878000,2.534000,-0.748000,30.22
1.255319,0.499000,-0.193000,-0.837000,-1.939000,2.504000,-0.702000,30.22
1.255888,0.503000,-0.205000,-0.837000,-1.786000,2.290000,-0.458000,30.18
1.256536,0.498000,-0.198000,-0.849000,-1.496000,2.229000,-0.321000,30.22
1.256966,0.500000,-0.198000,-0.846000,-1.160000,2.336000,-0.397000,30.22
1.257380,0.498000,-0.200000,-0.842000,-0.992000,2.489000,-0.137000,30.22
1.257797,0.500000,-0.202000,-0.845000,-1.420000,2.626000,-0.427000,30.18
1.258218,0.504000,-0.206000,-0.835000,-1.252000,2.855000,-0.275000,30.27
1.258628,0.496000,-0.203000,-0.841000,-1.344000,2.931000,-0.489000,30.13
1.259048,0.498000,-0.203000,-0.840000,-1.389000,2.916000,-0.321000,30.32
1.259464,0.502000,-0.202000,-0.838000,-1.405000,2.763000,-0.626000,30.22
1.259888,0.494000,-0.200000,-0.847000,-1.450000,3.115000,-0.641000,30.27
1.260298,0.502000,-0.199000,-0.842000,-1.679000,3.053000,-0.702000,30.27
1.260733,0.503000,-0.199000,-0.844000,-1.725000,3.069000,-0.779000,30.32
1.261152,0.501000,-0.203000,-0.841000,-2.031000,2.840000,-0.901000,30.22
1.261571,0.498000,-0.204000,-0.838000,-2.198000,2.901000,-1.008000,30.32
1.262123,0.496000,-0.202000,-0.837000,-2.153000,3.084000,-0.947000,30.18
1.262541,0.500000,-0.205000,-0.832000,-2.366000,2.931000,-1.206000,30.18
1.262954,0.500000,-0.199000,-0.847000,-2.427000,3.008000,-1.038000,30.32
1.263371,0.502000,-0.201000,-0.840000,-2.504000,2.901000,-1.252000,30.22
1.263789,0.502000,-0.200000,-0.844000,-2.275000,2.977000,-1.053000,30.18
1.264210,0.503000,-0.208000,-0.835000,-2.260000,2.824000,-0.947000,30.27
1.264622,0.501000,-0.211000,-0.842000,-2.473000,2.687000,-1.023000,30.27
1.265045,0.501000,-0.200000,-0.837000,-2.504000,3.038000,-1.298000,30.22
1.265531,0.503000,-0.209000,-0.839000,-2.733000,2.992000,-1.634000,30.22
1.266136,0.494000,-0.202000,-0.837000,-3.160000,2.855000,-1.466000,30.27
1.266579,0.507000,-0.202000,-0.843000,-3.237000,2.992000,-1.817000,30.27
1.267007,0.501000,-0.207000,-0.842000,-3.359000,2.824000,-1.847000,30.32
1.267434,0.501000,-0.191000,-0.837000,-4.015000,2.382000,-2.046000,30.22
1.267854,0.515000,-0.240000,-0.838000,-3.573000,2.702000,-1.588000,30.08
1.268278,0.516000,-0.173000,-0.860000,-3.282000,0.702000,-1.588000,30.27
1.268740,0.494000,-0.195000,-0.873000,-3.756000,1.618000,-1.389000,30.18
1.269170,0.506000,-0.182000,-0.832000,-3.023000,3.466000,-1.176000,30.22
1.269590,0.511000,-0.185000,-0.829000,-3.405000,1.160000,-0.992000,30.13
1.270013,0.501000,-0.187000,-0.843000,-2.855000,1.282000,-0.962000,30.18
1.270518,0.487000,-0.191000,-0.849000,-2.962000,1.695000,-0.794000,30.27
1.271073,0.500000,-0.188000,-0.830000,-2.153000,1.832000,-0.550000,30.22
1.271503,0.505000,-0.188000,-0.846000,-2.198000,1.130000,-0.275000,30.22
1.271924,0.501000,-0.190000,-0.840000,-2.061000,1.176000,-0.229000,30.27
1.272346,0.500000,-0.196000,-0.850000,-1.695000,1.069000,-0.153000,30.27
1.272774,0.499000,-0.197000,-0.844000,-1.649000,1.130000,-0.229000,30.18
1.273190,0.501000,-0.197000,-0.850000,-1.740000,1.023000,-0.046000,30.22
1.273607,0.490000,-0.198000,-0.838000,-1.985000,1.115000,-0.290000,30.13
1.274022,0.490000,-0.204000,-0.836000,-1.954000,1.405000,-0.595000,30.27
1.274442,0.488000,-0.202000,-0.839000,-2.198000,2.153000,-1.221000,30.27
1.274865,0.490000,-0.199000,-0.853000,-2.550000,2.733000,-1.267000,30.27
1.275276,0.499000,-0.201000,-0.841000,-2.626000,2.641000,-1.557000,30.32
1.275756,0.497000,-0.192000,-0.844000,-2.473000,2.794000,-1.557000,30.22
1.276289,0.501000,-0.190000,-0.844000,-2.244000,3.008000,-1.252000,30.27
1.276730,0.496000,-0.198000,-0.848000,-2.260000,3.038000,-1.252000,30.22
1.277141,0.498000,-0.197000,-0.846000,-1.802000,3.344000,-1.267000,30.32
1.277554,0.490000,-0.189000,-0.839000,-1.756000,3.435000,-1.160000,30.22
1.277968,0.501000,-0.190000,-0.850000,-1.695000,3.618000,-1.099000,30.32
1.278385,0.495000,-0.191000,-0.844000,-1.374000,3.328000,-0.901000,30.18
1.278796,0.499000,-0.189000,-0.836000,-1.221000,3.359000,-0.824000,30.32
1.279208,0.497000,-0.190000,-0.841000,-1.069000,3.359000,-0.641000,30.22
1.279620,0.496000,-0.194000,-0.860000,-0.870000,3.282000,-0.412000,30.22
1.280040,0.497000,-0.199000,-0.840000,-1.053000,3.328000,-0.595000,30.27
1.280455,0.496000,-0.198000,-0.843000,-0.885000,3.099000,-0.565000,30.27
1.280867,0.498000,-0.193000,-0.844000,-0.840000,3.084000,-0.443000,30.22
1.281287,0.500000,-0.187000,-0.835000,-0.565000,2.931000,-0.397000,30.32
1.281705,0.497000,-0.196000,-0.846000,-0.672000,2.885000,-0.305000,30.22
1.282114,0.493000,-0.194000,-0.846000,-0.504000,3.053000,-0.290000,30.18
1.282543,0.492000,-0.194000,-0.837000,-0.412000,3.313000,-0.290000,30.27
1.282951,0.494000,-0.196000,-0.844000,-0.641000,3.389000,-0.305000,30.22
1.283373,0.499000,-0.199000,-0.848000,-0.824000,3.649000,-0.580000,30.32
1.283783,0.506000,-0.202000,-0.844000,-0.718000,3.802000,-0.580000,30.22
1.284207,0.501000,-0.204000,-0.850000,-0.641000,3.160000,-0.473000,30.18
1.284619,0.506000,-0.194000,-0.838000,-0.718000,3.084000,-0.473000,30.27
1.285176,0.498000,-0.193000,-0.843000,-0.763000,3.069000,-0.351000,30.22
1.285808,0.501000,-0.199000,-0.845000,-0.748000,2.962000,-0.382000,30.22
1.286275,0.506000,-0.197000,-0.845000,-0.733000,2.809000,-0.366000,30.22
1.286807,0.499000,-0.202000,-0.841000,-0.855000,2.992000,-0.458000,30.27
1.287341,0.502000,-0.203000,-0.838000,-0.794000,3.038000,-0.580000,30.27
1.287779,0.500000,-0.200000,-0.845000,-0.977000,2.901000,-0.443000,30.22
1.288193,0.493000,-0.202000,-0.842000,-0.855000,2.641000,-0.397000,30.22
1.288608,0.499000,-0.203000,-0.837000,-0.992000,2.580000,-0.458000,30.18
1.289023,0.494000,-0.199000,-0.845000,-1.359000,2.397000,-0.382000,30.27
1.289445,0.499000,-0.201000,-0.842000,-1.359000,2.321000,-0.550000,30.27
1.289854,0.501000,-0.203000,-0.848000,-1.389000,2.260000,-0.366000,30.22
1.290264,0.500000,-0.198000,-0.847000,-1.435000,2.321000,-0.305000,30.22
1.290680,0.500000,-0.202000,-0.844000,-1.573000,2.260000,-0.458000,30.27
1.291093,0.504000,-0.204000,-0.844000,-1.496000,2.214000,-0.412000,30.27
1.291498,0.501000,-0.200000,-0.843000,-1.389000,2.260000,-0.382000,30.22
1.291913,0.500000,-0.196000,-0.843000,-1.145000,2.534000,-0.198000,30.22
1.292325,0.505000,-0.195000,-0.843000,-1.023000,2.412000,-0.214000,30.22
1.292737,0.498000,-0.199000,-0.850000,-0.885000,2.397000,-0.198000,30.27
1.293151,0.499000,-0.197000,-0.845000,-0.702000,2.351000,-0.137000,30.18
1.293570,0.496000,-0.209000,-0.840000,-0.733000,2.534000,-0.061000,30.22
1.293988,0.493000,-0.199000,-0.843000,-0.779000,2.672000,-0.137000,30.22
1.294396,0.498000,-0.198000,-0.851000,-0.687000,2.901000,-0.290000,30.13
1.294809,0.498000,-0.200000,-0.846000,-0.977000,2.870000,-0.214000,30.18
1.295220,0.500000,-0.205000,-0.840000,-0.885000,2.748000,-0.351000,30.18
1.295766,0.493000,-0.204000,-0.846000,-0.947000,2.748000,-0.290000,30.22
1.296380,0.498000,-0.206000,-0.839000,-1.084000,2.763000,-0.443000,30.22
1.296805,0.494000,-0.201000,-0.848000,-0.931000,2.656000,-0.519000,30.27
1.297222,0.493000,-0.210000,-0.849000,-1.710000,2.382000,-0.779000,30.18
1.297639,0.493000,-0.205000,-0.835000,-1.313000,2.748000,-0.550000,30.18
1.298057,0.496000,-0.194000,-0.844000,-0.885000,2.519000,-0.565000,30.22
1.298472,0.493000,-0.186000,-0.849000,-1.221000,2.687000,-0.626000,30.22
1.298891,0.497000,-0.202000,-0.836000,-1.038000,2.824000,-0.855000,30.27
1.299300,0.506000,-0.218000,-0.833000,-1.130000,2.443000,-0.885000,30.27
1.299722,0.498000,-0.206000,-0.844000,-1.221000,2.382000,-0.656000,30.27
1.300134,0.489000,-0.207000,-0.841000,-1.267000,2.748000,-0.916000,30.22
1.300543,0.493000,-0.212000,-0.835000,-1.466000,2.580000,-0.870000,30.22
1.300968,0.495000,-0.197000,-0.851000,-1.389000,2.840000,-0.809000,30.18
1.301395,0.488000,-0.205000,-0.842000,-1.191000,2.672000,-0.855000,30.27
1.301820,0.494000,-0.197000,-0.849000,-0.901000,2.290000,-0.595000,30.22
1.302235,0.506000,-0.200000,-0.848000,-0.260000,0.779000,-0.458000,30.32
1.302654,0.501000,-0.203000,-0.843000,-0.229000,0.870000,-0.534000,30.22
1.303073,0.490000,-0.203000,-0.848000,-0.809000,2.260000,-0.641000,30.18
1.303482,0.486000,-0.216000,-0.835000,-1.145000,5.878000,-1.023000,30.27
1.303912,0.491000,-0.215000,-0.842000,-0.336000,2.107000,-0.947000,30.22
1.304451,0.497000,-0.200000,-0.858000,-0.855000,1.084000,-0.992000,30.22
1.305040,0.506000,-0.207000,-0.844000,-1.206000,3.221000,-1.038000,30.27
1.305489,0.500000,-0.205000,-0.850000,-0.931000,3.420000,-1.145000,30.27
1.305922,0.490000,-0.202000,-0.843000,-0.977000,3.435000,-1.038000,30.18
1.306391,0.486000,-0.195000,-0.841000,-1.023000,2.779000,-1.130000,30.13
1.306925,0.491000,-0.199000,-0.857000,-0.550000,2.626000,-1.405000,30.32
1.307366,0.496000,-0.198000,-0.834000,-0.794000,4.397000,-1.527000,30.27
1.307786,0.496000,-0.193000,-0.839000,-0.198000,4.092000,-1.191000,30.22
1.308202,0.496000,-0.208000,-0.847000,0.305000,3.710000,-1.176000,30.32
1.308613,0.489000,-0.199000,-0.834000,-0.260000,3.847000,-1.206000,30.22
1.309029,0.490000,-0.199000,-0.851000,-0.061000,2.824000,-1.450000,30.22
1.309440,0.498000,-0.208000,-0.849000,0.824000,4.336000,-1.267000,30.18
1.309852,0.496000,-0.198000,-0.848000,0.885000,4.519000,-1.160000,30.22
1.310268,0.491000,-0.193000,-0.850000,1.588000,5.008000,-0.809000,30.22
1.310682,0.488000,-0.191000,-0.850000,1.969000,3.863000,-0.626000,30.22
1.311092,0.504000,-0.209000,-0.849000,2.244000,5.557000,-0.427000,30.18
1.311511,0.494000,-0.211000,-0.840000,2.656000,5.588000,-0.870000,30.27
1.311927,0.492000,-0.203000,-0.840000,2.397000,5.725000,-0.901000,30.32
1.312343,0.507000,-0.194000,-0.838000,1.908000,5.359000,-0.489000,30.22
1.312753,0.500000,-0.219000,-0.844000,2.748000,5.466000,-0.489000,30.22
1.313163,0.485000,-0.207000,-0.843000,3.099000,5.511000,-0.504000,30.18
1.313581,0.481000,-0.210000,-0.833000,3.160000,5.618000,-0.687000,30.18
1.314000,0.496000,-0.216000,-0.828000,3.618000,6.092000,-0.947000,30.22
1.314410,0.500000,-0.226000,-0.825000,3.115000,6.229000,-1.282000,30.22
1.314822,0.492000,-0.224000,-0.832000,1.863000,6.351000,-1.832000,30.18
1.315232,0.501000,-0.228000,-0.830000,0.183000,6.595000,-2.916000,30.18
1.315642,0.502000,-0.228000,-0.833000,-0.366000,6.412000,-3.191000,30.27
1.316050,0.506000,-0.220000,-0.833000,0.366000,6.595000,-3.252000,30.22
1.316683,0.505000,-0.222000,-0.825000,-0.962000,5.679000,-3.053000,30.22
1.317207,0.523000,-0.225000,-0.823000,0.000000,5.908000,-3.145000,30.27
1.317709,0.510000,-0.202000,-0.837000,0.534000,5.634000,-2.534000,30.18
1.318167,0.515000,-0.209000,-0.838000,0.992000,5.786000,-2.275000,30.22
1.318594,0.511000,-0.203000,-0.854000,1.099000,4.641000,-1.786000,30.22
1.319021,0.504000,-0.202000,-0.838000,1.374000,4.595000,-1.466000,30.27
1.319454,0.516000,-0.193000,-0.838000,2.382000,4.809000,-0.885000,30.27
1.319919,0.514000,-0.194000,-0.842000,3.786000,5.359000,0.198000,30.27
1.320405,0.503000,-0.203000,-0.837000,4.611000,4.565000,0.977000,30.22
1.320848,0.510000,-0.208000,-0.829000,5.481000,5.038000,1.466000,30.22
1.321255,0.500000,-0.226000,-0.833000,5.374000,5.115000,1.252000,30.18
1.321661,0.513000,-0.230000,-0.837000,4.504000,5.252000,1.023000,30.27
1.322067,0.528000,-0.233000,-0.828000,4.183000,4.137000,0.534000,30.22
1.322474,0.519000,-0.225000,-0.836000,3.954000,3.267000,0.794000,30.22
1.322879,0.513000,-0.220000,-0.819000,3.817000,3.237000,1.038000,30.32
1.323283,0.511000,-0.208000,-0.846000,4.702000,2.702000,1.817000,30.27
1.323688,0.510000,-0.210000,-0.846000,5.542000,3.221000,2.565000,30.18
1.324098,0.521000,-0.228000,-0.834000,6.153000,4.046000,3.344000,30.22
1.324511,0.500000,-0.237000,-0.813000,6.229000,4.489000,3.954000,30.13
1.324917,0.490000,-0.240000,-0.837000,6.519000,5.130000,3.893000,30.27
1.325323,0.521000,-0.238000,-0.822000,6.504000,6.382000,3.969000,30.22
1.325725,0.515000,-0.244000,-0.837000,6.809000,6.031000,3.969000,30.22
1.326206,0.515000,-0.260000,-0.823000,6.473000,4.901000,3.664000,30.22
1.326819,0.518000,-0.257000,-0.832000,5.634000,5.740000,3.115000,30.22
1.327291,0.512000,-0.257000,-0.837000,4.626000,5.221000,2.641000,30.27
1.327722,0.516000,-0.258000,-0.829000,3.206000,5.145000,1.634000,30.22
1.328174,0.507000,-0.260000,-0.809000,1.527000,7.496000,0.626000,30.22
1.328690,0.506000,-0.260000,-0.827000,0.183000,5.344000,0.168000,30.13
1.329130,0.513000,-0.255000,-0.817000,-1.405000,3.466000,-0.779000,30.27
1.329538,0.511000,-0.255000,-0.830000,-2.733000,3.374000,-1.695000,30.18
1.329963,0.511000,-0.244000,-0.824000,-3.023000,2.885000,-1.924000,30.22
1.330377,0.512000,-0.251000,-0.830000,-3.099000,2.718000,-1.847000,30.13
1.330791,0.509000,-0.225000,-0.817000,-2.382000,1.893000,-1.038000,30.22
1.331204,0.517000,-0.236000,-0.824000,-1.771000,1.237000,-0.718000,30.27
1.331615,0.505000,-0.249000,-0.828000,-1.695000,1.924000,-0.534000,30.18
1.332026,0.505000,-0.246000,-0.824000,-2.168000,2.580000,-1.115000,30.13
1.332438,0.501000,-0.255000,-0.816000,-2.870000,2.916000,-1.817000,30.22
1.332860,0.502000,-0.257000,-0.818000,-3.771000,3.542000,-2.626000,30.22
1.333273,0.504000,-0.251000,-0.810000,-4.763000,5.603000,-3.023000,30.37
1.333678,0.499000,-0.237000,-0.812000,-5.252000,5.634000,-3.389000,30.18
1.334094,0.508000,-0.240000,-0.828000,-4.901000,1.573000,-3.878000,30.22
1.334504,0.502000,-0.253000,-0.828000,-5.527000,1.374000,-4.489000,30.22
1.334914,0.508000,-0.241000,-0.823000,-6.366000,2.916000,-4.977000,30.27
1.335330,0.508000,-0.236000,-0.820000,-6.992000,2.748000,-5.206000,30.18
1.335741,0.508000,-0.237000,-0.823000,-7.359000,3.084000,-5.298000,30.22
1.336147,0.504000,-0.245000,-0.824000,-7.588000,2.351000,-6.092000,30.32
1.336591,0.514000,-0.227000,-0.828000,-7.771000,1.924000,-6.336000,30.32
1.337016,0.513000,-0.219000,-0.837000,-7.664000,2.687000,-5.893000,30.27
1.337444,0.516000,-0.232000,-0.832000,-7.802000,3.115000,-6.031000,30.27
1.337863,0.514000,-0.238000,-0.833000,-7.893000,3.389000,-6.153000,30.32
1.338287,0.524000,-0.221000,-0.828000,-8.046000,2.473000,-6.122000,30.22
1.338701,0.525000,-0.226000,-0.829000,-8.412000,2.244000,-6.229000,30.18
1.339110,0.512000,-0.225000,-0.826000,-8.427000,1.634000,-6.137000,30.27
1.339530,0.508000,-0.222000,-0.832000,-8.443000,1.053000,-6.198000,30.13
1.339943,0.512000,-0.221000,-0.829000,-8.733000,1.634000,-6.260000,30.22
1.340355,0.509000,-0.218000,-0.835000,-8.809000,1.374000,-6.290000,30.27
1.340768,0.511000,-0.211000,-0.830000,-8.412000,1.954000,-6.153000,30.27
1.341180,0.504000,-0.213000,-0.829000,-8.702000,1.634000,-6.321000,30.27
1.341600,0.516000,-0.207000,-0.838000,-8.427000,1.359000,-5.863000,30.32
1.342031,0.519000,-0.209000,-0.843000,-8.122000,0.947000,-5.344000,30.22
1.342438,0.508000,-0.211000,-0.833000,-7.924000,1.115000,-5.496000,30.27
1.342864,0.513000,-0.208000,-0.837000,-7.649000,0.931000,-5.191000,30.22
1.343286,0.513000,-0.212000,-0.830000,-7.908000,1.053000,-5.527000,30.32
1.343700,0.518000,-0.210000,-0.830000,-8.229000,1.023000,-5.282000,30.22
1.344108,0.512000,-0.221000,-0.837000,-7.756000,0.870000,-4.015000,30.18
1.344526,0.561000,-0.185000,-0.889000,-8.336000,-0.748000,-5.756000,30.27
1.344954,0.515000,-0.200000,-0.843000,-8.168000,-0.977000,-5.893000,30.32
1.345378,0.521000,-0.214000,-0.841000,-9.160000,0.962000,-5.878000,30.22
1.345786,0.521000,-0.207000,-0.847000,-9.023000,0.809000,-6.000000,30.22
1.346207,0.513000,-0.203000,-0.836000,-9.191000,1.786000,-6.015000,30.27
1.346862,0.522000,-0.189000,-0.841000,-8.916000,0.947000,-5.985000,30.18
1.347297,0.517000,-0.198000,-0.833000,-9.008000,1.374000,-5.695000,30.13
1.347707,0.519000,-0.202000,-0.843000,-8.992000,1.435000,-5.557000,30.32
1.348120,0.519000,-0.201000,-0.843000,-8.992000,1.466000,-5.496000,30.27
1.348531,0.514000,-0.192000,-0.847000,-9.328000,1.237000,-5.557000,30.27
1.348942,0.512000,-0.203000,-0.844000,-9.496000,1.344000,-5.435000,30.27
1.349357,0.521000,-0.196000,-0.839000,-10.229000,0.870000,-5.481000,30.22
1.349771,0.516000,-0.189000,-0.857000,-10.458000,0.351000,-5.634000,30.32
1.350184,0.517000,-0.179000,-0.844000,-10.275000,0.305000,-5.160000,30.18
1.350600,0.518000,-0.172000,-0.849000,-9.939000,0.000000,-4.687000,30.27
1.351017,0.520000,-0.171000,-0.844000,-9.802000,-0.656000,-4.092000,30.22
1.351426,0.528000,-0.176000,-0.849000,-9.573000,-1.191000,-3.221000,30.22
1.351875,0.531000,-0.154000,-0.857000,-8.611000,-1.786000,-2.244000,30.27
1.352311,0.529000,-0.159000,-0.858000,-8.107000,-2.565000,-1.053000,30.18
1.352741,0.520000,-0.173000,-0.853000,-7.542000,-3.618000,-0.031000,30.18
1.353157,0.504000,-0.166000,-0.854000,-6.672000,-4.137000,0.656000,30.22
1.353568,0.497000,-0.180000,-0.866000,-7.145000,-3.435000,0.992000,30.22
1.354010,0.486000,-0.201000,-0.852000,-8.015000,-2.412000,0.580000,30.27
1.354551,0.475000,-0.228000,-0.857000,-9.710000,-0.855000,-0.015000,30.18
1.355150,0.488000,-0.219000,-0.843000,-11.496000,0.855000,-0.427000,30.22
1.355595,0.495000,-0.195000,-0.862000,-13.252000,1.954000,-0.351000,30.32
1.356060,0.489000,-0.174000,-0.841000,-12.550000,3.756000,-1.511000,30.22
1.356508,0.512000,-0.134000,-0.870000,-12.427000,3.603000,-0.718000,30.18
1.356983,0.519000,-0.141000,-0.864000,-10.641000,4.656000,1.298000,30.18
1.357409,0.505000,-0.186000,-0.869000,-12.779000,6.687000,5.985000,30.22
1.357832,0.405000,-0.349000,-0.868000,-17.237000,13.954000,15.313000,30.22
1.358265,0.496000,-0.154000,-0.847000,-17.527000,11.832000,20.656000,30.27
1.358688,0.522000,-0.189000,-0.834000,-25.237000,16.382000,30.626000,30.27
1.359106,0.521000,-0.278000,-0.810000,-30.641000,21.878000,45.053000,30.27
1.359527,0.507000,-0.307000,-0.805000,-40.336000,24.046000,62.321000,30.32
1.360123,0.505000,-0.296000,-0.812000,-48.656000,28.931000,80.565000,30.22
1.360546,0.509000,-0.320000,-0.780000,-55.420000,33.145000,99.282000,30.27
1.360978,0.506000,-0.202000,-0.824000,-63.359000,32.504000,113.267000,30.22
1.361397,0.515000,-0.155000,-0.831000,-66.290000,34.809000,125.634000,30.22
1.361853,0.535000,-0.148000,-0.824000,-68.763000,35.832000,135.573000,30.22
1.362363,0.564000,-0.166000,-0.815000,-71.344000,35.969000,145.374000,30.22
1.362829,0.604000,-0.199000,-0.806000,-73.130000,37.313000,154.779000,30.27
1.363290,0.637000,-0.207000,-0.792000,-75.603000,38.931000,164.015000,30.32
1.363753,0.648000,-0.190000,-0.762000,-78.489000,40.809000,171.481000,30.22
1.364208,0.671000,-0.188000,-0.730000,-81.817000,42.168000,176.962000,30.22
1.364754,0.681000,-0.171000,-0.738000,-83.374000,43.053000,181.221000,30.37
1.365398,0.678000,-0.146000,-0.781000,-84.611000,43.389000,182.382000,30.18
1.365843,0.659000,-0.118000,-0.769000,-86.137000,42.260000,180.214000,30.32
1.366275,0.631000,-0.095000,-0.757000,-89.634000,39.573000,174.427000,30.22
1.366801,0.644000,-0.077000,-0.782000,-93.450000,36.870000,165.084000,30.13
1.367409,0.633000,-0.012000,-0.789000,-94.916000,33.221000,153.664000,30.18
1.367860,0.623000,0.059000,-0.794000,-86.885000,30.718000,141.359000,30.18
1.368313,0.634000,0.034000,-0.776000,-82.687000,27.740000,128.656000,30.22
1.368765,0.633000,-0.024000,-0.776000,-79.710000,25.695000,116.290000,30.32
1.369212,0.624000,-0.033000,-0.782000,-73.130000,24.794000,105.771000,30.27
1.369667,0.648000,-0.050000,-0.776000,-63.282000,27.389000,97.573000,30.18
1.370113,0.612000,-0.155000,-0.694000,-70.427000,23.282000,87.893000,30.22
1.370616,0.615000,-0.128000,-0.799000,-63.939000,28.260000,80.595000,30.22
1.371074,0.600000,-0.151000,-0.780000,-56.122000,27.344000,74.809000,30.32
1.371500,0.596000,-0.214000,-0.806000,-56.061000,25.008000,67.893000,30.27
1.371935,0.518000,-0.206000,-0.813000,-54.260000,25.679000,61.206000,30.18
1.372360,0.496000,-0.194000,-0.850000,-47.221000,27.298000,55.664000,30.22
1.372792,0.475000,-0.207000,-0.855000,-42.000000,26.443000,50.000000,30.13
1.373217,0.423000,-0.148000,-0.906000,-35.481000,22.321000,44.076000,30.13
1.373638,0.364000,-0.148000,-0.916000,-25.985000,19.908000,37.405000,30.27
1.374067,0.320000,-0.157000,-0.958000,-17.450000,17.817000,29.817000,30.27
1.374601,0.292000,-0.154000,-1.009000,-11.053000,14.092000,21.786000,30.22
1.375220,0.274000,-0.145000,-1.028000,-3.847000,8.840000,14.534000,30.22
1.375659,0.248000,-0.160000,-1.031000,1.115000,2.550000,8.565000,30.27
1.376082,0.256000,-0.210000,-1.019000,4.550000,-1.099000,4.489000,30.27
1.376530,0.254000,-0.256000,-1.007000,4.260000,-5.847000,2.107000,30.22
1.377037,0.273000,-0.298000,-0.995000,1.939000,-10.137000,1.084000,30.32
1.377487,0.382000,-0.265000,-0.923000,-1.649000,-11.115000,2.260000,30.18
1.377945,0.412000,-0.226000,-0.715000,-2.107000,-5.206000,6.702000,30.18
1.378390,0.552000,-0.190000,-0.761000,-1.664000,1.405000,11.679000,30.27
1.378832,0.548000,-0.060000,-0.847000,-0.809000,0.168000,13.740000,30.22
1.379245,0.538000,-0.031000,-0.870000,4.672000,-3.405000,13.435000,30.22
1.379651,0.482000,-0.046000,-0.865000,8.718000,-5.237000,10.489000,30.18
1.380074,0.453000,-0.156000,-0.840000,10.718000,-5.618000,8.107000,30.32
1.380483,0.457000,-0.259000,-0.814000,9.695000,-2.412000,7.221000,30.22
1.380903,0.469000,-0.283000,-0.789000,3.405000,-2.901000,5.237000,30.22
1.381319,0.475000,-0.214000,-0.813000,-1.573000,-5.466000,2.794000,30.22
1.381741,0.483000,-0.190000,-0.833000,-5.466000,-6.107000,-0.412000,30.18
1.382157,0.476000,-0.192000,-0.819000,-8.244000,-6.840000,-1.252000,30.32
1.382578,0.469000,-0.206000,-0.812000,-11.954000,-9.038000,-3.847000,30.32
1.383002,0.491000,-0.213000,-0.871000,-12.916000,-5.664000,-4.672000,30.13
1.383417,0.491000,-0.189000,-0.877000,-11.496000,-3.313000,-4.626000,30.18
1.383839,0.514000,-0.210000,-0.887000,-9.405000,-2.137000,-4.092000,30.18
1.384256,0.524000,-0.207000,-0.875000,-6.382000,-2.290000,-2.840000,30.32
1.384787,0.526000,-0.199000,-0.876000,-3.588000,-0.534000,-1.435000,30.13
1.385373,0.509000,-0.201000,-0.867000,-1.542000,0.809000,-0.550000,30.32
1.385811,0.502000,-0.217000,-0.857000,-0.626000,0.947000,0.061000,30.18
1.386242,0.494000,-0.215000,-0.846000,0.107000,1.176000,0.244000,30.27
1.386705,0.493000,-0.205000,-0.849000,0.351000,0.824000,0.443000,30.32
1.387143,0.488000,-0.211000,-0.847000,0.718000,0.427000,0.336000,30.22
1.387586,0.489000,-0.225000,-0.836000,0.595000,0.015000,0.061000,30.32
1.388029,0.491000,-0.208000,-0.852000,0.061000,-0.015000,-0.641000,30.18
1.388466,0.480000,-0.209000,-0.836000,-0.153000,-0.260000,-1.053000,30.27
1.388887,0.488000,-0.205000,-0.842000,0.000000,-1.160000,-1.084000,30.22
1.389310,0.496000,-0.202000,-0.848000,0.122000,-0.366000,-0.763000,30.22
1.389731,0.487000,-0.193000,-0.863000,1.542000,0.107000,-0.580000,30.18
1.390139,0.483000,-0.191000,-0.854000,2.519000,0.626000,-0.305000,30.27
1.390538,0.487000,-0.185000,-0.856000,4.031000,1.649000,0.611000,30.22
1.390949,0.490000,-0.157000,-0.863000,6.290000,2.748000,1.908000,30.32
1.391358,0.478000,-0.161000,-0.859000,9.038000,2.809000,3.130000,30.22
1.391775,0.475000,-0.177000,-0.858000,10.885000,3.527000,4.321000,30.27
1.392183,0.473000,-0.195000,-0.858000,12.519000,5.206000,5.466000,30.37
1.392595,0.475000,-0.186000,-0.858000,13.496000,6.275000,5.725000,30.22
1.393006,0.492000,-0.194000,-0.874000,15.298000,6.794000,7.023000,30.22
1.393411,0.520000,-0.197000,-0.886000,18.214000,6.260000,8.763000,30.18
1.393827,0.510000,-0.220000,-0.863000,19.817000,5.374000,10.015000,30.18
1.394238,0.484000,-0.229000,-0.840000,20.504000,4.504000,10.733000,30.32
1.394761,0.486000,-0.244000,-0.841000,20.015000,4.595000,10.412000,30.13
1.395384,0.478000,-0.255000,-0.841000,19.344000,4.763000,10.260000,30.18
1.395824,0.510000,-0.236000,-0.855000,20.290000,4.718000,10.534000,30.27
1.396234,0.498000,-0.255000,-0.844000,20.504000,3.588000,10.672000,30.27
1.396646,0.485000,-0.263000,-0.851000,20.046000,3.298000,10.473000,30.22
1.397073,0.488000,-0.243000,-0.846000,20.275000,3.679000,10.412000,30.32
1.397486,0.474000,-0.252000,-0.829000,19.710000,3.527000,10.580000,30.18
1.397891,0.464000,-0.270000,-0.821000,19.649000,5.221000,10.840000,30.27
1.398305,0.450000,-0.249000,-0.828000,19.267000,6.870000,10.595000,30.22
1.398712,0.427000,-0.279000,-0.802000,17.328000,9.023000,9.450000,30.13
1.399129,0.445000,-0.304000,-0.804000,12.595000,10.260000,6.931000,30.32
1.399534,0.475000,-0.317000,-0.813000,8.000000,10.427000,4.229000,30.27
1.399937,0.464000,-0.316000,-0.790000,1.359000,9.389000,0.962000,30.22
1.400353,0.479000,-0.346000,-0.795000,-4.885000,9.267000,-1.878000,30.13
1.400777,0.417000,-0.295000,-0.764000,-9.893000,8.412000,-4.916000,30.32
1.401200,0.407000,-0.373000,-0.768000,-20.565000,11.542000,-11.053000,30.18
1.401622,0.495000,-0.359000,-0.784000,-28.015000,11.618000,-15.817000,30.27
1.402047,0.512000,-0.302000,-0.833000,-31.069000,10.443000,-17.893000,30.32
1.402462,0.528000,-0.281000,-0.854000,-30.748000,7.679000,-18.427000,30.22
1.402880,0.519000,-0.231000,-0.867000,-28.672000,6.595000,-17.191000,30.22
1.403299,0.523000,-0.190000,-0.855000,-22.702000,5.008000,-14.748000,30.18
1.403725,0.526000,-0.233000,-0.865000,-19.298000,5.649000,-12.641000,30.27
1.404151,0.509000,-0.206000,-0.867000,-15.466000,4.977000,-10.885000,30.22
1.404561,0.515000,-0.241000,-0.851000,-14.382000,6.107000,-9.679000,30.13
1.405252,0.511000,-0.229000,-0.852000,-13.481000,5.618000,-9.038000,30.18
1.405738,0.523000,-0.226000,-0.850000,-12.397000,4.672000,-8.168000,30.18
1.406186,0.525000,-0.220000,-0.839000,-11.206000,3.115000,-7.252000,30.18
1.406630,0.521000,-0.226000,-0.838000,-10.305000,2.443000,-6.733000,30.13
1.407098,0.509000,-0.222000,-0.827000,-8.870000,2.214000,-5.664000,30.22
1.407526,0.499000,-0.210000,-0.841000,-7.756000,2.733000,-5.206000,30.18
1.407944,0.489000,-0.198000,-0.836000,-7.282000,3.466000,-4.855000,30.27
1.408365,0.482000,-0.189000,-0.852000,-6.702000,4.321000,-4.275000,30.22
1.408774,0.498000,-0.201000,-0.847000,-6.443000,5.145000,-4.168000,30.22
1.409190,0.510000,-0.209000,-0.846000,-5.832000,5.267000,-3.954000,30.27
1.409601,0.502000,-0.223000,-0.840000,-5.924000,4.870000,-3.878000,30.18
1.410022,0.509000,-0.245000,-0.831000,-7.496000,4.305000,-4.763000,30.27
1.410448,0.500000,-0.247000,-0.834000,-10.107000,3.634000,-5.893000,30.32
1.410862,0.489000,-0.243000,-0.826000,-12.626000,3.282000,-7.832000,30.22
1.411279,0.499000,-0.260000,-0.831000,-14.916000,3.160000,-9.405000,30.27
1.411709,0.504000,-0.225000,-0.831000,-15.634000,3.084000,-10.107000,30.27
1.412137,0.495000,-0.211000,-0.839000,-16.015000,3.145000,-10.519000,30.22
1.412564,0.500000,-0.194000,-0.845000,-15.511000,3.939000,-10.076000,30.22
1.413003,0.509000,-0.185000,-0.848000,-14.443000,3.557000,-9.786000,30.22
1.413417,0.507000,-0.187000,-0.853000,-13.710000,4.168000,-8.977000,30.18
1.413846,0.494000,-0.177000,-0.850000,-12.809000,5.008000,-8.519000,30.27
1.414259,0.503000,-0.182000,-0.855000,-12.000000,6.061000,-8.046000,30.22
1.414806,0.506000,-0.172000,-0.848000,-11.389000,6.260000,-7.618000,30.13
1.415419,0.510000,-0.168000,-0.835000,-10.351000,6.901000,-7.053000,30.27
1.415867,0.509000,-0.175000,-0.844000,-9.710000,6.748000,-6.565000,30.27
1.416306,0.511000,-0.158000,-0.833000,-8.947000,6.366000,-6.061000,30.18
1.416769,0.511000,-0.167000,-0.836000,-7.466000,5.084000,-5.389000,30.22
1.417242,0.518000,-0.168000,-0.833000,-6.504000,4.931000,-4.504000,30.32
1.417684,0.522000,-0.169000,-0.843000,-5.786000,4.198000,-4.015000,30.18
1.418143,0.518000,-0.179000,-0.832000,-5.252000,3.832000,-3.634000,30.27
1.418601,0.514000,-0.174000,-0.843000,-5.099000,3.344000,-3.313000,30.22
1.419074,0.512000,-0.181000,-0.835000,-5.191000,2.809000,-3.496000,30.22
1.419543,0.510000,-0.187000,-0.838000,-5.527000,2.855000,-3.481000,30.22
1.420068,0.509000,-0.185000,-0.850000,-5.359000,3.252000,-3.649000,30.27
1.420513,0.513000,-0.174000,-0.842000,-4.977000,3.328000,-3.359000,30.32
1.420933,0.512000,-0.179000,-0.847000,-4.626000,3.328000,-3.344000,30.22
1.421354,0.512000,-0.165000,-0.843000,-4.290000,3.618000,-3.267000,30.22
1.421784,0.521000,-0.169000,-0.842000,-3.878000,3.634000,-2.779000,30.27
1.422201,0.516000,-0.160000,-0.846000,-3.252000,3.237000,-2.260000,30.27
1.422618,0.523000,-0.162000,-0.836000,-3.023000,3.099000,-1.954000,30.22
1.423037,0.515000,-0.158000,-0.845000,-2.198000,3.115000,-1.267000,30.22
1.423457,0.514000,-0.158000,-0.828000,-1.359000,2.580000,-0.626000,30.13
1.423874,0.513000,-0.163000,-0.838000,-0.809000,2.702000,-0.275000,30.18
1.424290,0.515000,-0.168000,-0.836000,-0.702000,2.290000,0.061000,30.18
1.424712,0.517000,-0.171000,-0.843000,-0.611000,2.382000,0.092000,30.22
1.425133,0.511000,-0.176000,-0.835000,-0.397000,1.939000,0.183000,30.22
1.425549,0.525000,-0.173000,-0.839000,-0.473000,1.847000,0.000000,30.22
1.425970,0.515000,-0.176000,-0.838000,-0.840000,1.740000,-0.198000,30.27
1.426389,0.508000,-0.190000,-0.832000,-1.496000,2.046000,-0.550000,30.18
1.426817,0.508000,-0.183000,-0.836000,-1.863000,2.214000,-0.977000,30.22
1.427238,0.510000,-0.175000,-0.841000,-2.046000,2.595000,-0.977000,30.22
1.427651,0.512000,-0.179000,-0.844000,-1.893000,2.794000,-1.084000,30.22
1.428069,0.507000,-0.178000,-0.837000,-2.000000,2.855000,-1.053000,30.27
1.428483,0.505000,-0.176000,-0.850000,-1.893000,3.573000,-1.221000,30.27
1.428903,0.503000,-0.178000,-0.844000,-1.908000,3.878000,-1.206000,30.22
1.429319,0.507000,-0.173000,-0.833000,-1.908000,4.031000,-1.176000,30.22
1.429847,0.503000,-0.179000,-0.845000,-1.954000,4.473000,-1.420000,30.27
1.430474,0.512000,-0.175000,-0.843000,-1.969000,4.412000,-1.634000,30.27
1.430910,0.515000,-0.173000,-0.838000,-1.878000,4.351000,-1.664000,30.18
1.431343,0.515000,-0.175000,-0.843000,-1.466000,3.740000,-1.481000,30.22
1.431818,0.515000,-0.172000,-0.839000,-1.435000,3.420000,-1.466000,30.22
1.432278,0.524000,-0.168000,-0.841000,-1.099000,2.702000,-0.870000,30.27
1.432720,0.513000,-0.167000,-0.841000,-0.931000,2.260000,-0.702000,30.27
1.433161,0.505000,-0.169000,-0.840000,-0.534000,2.168000,-0.489000,30.32
1.433593,0.512000,-0.171000,-0.841000,-0.916000,2.382000,-0.656000,30.13
1.434088,0.513000,-0.179000,-0.837000,-0.763000,2.412000,-0.580000,30.22
1.434534,0.510000,-0.173000,-0.846000,-1.252000,2.412000,-0.962000,30.27
1.434982,0.510000,-0.168000,-0.840000,-1.359000,2.702000,-0.901000,30.27
1.435413,0.507000,-0.179000,-0.846000,-1.344000,2.947000,-0.962000,30.22
1.435842,0.511000,-0.183000,-0.843000,-1.710000,3.160000,-1.176000,30.22
1.436277,0.507000,-0.185000,-0.838000,-2.031000,3.588000,-1.420000,30.27
1.436859,0.511000,-0.190000,-0.846000,-2.229000,3.618000,-1.435000,30.18
1.437369,0.509000,-0.177000,-0.841000,-2.214000,3.679000,-1.679000,30.27
1.437816,0.507000,-0.173000,-0.845000,-2.443000,4.031000,-1.786000,30.22
1.438247,0.507000,-0.186000,-0.841000,-2.885000,4.336000,-2.366000,30.22
1.438674,0.511000,-0.174000,-0.838000,-3.160000,4.718000,-2.641000,30.27
1.439101,0.506000,-0.174000,-0.840000,-3.481000,4.489000,-2.702000,30.27
1.439538,0.513000,-0.180000,-0.843000,-3.542000,4.672000,-2.855000,30.22
1.439971,0.517000,-0.167000,-0.837000,-3.496000,4.458000,-2.656000,30.32
1.440401,0.521000,-0.171000,-0.839000,-3.344000,4.031000,-2.427000,30.27
1.440825,0.517000,-0.177000,-0.839000,-3.328000,3.802000,-2.321000,30.18
1.441257,0.521000,-0.177000,-0.844000,-3.221000,3.420000,-2.061000,30.22
1.441743,0.510000,-0.172000,-0.834000,-2.947000,3.328000,-1.939000,30.22
1.442247,0.506000,-0.174000,-0.844000,-2.794000,3.420000,-1.771000,30.22
1.442705,0.511000,-0.166000,-0.835000,-2.809000,3.328000,-1.740000,30.18
1.443176,0.519000,-0.162000,-0.844000,-2.580000,3.389000,-1.557000,30.13
1.443629,0.513000,-0.167000,-0.842000,-2.137000,3.344000,-1.481000,30.32
1.444059,0.513000,-0.168000,-0.845000,-1.954000,3.771000,-1.481000,30.22
1.444495,0.518000,-0.177000,-0.845000,-1.740000,3.374000,-1.389000,30.27
1.444980,0.519000,-0.175000,-0.840000,-1.603000,3.435000,-1.344000,30.27
1.445479,0.525000,-0.168000,-0.848000,-1.740000,3.252000,-1.282000,30.32
1.445938,0.520000,-0.168000,-0.846000,-1.405000,3.145000,-0.687000,30.22
1.446366,0.518000,-0.168000,-0.843000,-1.252000,2.855000,-0.382000,30.22
1.446792,0.516000,-0.165000,-0.835000,-0.885000,2.763000,-0.366000,30.18
1.447211,0.516000,-0.167000,-0.835000,-0.534000,2.885000,-0.260000,30.18
1.447635,0.515000,-0.165000,-0.836000,-0.443000,2.809000,-0.382000,30.22
1.448049,0.507000,-0.176000,-0.841000,-0.916000,2.901000,-0.427000,30.22
1.448475,0.509000,-0.185000,-0.837000,-1.313000,2.382000,-0.809000,30.27
1.448893,0.528000,-0.173000,-0.840000,-1.710000,2.473000,-0.885000,30.27
1.449312,0.518000,-0.172000,-0.850000,-1.618000,2.840000,-1.176000,30.27
1.449729,0.523000,-0.163000,-0.852000,-1.313000,2.901000,-0.794000,30.32
1.450147,0.520000,-0.173000,-0.841000,-0.916000,2.260000,-0.611000,30.32
1.450572,0.523000,-0.166000,-0.837000,-0.305000,2.244000,-0.168000,30.27
1.450990,0.524000,-0.163000,-0.836000,0.290000,2.061000,0.229000,30.27
1.451405,0.512000,-0.166000,-0.829000,0.275000,1.969000,0.183000,30.22
1.451920,0.510000,-0.171000,-0.835000,0.305000,1.450000,0.137000,30.22
1.452348,0.512000,-0.169000,-0.837000,0.015000,1.008000,-0.336000,30.27
1.452758,0.521000,-0.168000,-0.844000,0.702000,1.863000,0.107000,30.18
1.453185,0.519000,-0.159000,-0.836000,1.252000,0.031000,0.611000,30.27
1.453606,0.515000,-0.146000,-0.842000,2.336000,0.183000,1.115000,30.22
1.454016,0.536000,-0.140000,-0.843000,4.519000,0.641000,2.244000,30.32
1.454431,0.533000,-0.131000,-0.846000,7.573000,0.427000,4.031000,30.27
1.454853,0.563000,-0.125000,-0.870000,11.847000,0.473000,7.008000,30.27
1.455269,0.604000,-0.137000,-0.872000,19.878000,0.855000,11.496000,30.22
1.455693,0.597000,-0.140000,-0.886000,30.000000,-1.786000,17.191000,30.22
1.456124,0.597000,-0.154000,-0.908000,39.313000,-4.840000,22.885000,30.18
1.456546,0.591000,-0.193000,-0.909000,46.687000,-11.374000,26.519000,30.18
1.456977,0.598000,-0.349000,-0.947000,51.282000,-17.130000,27.618000,30.18
1.457401,0.648000,-0.523000,-0.815000,51.221000,-15.786000,26.626000,30.13
1.457836,0.449000,-0.504000,-0.748000,38.687000,-23.786000,21.282000,30.22
1.458271,0.342000,-0.529000,-0.869000,19.481000,-18.794000,13.908000,30.27
1.458698,0.204000,-0.505000,-0.834000,-2.092000,-5.267000,1.588000,30.22
1.459125,0.160000,-0.591000,-0.777000,-24.260000,20.855000,-13.221000,30.22
1.459555,0.165000,-0.645000,-0.826000,-40.076000,44.611000,-30.977000,30.22
1.459995,0.290000,-0.666000,-0.936000,-64.458000,76.779000,-50.397000,30.27
1.460428,0.058000,-1.035000,-1.317000,-88.748000,72.458000,-37.069000,30.27
1.460849,-0.059000,-1.478000,-1.768000,-74.427000,39.176000,7.191000,30.22
1.461272,0.040000,-1.711000,-1.022000,-31.435000,49.420000,73.725000,30.32
1.461727,-0.761000,-1.468000,-0.914000,-34.641000,59.420000,109.618000,30.22
1.462168,-0.626000,-0.781000,-1.002000,-16.382000,68.885000,129.053000,30.18
1.462587,-0.719000,-0.323000,-0.990000,4.427000,85.527000,122.351000,30.18
1.463009,-0.562000,-0.174000,-1.038000,6.641000,72.458000,100.656000,30.22
1.463441,-0.382000,-0.035000,-1.135000,-1.191000,52.122000,72.550000,30.22
1.463865,-0.134000,0.005000,-1.290000,0.397000,31.496000,49.298000,30.18
1.464276,0.118000,-0.132000,-1.441000,1.466000,10.672000,33.710000,30.27
1.464710,0.319000,-0.245000,-1.490000,-0.870000,-16.916000,24.931000,30.18
1.465142,0.437000,-0.295000,-1.434000,-4.153000,-45.206000,21.771000,30.22
1.465570,0.443000,-0.266000,-1.241000,-7.420000,-64.870000,19.756000,30.22
1.465984,0.429000,-0.295000,-1.058000,-9.924000,-72.137000,18.565000,30.27
1.466415,0.455000,-0.335000,-0.961000,-9.969000,-68.611000,20.519000,30.27
1.466840,0.518000,-0.389000,-0.928000,-7.557000,-64.183000,28.702000,30.22
1.467260,0.519000,-0.411000,-0.863000,-7.740000,-59.496000,38.901000,30.22
1.467685,0.479000,-0.339000,-0.770000,-9.969000,-51.389000,47.466000,30.18
1.468111,0.422000,-0.211000,-0.685000,-13.664000,-40.733000,51.298000,30.27
1.468537,0.348000,-0.112000,-0.623000,-17.038000,-27.298000,47.786000,30.27
1.468971,0.339000,-0.054000,-0.676000,-16.809000,-13.679000,38.641000,30.32
1.469395,0.427000,-0.046000,-0.811000,-8.763000,-3.771000,30.718000,30.13
1.469806,0.654000,-0.123000,-1.105000,5.863000,-4.840000,29.252000,30.27
1.470232,0.770000,-0.216000,-1.219000,15.298000,-20.061000,32.931000,30.27
1.470666,0.685000,-0.217000,-1.088000,12.504000,-41.344000,34.504000,30.13
1.471088,0.535000,-0.089000,-0.881000,6.672000,-50.931000,29.130000,30.22
1.471514,0.470000,0.016000,-0.782000,7.191000,-48.275000,20.794000,30.18
1.472254,0.502000,-0.006000,-0.778000,11.420000,-42.336000,13.710000,30.27
1.472833,0.579000,-0.093000,-0.828000,14.885000,-42.565000,10.504000,30.18
1.473290,0.622000,-0.125000,-0.827000,16.092000,-47.069000,9.740000,30.22
1.473726,0.594000,-0.096000,-0.755000,16.107000,-50.198000,8.351000,30.22
1.474159,0.559000,-0.029000,-0.664000,15.237000,-49.405000,3.802000,30.27
1.474606,0.568000,-0.010000,-0.623000,17.573000,-46.382000,-2.305000,30.22
1.475042,0.657000,-0.032000,-0.649000,21.847000,-43.328000,-7.145000,30.22
1.475477,0.761000,-0.068000,-0.681000,26.519000,-45.389000,-8.412000,30.22
1.475916,0.820000,-0.115000,-0.671000,27.359000,-51.969000,-7.466000,30.18
1.476359,0.856000,-0.109000,-0.611000,23.099000,-58.916000,-7.237000,30.18
1.476804,0.861000,-0.068000,-0.502000,18.092000,-61.191000,-7.939000,30.22
1.477249,0.950000,-0.089000,-0.458000,13.985000,-59.573000,-7.786000,30.22
1.477770,1.110000,-0.161000,-0.462000,8.137000,-60.962000,-2.931000,30.32
1.478220,1.204000,-0.260000,-0.439000,-0.427000,-65.496000,7.573000,30.27
1.478633,2.242000,0.244000,0.767000,14.244000,27.389000,22.061000,30.27
1.479039,1.792000,0.087000,1.769000,28.947000,90.198000,37.145000,30.22
1.479457,1.670000,-0.512000,0.324000,33.985000,110.626000,50.962000,30.22
1.479882,1.646000,-0.527000,-2.178000,19.924000,71.160000,67.573000,30.32
1.480296,0.130000,-0.009000,-1.905000,3.008000,28.840000,39.954000,30.18
1.480710,-0.728000,0.347000,-1.170000,6.840000,2.412000,-14.427000,30.18
1.481138,0.388000,-0.445000,-1.065000,15.221000,34.489000,-21.924000,30.13
1.481569,1.013000,-0.626000,-1.179000,17.313000,60.351000,-8.672000,30.32
1.482221,0.606000,-0.067000,-1.150000,13.939000,62.794000,-7.725000,30.27
1.482764,0.123000,0.373000,-1.084000,30.244000,48.489000,-17.573000,30.27
1.483256,0.130000,0.205000,-0.934000,44.198000,34.763000,-24.977000,30.22
1.483712,0.370000,-0.258000,-0.777000,51.466000,51.511000,-21.710000,30.22
1.484167,0.659000,-0.653000,-0.959000,48.504000,51.313000,-18.366000,30.13
1.484614,0.656000,-0.566000,-0.931000,41.374000,46.244000,-14.626000,30.18
1.485063,0.603000,-0.487000,-0.963000,36.855000,38.702000,-12.046000,30.27
1.485501,0.703000,-0.654000,-0.907000,24.183000,21.435000,-8.595000,30.22
1.485941,0.594000,-0.723000,-0.782000,10.992000,17.603000,-5.466000,30.22
1.486379,0.533000,-0.673000,-0.822000,3.115000,8.672000,-4.794000,30.27
1.486826,0.449000,-0.562000,-0.784000,-5.176000,6.321000,-7.160000,30.27
1.487326,0.425000,-0.596000,-0.744000,-12.947000,5.802000,-9.359000,30.22
1.487784,0.442000,-0.538000,-0.780000,-20.565000,3.969000,-10.809000,30.32
1.488208,0.443000,-0.439000,-0.823000,-23.313000,3.038000,-11.557000,30.32
1.488639,0.401000,-0.367000,-0.843000,-24.305000,-0.412000,-11.847000,30.18
1.489069,0.370000,-0.319000,-0.826000,-23.221000,0.443000,-11.908000,30.18
1.489491,0.359000,-0.280000,-0.832000,-21.542000,1.603000,-12.519000,30.32
1.489915,0.348000,-0.271000,-0.774000,-18.885000,4.244000,-13.389000,30.22
1.490340,0.321000,-0.296000,-0.805000,-18.427000,8.168000,-14.641000,30.27
1.490783,0.333000,-0.320000,-0.768000,-19.740000,14.046000,-16.412000,30.18
1.491209,0.379000,-0.368000,-0.783000,-20.382000,17.145000,-17.130000,30.22
1.491704,0.419000,-0.370000,-0.772000,-22.580000,19.053000,-17.664000,30.22
1.492303,0.393000,-0.370000,-0.761000,-27.542000,20.763000,-19.939000,30.22
1.492803,0.419000,-0.379000,-0.798000,-31.298000,19.420000,-20.901000,30.18
1.493291,0.376000,-0.361000,-0.727000,-39.389000,21.603000,-23.191000,30.22
1.493750,0.301000,-0.378000,-0.661000,-53.435000,22.305000,-26.931000,30.32
1.494226,0.242000,-0.414000,-0.615000,-73.191000,28.153000,-32.824000,30.22
1.494689,0.353000,-0.490000,-0.772000,-90.305000,40.550000,-38.458000,30.18
1.495145,0.499000,-0.294000,-0.967000,-84.687000,50.550000,-38.443000,30.18
1.495635,0.664000,-0.054000,-1.188000,-57.893000,48.137000,-31.267000,30.22
1.496086,0.440000,-0.290000,-0.863000,-39.954000,43.206000,-26.443000,30.32
1.496511,0.454000,-0.256000,-0.993000,-33.496000,44.168000,-26.595000,30.32
1.496937,0.571000,-0.275000,-0.854000,-24.901000,61.115000,-25.221000,30.27
1.497364,0.565000,-0.198000,-0.964000,-18.168000,55.405000,-23.084000,30.27
1.497801,0.581000,-0.211000,-0.892000,-14.626000,49.634000,-23.221000,30.32
1.498232,0.561000,-0.295000,-0.817000,-14.260000,49.878000,-23.832000,30.13
1.498662,0.515000,-0.338000,-0.832000,-14.107000,46.473000,-26.855000,30.18
1.499092,0.453000,-0.265000,-0.892000,-16.092000,51.893000,-30.382000,30.37
1.499527,0.468000,-0.441000,-0.893000,-16.595000,50.824000,-30.473000,30.27
1.499957,0.542000,-0.448000,-0.669000,-26.427000,76.412000,-29.832000,30.13
1.500383,0.454000,-0.272000,-0.685000,-15.954000,98.427000,-36.855000,30.32
1.500808,0.536000,-0.298000,-0.920000,-15.954000,96.656000,-36.244000,30.18
1.501242,0.608000,-0.243000,-0.963000,-21.725000,129.878000,-31.939000,30.27
1.501675,0.475000,-0.098000,-0.805000,-17.527000,157.771000,-35.802000,30.32
1.502339,0.480000,-0.120000,-0.834000,-20.031000,167.023000,-38.046000,30.22
1.503250,0.505000,-0.048000,-0.834000,-18.824000,180.305000,-40.672000,30.22
1.505944,0.644000,-0.114000,-0.828000,-12.901000,187.893000,-39.115000,30.27
1.509791,0.536000,-0.223000,-0.751000,-1.893000,205.145000,-48.244000,30.27
1.510758,0.555000,-0.272000,-0.844000,3.634000,209.878000,-58.916000,30.22
1.512302,0.833000,-0.309000,-0.925000,15.786000,228.092000,-61.679000,30.32
1.513157,0.767000,-0.349000,-0.969000,32.046000,235.985000,-60.977000,30.18
1.518026,0.941000,-0.396000,-0.944000,43.008000,240.137000,-61.664000,30.27
1.519162,1.017000,-0.457000,-0.774000,43.878000,246.382000,-71.588000,30.13
1.519715,1.238000,-0.413000,-1.030000,50.687000,267.527000,-74.992000,30.22
1.520179,1.393000,-0.386000,-1.276000,52.611000,275.160000,-84.885000,30.22
1.520644,1.643000,-0.566000,-1.883000,24.962000,289.679000,-103.221000,30.18
1.521137,1.248000,-0.785000,-1.523000,-0.290000,282.015000,-118.779000,30.27
1.521604,1.652000,-0.727000,-1.845000,-12.580000,257.756000,-127.588000,30.22
1.522058,1.467000,-0.738000,-2.394000,-9.084000,250.336000,-136.779000,30.32
1.522519,-0.324000,-2.265000,-2.469000,-10.061000,169.710000,-74.061000,30.18
1.522968,0.584000,-4.000000,-2.043000,-102.824000,78.824000,67.023000,30.27
1.523429,-0.070000,-2.360000,-2.722000,-225.908000,-11.924000,89.588000,30.13
1.523890,-1.052000,-0.751000,-1.802000,-234.000000,-50.779000,86.046000,30.13
1.524344,-0.822000,0.238000,-2.319000,-167.664000,-97.435000,35.740000,30.22
1.524785,-0.726000,0.506000,-2.260000,-87.542000,-147.450000,-22.321000,30.18
1.525738,-0.705000,-0.021000,-1.769000,-43.328000,-168.260000,-79.313000,30.22
1.526346,-0.389000,-0.340000,-1.525000,-27.847000,-220.840000,-110.519000,30.22
1.526834,-0.271000,-0.345000,-1.234000,3.695000,-247.649000,-127.084000,30.22
1.527273,-0.066000,-0.529000,-1.081000,36.840000,-223.282000,-125.695000,30.27
1.527713,0.114000,-0.837000,-0.883000,57.588000,-222.534000,-104.992000,30.18
1.528141,0.277000,-1.080000,-0.761000,52.305000,-226.656000,-70.397000,30.22
1.528731,0.414000,-1.222000,-0.734000,41.679000,-225.237000,-27.588000,30.22
1.529204,0.491000,-1.139000,-0.764000,44.061000,-221.420000,19.344000,30.18
1.529647,0.525000,-1.017000,-0.761000,51.252000,-199.389000,62.962000,30.27
1.530076,0.618000,-0.881000,-0.816000,55.420000,-182.366000,98.794000,30.18
1.530516,0.701000,-0.765000,-0.886000,51.969000,-176.824000,126.092000,30.22
1.530951,0.773000,-0.489000,-0.999000,51.527000,-176.962000,146.458000,30.32
1.535701,0.804000,-0.257000,-1.046000,56.153000,-180.992000,156.626000,30.27
1.545693,0.808000,-0.091000,-1.095000,60.000000,-178.565000,155.130000,30.18
1.555718,0.881000,-0.059000,-1.177000,60.626000,-179.511000,148.031000,30.22
1.565753,1.019000,-0.093000,-1.341000,60.916000,-181.557000,142.137000,30.22
1.575802,1.149000,-0.111000,-1.401000,60.840000,-189.985000,139.389000,30.22
1.585776,1.221000,-0.093000,-1.338000,57.344000,-198.366000,134.855000,30.27
1.595781,1.297000,-0.074000,-1.271000,52.412000,-203.252000,125.924000,30.27
1.605764,1.372000,-0.034000,-1.174000,50.977000,-203.725000,113.985000,30.22
1.615740,1.454000,-0.038000,-1.069000,53.893000,-201.954000,102.092000,30.13
1.625852,1.520000,-0.039000,-0.949000,58.840000,-196.656000,93.176000,30.18
1.635805,1.570000,-0.023000,-0.812000,64.290000,-184.809000,87.893000,30.27
1.645844,1.564000,0.035000,-0.651000,68.702000,-165.573000,85.008000,30.18
1.655759,0.829000,0.544000,-0.018000,85.267000,-113.130000,89.649000,30.32
1.665757,1.173000,0.261000,0.496000,55.069000,-102.611000,77.038000,30.13
1.675838,2.676000,0.624000,-0.681000,52.061000,-7.832000,61.603000,30.18
1.685911,2.968000,0.685000,-1.362000,63.405000,-12.626000,73.557000,30.18
1.696022,2.818000,0.856000,-1.112000,77.496000,-86.015000,73.542000,30.22
1.705945,2.294000,1.130000,-0.332000,60.305000,-128.840000,43.878000,30.13
1.715927,2.065000,1.366000,0.162000,39.374000,-129.924000,0.198000,30.27
1.725814,2.183000,1.355000,0.357000,17.237000,-88.458000,-37.603000,30.27
1.735880,2.385000,1.072000,0.594000,-0.779000,-48.580000,-56.565000,30.18
1.745849,2.778000,1.028000,0.856000,-16.458000,-10.366000,-66.061000,30.22
1.755885,2.866000,1.190000,1.376000,-28.534000,25.969000,-76.427000,30.22
1.765828,3.016000,1.377000,1.966000,-28.183000,92.977000,-98.153000,30.27
1.775875,1.091000,0.318000,0.614000,19.115000,157.176000,-82.565000,30.27
1.785889,1.652000,-1.502000,-2.559000,26.214000,98.931000,-43.603000,30.18
1.796099,0.102000,-2.138000,-1.126000,-13.038000,69.115000,-36.122000,30.22
1.806090,-0.314000,-1.000000,0.104000,-39.328000,97.573000,-57.817000,30.22
1.816026,1.094000,0.021000,-1.254000,-11.160000,128.382000,-56.198000,30.27
1.826021,1.420000,0.415000,-1.814000,-22.107000,103.099000,-66.748000,30.22
1.835993,0.997000,0.098000,-1.418000,-22.595000,75.649000,-55.420000,30.22
1.846064,0.706000,-0.643000,-1.040000,-35.817000,27.863000,-44.076000,30.22
1.856060,0.707000,-0.300000,-1.184000,-44.641000,19.038000,-35.481000,30.22
1.866107,0.639000,0.132000,-1.290000,-39.832000,33.679000,-28.733000,30.18
1.876153,0.571000,-0.213000,-1.042000,-29.847000,33.221000,-19.237000,30.22
1.886272,0.583000,-0.488000,-0.936000,-25.847000,33.618000,-12.443000,30.32
1.895992,0.462000,-0.315000,-0.946000,-22.107000,22.046000,-11.588000,30.22
1.905880,0.433000,-0.364000,-0.830000,-19.420000,28.458000,-12.626000,30.18
1.915910,0.472000,-0.438000,-0.812000,-22.595000,40.137000,-13.511000,30.18
1.925903,0.512000,-0.408000,-0.848000,-28.595000,44.458000,-15.588000,30.13
1.935857,0.522000,-0.411000,-0.831000,-30.840000,34.718000,-17.115000,30.32
1.945839,0.488000,-0.441000,-0.808000,-35.756000,30.260000,-20.962000,30.22
1.955944,0.505000,-0.341000,-0.828000,-39.344000,27.023000,-24.748000,30.18
1.965884,0.530000,-0.335000,-0.827000,-40.412000,26.321000,-26.198000,30.18
1.975843,0.574000,-0.329000,-0.906000,-36.763000,25.191000,-25.450000,30.32
1.985887,0.548000,-0.246000,-0.854000,-29.435000,17.588000,-23.145000,30.13
1.995897,0.539000,-0.188000,-0.871000,-23.069000,12.840000,-20.504000,30.13
2.005897,0.530000,-0.228000,-0.857000,-18.595000,15.191000,-18.519000,30.27
2.015817,0.528000,-0.211000,-0.864000,-15.725000,17.420000,-17.191000,30.18
2.025758,0.526000,-0.203000,-0.868000,-14.076000,19.847000,-16.229000,30.22
2.035780,0.512000,-0.220000,-0.830000,-12.290000,21.313000,-15.099000,30.22
2.045847,0.507000,-0.225000,-0.816000,-11.893000,23.817000,-14.290000,30.18
2.057068,0.511000,-0.238000,-0.791000,-13.252000,23.725000,-14.809000,30.18
2.065666,0.525000,-0.245000,-0.821000,-14.595000,24.305000,-15.786000,30.27
2.075719,0.517000,-0.252000,-0.822000,-14.168000,27.344000,-16.595000,30.22
2.085752,0.473000,-0.424000,-0.732000,-11.450000,31.313000,-14.870000,30.22
2.095803,0.527000,-0.240000,-0.826000,-15.191000,31.069000,-17.023000,30.18
2.105735,0.540000,-0.254000,-0.809000,-13.328000,35.603000,-20.076000,30.27
2.115710,0.523000,-0.212000,-0.816000,-9.664000,39.115000,-22.595000,30.13
2.125680,0.526000,-0.230000,-0.812000,-8.595000,43.511000,-22.733000,30.32
2.135833,0.546000,-0.185000,-0.838000,-9.206000,50.092000,-22.092000,30.27
2.145720,0.521000,-0.192000,-0.840000,-9.206000,59.069000,-21.115000,30.27
2.155750,0.557000,-0.137000,-0.852000,-5.084000,66.718000,-16.107000,30.27
2.165710,0.544000,-0.161000,-0.830000,-3.740000,83.847000,-11.588000,30.22
2.175770,0.478000,-0.170000,-0.840000,-1.527000,95.130000,-10.550000,30.22
2.185784,0.483000,-0.302000,-0.847000,-3.145000,110.366000,-10.321000,30.27
2.195876,0.459000,-0.144000,-0.821000,-4.947000,135.359000,-17.084000,30.27
2.205851,0.507000,-0.190000,-0.771000,-6.809000,155.649000,-24.427000,30.13
2.215826,0.523000,-0.304000,-0.792000,-6.244000,158.489000,-26.916000,30.22
2.225849,0.594000,-0.136000,-0.807000,-6.076000,163.313000,-30.107000,30.32
2.235846,0.520000,-0.263000,-0.661000,-6.153000,189.282000,-40.168000,30.27
2.245936,0.639000,-0.205000,-0.721000,-7.817000,189.863000,-51.847000,30.27
2.256000,0.623000,-0.208000,-0.767000,-14.550000,205.878000,-60.534000,30.22
2.266013,0.640000,-0.262000,-0.789000,-11.053000,210.840000,-68.870000,30.22
2.276008,0.851000,-0.268000,-0.906000,-3.435000,213.954000,-71.863000,30.22
2.285970,1.031000,-0.442000,-1.025000,24.122000,244.015000,-72.641000,30.27
2.295986,1.063000,-0.383000,-1.078000,53.038000,258.290000,-73.893000,30.27
2.306093,1.113000,-0.838000,-1.217000,88.458000,275.099000,-67.557000,30.32
2.316103,1.463000,-0.488000,-1.391000,89.664000,341.435000,-81.084000,30.32
2.326115,1.764000,-0.437000,-2.085000,71.679000,333.435000,-96.962000,30.37
2.336087,1.469000,-0.477000,-1.665000,59.481000,312.962000,-120.015000,30.18
2.346134,1.625000,-0.574000,-2.147000,63.603000,317.679000,-127.191000,30.27
2.356194,1.309000,-0.536000,-2.640000,86.366000,258.702000,-133.847000,30.13
2.366062,-0.730000,-3.421000,-2.727000,74.656000,166.641000,-48.718000,30.22
2.375996,0.597000,-4.000000,-2.593000,-93.573000,32.015000,87.511000,30.18
2.386102,-0.311000,-2.870000,-2.943000,-266.824000,-147.695000,110.031000,30.27
2.396068,-1.476000,-0.677000,-1.752000,-271.313000,-164.031000,98.977000,30.22
2.406081,-1.249000,0.464000,-2.263000,-178.458000,-158.489000,45.756000,30.22
2.416104,-0.760000,0.579000,-2.334000,-57.099000,-190.397000,-11.939000,30.22
2.426160,-0.596000,-0.215000,-1.885000,6.092000,-230.962000,-60.092000,30.27
2.435992,-0.104000,-0.817000,-1.642000,2.931000,-301.023000,-86.168000,30.22
2.446067,0.180000,-0.702000,-1.313000,4.702000,-338.687000,-101.130000,30.32
2.456065,0.243000,-0.538000,-1.068000,25.145000,-338.183000,-107.679000,30.22
2.466069,0.420000,-0.578000,-0.842000,51.679000,-318.107000,-96.809000,30.27
2.475895,0.533000,-0.784000,-0.663000,64.641000,-307.313000,-75.099000,30.27
2.485928,0.629000,-0.948000,-0.629000,67.344000,-295.725000,-41.618000,30.22
2.496104,0.690000,-1.001000,-0.669000,66.870000,-269.344000,1.878000,30.22
2.505900,0.748000,-0.842000,-0.764000,76.962000,-232.687000,47.969000,30.22
2.515905,0.762000,-0.640000,-0.870000,92.046000,-199.756000,89.267000,30.18
2.525936,0.811000,-0.429000,-1.022000,101.053000,-180.168000,122.458000,30.18
2.535994,0.812000,-0.147000,-1.164000,105.435000,-178.916000,140.580000,30.22
2.546006,0.773000,0.251000,-1.274000,115.115000,-182.473000,141.328000,30.13
2.556014,0.761000,0.513000,-1.380000,120.214000,-184.366000,124.687000,30.22
2.565955,0.819000,0.559000,-1.487000,114.611000,-189.878000,95.618000,30.18
2.575938,0.941000,0.459000,-1.508000,102.489000,-202.885000,63.435000,30.18
2.585984,1.079000,0.346000,-1.505000,93.542000,-220.366000,37.115000,30.22
2.595995,1.198000,0.241000,-1.368000,92.198000,-231.557000,19.496000,30.22
2.606044,1.266000,0.165000,-1.179000,97.725000,-232.092000,11.771000,30.18
2.615988,1.323000,0.046000,-0.991000,99.740000,-224.580000,13.374000,30.18
2.626058,1.380000,-0.063000,-0.861000,94.382000,-207.221000,21.756000,30.22
2.636024,1.469000,-0.047000,-0.797000,89.313000,-181.618000,35.786000,30.22
2.646015,1.560000,0.026000,-0.783000,89.115000,-153.511000,53.710000,30.22
2.656087,1.649000,0.123000,-0.772000,91.313000,-126.489000,74.290000,30.27
2.666011,1.807000,0.236000,-0.841000,88.382000,-105.481000,90.947000,30.27
2.676003,1.938000,0.374000,-0.889000,76.290000,-93.786000,98.962000,30.32
2.685933,2.116000,0.560000,-0.969000,60.992000,-91.939000,97.542000,30.13
2.696011,2.184000,0.768000,-0.792000,46.580000,-98.244000,87.786000,30.18
2.706012,2.157000,0.974000,-0.501000,37.542000,-102.076000,70.046000,30.27
2.715993,2.155000,1.049000,-0.196000,30.534000,-97.878000,49.786000,30.22
2.726120,2.157000,1.042000,0.071000,21.191000,-78.076000,29.649000,30.22
2.736153,2.214000,1.014000,0.266000,11.573000,-45.985000,13.038000,30.22
2.746095,2.218000,0.968000,0.269000,5.985000,-16.504000,0.702000,30.37
2.756106,2.189000,0.827000,0.186000,1.908000,9.466000,-7.573000,30.18
2.766197,1.341000,0.824000,0.396000,8.015000,56.046000,-13.649000,30.22
2.776185,1.770000,0.658000,0.914000,-15.664000,75.542000,-29.969000,30.13
2.786083,2.144000,0.372000,0.818000,-38.718000,156.962000,-37.527000,30.27
2.796202,0.965000,-0.736000,-1.039000,-2.305000,158.458000,-1.863000,30.37
2.806171,0.531000,-1.215000,-1.823000,-37.481000,83.420000,-10.595000,30.22
2.816190,-0.285000,-1.058000,-0.668000,-60.305000,72.183000,-30.122000,30.22
2.826345,-0.045000,-0.196000,-0.455000,-10.534000,133.588000,-42.779000,30.32
2.836255,0.856000,0.339000,-1.354000,16.962000,183.176000,-51.008000,30.18
2.846131,1.197000,0.769000,-2.216000,26.931000,164.260000,-67.878000,30.22
2.856234,0.773000,0.571000,-1.783000,51.603000,123.634000,-78.473000,30.22
2.866151,0.866000,-0.276000,-1.392000,59.435000,98.107000,-67.939000,30.13
2.876230,0.957000,-0.957000,-1.094000,44.168000,74.779000,-52.137000,30.27
2.886143,0.784000,-0.777000,-0.790000,25.008000,70.473000,-37.939000,30.27
2.895920,0.731000,-0.644000,-0.961000,6.672000,64.656000,-34.198000,30.32
2.905937,0.729000,-0.693000,-0.828000,-8.168000,60.244000,-27.618000,30.13
2.915879,0.661000,-0.758000,-0.717000,-25.267000,48.580000,-25.374000,30.18
2.926033,0.571000,-0.620000,-0.765000,-41.710000,29.130000,-24.626000,30.27
2.936037,0.405000,-0.503000,-0.748000,-61.221000,16.031000,-28.550000,30.18
2.946080,0.306000,-0.527000,-0.651000,-80.000000,14.000000,-34.275000,30.13
2.956026,0.229000,-0.567000,-0.660000,-101.740000,30.519000,-44.489000,30.22
2.966019,0.484000,-0.628000,-0.978000,-107.908000,54.214000,-50.656000,30.27
2.976007,0.579000,-0.249000,-1.054000,-95.847000,60.122000,-48.153000,30.18
2.986070,0.598000,-0.204000,-1.059000,-73.008000,57.679000,-40.076000,30.22
2.996128,0.708000,-0.177000,-1.199000,-47.634000,48.321000,-30.412000,30.22
3.006057,0.534000,-0.287000,-0.853000,-34.519000,35.725000,-25.145000,30.18
3.016172,0.532000,-0.348000,-0.843000,-32.229000,28.947000,-24.229000,30.18
3.026313,0.547000,-0.350000,-0.831000,-31.679000,27.527000,-26.168000,30.27
3.036230,0.560000,-0.282000,-0.907000,-31.634000,25.878000,-26.672000,30.22
3.046160,0.525000,-0.294000,-0.809000,-32.458000,30.198000,-27.863000,30.22
3.056170,0.519000,-0.283000,-0.835000,-31.588000,24.580000,-29.237000,30.27
3.066149,0.529000,-0.282000,-0.824000,-30.153000,23.710000,-29.786000,30.18
3.076276,0.521000,-0.231000,-0.869000,-27.802000,24.198000,-29.405000,30.22
3.086112,0.527000,-0.240000,-0.841000,-25.359000,26.656000,-27.695000,30.32
3.096223,0.528000,-0.265000,-0.823000,-24.244000,27.221000,-27.450000,30.27
3.106171,0.543000,-0.240000,-0.852000,-23.115000,28.168000,-28.153000,30.18
3.116160,0.456000,0.083000,-0.956000,-7.832000,26.397000,-33.756000,30.27
3.126400,0.515000,-0.170000,-0.823000,-15.985000,39.023000,-28.321000,30.32
3.135897,0.521000,-0.174000,-0.828000,-11.145000,45.130000,-27.206000,30.22
3.145883,0.544000,-0.252000,-0.813000,-10.427000,53.969000,-24.824000,30.27
3.155895,0.527000,-0.200000,-0.853000,-10.626000,64.733000,-23.496000,30.22
3.165933,0.570000,-0.205000,-0.817000,-10.992000,81.145000,-19.847000,30.22
3.175930,0.525000,-0.126000,-0.853000,-8.504000,92.214000,-16.061000,30.32
3.185951,0.499000,-0.153000,-0.839000,-6.641000,108.290000,-12.916000,30.22
3.196010,0.524000,-0.178000,-0.831000,-6.794000,123.084000,-12.901000,30.27
3.205979,0.466000,-0.193000,-0.811000,-9.435000,144.046000,-16.840000,30.22
3.215864,0.471000,-0.237000,-0.801000,-9.969000,160.168000,-26.000000,30.22
3.225960,0.540000,-0.271000,-0.789000,-10.870000,173.588000,-33.282000,30.22
3.236102,0.530000,-0.254000,-0.799000,-4.489000,172.076000,-39.176000,30.18
3.246098,0.604000,-0.255000,-0.772000,-0.107000,186.763000,-48.840000,30.18
3.256193,0.688000,-0.235000,-0.743000,-0.366000,200.031000,-53.237000,30.22
3.266112,0.789000,-0.252000,-0.801000,1.817000,201.374000,-56.427000,30.22
3.276167,0.734000,-0.301000,-0.863000,6.947000,196.916000,-58.458000,30.22
3.286129,0.942000,-0.379000,-0.951000,14.305000,208.550000,-61.344000,30.27
3.296174,1.070000,-0.522000,-0.985000,28.229000,210.153000,-66.977000,30.27
3.306193,1.073000,-0.602000,-1.132000,39.985000,229.176000,-78.427000,30.22
3.316193,1.273000,-0.578000,-1.265000,50.260000,246.000000,-92.702000,30.22
3.326233,1.513000,-0.551000,-1.460000,40.885000,257.084000,-109.634000,30.27
3.336144,1.328000,-0.430000,-1.464000,27.511000,266.046000,-133.160000,30.27
3.346188,1.376000,-0.630000,-1.778000,27.908000,278.244000,-142.366000,30.22
3.356191,1.476000,-0.645000,-2.456000,40.809000,265.725000,-150.611000,30.22
3.366217,-0.416000,-2.925000,-2.609000,57.618000,180.382000,-80.779000,30.27
3.376226,0.076000,-4.000000,-2.325000,-42.885000,36.962000,96.550000,30.27
3.386180,-1.271000,-3.017000,-2.165000,-180.168000,123.878000,135.588000,30.27
3.396195,-1.354000,-0.930000,-1.865000,-156.443000,17.450000,133.099000,30.22
3.406170,-0.909000,-0.198000,-2.943000,-98.885000,19.313000,90.473000,30.32
3.416128,-0.701000,-0.068000,-3.090000,-48.046000,-52.931000,39.588000,30.27
3.426248,-0.450000,-0.364000,-2.683000,-32.015000,-175.115000,-22.992000,30.37
3.436299,-0.361000,-0.410000,-2.371000,-58.672000,-255.634000,-69.847000,30.22
3.446052,-0.050000,-0.203000,-2.084000,-44.672000,-339.008000,-108.000000,30.32
3.456191,0.135000,-0.141000,-1.692000,-8.336000,-358.489000,-131.786000,30.27
3.466273,0.254000,-0.352000,-1.261000,22.260000,-351.084000,-139.267000,30.27
3.476336,0.433000,-0.594000,-0.890000,37.267000,-345.420000,-135.679000,30.27
3.486021,0.569000,-0.756000,-0.725000,45.450000,-336.687000,-118.107000,30.22
3.495948,0.653000,-0.865000,-0.666000,55.832000,-316.015000,-86.260000,30.22
3.506138,0.683000,-0.907000,-0.661000,69.618000,-282.290000,-44.366000,30.27
3.516313,0.748000,-0.904000,-0.702000,85.344000,-247.481000,4.092000,30.13
3.526225,0.779000,-0.937000,-0.754000,93.344000,-216.763000,52.443000,30.22
3.536113,0.796000,-0.863000,-0.885000,89.389000,-193.206000,94.855000,30.22
3.546092,0.807000,-0.678000,-1.008000,82.046000,-175.832000,130.534000,30.22
3.556037,0.843000,-0.462000,-1.140000,76.687000,-162.366000,157.344000,30.27
3.566213,0.894000,-0.133000,-1.220000,76.885000,-145.679000,172.214000,30.22
3.576083,0.962000,0.104000,-1.297000,77.084000,-139.679000,168.275000,30.13
3.586186,1.052000,0.126000,-1.393000,70.214000,-141.954000,152.427000,30.22
3.595939,1.138000,0.183000,-1.506000,63.985000,-164.244000,130.977000,30.18
3.606045,1.179000,0.228000,-1.472000,67.985000,-186.580000,108.153000,30.27
3.616022,1.204000,0.220000,-1.342000,76.092000,-198.947000,86.473000,30.22
3.626121,1.264000,0.128000,-1.122000,82.244000,-196.779000,67.206000,30.22
3.636158,1.352000,0.078000,-0.909000,88.427000,-185.069000,52.244000,30.22
3.646030,1.405000,0.112000,-0.722000,99.954000,-164.840000,41.359000,30.27
3.656098,1.478000,0.172000,-0.608000,115.053000,-140.336000,34.824000,30.27
3.666170,1.601000,0.250000,-0.625000,135.603000,-105.939000,34.015000,30.22
3.676228,1.947000,0.181000,-1.019000,148.977000,-104.885000,38.947000,30.22
3.686270,2.276000,0.285000,-1.225000,156.076000,-109.206000,51.481000,30.18
3.696174,2.064000,0.464000,-0.841000,145.847000,-127.679000,58.718000,30.27
3.710409,1.892000,0.751000,-0.524000,129.282000,-134.229000,54.107000,30.32
3.719067,1.962000,0.853000,-0.289000,105.481000,-116.718000,44.718000,30.32
3.726845,1.999000,0.690000,-0.210000,68.733000,-101.908000,40.366000,30.32
3.736268,2.113000,0.642000,-0.177000,32.763000,-79.405000,43.176000,30.27
3.745990,2.147000,0.662000,0.295000,-8.183000,-31.603000,46.794000,30.18
3.755673,1.877000,0.940000,0.707000,-42.702000,-5.634000,46.015000,30.32
3.765669,2.425000,1.343000,0.744000,-53.511000,44.687000,38.214000,30.32
3.775737,3.049000,1.752000,1.261000,-68.122000,104.595000,22.427000,30.27
3.785764,3.360000,2.044000,1.702000,-88.748000,157.221000,-18.443000,30.27
3.795862,0.474000,1.365000,0.304000,-44.824000,221.878000,-68.244000,30.13
3.805797,1.806000,0.158000,-4.000000,-54.290000,109.634000,-85.023000,30.32
3.815782,0.302000,-1.115000,-2.544000,-20.977000,58.702000,-91.145000,30.32
3.825794,0.144000,-1.272000,0.264000,-45.237000,86.168000,-108.092000,30.18
3.835938,1.811000,-1.042000,-1.328000,-25.786000,157.328000,-68.840000,30.27
3.845841,1.346000,0.081000,-2.052000,-29.115000,112.748000,-46.244000,30.22
3.855812,0.379000,0.913000,-1.489000,-23.496000,109.328000,-75.802000,30.22
3.865790,0.906000,-0.309000,-1.504000,-24.687000,67.649000,-70.046000,30.27
3.875785,0.978000,-0.797000,-0.891000,-27.954000,51.176000,-39.282000,30.27
3.885797,0.941000,-0.703000,-1.126000,-25.160000,55.053000,-22.504000,30.27
3.895781,0.600000,-0.204000,-1.055000,-18.733000,47.313000,-17.908000,30.22
3.905793,0.604000,-0.475000,-0.997000,-5.053000,58.580000,-12.458000,30.22
3.915844,0.573000,-0.611000,-0.830000,-9.725000,55.405000,-9.771000,30.27
3.925885,0.490000,-0.529000,-0.876000,-14.519000,50.092000,-11.466000,30.22
3.935897,0.465000,-0.402000,-0.885000,-15.328000,46.198000,-13.344000,30.22
3.945966,0.428000,-0.455000,-0.837000,-21.618000,40.397000,-15.435000,30.32
3.955886,0.450000,-0.429000,-0.806000,-29.527000,43.603000,-18.733000,30.27
3.966066,0.407000,-0.340000,-0.864000,-34.290000,40.779000,-20.733000,30.18
3.976028,0.478000,-0.279000,-0.962000,-35.405000,43.557000,-22.015000,30.22
3.986014,0.454000,-0.248000,-0.854000,-34.901000,37.634000,-22.275000,30.13
3.995973,0.477000,-0.349000,-0.869000,-36.473000,34.595000,-23.008000,30.13
4.005841,0.492000,-0.337000,-0.881000,-34.473000,33.282000,-24.321000,30.37
4.015883,0.652000,-0.162000,-0.829000,-32.489000,31.069000,-25.588000,30.18
4.025845,0.574000,-0.242000,-0.960000,-22.611000,25.603000,-22.550000,30.22
4.035993,0.503000,-0.295000,-0.842000,-17.924000,29.496000,-21.573000,30.22
4.045923,0.507000,-0.262000,-0.832000,-16.168000,26.458000,-21.221000,30.18
4.055942,0.399000,-0.332000,-0.808000,-15.191000,25.466000,-20.153000,30.18
4.065898,0.498000,-0.307000,-0.824000,-15.802000,23.603000,-21.099000,30.27
4.075818,0.493000,-0.278000,-0.830000,-17.206000,24.076000,-21.466000,30.22
4.086023,0.498000,-0.286000,-0.815000,-18.321000,22.748000,-22.229000,30.22
4.096042,0.454000,-0.359000,-0.812000,-15.389000,24.321000,-22.214000,30.18
4.105677,0.535000,-0.335000,-0.794000,-23.359000,27.573000,-23.679000,30.18
4.115692,0.514000,-0.273000,-0.842000,-25.802000,28.534000,-26.214000,30.32
4.126124,0.536000,-0.266000,-0.832000,-25.511000,29.939000,-26.641000,30.22
4.135669,0.534000,-0.224000,-0.832000,-23.679000,31.969000,-26.153000,30.27
4.145998,0.506000,-0.214000,-0.836000,-17.664000,34.031000,-26.580000,30.37
4.155682,0.513000,-0.297000,-0.832000,-17.099000,42.244000,-25.466000,30.32
4.165693,0.508000,-0.213000,-0.848000,-15.435000,50.702000,-26.595000,30.22
4.175676,0.505000,-0.223000,-0.857000,-17.282000,65.069000,-25.649000,30.22
4.185699,0.478000,-0.194000,-0.847000,-16.534000,83.374000,-24.092000,30.18
4.195818,0.513000,-0.237000,-0.835000,-14.779000,99.756000,-22.718000,30.18
4.205731,0.519000,-0.262000,-0.833000,-17.466000,118.473000,-22.153000,30.22
4.216010,0.475000,-0.273000,-0.849000,-19.542000,133.725000,-26.168000,30.22
4.226766,0.447000,-0.241000,-0.797000,-17.985000,154.992000,-34.473000,30.18
4.240854,0.529000,-0.238000,-0.806000,-15.969000,169.863000,-39.527000,30.32
4.245771,0.515000,-0.241000,-0.817000,-13.267000,184.076000,-43.618000,30.22
4.257206,0.501000,-0.231000,-0.787000,-9.160000,196.504000,-51.725000,30.22
4.273086,0.584000,-0.174000,-0.757000,-2.000000,215.542000,-58.290000,30.18
4.275718,0.660000,-0.171000,-0.906000,4.412000,227.206000,-64.153000,30.18
4.290724,0.502000,-0.280000,-1.088000,1.115000,231.573000,-68.870000,30.22
4.295682,0.929000,-0.406000,-1.024000,12.672000,259.435000,-74.366000,30.22
4.308462,0.917000,-0.603000,-1.108000,28.763000,260.947000,-84.885000,30.22
4.320164,1.054000,-0.646000,-1.332000,32.076000,301.542000,-101.115000,30.27
4.325804,1.435000,-0.548000,-1.473000,44.183000,334.000000,-111.130000,30.27
4.337623,1.831000,-0.552000,-1.789000,29.710000,357.679000,-130.336000,30.32
4.345745,1.696000,-0.485000,-1.879000,13.664000,352.336000,-158.962000,30.22
4.355711,1.717000,-0.840000,-1.956000,23.115000,341.603000,-158.702000,30.18
4.366124,1.117000,-0.720000,-2.681000,31.344000,256.687000,-144.550000,30.27
4.376968,-0.961000,-3.651000,-3.029000,41.771000,153.481000,-35.084000,30.22
4.386639,0.248000,-4.000000,-2.708000,-66.244000,-7.237000,78.565000,30.32
4.396649,-0.768000,-2.591000,-2.783000,-228.656000,-99.130000,128.992000,30.37
4.406525,-1.466000,-0.924000,-2.024000,-224.641000,-106.779000,121.099000,30.27
4.415957,-1.418000,0.057000,-2.324000,-155.344000,-127.649000,93.191000,30.27
4.425888,-1.044000,0.252000,-2.304000,-55.924000,-157.145000,42.015000,30.22
4.436047,-0.897000,-0.383000,-1.859000,-6.153000,-200.229000,0.366000,30.22
4.448439,-0.556000,-0.773000,-1.518000,-4.305000,-254.275000,-29.557000,30.27
4.456578,-0.248000,-0.644000,-1.394000,-8.916000,-299.618000,-52.351000,30.27
4.466483,0.007000,-0.638000,-1.308000,7.191000,-282.473000,-63.038000,30.22
4.476074,0.488000,-0.840000,-1.394000,39.817000,-277.847000,-54.779000,30.22
4.486274,0.819000,-0.987000,-1.282000,57.023000,-301.496000,-36.321000,30.22
4.495848,0.950000,-1.103000,-1.104000,66.214000,-313.679000,-11.863000,30.18
4.506726,1.084000,-1.051000,-0.943000,64.427000,-317.282000,13.603000,30.27
4.516085,1.672000,-0.955000,-0.674000,68.076000,-286.534000,38.672000,30.32
4.526577,1.472000,-0.862000,-0.917000,57.435000,-288.061000,55.878000,30.32
4.536201,1.267000,-0.592000,-0.656000,58.809000,-266.794000,72.183000,30.27
4.546089,1.126000,-0.543000,-0.745000,66.641000,-248.015000,81.817000,30.27
4.556447,0.908000,-0.422000,-0.872000,77.099000,-223.802000,91.359000,30.22
4.574325,1.299000,-0.292000,-1.186000,94.275000,-207.206000,101.267000,30.22
4.576250,1.040000,-0.235000,-1.164000,95.176000,-198.443000,100.321000,30.22
4.585861,1.054000,-0.170000,-1.138000,84.901000,-202.214000,93.573000,30.27
4.596525,1.055000,-0.056000,-1.132000,74.397000,-206.840000,76.885000,30.32
4.607532,1.125000,-0.041000,-1.172000,74.901000,-207.206000,61.359000,30.32
4.615843,1.273000,-0.090000,-1.150000,82.565000,-200.275000,53.084000,30.13
4.632705,1.402000,-0.173000,-1.078000,92.305000,-193.664000,53.405000,30.18
4.635850,1.493000,-0.186000,-0.980000,103.206000,-188.107000,60.305000,30.27
4.648092,1.195000,0.038000,-0.531000,109.176000,-155.115000,75.282000,30.32
4.655779,1.766000,-0.055000,-0.459000,90.351000,-156.656000,87.053000,30.13
4.665733,2.218000,0.214000,-0.725000,87.542000,-91.038000,105.618000,30.22
4.679322,2.010000,0.680000,-0.799000,93.405000,-81.847000,113.130000,30.27
4.694930,2.064000,0.989000,-0.914000,105.008000,-87.374000,111.221000,30.18
4.695721,2.041000,0.992000,-0.804000,103.573000,-99.481000,99.664000,30.22
4.709040,2.201000,0.939000,-0.640000,74.504000,-110.122000,81.588000,30.22
4.715972,2.199000,0.898000,-0.329000,35.145000,-102.031000,62.473000,30.27
4.725736,1.996000,1.026000,0.062000,9.282000,-86.672000,50.321000,30.08
4.735721,2.220000,1.055000,0.312000,-10.107000,-58.473000,38.733000,30.22
4.754845,2.288000,1.149000,0.582000,-17.832000,4.076000,31.008000,30.32
4.755651,2.512000,1.129000,0.823000,-29.985000,55.527000,31.634000,30.22
4.765810,2.931000,1.204000,1.073000,-61.069000,108.565000,29.298000,30.18
4.775859,3.242000,1.505000,1.258000,-86.779000,157.359000,16.473000,30.27
4.786073,0.823000,0.924000,-0.105000,-40.672000,214.626000,4.015000,30.22
4.796276,1.373000,0.073000,-3.254000,-75.435000,106.748000,-22.885000,30.22
4.812951,-0.228000,-0.212000,-2.340000,-60.351000,47.863000,-73.740000,30.18
4.816514,-0.327000,-0.384000,-0.302000,-50.321000,50.397000,-92.153000,30.18
4.835127,1.082000,-0.529000,-0.992000,-28.733000,124.534000,-76.321000,30.22
4.836198,1.273000,-0.068000,-2.108000,-14.565000,119.603000,-56.000000,30.32
4.846558,0.428000,0.848000,-1.586000,-9.008000,102.092000,-79.023000,30.18
4.856571,0.479000,0.360000,-1.439000,9.160000,75.924000,-81.206000,30.27
4.866643,0.755000,-0.463000,-0.986000,10.931000,60.473000,-61.145000,30.27
4.875969,0.913000,-1.063000,-0.876000,-6.137000,54.840000,-43.023000,30.22
4.885913,0.797000,-0.778000,-0.888000,-18.580000,49.817000,-34.031000,30.22
4.896039,0.798000,-0.583000,-1.062000,-32.489000,44.534000,-30.290000,30.27
4.906161,0.677000,-0.516000,-0.933000,-39.359000,48.092000,-26.107000,30.22
4.916658,0.599000,-0.611000,-0.921000,-46.977000,37.115000,-21.466000,30.22
4.926834,0.477000,-0.483000,-0.900000,-46.687000,32.992000,-20.702000,30.22
4.936622,0.401000,-0.395000,-0.888000,-42.412000,30.962000,-21.618000,30.27
4.946652,0.394000,-0.392000,-0.849000,-42.183000,30.153000,-22.626000,30.18
4.956844,0.355000,-0.305000,-0.831000,-43.817000,33.573000,-23.466000,30.22
4.966167,0.337000,-0.229000,-0.874000,-45.725000,39.374000,-25.389000,30.22
4.975904,0.405000,-0.174000,-0.910000,-45.450000,44.718000,-24.977000,30.22
4.986079,0.497000,-0.138000,-1.106000,-39.450000,44.366000,-20.916000,30.18
4.996188,0.457000,-0.167000,-0.950000,-30.947000,40.687000,-18.275000,30.27
5.006600,0.500000,-0.257000,-0.907000,-24.977000,32.061000,-15.832000,30.32
5.016678,0.482000,-0.294000,-0.884000,-23.618000,27.481000,-16.015000,30.13
5.026548,0.503000,-0.289000,-0.833000,-21.618000,22.611000,-16.412000,30.18
5.036556,0.521000,-0.300000,-0.868000,-22.397000,20.748000,-16.748000,30.27
5.046668,0.479000,-0.263000,-0.874000,-22.748000,19.282000,-17.313000,30.18
5.056516,0.482000,-0.273000,-0.850000,-23.130000,18.351000,-18.153000,30.22
5.066406,0.447000,-0.234000,-0.849000,-22.840000,16.870000,-19.298000,30.22
5.076446,0.455000,-0.262000,-0.875000,-23.618000,17.542000,-21.328000,30.27
5.086386,0.437000,-0.264000,-0.858000,-26.473000,18.534000,-24.809000,30.18
5.096304,0.440000,-0.217000,-0.872000,-28.626000,18.168000,-28.840000,30.22
5.106272,0.423000,-0.289000,-0.835000,-33.649000,20.733000,-33.038000,30.22
5.116220,0.461000,-0.264000,-0.877000,-37.344000,28.168000,-36.702000,30.27
5.126327,0.547000,-0.208000,-0.905000,-37.878000,30.809000,-38.076000,30.27
5.136231,0.548000,-0.182000,-0.884000,-34.794000,32.840000,-38.763000,30.22
5.146313,0.505000,-0.366000,-0.766000,-31.618000,40.809000,-39.603000,30.22
5.156361,0.584000,-0.092000,-0.917000,-34.183000,47.374000,-38.809000,30.18
5.166277,0.547000,-0.195000,-0.905000,-32.061000,50.229000,-37.435000,30.27
5.176268,0.468000,-0.152000,-0.905000,-29.649000,64.473000,-36.229000,30.27
5.186207,0.507000,-0.155000,-0.912000,-28.916000,77.023000,-34.901000,30.22
5.196239,0.491000,-0.183000,-0.932000,-30.427000,91.954000,-31.053000,30.22
5.206319,0.526000,-0.168000,-0.939000,-30.656000,112.076000,-31.053000,30.27
5.216249,0.463000,-0.163000,-0.866000,-30.076000,137.420000,-33.405000,30.22
5.226290,0.408000,-0.091000,-0.889000,-33.817000,157.618000,-39.450000,30.22
5.236314,0.374000,-0.044000,-0.865000,-32.992000,182.763000,-48.504000,30.32
5.246184,0.490000,0.014000,-0.868000,-21.847000,201.160000,-49.954000,30.18
5.256069,0.500000,0.002000,-0.869000,-11.542000,211.725000,-51.038000,30.18
5.265922,0.567000,-0.060000,-0.870000,-1.405000,228.107000,-52.992000,30.13
5.275912,0.483000,-0.075000,-0.857000,10.137000,240.290000,-58.397000,30.22
5.285970,0.503000,-0.223000,-0.852000,31.328000,268.947000,-59.023000,30.22
5.296041,0.823000,-0.260000,-1.082000,51.557000,280.473000,-61.740000,30.27
5.306075,1.014000,-0.532000,-1.096000,59.466000,280.137000,-70.809000,30.27
5.316005,1.253000,-0.412000,-1.259000,56.305000,308.427000,-79.832000,30.22
5.326128,1.420000,-0.193000,-1.465000,54.931000,339.313000,-91.359000,30.22
5.336099,1.792000,-0.418000,-2.000000,29.374000,353.405000,-110.427000,30.27
5.346146,1.553000,-0.531000,-1.869000,-0.763000,347.008000,-132.137000,30.18
5.356208,1.927000,-0.509000,-2.660000,-16.366000,291.069000,-135.145000,30.37
5.365937,0.135000,-1.347000,-2.728000,27.023000,204.183000,-103.115000,30.22
5.375957,0.563000,-4.000000,-3.403000,-19.496000,20.687000,3.145000,30.22
5.386063,0.071000,-3.043000,-3.855000,-166.305000,-143.130000,24.580000,30.18
5.396119,-1.126000,-1.600000,-1.798000,-220.947000,-132.611000,31.053000,30.27
5.406048,-0.845000,-0.859000,-2.093000,-214.870000,-189.817000,9.252000,30.13
5.416060,-0.807000,-0.426000,-2.130000,-141.893000,-197.145000,-14.122000,30.13
5.426106,-0.636000,-0.625000,-1.663000,-80.260000,-217.969000,-40.870000,30.27
5.436109,-0.941000,-0.662000,-0.382000,-36.290000,-246.198000,-67.359000,30.18
5.446073,-0.622000,-0.704000,-0.410000,-2.076000,-214.702000,-88.397000,30.22
5.456177,-0.011000,-1.184000,-0.874000,32.885000,-159.359000,-70.214000,30.22
5.466192,0.325000,-1.508000,-1.085000,51.893000,-154.321000,-36.061000,30.22
5.476064,0.420000,-1.539000,-0.902000,62.092000,-164.626000,3.450000,30.27
5.485839,0.508000,-1.325000,-0.817000,71.389000,-175.344000,41.282000,30.37
5.495975,0.655000,-1.105000,-0.933000,80.137000,-184.443000,72.962000,30.32
5.505854,0.746000,-0.979000,-1.087000,81.618000,-186.931000,92.443000,30.22
5.516203,0.823000,-0.888000,-1.177000,77.191000,-196.336000,104.794000,30.27
5.526046,0.912000,-0.758000,-1.196000,69.466000,-205.069000,112.000000,30.18
5.535819,0.916000,-0.501000,-1.138000,69.328000,-214.198000,117.603000,30.18
5.545882,0.878000,-0.275000,-1.083000,80.611000,-219.939000,119.771000,30.22
5.555824,0.864000,-0.109000,-1.134000,97.817000,-221.802000,117.695000,30.13
5.566088,0.899000,-0.051000,-1.252000,109.740000,-221.634000,109.237000,30.27
5.576086,0.945000,-0.049000,-1.330000,113.771000,-224.443000,96.351000,30.13
5.586312,0.951000,-0.026000,-1.372000,116.443000,-228.763000,79.145000,30.22
5.596519,1.001000,-0.031000,-1.328000,122.641000,-232.305000,60.107000,30.22
5.605855,1.078000,-0.105000,-1.185000,131.176000,-230.183000,43.511000,30.27
5.616051,1.201000,-0.265000,-1.058000,139.679000,-217.374000,35.664000,30.18
5.626289,1.377000,-0.425000,-0.976000,143.969000,-195.328000,42.046000,30.22
5.635871,1.504000,-0.452000,-0.879000,144.687000,-169.740000,59.313000,30.22
5.646417,1.550000,-0.417000,-0.815000,139.313000,-143.328000,78.427000,30.13
5.656390,1.623000,-0.276000,-0.864000,132.595000,-116.885000,94.626000,30.27
5.666386,1.681000,-0.020000,-0.922000,130.656000,-93.664000,103.313000,30.27
5.676360,1.786000,0.211000,-0.995000,135.008000,-81.771000,103.160000,30.22
5.686485,2.024000,0.448000,-1.118000,152.809000,-71.740000,99.924000,30.22
5.696452,2.202000,0.646000,-1.078000,160.809000,-79.466000,96.763000,30.27
5.706486,2.311000,0.767000,-0.986000,153.008000,-92.656000,88.595000,30.27
5.716441,2.223000,0.988000,-0.764000,128.092000,-112.168000,71.756000,30.27
5.726399,2.261000,1.104000,-0.456000,88.794000,-117.557000,54.565000,30.32
5.736279,2.293000,1.045000,-0.188000,44.473000,-107.939000,44.580000,30.32
5.746193,2.391000,1.063000,0.049000,6.489000,-92.214000,47.237000,30.18
5.756260,2.400000,1.100000,0.189000,-15.466000,-59.252000,57.374000,30.27
5.766271,2.394000,1.179000,0.338000,-32.183000,-28.137000,72.794000,30.32
5.776304,2.014000,0.393000,1.392000,-118.336000,103.634000,79.160000,30.22
5.786227,2.761000,1.741000,1.323000,-189.298000,126.794000,50.565000,30.27
5.796340,0.430000,1.808000,0.188000,-101.450000,145.176000,41.939000,30.27
5.806319,1.579000,0.782000,-2.785000,-95.908000,109.267000,13.496000,30.18
5.816226,-0.372000,0.495000,-2.791000,-125.405000,40.626000,-43.542000,30.22
5.826009,-0.636000,0.082000,-1.228000,-70.962000,65.420000,-91.985000,30.22
5.835928,0.329000,-0.237000,-0.543000,-38.977000,140.290000,-97.710000,30.18
5.846102,1.312000,-0.414000,-1.541000,-22.519000,163.908000,-73.038000,30.27
5.856038,0.884000,0.253000,-1.725000,-16.244000,152.305000,-71.252000,30.13
5.866297,0.399000,0.583000,-1.444000,8.107000,131.359000,-82.305000,30.13
5.876253,0.594000,0.180000,-1.352000,32.412000,107.817000,-77.710000,30.18
5.886408,0.735000,-0.366000,-0.997000,41.420000,90.443000,-62.840000,30.27
5.896286,1.057000,-1.071000,-0.947000,24.046000,76.290000,-54.733000,30.32
5.906200,1.059000,-0.968000,-0.953000,1.252000,66.870000,-41.130000,30.22
5.916223,0.853000,-0.591000,-1.117000,-16.641000,57.206000,-35.115000,30.13
5.926186,0.751000,-0.491000,-1.091000,-28.595000,33.756000,-26.489000,30.27
5.936342,0.673000,-0.629000,-0.932000,-37.832000,14.580000,-19.130000,30.22
5.946243,0.502000,-0.496000,-0.905000,-41.145000,4.137000,-14.443000,30.32
5.956158,0.348000,-0.366000,-0.890000,-37.679000,2.977000,-14.962000,30.22
5.966073,0.332000,-0.415000,-0.820000,-40.489000,13.099000,-17.664000,30.27
5.975821,0.299000,-0.386000,-0.793000,-46.626000,22.702000,-20.031000,30.18
5.985821,0.287000,-0.265000,-0.842000,-51.832000,33.115000,-21.771000,30.22
5.995936,0.312000,-0.252000,-0.859000,-57.863000,40.244000,-23.695000,30.22
6.005853,0.429000,-0.362000,-0.959000,-59.908000,44.748000,-24.656000,30.22
6.015756,0.558000,-0.339000,-0.990000,-49.695000,44.031000,-21.695000,30.27
6.025728,0.437000,-0.301000,-0.856000,-43.282000,38.275000,-20.779000,30.27
6.035768,0.553000,-0.323000,-0.889000,-46.763000,36.260000,-22.641000,30.22
6.045720,0.452000,-0.333000,-0.845000,-44.534000,25.573000,-23.588000,30.13
6.055738,0.483000,-0.403000,-0.836000,-45.710000,25.710000,-24.626000,30.27
6.065668,0.493000,-0.326000,-0.858000,-46.794000,26.229000,-26.336000,30.18
6.075718,0.459000,-0.197000,-0.857000,-40.183000,19.237000,-25.053000,30.27
6.085723,0.440000,-0.226000,-0.881000,-35.115000,19.176000,-24.672000,30.22
6.095710,0.453000,-0.265000,-0.867000,-33.863000,18.473000,-25.847000,30.22
6.105738,0.449000,-0.231000,-0.864000,-32.794000,16.565000,-26.916000,30.18
6.115777,0.435000,-0.231000,-0.843000,-29.756000,18.824000,-28.122000,30.27
6.125724,0.455000,-0.221000,-0.922000,-27.878000,21.374000,-28.534000,30.22
6.135743,0.459000,-0.230000,-0.863000,-28.198000,27.069000,-29.771000,30.13
6.145806,0.442000,-0.209000,-0.870000,-33.527000,32.641000,-30.931000,30.18
6.155740,0.490000,-0.270000,-0.836000,-35.481000,35.130000,-33.298000,30.18
6.165776,0.516000,-0.225000,-0.853000,-33.008000,37.603000,-34.885000,30.22
6.175797,0.487000,-0.511000,-0.622000,-26.198000,48.794000,-33.802000,30.22
6.186012,0.562000,-0.277000,-0.917000,-27.710000,52.061000,-35.588000,30.22
6.195881,0.549000,-0.152000,-0.940000,-29.695000,67.786000,-35.527000,30.27
6.205877,0.472000,-0.169000,-0.896000,-27.282000,85.221000,-31.511000,30.18
6.215855,0.461000,-0.255000,-0.923000,-28.137000,99.527000,-26.534000,30.22
6.225981,0.500000,-0.165000,-0.960000,-31.603000,111.878000,-27.924000,30.32
6.235960,0.472000,-0.211000,-0.867000,-32.595000,136.901000,-29.481000,30.18
6.246053,0.408000,-0.139000,-0.828000,-34.977000,160.244000,-37.389000,30.18
6.256027,0.388000,-0.115000,-0.819000,-32.046000,185.176000,-46.870000,30.22
6.266026,0.479000,-0.053000,-0.835000,-31.084000,203.969000,-50.702000,30.13
6.276090,0.465000,-0.010000,-0.883000,-16.489000,213.924000,-48.397000,30.13
6.286136,0.482000,-0.084000,-0.876000,2.076000,222.260000,-57.191000,30.27
6.296115,0.495000,-0.219000,-0.949000,0.198000,238.412000,-71.817000,30.32
6.306279,0.591000,-0.253000,-0.833000,-7.802000,266.977000,-87.298000,30.22
6.316085,0.836000,-0.291000,-0.906000,3.435000,273.573000,-100.107000,30.22
6.326095,1.030000,-0.452000,-1.122000,22.290000,293.435000,-102.870000,30.27
6.336084,1.133000,-0.526000,-1.283000,20.198000,312.046000,-105.481000,30.27
6.346119,1.443000,-0.477000,-1.678000,21.527000,341.023000,-108.901000,30.32
6.356191,1.908000,-0.633000,-2.174000,12.824000,377.420000,-128.534000,30.22
6.366221,1.950000,-0.482000,-2.144000,3.542000,387.603000,-151.359000,30.22
6.376188,2.080000,-0.488000,-2.838000,21.099000,348.763000,-152.061000,30.27
6.386008,0.090000,-1.475000,-3.213000,101.634000,137.237000,-127.618000,30.27
6.396180,0.528000,-3.970000,-2.723000,27.832000,35.908000,-5.344000,30.22
6.406071,-0.146000,-3.410000,-3.423000,-138.931000,-188.443000,24.351000,30.22
6.416209,-1.419000,-1.958000,-1.658000,-206.794000,-178.779000,51.679000,30.27
6.426168,-1.241000,-1.070000,-1.920000,-191.237000,-204.260000,43.710000,30.27
6.436148,-1.070000,-0.507000,-2.127000,-105.618000,-197.313000,28.916000,30.27
6.446051,-0.896000,-0.578000,-1.792000,-31.328000,-197.099000,4.656000,30.13
6.459266,-0.728000,-0.943000,-1.048000,-5.191000,-240.748000,-14.656000,30.22
6.467513,-0.484000,-0.959000,-0.867000,-4.824000,-228.382000,-32.718000,30.18
6.477613,-0.036000,-0.874000,-1.070000,10.336000,-242.840000,-26.779000,30.18
6.486196,0.270000,-0.917000,-1.229000,47.634000,-234.489000,-4.290000,30.22
6.495709,0.479000,-0.978000,-1.229000,76.260000,-225.740000,28.672000,30.22
6.505661,0.623000,-1.047000,-1.179000,86.519000,-226.733000,62.534000,30.18
6.515668,0.709000,-0.905000,-1.182000,81.115000,-224.046000,93.023000,30.18
6.525712,0.823000,-0.593000,-1.287000,78.076000,-226.061000,110.168000,30.18
6.535752,0.912000,-0.302000,-1.429000,84.321000,-229.969000,116.687000,30.22
6.545747,0.939000,-0.105000,-1.414000,95.557000,-233.267000,114.611000,30.22
6.555746,0.898000,0.016000,-1.351000,105.267000,-246.229000,108.046000,30.18
6.565759,0.951000,0.180000,-1.344000,112.336000,-252.153000,97.420000,30.18
6.575775,0.957000,0.242000,-1.379000,120.748000,-247.725000,86.794000,30.22
6.585800,1.029000,0.155000,-1.472000,122.214000,-242.214000,80.046000,30.22
6.595936,1.115000,0.080000,-1.421000,113.344000,-242.519000,77.221000,30.22
6.605875,1.251000,-0.014000,-1.290000,102.809000,-243.221000,75.084000,30.18
6.615789,1.440000,-0.075000,-1.196000,97.878000,-234.611000,75.893000,30.18
6.625821,1.574000,-0.108000,-1.034000,96.748000,-216.336000,83.313000,30.22
6.635907,1.708000,-0.130000,-0.985000,99.344000,-192.626000,97.954000,30.13
6.645998,1.834000,-0.041000,-1.000000,104.885000,-167.969000,116.275000,30.27
6.656016,1.934000,0.157000,-1.098000,105.939000,-151.344000,135.099000,30.27
6.665976,1.995000,0.435000,-1.099000,108.855000,-141.435000,150.107000,30.22
6.675957,2.022000,0.694000,-1.057000,105.695000,-135.878000,154.626000,30.13
6.686088,2.131000,0.850000,-0.966000,91.939000,-135.405000,146.427000,30.13
6.696019,2.234000,0.945000,-0.819000,70.214000,-136.275000,126.916000,30.27
6.706043,2.302000,0.973000,-0.573000,43.130000,-135.985000,99.145000,30.22
6.716128,2.317000,1.038000,-0.247000,24.382000,-128.382000,70.687000,30.22
6.726064,2.289000,1.056000,0.017000,15.771000,-109.359000,48.534000,30.22
6.736177,2.354000,1.038000,0.207000,8.565000,-81.038000,34.763000,30.27
6.746055,2.333000,0.963000,0.373000,-3.542000,-47.374000,28.382000,30.27
6.756171,2.295000,0.954000,0.450000,-28.382000,-5.328000,25.191000,30.32
6.766042,2.249000,1.326000,0.702000,-28.962000,79.038000,1.160000,30.32
6.776147,2.008000,1.305000,0.842000,-32.565000,73.847000,-20.305000,30.22
6.786029,2.671000,0.830000,0.194000,-23.832000,125.069000,-47.786000,30.27
6.796002,0.538000,-0.382000,-0.440000,-5.939000,122.412000,-37.435000,30.27
6.806125,0.694000,-1.174000,-1.706000,-25.756000,53.206000,-28.427000,30.22
6.816158,-0.443000,-1.340000,-0.844000,-46.718000,36.656000,-38.382000,30.22
6.826127,-0.664000,-0.674000,-0.189000,-37.573000,85.511000,-40.366000,30.18
6.836082,0.244000,-0.197000,-0.670000,0.763000,177.496000,-24.137000,30.27
6.846164,0.917000,0.672000,-1.969000,17.084000,215.267000,-42.061000,30.22
6.856131,0.858000,1.130000,-2.497000,39.176000,155.481000,-67.817000,30.13
6.866173,0.547000,0.666000,-1.698000,75.802000,119.863000,-80.153000,30.13
6.876165,0.738000,-0.402000,-1.266000,93.603000,100.595000,-68.015000,30.27
6.886046,0.763000,-0.987000,-0.806000,84.397000,85.389000,-50.947000,30.27
6.896097,0.811000,-1.068000,-0.880000,54.458000,66.260000,-45.756000,30.22
6.906190,0.771000,-0.812000,-0.796000,26.550000,66.626000,-39.466000,30.22
6.916157,0.877000,-0.968000,-0.819000,-3.618000,55.053000,-36.809000,30.18
6.926196,0.718000,-0.886000,-0.728000,-28.412000,46.489000,-29.649000,30.27
6.936225,0.490000,-0.674000,-0.689000,-50.550000,30.870000,-31.267000,30.22
6.946164,0.289000,-0.482000,-0.612000,-80.748000,8.901000,-36.061000,30.22
6.956185,0.192000,-0.572000,-0.514000,-122.290000,11.374000,-43.695000,30.22
6.966158,0.393000,-0.715000,-0.997000,-126.321000,46.473000,-48.687000,30.27
6.976224,0.492000,-0.247000,-1.072000,-113.420000,58.534000,-47.328000,30.18
6.986194,0.579000,-0.119000,-1.257000,-83.466000,66.794000,-39.847000,30.13
6.996102,0.479000,-0.176000,-1.040000,-57.206000,54.916000,-30.290000,30.22
7.006030,0.518000,-0.260000,-1.028000,-40.992000,43.832000,-23.618000,30.18
7.016034,0.522000,-0.216000,-1.037000,-28.260000,36.214000,-20.947000,30.27
7.026047,0.432000,-0.459000,-0.823000,-29.145000,26.840000,-23.069000,30.22
7.036180,0.460000,-0.424000,-0.812000,-37.847000,28.641000,-27.527000,30.22
7.045935,0.473000,-0.389000,-0.829000,-46.351000,28.534000,-32.427000,30.13
7.055788,0.522000,-0.284000,-0.906000,-51.771000,28.611000,-34.794000,30.27
7.065773,0.540000,-0.264000,-0.925000,-49.267000,24.473000,-35.435000,30.22
7.075698,0.493000,-0.266000,-0.878000,-45.099000,19.115000,-35.435000,30.13
7.085729,0.479000,-0.214000,-0.877000,-40.626000,13.832000,-34.840000,30.22
7.095842,0.479000,-0.192000,-0.877000,-33.359000,13.008000,-33.176000,30.18
7.105671,0.405000,-0.240000,-0.855000,-30.031000,20.275000,-30.702000,30.18
7.115685,0.453000,-0.200000,-0.895000,-25.298000,24.473000,-30.794000,30.22
7.125680,0.466000,-0.237000,-0.871000,-23.374000,28.855000,-30.656000,30.22
7.135685,0.461000,-0.229000,-0.870000,-21.863000,33.557000,-32.397000,30.18
7.145741,0.504000,0.348000,-1.110000,-0.656000,23.328000,-48.198000,30.18
7.155720,0.496000,-0.070000,-0.878000,-17.939000,46.977000,-42.992000,30.27
7.165671,0.451000,-0.314000,-0.791000,-23.298000,59.634000,-37.130000,30.22
7.175737,0.435000,-0.131000,-0.887000,-18.641000,61.191000,-36.504000,30.22
7.185761,0.505000,-0.119000,-0.895000,-16.504000,73.099000,-30.702000,30.18
7.195737,0.460000,-0.188000,-0.902000,-13.893000,85.573000,-28.092000,30.27
7.205814,0.502000,-0.191000,-0.887000,-15.221000,102.550000,-26.412000,30.22
7.215751,0.521000,-0.206000,-0.847000,-14.595000,120.580000,-24.580000,30.13
7.225808,0.513000,-0.209000,-0.804000,-14.382000,142.870000,-27.450000,30.22
7.235801,0.408000,-0.170000,-0.812000,-14.916000,164.733000,-34.168000,30.18
7.245824,0.507000,-0.134000,-0.850000,-6.397000,178.931000,-38.229000,30.18
7.255815,0.506000,-0.160000,-0.863000,0.824000,189.725000,-39.023000,30.22
7.265782,0.505000,-0.195000,-0.874000,4.870000,197.664000,-44.198000,30.32
7.275817,0.537000,-0.229000,-0.936000,24.015000,196.000000,-53.634000,30.27
7.285899,0.680000,-0.349000,-0.831000,11.206000,233.817000,-67.359000,30.27
7.295894,0.660000,-0.466000,-1.029000,3.069000,256.565000,-85.221000,30.22
7.305839,0.897000,-0.605000,-1.177000,-7.496000,271.298000,-101.237000,30.22
7.316018,1.044000,-0.582000,-1.119000,-13.802000,282.748000,-125.756000,30.27
7.325986,1.403000,-0.552000,-1.559000,-16.534000,304.427000,-147.496000,30.22
7.335968,1.683000,-0.703000,-1.800000,-30.534000,321.679000,-165.496000,30.22
7.346119,1.764000,-0.633000,-1.850000,-49.344000,309.893000,-186.550000,30.32
7.356156,1.756000,-0.873000,-2.571000,-39.969000,262.687000,-186.092000,30.18
7.366092,-0.395000,-2.811000,-3.323000,1.924000,163.756000,-103.756000,30.27
7.375982,0.633000,-4.000000,-2.294000,-45.145000,15.328000,46.885000,30.22
7.385985,-0.860000,-2.912000,-2.116000,-151.573000,-103.344000,91.542000,30.32
7.395945,-0.942000,-1.682000,-1.546000,-166.885000,-34.061000,103.023000,30.22
7.405866,-0.771000,-1.030000,-2.174000,-158.885000,-73.557000,95.969000,30.27
7.415817,-0.820000,-0.633000,-2.287000,-112.137000,-75.603000,70.565000,30.27
7.425854,-0.719000,-0.462000,-2.030000,-84.855000,-136.733000,29.206000,30.22
7.435912,-0.523000,-0.436000,-1.620000,-70.641000,-192.595000,-14.779000,30.22
7.446044,-0.257000,-0.404000,-1.486000,-59.008000,-247.985000,-47.863000,30.18
7.455990,-0.039000,-0.338000,-1.294000,-29.206000,-287.893000,-66.214000,30.18
7.465918,0.083000,-0.414000,-1.006000,12.611000,-290.962000,-72.687000,30.22
7.475976,0.228000,-0.570000,-0.751000,48.107000,-272.076000,-66.046000,30.22
7.486033,0.364000,-0.766000,-0.571000,69.695000,-248.214000,-49.969000,30.22
7.496063,0.543000,-0.867000,-0.612000,84.107000,-231.664000,-23.481000,30.27
7.505963,0.683000,-0.906000,-0.729000,92.214000,-209.359000,8.901000,30.18
7.515991,0.756000,-0.937000,-0.843000,97.252000,-188.931000,46.977000,30.22
7.526003,0.828000,-0.887000,-0.888000,98.809000,-177.389000,86.275000,30.22
7.536087,0.891000,-0.676000,-1.000000,102.977000,-166.855000,120.305000,30.27
7.546119,0.914000,-0.449000,-1.107000,108.702000,-161.817000,147.679000,30.18
7.556188,0.930000,-0.213000,-1.179000,115.939000,-148.992000,165.771000,30.22
7.566120,0.954000,0.015000,-1.278000,122.122000,-162.611000,173.511000,30.22
7.576232,0.993000,0.168000,-1.418000,121.099000,-172.412000,166.519000,30.18
7.586081,1.052000,0.259000,-1.552000,114.565000,-187.740000,148.122000,30.18
7.596006,1.121000,0.328000,-1.644000,110.504000,-203.679000,122.931000,30.22
7.606156,1.234000,0.317000,-1.590000,113.252000,-223.496000,99.481000,30.13
7.616180,1.375000,0.210000,-1.427000,117.695000,-236.519000,82.107000,30.22
7.626153,1.533000,0.075000,-1.274000,122.733000,-240.580000,73.969000,30.27
7.636219,1.677000,-0.007000,-1.114000,124.672000,-230.962000,75.710000,30.13
7.646119,1.863000,-0.002000,-0.958000,125.588000,-212.977000,85.160000,30.22
7.656177,1.969000,0.078000,-0.874000,126.107000,-190.626000,97.130000,30.32
7.666078,2.092000,0.244000,-0.810000,128.855000,-168.504000,109.344000,30.18
7.676115,2.167000,0.452000,-0.716000,131.588000,-146.229000,117.588000,30.18
7.686102,2.286000,0.608000,-0.622000,129.099000,-126.519000,121.374000,30.22
7.696132,2.455000,0.753000,-0.455000,124.519000,-106.031000,124.076000,30.22
7.706246,2.528000,0.776000,-0.219000,109.847000,-86.443000,125.481000,30.13
7.716205,2.551000,0.956000,0.150000,86.000000,-57.634000,120.580000,30.18
7.726308,2.575000,1.081000,0.290000,51.695000,-29.160000,102.855000,30.27
7.736168,2.607000,1.229000,0.346000,15.481000,0.427000,77.344000,30.22
7.746141,2.626000,1.291000,0.268000,-11.573000,27.527000,53.115000,30.13
7.756159,1.673000,1.183000,0.301000,-17.405000,31.603000,39.908000,30.27
7.766254,2.962000,1.466000,0.491000,-76.397000,86.779000,-11.664000,30.18
7.776273,0.059000,0.329000,-0.804000,-54.687000,160.366000,-25.252000,30.22
7.786099,1.247000,-0.439000,-2.682000,-66.198000,41.908000,-28.901000,30.22
7.796302,-1.041000,-0.689000,-1.454000,-74.580000,18.992000,-33.420000,30.27
7.806352,-0.601000,-0.871000,-0.108000,-92.137000,37.771000,-54.443000,30.27
7.816188,0.236000,-0.832000,-0.089000,-84.031000,119.954000,-56.687000,30.27
7.826308,0.852000,0.010000,-0.961000,-24.718000,172.565000,-38.366000,30.22
7.836159,0.639000,0.553000,-1.763000,-9.221000,190.214000,-53.725000,30.22
7.846050,0.479000,0.762000,-2.022000,7.496000,142.092000,-83.618000,30.27
7.856287,0.607000,0.231000,-1.561000,38.565000,109.435000,-89.771000,30.18
7.866231,0.835000,-0.445000,-1.343000,59.603000,93.786000,-76.794000,30.22
7.876167,0.736000,-0.784000,-1.028000,54.565000,87.084000,-62.427000,30.13
7.886111,0.854000,-0.958000,-1.045000,26.351000,71.618000,-54.611000,30.18
7.896154,0.786000,-0.679000,-0.949000,8.733000,70.611000,-43.557000,30.18
7.905927,0.841000,-0.839000,-1.001000,-7.969000,57.786000,-33.832000,30.27
7.915991,0.711000,-0.753000,-0.838000,-18.015000,39.206000,-24.427000,30.22
7.926191,0.571000,-0.667000,-0.843000,-24.916000,27.786000,-19.221000,30.22
7.936047,0.398000,-0.531000,-0.803000,-30.794000,22.672000,-18.489000,30.27
7.946261,0.336000,-0.531000,-0.813000,-36.763000,26.504000,-20.931000,30.32
7.956193,0.292000,-0.417000,-0.773000,-42.580000,32.397000,-23.969000,30.22
7.966158,0.264000,-0.299000,-0.793000,-50.382000,43.893000,-27.130000,30.22
7.976300,0.251000,-0.279000,-0.750000,-63.420000,47.679000,-30.229000,30.27
7.986076,0.337000,-0.468000,-0.780000,-68.534000,57.603000,-32.641000,30.18
7.996155,0.474000,-0.443000,-0.938000,-71.191000,60.718000,-31.817000,30.22
8.006132,0.500000,-0.340000,-0.991000,-63.084000,56.962000,-29.252000,30.13
8.016126,0.552000,-0.427000,-0.929000,-55.679000,44.733000,-27.344000,30.22
8.026231,0.546000,-0.483000,-0.850000,-50.992000,34.809000,-26.824000,30.18
8.036248,0.501000,-0.470000,-0.863000,-52.107000,25.634000,-29.420000,30.18
8.046208,0.466000,-0.371000,-0.811000,-52.137000,17.511000,-31.725000,30.22
8.056258,0.468000,-0.445000,-0.790000,-56.260000,14.962000,-34.779000,30.22
8.066135,0.450000,-0.327000,-0.812000,-60.702000,18.656000,-38.092000,30.27
8.076221,0.465000,-0.336000,-0.917000,-60.794000,23.786000,-40.260000,30.18
8.086229,0.412000,-0.242000,-0.865000,-57.542000,22.076000,-40.916000,30.27
8.095989,0.432000,-0.218000,-0.855000,-54.229000,17.420000,-41.008000,30.22
8.105851,0.454000,-0.236000,-0.867000,-50.275000,16.214000,-40.763000,30.22
8.115836,0.479000,-0.246000,-0.876000,-42.443000,15.893000,-37.695000,30.18
8.125837,0.503000,-0.234000,-0.910000,-36.748000,21.618000,-35.008000,30.27
8.135917,0.522000,-0.234000,-0.913000,-31.603000,25.435000,-33.099000,30.22
8.146024,0.499000,-0.196000,-0.878000,-27.466000,30.931000,-32.107000,30.22
8.155951,0.485000,-0.180000,-0.914000,-2.183000,26.290000,-39.557000,30.18
8.165890,0.502000,-0.025000,-0.923000,-14.351000,43.740000,-37.267000,30.18
8.175983,0.490000,-0.361000,-0.797000,-11.908000,50.733000,-33.664000,30.22
8.186040,0.478000,-0.141000,-0.884000,-15.298000,57.802000,-33.527000,30.32
8.196104,0.473000,-0.284000,-0.849000,-17.313000,70.321000,-30.046000,30.22
8.205972,0.568000,-0.189000,-0.895000,-16.107000,89.328000,-27.313000,30.18
8.215970,0.508000,-0.238000,-0.859000,-17.740000,102.366000,-26.672000,30.18
8.226036,0.471000,-0.254000,-0.856000,-19.374000,119.389000,-28.061000,30.22
8.236146,0.514000,-0.205000,-0.832000,-20.962000,139.191000,-30.977000,30.13
8.246188,0.451000,-0.138000,-0.809000,-21.771000,160.840000,-35.893000,30.18
8.256139,0.434000,-0.108000,-0.783000,-19.786000,185.252000,-43.863000,30.27
8.266164,0.507000,-0.094000,-0.825000,-19.939000,199.405000,-48.305000,30.22
8.276223,0.453000,-0.100000,-0.811000,-14.748000,205.634000,-49.939000,30.22
8.286198,0.474000,-0.131000,-0.800000,-19.267000,227.542000,-56.534000,30.22
8.296172,0.533000,-0.144000,-0.792000,-24.931000,259.573000,-69.847000,30.18
8.306251,0.505000,-0.284000,-1.004000,-30.580000,252.565000,-82.321000,30.22
8.316157,0.728000,-0.365000,-0.939000,-42.580000,269.069000,-100.137000,30.22
8.326345,0.987000,-0.452000,-1.082000,-18.656000,299.282000,-101.893000,30.22
8.336047,1.232000,-0.472000,-1.343000,35.802000,296.733000,-100.733000,30.18
8.346093,1.328000,-0.493000,-1.645000,50.763000,313.115000,-88.031000,30.27
8.356105,1.558000,-0.411000,-1.690000,48.809000,355.954000,-107.221000,30.22
8.366087,2.115000,-0.239000,-1.904000,21.160000,397.954000,-138.702000,30.22
8.376228,1.853000,-0.202000,-1.996000,7.939000,390.870000,-159.939000,30.22
8.386222,1.840000,-0.245000,-2.746000,27.053000,339.313000,-144.718000,30.18
8.396192,0.152000,-1.323000,-2.820000,99.252000,174.183000,-105.191000,30.18
8.406175,0.396000,-4.000000,-3.597000,27.954000,4.366000,-6.397000,30.32
8.416147,-0.198000,-2.791000,-3.323000,-148.382000,-144.840000,35.924000,30.22
8.426181,-1.537000,-1.207000,-1.327000,-139.786000,-171.573000,43.435000,30.18
8.436069,-0.794000,-0.722000,-1.722000,-101.802000,-188.794000,38.595000,30.18
8.446083,-0.586000,-0.666000,-1.834000,-48.809000,-185.481000,29.786000,30.22
8.455971,-0.355000,-1.060000,-1.639000,-39.450000,-179.176000,20.046000,30.22
8.465943,-0.322000,-0.992000,-1.208000,-57.573000,-242.336000,7.450000,30.22
8.476080,-0.243000,-0.547000,-0.939000,-55.084000,-269.802000,-10.580000,30.27
8.486044,0.013000,-0.346000,-0.989000,-15.115000,-274.427000,-22.397000,30.18
8.496004,0.345000,-0.499000,-1.060000,32.931000,-266.168000,-23.420000,30.22
8.506063,0.534000,-0.904000,-0.913000,64.321000,-265.252000,-12.015000,30.22
8.516107,0.750000,-1.175000,-0.732000,71.481000,-259.863000,13.832000,30.27
8.525908,0.846000,-1.230000,-0.689000,59.679000,-254.321000,46.489000,30.18
8.536021,0.864000,-1.054000,-0.840000,50.458000,-252.092000,75.069000,30.18
8.546008,0.893000,-0.761000,-1.005000,59.160000,-247.099000,95.084000,30.13
8.556131,0.932000,-0.589000,-1.023000,73.557000,-243.908000,104.840000,30.22
8.566218,1.009000,-0.458000,-1.029000,83.878000,-247.221000,103.344000,30.27
8.576316,1.127000,-0.347000,-1.093000,89.740000,-251.954000,98.702000,30.27
8.586168,1.073000,-0.197000,-1.036000,99.191000,-254.046000,93.573000,30.22
8.596338,0.972000,-0.034000,-1.046000,119.847000,-245.069000,89.817000,30.22
8.606165,1.001000,0.017000,-1.158000,140.519000,-230.061000,88.260000,30.18
8.616156,1.099000,-0.080000,-1.255000,149.710000,-214.366000,87.985000,30.27
8.626076,1.244000,-0.054000,-1.313000,151.267000,-207.206000,86.580000,30.27
8.635985,1.405000,0.051000,-1.277000,157.176000,-202.122000,83.710000,30.32
8.646211,1.631000,0.034000,-1.188000,165.695000,-194.870000,81.756000,30.22
8.656385,1.865000,-0.063000,-1.106000,171.802000,-186.168000,85.832000,30.18
8.666237,2.018000,-0.059000,-1.031000,174.473000,-172.260000,97.374000,30.22
8.676310,2.149000,0.133000,-1.002000,173.863000,-153.328000,112.168000,30.22
8.686190,2.219000,0.313000,-0.983000,168.718000,-137.221000,126.290000,30.22
8.696087,2.282000,0.621000,-0.930000,160.427000,-128.031000,134.351000,30.22
8.706223,2.371000,0.852000,-0.804000,147.603000,-123.069000,135.237000,30.27
8.716319,2.413000,1.061000,-0.556000,128.718000,-115.771000,125.328000,30.22
8.726229,2.483000,1.029000,-0.260000,88.580000,-106.702000,102.977000,30.32
8.736159,2.553000,1.097000,-0.079000,41.221000,-94.931000,77.176000,30.22
8.746138,2.585000,1.266000,0.097000,10.260000,-75.878000,56.229000,30.18
8.756167,2.539000,1.390000,0.275000,-3.023000,-47.099000,42.901000,30.18
8.766260,2.387000,0.916000,0.994000,-51.985000,48.565000,29.130000,30.22
8.776136,2.219000,1.525000,1.043000,-125.282000,62.809000,2.550000,30.22
8.786154,2.276000,1.731000,-0.042000,-115.740000,99.725000,-29.313000,30.22
8.796178,1.043000,0.282000,-2.087000,-75.221000,117.496000,-21.740000,30.18
8.806264,-0.032000,-0.742000,-2.165000,-86.809000,15.084000,-30.015000,30.27
8.816171,-0.690000,-1.004000,-0.804000,-94.641000,-7.450000,-45.969000,30.22
8.826402,-0.126000,-1.068000,-0.027000,-101.786000,62.473000,-49.985000,30.22
8.836343,0.855000,-0.329000,-0.982000,-48.672000,133.527000,-29.053000,30.22
8.846148,0.708000,0.584000,-1.618000,-32.885000,145.374000,-31.603000,30.27
8.856139,0.438000,0.907000,-1.996000,-17.466000,118.534000,-58.977000,30.18
8.866060,0.378000,0.408000,-1.568000,12.626000,87.206000,-71.237000,30.13
8.876202,0.436000,-0.312000,-1.004000,35.863000,81.435000,-63.206000,30.22
8.886160,0.362000,-0.504000,-0.854000,42.473000,93.160000,-57.420000,30.18
8.896103,0.417000,-0.448000,-0.853000,37.573000,92.260000,-58.779000,30.27
8.906192,0.759000,-0.681000,-1.108000,15.344000,94.397000,-63.206000,30.22
8.916172,0.942000,-0.952000,-0.900000,-0.824000,80.214000,-49.252000,30.22
8.926188,0.834000,-0.850000,-0.924000,-11.573000,60.092000,-36.397000,30.37
8.936288,0.687000,-0.597000,-0.928000,-20.870000,39.237000,-27.786000,30.27
8.946107,0.452000,-0.472000,-0.870000,-27.542000,24.595000,-26.427000,30.27
8.956177,0.381000,-0.525000,-0.792000,-35.756000,23.786000,-26.962000,30.22
8.966242,0.286000,-0.480000,-0.715000,-41.298000,33.221000,-30.565000,30.32
8.976130,0.285000,-0.266000,-0.791000,-47.557000,34.305000,-34.626000,30.18
8.986260,0.352000,-0.192000,-0.875000,-56.977000,43.084000,-37.298000,30.18
8.996097,0.348000,-0.327000,-0.841000,-71.069000,43.969000,-37.313000,30.22
9.011117,0.390000,-0.572000,-0.896000,-80.611000,46.321000,-38.626000,30.22
9.018746,0.536000,-0.476000,-0.974000,-84.809000,44.412000,-38.107000,30.18
9.026472,0.436000,-0.399000,-0.894000,-82.427000,36.366000,-39.649000,30.27
9.035786,0.503000,-0.455000,-0.898000,-84.382000,29.969000,-41.802000,30.18
9.046366,0.497000,-0.293000,-0.909000,-82.550000,15.191000,-42.061000,30.32
9.055693,0.511000,-0.490000,-0.849000,-83.542000,11.115000,-45.298000,30.22
9.065695,0.559000,-0.313000,-1.093000,-77.924000,10.962000,-48.214000,30.27
9.075721,0.433000,-0.206000,-0.859000,-71.130000,11.176000,-50.229000,30.32
9.085746,0.425000,-0.191000,-0.882000,-68.489000,7.679000,-49.832000,30.22
9.095769,0.450000,-0.150000,-0.964000,-62.092000,7.496000,-47.496000,30.22
9.105746,0.465000,-0.149000,-0.980000,-55.679000,10.748000,-44.962000,30.27
9.115731,0.500000,-0.151000,-0.913000,-46.153000,16.473000,-40.412000,30.18
9.125795,0.475000,-0.165000,-0.938000,-38.107000,20.809000,-36.763000,30.22
9.135856,0.488000,-0.109000,-0.960000,-30.489000,29.756000,-32.260000,30.22
9.145888,0.490000,-0.179000,-0.911000,-24.397000,35.160000,-29.389000,30.22
9.155872,0.481000,-0.126000,-0.915000,-18.122000,38.809000,-28.321000,30.18
9.165821,0.383000,0.228000,-1.079000,-0.534000,35.618000,-38.412000,30.18
9.175851,0.469000,-0.104000,-0.902000,-14.214000,56.931000,-28.076000,30.22
9.185879,0.461000,-0.270000,-0.868000,-9.924000,61.588000,-26.794000,30.22
9.195931,0.473000,-0.196000,-0.901000,-11.695000,64.458000,-28.321000,30.18
9.206006,0.481000,-0.207000,-0.895000,-16.290000,76.107000,-27.924000,30.27
9.216022,0.479000,-0.178000,-0.919000,-18.366000,89.496000,-27.740000,30.22
9.225992,0.472000,-0.274000,-0.898000,-24.137000,102.137000,-24.931000,30.22
9.236093,0.484000,-0.215000,-0.892000,-28.366000,116.840000,-27.115000,30.22
9.246148,0.443000,-0.243000,-0.836000,-26.580000,139.313000,-32.626000,30.27
9.255976,0.384000,-0.139000,-0.839000,-25.771000,159.817000,-40.885000,30.27
9.266114,0.403000,-0.075000,-0.916000,-12.153000,179.725000,-46.229000,30.22
9.276082,0.433000,-0.116000,-0.912000,-0.290000,195.282000,-52.000000,30.22
9.286152,0.438000,-0.127000,-0.927000,8.656000,214.290000,-64.412000,30.27
9.295991,0.539000,-0.227000,-0.898000,5.252000,236.061000,-78.626000,30.27
9.306307,0.689000,-0.124000,-0.938000,-6.198000,261.847000,-89.313000,30.22
9.316123,0.789000,-0.173000,-1.018000,-3.511000,280.885000,-94.947000,30.22
9.326081,0.976000,-0.241000,-1.040000,-10.824000,274.947000,-96.779000,30.22
9.336335,1.079000,-0.247000,-1.288000,-12.458000,282.305000,-101.710000,30.18
9.346311,1.386000,-0.344000,-1.640000,-10.885000,301.679000,-108.656000,30.18
9.356203,1.708000,-0.323000,-1.898000,-34.977000,312.779000,-119.527000,30.32
9.366169,1.577000,-0.568000,-1.864000,-36.458000,276.275000,-135.573000,30.32
9.376174,1.314000,-0.922000,-2.376000,-17.939000,215.817000,-119.466000,30.18
9.386341,-0.144000,-3.989000,-3.346000,0.977000,93.817000,6.718000,30.22
9.396136,0.280000,-3.983000,-2.711000,-104.595000,-87.344000,99.389000,30.32
9.406251,-1.007000,-2.617000,-1.537000,-249.405000,-58.962000,161.344000,30.22
9.416164,-0.930000,-1.113000,-1.599000,-209.435000,-156.015000,128.031000,30.18
9.426140,-0.861000,-0.295000,-1.729000,-155.176000,-145.359000,96.519000,30.18
9.436392,-0.815000,-0.065000,-1.688000,-77.969000,-140.412000,47.542000,30.13
9.446129,-0.786000,-0.320000,-1.022000,-39.221000,-168.840000,-1.817000,30.13
9.456318,-0.592000,-0.420000,-0.727000,-28.855000,-169.435000,-51.221000,30.22
9.466188,-0.181000,-0.711000,-0.990000,-21.328000,-176.580000,-73.023000,30.27
9.476166,0.160000,-0.905000,-1.152000,-2.412000,-197.832000,-70.382000,30.27
9.486283,0.317000,-1.024000,-1.069000,24.305000,-206.855000,-56.137000,30.22
9.496217,0.419000,-1.092000,-0.854000,51.145000,-216.061000,-34.107000,30.13
9.506056,0.546000,-1.124000,-0.747000,72.260000,-209.282000,-7.573000,30.18
9.515852,0.687000,-1.112000,-0.820000,89.206000,-201.832000,22.809000,30.27
9.525864,0.731000,-1.029000,-0.836000,100.031000,-187.679000,50.000000,30.18
9.535865,0.805000,-0.923000,-0.927000,107.313000,-181.145000,74.000000,30.32
9.545911,0.811000,-0.728000,-0.965000,113.267000,-178.214000,91.679000,30.22
9.555870,0.777000,-0.473000,-0.936000,122.824000,-174.947000,103.282000,30.18
9.565932,0.748000,-0.190000,-1.037000,138.595000,-166.779000,109.145000,30.27
9.575926,0.761000,-0.023000,-1.126000,155.542000,-151.893000,105.527000,30.22
9.585939,0.824000,0.021000,-1.271000,163.053000,-164.351000,96.076000,30.13
9.596036,0.956000,0.064000,-1.417000,161.908000,-171.099000,84.718000,30.22
9.605982,1.052000,0.143000,-1.510000,166.321000,-179.191000,72.183000,30.18
9.615971,1.180000,0.111000,-1.505000,170.534000,-187.450000,61.374000,30.27
9.625985,1.343000,0.047000,-1.423000,168.733000,-189.985000,59.313000,30.22
9.636157,1.477000,-0.031000,-1.287000,159.435000,-190.198000,66.672000,30.22
9.646171,1.558000,0.003000,-1.160000,148.382000,-184.595000,80.947000,30.27
9.656130,1.635000,0.092000,-1.113000,141.710000,-172.122000,98.702000,30.27
9.666104,1.661000,0.271000,-1.074000,137.435000,-155.527000,114.427000,30.22
9.676217,1.717000,0.521000,-1.038000,137.023000,-139.176000,123.924000,30.22
9.686056,1.767000,0.681000,-0.972000,132.855000,-125.420000,126.473000,30.22
9.696146,1.873000,0.788000,-0.887000,123.832000,-115.298000,127.038000,30.27
9.706244,1.985000,0.839000,-0.667000,108.305000,-102.504000,125.893000,30.18
9.716229,2.072000,0.865000,-0.466000,78.107000,-86.198000,120.000000,30.22
9.726207,2.126000,0.855000,-0.280000,35.588000,-71.267000,110.305000,30.32
9.736305,2.169000,0.894000,-0.107000,-2.458000,-50.015000,101.237000,30.18
9.746191,2.218000,0.938000,-0.011000,-22.885000,-22.489000,98.550000,30.18
9.756153,2.217000,0.956000,0.168000,-28.824000,13.206000,99.588000,30.13
9.766140,2.195000,0.876000,0.144000,-29.863000,46.473000,102.183000,30.22
9.776240,2.000000,0.578000,0.852000,-43.817000,150.519000,90.443000,30.13
9.786202,1.897000,0.884000,0.870000,-58.504000,140.504000,67.023000,30.27
9.796107,0.380000,-0.129000,-0.984000,-42.290000,133.008000,55.634000,30.13
9.806205,0.607000,-0.425000,-2.131000,-83.969000,47.267000,34.519000,30.22
9.816189,-0.834000,-0.138000,-1.204000,-100.153000,32.672000,-4.443000,30.22
9.826191,-0.564000,-0.066000,-0.386000,-109.496000,56.824000,-38.290000,30.18
9.836247,-0.264000,0.375000,-0.412000,-61.130000,116.321000,-51.817000,30.27
9.846086,0.345000,0.251000,-1.148000,-29.053000,171.695000,-59.038000,30.22
9.856270,0.844000,0.387000,-2.066000,-10.855000,162.550000,-69.542000,30.22
9.866142,0.549000,0.415000,-1.610000,12.702000,135.191000,-78.718000,30.18
9.876346,0.394000,0.131000,-1.154000,40.702000,129.786000,-82.687000,30.18
9.886087,0.445000,-0.165000,-1.015000,52.992000,119.710000,-79.603000,30.22
9.895973,0.343000,-0.287000,-0.732000,25.206000,99.313000,-86.779000,30.22
9.906084,0.515000,-0.806000,-0.428000,-43.863000,113.847000,-90.351000,30.22
9.916187,0.987000,-1.842000,-0.167000,-126.443000,115.450000,-91.710000,30.27
9.926194,1.179000,-1.482000,-1.037000,-179.374000,107.267000,-98.641000,30.18
9.936275,0.962000,-0.431000,-1.637000,-187.725000,83.954000,-103.969000,30.22
9.946118,0.663000,-0.272000,-1.138000,-169.374000,60.458000,-100.046000,30.22
9.956248,0.911000,-0.291000,-1.388000,-152.748000,32.656000,-89.756000,30.18
9.966137,0.486000,-0.440000,-1.303000,-141.450000,24.870000,-92.626000,30.18
9.976099,0.545000,0.041000,-1.130000,-114.260000,17.878000,-72.931000,30.18
9.986183,0.568000,-0.041000,-1.029000,-85.450000,21.450000,-58.672000,30.22
9.996031,0.591000,-0.054000,-1.058000,-59.435000,12.550000,-44.748000,30.13
10.005979,0.527000,-0.212000,-0.891000,-49.038000,24.061000,-37.115000,30.27
