# Gait Analysis Data - MPU6050 IMU
# Duration: 10 seconds
# Format: timestamp(s),ax(g),ay(g),az(g),gx(deg/s),gy(deg/s),gz(deg/s),temp(C)
# Note: Document sensor placement (ankle/wrist) separately
timestamp,ax,ay,az,gx,gy,gz,temp
0.001233,1.228000,-0.403000,-0.613000,82.351000,-250.137000,119.130000,30.84
0.002056,1.019000,-0.429000,-0.838000,67.817000,-224.962000,126.290000,30.84
0.002932,1.594000,-0.334000,-0.961000,85.542000,-216.580000,144.321000,30.88
0.004055,1.358000,-0.333000,-1.010000,82.183000,-209.863000,155.557000,30.79
0.005024,1.458000,-0.298000,-1.112000,75.191000,-208.305000,165.008000,30.79
0.005967,1.587000,-0.203000,-1.158000,69.939000,-205.557000,167.298000,30.84
0.006895,1.678000,-0.132000,-1.164000,58.840000,-199.267000,169.466000,30.84
0.007945,1.814000,-0.042000,-1.039000,57.267000,-194.366000,166.733000,30.84
0.008862,1.979000,-0.019000,-0.912000,56.305000,-193.160000,161.038000,30.79
0.009777,2.175000,-0.001000,-0.780000,54.458000,-190.687000,153.405000,30.79
0.010777,2.131000,0.162000,-0.499000,55.023000,-173.160000,148.107000,30.74
0.011660,2.271000,0.232000,-0.394000,36.992000,-167.542000,140.901000,30.74
0.012467,2.507000,0.484000,-0.395000,64.611000,-168.962000,138.992000,30.79
0.013272,2.267000,0.732000,-0.247000,84.153000,-176.183000,135.847000,30.79
0.014056,2.413000,0.802000,0.210000,85.038000,-141.481000,124.214000,30.88
0.014836,2.286000,0.876000,0.459000,66.702000,-119.191000,108.489000,30.84
0.015599,2.306000,1.007000,0.664000,38.031000,-95.328000,79.267000,30.74
0.016378,2.480000,1.376000,1.571000,24.992000,-67.023000,45.924000,30.74
0.017306,2.205000,1.346000,0.635000,16.214000,-30.183000,11.939000,30.79
0.018113,2.243000,1.313000,0.612000,19.634000,-25.160000,-19.389000,30.79
0.018838,2.049000,1.024000,0.542000,13.679000,-18.763000,-40.840000,30.84
0.019596,2.476000,0.733000,0.991000,-43.115000,52.595000,-69.038000,30.84
0.021076,2.290000,1.032000,1.606000,-101.511000,98.290000,-82.870000,30.79
0.022066,0.365000,0.481000,-0.373000,-25.267000,151.771000,-56.718000,30.69
0.022887,1.087000,-0.592000,-2.577000,-25.221000,107.817000,-43.985000,30.79
0.023555,-0.007000,-1.064000,-1.816000,-44.275000,86.061000,-65.573000,30.74
0.024159,-0.125000,-0.515000,-0.501000,-32.260000,108.092000,-83.038000,30.84
0.024782,0.200000,-0.366000,-0.003000,-15.969000,182.260000,-72.015000,30.69
0.025492,1.641000,0.303000,-1.489000,13.191000,176.168000,-49.267000,30.69
0.026169,1.360000,0.629000,-1.919000,20.824000,153.328000,-62.061000,30.79
0.027227,0.720000,0.477000,-1.230000,52.595000,88.244000,-69.878000,30.84
0.027893,1.253000,-0.575000,-1.465000,24.656000,68.916000,-78.550000,30.84
0.028496,1.421000,-1.406000,-0.860000,-12.626000,75.802000,-54.137000,30.79
0.029167,1.054000,-0.814000,-0.798000,-47.130000,107.130000,-46.824000,30.79
0.029816,0.823000,-0.023000,-1.228000,-50.183000,67.618000,-42.000000,30.79
0.030462,1.098000,-0.571000,-1.489000,-47.634000,61.237000,-39.389000,30.84
0.031048,0.757000,-0.665000,-0.674000,-35.847000,41.725000,-25.328000,30.84
0.031627,0.539000,-0.398000,-0.879000,-42.855000,44.137000,-25.099000,30.88
0.032259,0.573000,-0.264000,-0.956000,-37.863000,36.550000,-24.565000,30.79
0.033000,0.646000,-0.418000,-0.882000,-40.718000,46.977000,-22.885000,30.79
0.033686,0.536000,-0.303000,-0.865000,-38.702000,36.641000,-22.656000,30.84
0.034339,0.523000,-0.227000,-0.884000,-34.779000,33.527000,-21.634000,30.84
0.034985,0.572000,-0.202000,-0.903000,-26.183000,27.527000,-18.397000,30.79
0.035626,0.520000,-0.280000,-0.857000,-23.527000,32.733000,-17.527000,30.79
0.036272,0.586000,-0.274000,-0.841000,-20.031000,30.229000,-17.160000,30.79
0.036963,0.573000,-0.286000,-0.839000,-16.809000,26.473000,-16.641000,30.84
0.037576,0.559000,-0.329000,-0.794000,-15.206000,22.855000,-18.519000,30.74
0.038151,0.555000,-0.344000,-0.781000,-17.985000,20.000000,-21.420000,30.69
0.038840,0.582000,-0.291000,-0.807000,-18.321000,16.321000,-23.832000,30.79
0.039635,0.577000,-0.275000,-0.784000,-17.328000,11.908000,-25.160000,30.79
0.040261,0.587000,-0.255000,-0.809000,-16.336000,9.481000,-25.267000,30.74
0.040914,0.589000,-0.226000,-0.813000,-14.122000,10.519000,-23.405000,30.74
0.041513,0.582000,-0.187000,-0.829000,-11.695000,10.672000,-21.542000,30.79
0.042110,0.572000,-0.187000,-0.825000,-9.405000,11.908000,-19.344000,30.79
0.042696,0.574000,-0.200000,-0.835000,-8.092000,13.847000,-18.489000,30.79
0.043367,0.552000,-0.197000,-0.800000,-7.145000,17.893000,-16.473000,30.84
0.044021,0.558000,-0.207000,-0.810000,-6.763000,20.473000,-15.527000,30.74
0.044638,0.572000,-0.198000,-0.797000,-8.168000,22.824000,-15.252000,30.79
0.045236,0.579000,-0.208000,-0.798000,-10.855000,23.237000,-16.031000,30.79
0.045826,0.592000,-0.227000,-0.778000,-12.641000,23.176000,-17.420000,30.88
0.046396,0.566000,-0.434000,-0.660000,-17.908000,24.458000,-16.718000,30.84
0.046936,0.610000,-0.206000,-0.771000,-16.595000,24.244000,-18.626000,30.74
0.047472,0.609000,-0.202000,-0.782000,-15.588000,26.550000,-18.855000,30.79
0.048006,0.611000,-0.198000,-0.782000,-12.794000,28.687000,-19.603000,30.88
0.048515,0.580000,-0.246000,-0.766000,-13.160000,31.863000,-19.374000,30.79
0.048997,0.584000,-0.254000,-0.777000,-13.725000,36.702000,-20.779000,30.74
0.049670,0.615000,-0.180000,-0.801000,-14.107000,40.489000,-18.992000,30.84
0.050183,0.660000,-0.170000,-0.891000,-15.924000,54.229000,-17.511000,30.79
0.050672,0.552000,-0.169000,-0.803000,-14.947000,66.595000,-19.008000,30.79
0.051157,0.533000,-0.195000,-0.806000,-11.206000,63.893000,-17.206000,30.79
0.051647,0.593000,-0.223000,-0.823000,-14.794000,81.115000,-18.046000,30.84
0.052148,0.623000,-0.208000,-0.807000,-16.000000,100.901000,-17.817000,30.74
0.052866,0.627000,-0.178000,-0.792000,-16.260000,118.366000,-16.992000,30.88
0.053438,0.597000,-0.123000,-0.784000,-14.382000,140.076000,-17.053000,30.79
0.053923,0.533000,-0.144000,-0.743000,-13.237000,169.588000,-23.695000,30.79
0.054430,0.543000,-0.110000,-0.767000,-12.321000,194.656000,-31.588000,30.84
0.054909,0.622000,-0.132000,-0.791000,-6.046000,199.954000,-35.786000,30.74
0.055382,0.620000,-0.152000,-0.705000,2.321000,215.817000,-39.924000,30.69
0.055847,0.502000,-0.104000,-0.741000,-9.954000,245.573000,-44.992000,30.79
0.056321,0.644000,-0.119000,-0.753000,-12.366000,274.595000,-48.565000,30.88
0.056795,0.680000,-0.259000,-0.760000,-15.725000,292.214000,-58.977000,30.74
0.057270,0.962000,-0.243000,-0.878000,-20.473000,312.412000,-69.664000,30.84
0.057749,1.041000,-0.318000,-0.949000,-13.023000,335.038000,-79.695000,30.79
0.058212,1.243000,-0.418000,-1.287000,14.473000,352.504000,-84.534000,30.79
0.058686,1.907000,-0.425000,-1.569000,55.939000,390.702000,-68.855000,30.69
0.059164,2.595000,-0.594000,-2.007000,105.069000,366.687000,-50.244000,30.84
0.059683,1.978000,-0.115000,-1.231000,87.084000,353.053000,-87.740000,30.84
0.060210,1.978000,-0.793000,-1.896000,72.168000,412.260000,-79.511000,30.79
0.060935,1.325000,-0.442000,-2.103000,49.924000,246.382000,-102.977000,30.79
0.061533,0.393000,-0.996000,-2.319000,-8.809000,225.099000,-90.504000,30.69
0.062052,-0.418000,-2.404000,-3.087000,-54.122000,134.611000,-41.511000,30.84
0.062548,1.569000,-2.102000,-3.666000,-131.634000,-48.855000,-32.107000,30.74
0.063038,-1.006000,-0.897000,-1.552000,-166.489000,-184.962000,-43.038000,30.74
0.063537,-0.635000,-0.621000,-1.324000,-144.397000,-135.313000,-62.244000,30.79
0.064026,0.037000,-0.412000,-1.681000,-112.565000,-178.137000,-55.511000,30.79
0.064770,-0.396000,-0.326000,-1.376000,-50.840000,-240.824000,-44.046000,30.74
0.065285,0.055000,-0.630000,-1.107000,-1.511000,-222.611000,-62.687000,30.84
0.065775,0.256000,-0.828000,-1.104000,-19.450000,-254.702000,-44.260000,30.74
0.066250,0.239000,-0.792000,-0.841000,-18.092000,-250.947000,-44.382000,30.88
0.066727,0.398000,-0.460000,-0.785000,-0.153000,-269.802000,-40.031000,30.79
0.067205,0.552000,-0.490000,-0.786000,25.939000,-259.557000,-28.595000,30.79
0.067677,0.620000,-0.547000,-0.733000,57.115000,-259.695000,-12.351000,30.84
0.068127,0.721000,-0.637000,-0.722000,76.275000,-258.809000,4.489000,30.74
0.068591,0.703000,-0.646000,-0.740000,93.832000,-242.214000,24.122000,30.69
0.069062,0.793000,-0.433000,-0.710000,106.702000,-245.313000,41.863000,30.69
0.070303,0.929000,-0.316000,-0.977000,126.061000,-205.985000,60.321000,30.79
0.071602,-0.807000,-0.266000,-0.706000,109.740000,-17.557000,81.634000,30.84
0.072103,1.050000,-0.100000,-0.945000,145.008000,-234.611000,100.840000,30.74
0.072541,1.112000,0.006000,-0.985000,129.695000,-223.725000,113.359000,30.88
0.072990,1.199000,0.067000,-0.972000,117.450000,-229.313000,118.153000,30.79
0.073426,1.299000,0.252000,-0.980000,102.168000,-221.649000,119.328000,30.79
0.073863,1.358000,0.431000,-0.847000,108.290000,-219.038000,113.969000,30.74
0.074291,1.494000,0.474000,-0.811000,100.260000,-187.695000,105.725000,30.84
0.074712,1.713000,0.436000,-0.717000,94.366000,-176.260000,93.191000,30.79
0.075130,1.772000,0.412000,-0.406000,81.725000,-166.870000,80.611000,30.79
0.075548,1.766000,0.491000,-0.143000,69.008000,-143.374000,67.985000,30.79
0.075981,1.702000,0.538000,0.105000,65.145000,-102.458000,59.389000,30.74
0.076415,1.872000,0.382000,0.126000,64.015000,-48.534000,57.130000,30.84
0.076857,2.208000,0.265000,0.058000,63.237000,-22.534000,60.962000,30.79
0.077268,2.244000,0.295000,0.332000,62.733000,1.649000,64.137000,30.69
0.077701,2.156000,0.385000,0.140000,57.435000,-7.176000,60.962000,30.88
0.078141,2.121000,0.532000,0.425000,56.427000,-10.290000,53.389000,30.74
0.078560,1.905000,0.638000,0.419000,64.153000,22.870000,39.832000,30.74
0.078968,1.908000,0.698000,0.391000,69.267000,30.870000,27.374000,30.88
0.079378,1.906000,0.763000,0.445000,74.260000,54.489000,15.649000,30.79
0.079783,1.701000,0.724000,0.309000,72.809000,40.519000,1.069000,30.88
0.080219,1.434000,0.855000,0.559000,69.893000,37.359000,-25.557000,30.74
0.080634,1.252000,0.898000,0.657000,65.359000,50.168000,-57.405000,30.84
0.081055,2.613000,0.652000,0.556000,-39.099000,36.962000,-214.443000,30.79
0.081593,2.271000,1.116000,0.595000,-63.084000,32.229000,-264.305000,30.79
0.082203,3.015000,-1.680000,1.330000,-84.824000,26.046000,-238.031000,30.88
0.082676,3.521000,-1.472000,-0.020000,-163.313000,-76.305000,-128.672000,30.79
0.083128,0.663000,2.848000,-2.373000,-56.305000,-55.786000,-99.099000,30.84
0.083577,0.064000,0.496000,-1.174000,49.649000,-178.122000,-81.450000,30.79
0.084036,0.163000,-0.644000,-1.264000,-60.947000,-57.282000,-74.824000,30.79
0.084480,1.052000,0.122000,-0.795000,-29.832000,-47.679000,-63.038000,30.88
0.084925,0.556000,0.229000,-0.997000,-20.305000,-20.015000,-33.069000,30.88
0.085357,0.582000,0.588000,-1.035000,5.221000,17.664000,-5.298000,30.84
0.085841,0.771000,-0.199000,-0.778000,0.412000,37.634000,6.214000,30.79
0.086302,0.880000,-0.937000,-1.291000,27.267000,34.214000,-13.359000,30.79
0.086741,0.624000,-0.350000,-0.837000,-12.870000,52.519000,-19.466000,30.88
0.087158,0.689000,-0.178000,-0.745000,4.397000,16.473000,-18.229000,30.84
0.087578,0.743000,-0.304000,-0.704000,-2.351000,14.840000,-20.229000,30.84
0.087999,0.690000,-0.201000,-0.747000,-6.458000,14.046000,-21.695000,30.79
0.088415,0.705000,-0.080000,-0.749000,-8.031000,13.130000,-18.458000,30.79
0.088827,0.692000,-0.115000,-0.783000,-8.458000,9.588000,-15.771000,30.79
0.089269,0.679000,-0.211000,-0.703000,-8.931000,-2.748000,-15.588000,30.74
0.089684,0.625000,-0.260000,-0.686000,-8.397000,0.260000,-19.298000,30.84
0.090105,0.727000,-0.225000,-0.756000,-12.397000,-8.534000,-19.771000,30.79
0.090524,0.652000,-0.225000,-0.768000,-16.290000,-5.206000,-20.382000,30.79
0.090946,0.629000,-0.200000,-0.785000,-18.153000,-1.466000,-20.656000,30.79
0.091453,0.634000,-0.115000,-0.799000,-19.115000,0.443000,-18.580000,30.74
0.092047,0.624000,-0.083000,-0.816000,-17.359000,8.412000,-15.328000,30.74
0.092532,0.620000,-0.060000,-0.798000,-13.466000,10.275000,-10.931000,30.69
0.092983,0.610000,-0.049000,-0.811000,-9.618000,16.962000,-6.321000,30.79
0.093429,0.616000,-0.061000,-0.805000,-7.588000,23.466000,-2.015000,30.79
0.093866,0.638000,-0.102000,-0.776000,-4.321000,27.481000,0.534000,30.69
0.094384,0.653000,-0.126000,-0.769000,-0.427000,29.176000,1.695000,30.74
0.094878,0.657000,-0.143000,-0.750000,1.069000,30.901000,2.366000,30.79
0.095305,0.657000,-0.138000,-0.746000,2.977000,30.824000,2.641000,30.79
0.095981,0.664000,-0.138000,-0.735000,4.046000,31.099000,3.038000,30.79
0.096413,0.677000,-0.139000,-0.723000,4.626000,30.061000,3.542000,30.88
0.096827,0.671000,-0.149000,-0.717000,4.870000,28.229000,3.954000,30.74
0.097251,0.690000,-0.152000,-0.694000,5.328000,26.000000,3.634000,30.74
0.097666,0.693000,-0.179000,-0.698000,4.733000,22.489000,2.260000,30.69
0.098073,0.686000,-0.176000,-0.698000,3.847000,19.786000,0.351000,30.79
0.098486,0.684000,-0.172000,-0.700000,2.794000,18.351000,-0.763000,30.88
0.098901,0.693000,-0.156000,-0.694000,2.305000,8.947000,-1.282000,30.74
0.099316,0.686000,-0.163000,-0.713000,0.397000,13.817000,-2.702000,30.74
0.099725,0.685000,-0.154000,-0.710000,0.718000,7.084000,-2.824000,30.74
0.100135,0.689000,-0.141000,-0.709000,-0.427000,6.260000,-3.298000,30.79
0.100550,0.695000,-0.137000,-0.705000,-0.977000,5.130000,-2.916000,30.79
0.100981,0.687000,-0.145000,-0.716000,-0.916000,3.206000,-2.168000,30.84
0.101416,0.689000,-0.140000,-0.713000,-0.733000,3.130000,-2.000000,30.74
0.101842,0.696000,-0.154000,-0.728000,-1.023000,-1.969000,-1.695000,30.74
0.102282,0.697000,-0.142000,-0.710000,-1.634000,0.366000,-1.527000,30.79
0.102738,0.699000,-0.146000,-0.728000,0.809000,-3.130000,-1.939000,30.69
0.103186,0.688000,-0.139000,-0.692000,-3.542000,-0.824000,-0.901000,30.79
0.103646,0.684000,-0.165000,-0.700000,-1.084000,-9.130000,-1.618000,30.84
0.104103,0.688000,-0.155000,-0.704000,-0.687000,-7.649000,-1.802000,30.74
0.104550,0.678000,-0.164000,-0.735000,-0.137000,-8.214000,-1.954000,30.79
0.105001,0.690000,-0.148000,-0.727000,0.519000,-7.863000,-1.450000,30.69
0.105427,0.694000,-0.141000,-0.740000,3.221000,-8.229000,-0.305000,30.79
0.105929,0.700000,-0.138000,-0.765000,4.519000,-8.550000,1.176000,30.74
0.106391,0.688000,-0.146000,-0.763000,4.000000,-6.214000,2.382000,30.84
0.106880,0.703000,-0.163000,-0.758000,3.176000,-5.649000,2.519000,30.79
0.107339,0.703000,-0.183000,-0.758000,0.229000,-6.427000,2.015000,30.79
0.107800,0.728000,-0.183000,-0.748000,-1.496000,-8.443000,0.855000,30.79
0.108265,0.691000,-0.159000,-0.716000,-2.107000,-10.305000,1.267000,30.84
0.108730,0.664000,-0.167000,-0.713000,-0.519000,-12.962000,1.420000,30.84
0.109176,0.615000,-0.176000,-0.710000,0.504000,-12.702000,1.313000,30.79
0.109621,0.634000,-0.188000,-0.744000,0.611000,-11.710000,0.443000,30.79
0.110087,0.637000,-0.179000,-0.758000,0.153000,-8.595000,-0.214000,30.79
0.110541,0.643000,-0.160000,-0.746000,-1.603000,-5.679000,-0.229000,30.84
0.110994,0.652000,-0.146000,-0.760000,-0.947000,-5.176000,0.137000,30.74
0.111574,0.658000,-0.132000,-0.758000,-0.748000,-5.023000,1.069000,30.79
0.112087,0.674000,-0.122000,-0.756000,-0.382000,-4.122000,2.229000,30.79
0.112558,0.682000,-0.127000,-0.754000,-0.733000,-4.779000,3.939000,30.79
0.113024,0.721000,-0.136000,-0.743000,-1.359000,-6.779000,6.565000,30.84
0.113659,0.710000,-0.141000,-0.735000,-2.901000,-10.885000,8.137000,30.74
0.114195,0.670000,-0.153000,-0.704000,-3.160000,-13.176000,8.916000,30.79
0.114669,0.633000,-0.172000,-0.725000,-1.573000,-16.107000,8.198000,30.69
0.115126,0.581000,-0.194000,-0.717000,-0.779000,-14.901000,6.153000,30.79
0.115649,0.582000,-0.216000,-0.755000,0.015000,-14.366000,3.603000,30.84
0.116129,0.589000,-0.206000,-0.758000,-0.840000,-11.267000,0.947000,30.84
0.116656,0.600000,-0.204000,-0.773000,-1.832000,-8.992000,-1.511000,30.74
0.117150,0.603000,-0.205000,-0.767000,-3.206000,-6.336000,-3.573000,30.79
0.117669,0.602000,-0.185000,-0.782000,-3.695000,-3.740000,-5.176000,30.79
0.118143,0.603000,-0.165000,-0.784000,-4.336000,-0.351000,-6.305000,30.84
0.118613,0.615000,-0.160000,-0.781000,-4.092000,2.565000,-7.344000,30.74
0.119212,0.622000,-0.159000,-0.781000,-3.221000,5.573000,-7.725000,30.74
0.119740,0.631000,-0.156000,-0.766000,-2.153000,7.939000,-7.863000,30.88
0.120208,0.627000,-0.151000,-0.766000,-0.855000,10.534000,-7.374000,30.69
0.120661,0.608000,-0.141000,-0.763000,0.931000,13.130000,-7.267000,30.74
0.121099,0.603000,-0.155000,-0.777000,1.863000,14.595000,-7.313000,30.84
0.121543,0.613000,-0.161000,-0.753000,2.947000,17.664000,-7.695000,30.84
0.122022,0.626000,-0.172000,-0.776000,3.450000,17.939000,-8.626000,30.69
0.122451,0.639000,-0.164000,-0.745000,3.344000,19.649000,-9.649000,30.69
0.122873,0.643000,-0.167000,-0.756000,3.710000,19.603000,-11.099000,30.65
0.123283,0.655000,-0.164000,-0.753000,4.168000,19.008000,-12.748000,30.74
0.123699,0.658000,-0.161000,-0.738000,5.206000,17.542000,-14.534000,30.74
0.124114,0.650000,-0.149000,-0.743000,7.130000,15.679000,-16.473000,30.79
0.124528,0.668000,-0.144000,-0.734000,9.481000,13.420000,-18.412000,30.79
0.124945,0.660000,-0.141000,-0.745000,12.763000,11.053000,-20.336000,30.74
0.125360,0.665000,-0.138000,-0.736000,15.832000,8.824000,-22.580000,30.74
0.125773,0.661000,-0.148000,-0.743000,19.252000,5.603000,-24.687000,30.84
0.126187,0.657000,-0.147000,-0.741000,22.458000,3.328000,-26.519000,30.69
0.126613,0.659000,-0.155000,-0.748000,24.427000,1.496000,-28.305000,30.79
0.127051,0.672000,-0.157000,-0.729000,25.618000,-0.061000,-29.435000,30.84
0.127574,0.664000,-0.155000,-0.741000,27.038000,-2.382000,-30.366000,30.74
0.127994,0.662000,-0.167000,-0.732000,26.626000,-3.313000,-31.282000,30.74
0.128407,0.664000,-0.162000,-0.738000,26.992000,-4.366000,-32.168000,30.69
0.128824,0.663000,-0.166000,-0.735000,26.962000,-5.359000,-33.282000,30.79
0.129242,0.668000,-0.159000,-0.730000,27.053000,-6.382000,-34.336000,30.74
0.129658,0.676000,-0.146000,-0.736000,28.504000,-7.863000,-35.893000,30.65
0.130079,0.662000,-0.167000,-0.725000,29.954000,-8.962000,-37.191000,30.74
0.130520,0.654000,-0.159000,-0.728000,30.031000,-10.412000,-38.473000,30.79
0.130949,0.662000,-0.152000,-0.746000,31.573000,-12.000000,-39.069000,30.79
0.131388,0.653000,-0.157000,-0.740000,32.351000,-12.366000,-39.908000,30.79
0.131822,0.663000,-0.153000,-0.748000,32.290000,-12.397000,-39.908000,30.74
0.132247,0.664000,-0.166000,-0.736000,31.893000,-12.870000,-39.557000,30.84
0.132680,0.655000,-0.159000,-0.744000,31.573000,-13.038000,-39.557000,30.79
0.133106,0.654000,-0.170000,-0.739000,30.794000,-13.420000,-39.099000,30.79
0.133528,0.658000,-0.164000,-0.752000,29.954000,-13.924000,-38.809000,30.79
0.133946,0.657000,-0.161000,-0.738000,29.023000,-13.389000,-38.641000,30.74
0.134374,0.662000,-0.166000,-0.739000,27.649000,-13.588000,-38.290000,30.84
0.134796,0.658000,-0.167000,-0.750000,26.916000,-13.924000,-38.107000,30.88
0.135216,0.657000,-0.149000,-0.755000,26.672000,-13.344000,-38.336000,30.79
0.135634,0.663000,-0.159000,-0.740000,26.931000,-16.015000,-39.206000,30.79
0.136054,0.662000,-0.155000,-0.731000,27.252000,-18.763000,-40.183000,30.74
0.136609,0.657000,-0.151000,-0.732000,27.985000,-21.481000,-41.481000,30.74
0.137235,0.649000,-0.156000,-0.731000,27.985000,-24.626000,-42.061000,30.79
0.137734,0.647000,-0.155000,-0.753000,27.878000,-26.931000,-42.168000,30.79
0.138207,0.646000,-0.158000,-0.745000,26.885000,-28.504000,-40.595000,30.69
0.138663,0.639000,-0.146000,-0.758000,24.504000,-28.656000,-38.687000,30.84
0.139113,0.636000,-0.155000,-0.757000,21.176000,-28.763000,-35.664000,30.84
0.139560,0.628000,-0.131000,-0.770000,18.595000,-27.664000,-31.405000,30.79
0.140008,0.622000,-0.133000,-0.768000,15.542000,-25.328000,-26.763000,30.79
0.140452,0.619000,-0.129000,-0.779000,12.092000,-22.718000,-21.481000,30.79
0.140898,0.621000,-0.113000,-0.787000,9.588000,-19.802000,-15.573000,30.74
0.141389,0.601000,-0.097000,-0.790000,8.687000,-16.092000,-9.924000,30.74
0.141840,0.588000,-0.117000,-0.803000,7.145000,-11.298000,-4.260000,30.69
0.142278,0.608000,-0.108000,-0.803000,5.924000,-6.656000,0.901000,30.79
0.142715,0.616000,-0.138000,-0.791000,6.229000,-3.466000,3.802000,30.79
0.143147,0.609000,-0.164000,-0.789000,6.382000,-1.298000,5.298000,30.84
0.143574,0.604000,-0.180000,-0.788000,6.122000,0.992000,4.672000,30.65
0.144028,0.605000,-0.193000,-0.784000,5.191000,2.015000,3.389000,30.79
0.144492,0.602000,-0.204000,-0.792000,3.969000,2.901000,1.420000,30.79
0.144926,0.601000,-0.208000,-0.786000,2.183000,4.229000,-0.763000,30.74
0.145338,0.599000,-0.207000,-0.790000,1.038000,4.397000,-3.069000,30.74
0.145746,0.598000,-0.195000,-0.787000,-0.183000,4.473000,-5.374000,30.84
0.146190,0.602000,-0.181000,-0.787000,-0.580000,4.779000,-7.542000,30.79
0.146621,0.611000,-0.165000,-0.782000,-0.427000,4.687000,-8.748000,30.79
0.147047,0.616000,-0.141000,-0.788000,0.992000,3.893000,-10.000000,30.74
0.147515,0.623000,-0.134000,-0.784000,2.427000,3.084000,-10.809000,30.84
0.148034,0.622000,-0.132000,-0.781000,4.198000,2.611000,-11.130000,30.74
0.148472,0.626000,-0.124000,-0.775000,6.214000,1.115000,-11.771000,30.79
0.148912,0.622000,-0.120000,-0.787000,8.305000,-0.214000,-11.573000,30.69
0.149342,0.618000,-0.133000,-0.777000,9.802000,-1.084000,-11.511000,30.79
0.149790,0.615000,-0.132000,-0.787000,10.977000,-2.153000,-10.656000,30.74
0.150231,0.614000,-0.143000,-0.779000,10.901000,-2.672000,-9.634000,30.84
0.150664,0.608000,-0.144000,-0.771000,10.382000,-2.718000,-8.122000,30.79
0.151095,0.623000,-0.155000,-0.792000,10.015000,-3.924000,-6.519000,30.79
0.151580,0.613000,-0.164000,-0.781000,8.366000,-1.802000,-4.672000,30.79
0.152023,0.607000,-0.176000,-0.779000,6.748000,-1.298000,-3.649000,30.84
0.152468,0.606000,-0.171000,-0.779000,5.634000,-0.809000,-2.519000,30.84
0.152902,0.607000,-0.181000,-0.778000,4.458000,-0.015000,-1.878000,30.79
0.153328,0.612000,-0.182000,-0.775000,3.573000,-0.260000,-1.588000,30.79
0.153748,0.606000,-0.178000,-0.786000,2.443000,0.046000,-1.725000,30.79
0.154164,0.606000,-0.188000,-0.774000,1.649000,-0.122000,-1.969000,30.84
0.154570,0.610000,-0.186000,-0.776000,0.794000,0.336000,-2.382000,30.74
0.154981,0.605000,-0.179000,-0.787000,0.458000,-0.046000,-2.672000,30.74
0.155390,0.604000,-0.188000,-0.784000,-0.168000,0.412000,-3.099000,30.69
0.155804,0.603000,-0.175000,-0.782000,-0.534000,1.008000,-3.206000,30.88
0.156211,0.606000,-0.180000,-0.784000,-1.069000,1.069000,-3.374000,30.84
0.156639,0.617000,-0.140000,-0.816000,-1.603000,1.756000,-3.725000,30.65
0.157067,0.587000,-0.172000,-0.783000,-4.504000,2.931000,-2.916000,30.65
0.157551,0.620000,-0.152000,-0.791000,-1.618000,2.977000,-3.206000,30.69
0.158072,0.619000,-0.174000,-0.756000,-1.588000,1.832000,-2.962000,30.79
0.158515,0.615000,-0.164000,-0.762000,-1.771000,2.153000,-2.763000,30.79
0.158952,0.617000,-0.160000,-0.789000,-2.351000,1.298000,-1.954000,30.84
0.159388,0.612000,-0.159000,-0.775000,-3.206000,0.595000,-1.359000,30.74
0.159823,0.604000,-0.148000,-0.775000,-2.718000,-1.374000,-1.023000,30.88
0.160255,0.611000,-0.152000,-0.774000,-2.244000,-2.595000,-0.305000,30.79
0.160710,0.604000,-0.152000,-0.790000,-2.183000,-3.603000,0.214000,30.74
0.161153,0.595000,-0.170000,-0.783000,-1.679000,-3.511000,0.458000,30.74
0.161582,0.593000,-0.165000,-0.798000,-1.435000,-4.168000,0.534000,30.84
0.162014,0.601000,-0.173000,-0.774000,-1.298000,-4.122000,0.580000,30.79
0.162433,0.585000,-0.171000,-0.771000,-1.908000,-1.053000,0.443000,30.88
0.162848,0.595000,-0.154000,-0.739000,0.565000,-2.351000,-0.107000,30.74
0.163259,0.589000,-0.184000,-0.773000,-2.107000,-1.313000,-0.748000,30.74
0.163669,0.596000,-0.172000,-0.786000,-1.847000,-1.252000,-0.931000,30.74
0.164083,0.600000,-0.170000,-0.787000,-3.099000,-0.550000,-1.481000,30.79
0.164497,0.596000,-0.173000,-0.785000,-3.374000,0.000000,-1.649000,30.88
0.164917,0.602000,-0.162000,-0.794000,-3.206000,-0.855000,-1.511000,30.74
0.165327,0.610000,-0.162000,-0.787000,-3.252000,-0.763000,-1.481000,30.74
0.165741,0.605000,-0.156000,-0.791000,-3.420000,-0.534000,-1.084000,30.84
0.166157,0.612000,-0.154000,-0.786000,-3.771000,-1.069000,-0.611000,30.79
0.166590,0.603000,-0.150000,-0.801000,-3.191000,-2.000000,-0.290000,30.79
0.167012,0.612000,-0.152000,-0.795000,-3.542000,-1.710000,-0.092000,30.84
0.167499,0.603000,-0.148000,-0.792000,-3.466000,-2.382000,0.504000,30.65
0.168017,0.601000,-0.143000,-0.786000,-2.702000,-4.534000,0.916000,30.74
0.168457,0.587000,-0.148000,-0.792000,-2.305000,-4.290000,1.450000,30.79
0.168889,0.573000,-0.148000,-0.786000,-1.466000,-4.031000,1.420000,30.79
0.169350,0.589000,-0.154000,-0.799000,-0.290000,-3.435000,1.740000,30.84
0.169814,0.569000,-0.170000,-0.798000,-0.336000,-3.344000,1.573000,30.84
0.170263,0.579000,-0.179000,-0.804000,-0.779000,-2.397000,1.069000,30.69
0.170698,0.584000,-0.180000,-0.802000,-1.176000,-1.832000,0.672000,30.88
0.171113,0.583000,-0.176000,-0.793000,-1.282000,-0.076000,0.061000,30.79
0.171543,0.579000,-0.173000,-0.792000,-1.573000,0.290000,-0.351000,30.74
0.171969,0.583000,-0.178000,-0.794000,-1.786000,1.130000,-1.069000,30.74
0.172391,0.577000,-0.175000,-0.808000,-1.802000,3.420000,-1.618000,30.69
0.172807,0.578000,-0.165000,-0.799000,-1.710000,3.496000,-2.214000,30.79
0.173223,0.592000,-0.177000,-0.798000,-1.603000,3.847000,-2.824000,30.69
0.173638,0.583000,-0.171000,-0.799000,-1.191000,5.374000,-3.954000,30.74
0.174049,0.593000,-0.152000,-0.800000,-0.916000,5.557000,-4.824000,30.74
0.174465,0.579000,-0.146000,-0.819000,-0.046000,6.626000,-6.137000,30.79
0.174878,0.591000,-0.130000,-0.803000,3.099000,4.840000,-8.076000,30.79
0.175307,0.583000,-0.123000,-0.814000,7.588000,4.611000,-10.962000,30.74
0.175720,0.590000,-0.099000,-0.819000,12.626000,2.992000,-15.237000,30.74
0.176144,0.588000,-0.078000,-0.835000,18.672000,-0.748000,-21.053000,30.74
0.176587,0.594000,-0.087000,-0.835000,25.603000,-4.351000,-28.000000,30.79
0.177023,0.588000,-0.076000,-0.839000,33.206000,-8.611000,-36.321000,30.69
0.177556,0.597000,-0.092000,-0.825000,40.122000,-12.656000,-44.473000,30.74
0.178160,0.582000,-0.117000,-0.810000,45.466000,-15.649000,-52.000000,30.84
0.178602,0.578000,-0.135000,-0.798000,48.305000,-18.061000,-59.282000,30.84
0.179027,0.581000,-0.150000,-0.803000,49.557000,-18.214000,-64.977000,30.79
0.179451,0.597000,-0.156000,-0.790000,50.748000,-19.328000,-70.336000,30.79
0.179870,0.587000,-0.151000,-0.802000,53.466000,-20.122000,-75.435000,30.74
0.180295,0.588000,-0.140000,-0.787000,55.374000,-21.282000,-81.710000,30.84
0.180720,0.595000,-0.109000,-0.796000,58.458000,-22.824000,-87.389000,30.84
0.181146,0.597000,-0.131000,-0.792000,61.649000,-24.336000,-94.198000,30.79
0.181582,0.608000,-0.151000,-0.785000,64.687000,-24.885000,-99.496000,30.79
0.182041,0.608000,-0.119000,-0.782000,66.641000,-25.496000,-104.107000,30.74
0.182473,0.614000,-0.142000,-0.775000,68.885000,-25.557000,-106.855000,30.74
0.182901,0.616000,-0.101000,-0.775000,71.282000,-27.618000,-109.435000,30.84
0.183328,0.627000,-0.150000,-0.785000,72.519000,-27.389000,-109.908000,30.60
0.183752,0.615000,-0.162000,-0.758000,70.748000,-26.992000,-108.519000,30.79
0.184179,0.611000,-0.183000,-0.763000,68.641000,-24.626000,-104.107000,30.74
0.184603,0.604000,-0.185000,-0.780000,65.374000,-23.084000,-98.397000,30.74
0.185029,0.593000,-0.211000,-0.779000,62.779000,-21.542000,-91.435000,30.84
0.185447,0.573000,-0.225000,-0.784000,58.031000,-19.573000,-84.626000,30.79
0.185873,0.569000,-0.255000,-0.784000,53.069000,-16.595000,-74.198000,30.79
0.186427,0.545000,-0.268000,-0.785000,45.481000,-13.557000,-64.046000,30.74
0.186868,0.553000,-0.286000,-0.799000,38.824000,-9.588000,-52.000000,30.84
0.187291,0.553000,-0.283000,-0.781000,30.382000,-5.832000,-38.916000,30.74
0.187787,0.555000,-0.275000,-0.772000,23.053000,-1.924000,-26.534000,30.79
0.188359,0.579000,-0.274000,-0.801000,15.634000,1.405000,-15.038000,30.79
0.188814,0.569000,-0.209000,-0.798000,11.267000,4.611000,-7.099000,30.74
0.189257,0.600000,-0.196000,-0.800000,10.031000,1.679000,-1.679000,30.74
0.189688,0.576000,-0.174000,-0.789000,8.580000,2.824000,1.099000,30.74
0.190128,0.563000,-0.213000,-0.757000,7.130000,6.931000,2.656000,30.79
0.190574,0.602000,-0.216000,-0.853000,9.267000,3.634000,3.740000,30.79
0.191022,0.580000,-0.174000,-0.786000,5.756000,1.878000,2.595000,30.74
0.191534,0.601000,-0.202000,-0.813000,3.359000,-1.740000,2.412000,30.74
0.191972,0.566000,-0.191000,-0.821000,5.420000,3.130000,1.710000,30.74
0.192403,0.561000,-0.206000,-0.781000,1.496000,2.412000,0.641000,30.79
0.192832,0.557000,-0.203000,-0.804000,1.313000,0.718000,-0.565000,30.79
0.193263,0.570000,-0.207000,-0.798000,1.588000,1.115000,-1.344000,30.74
0.193694,0.572000,-0.206000,-0.807000,1.237000,0.702000,-2.031000,30.74
0.194130,0.563000,-0.200000,-0.779000,0.809000,1.618000,-2.534000,30.84
0.194608,0.576000,-0.202000,-0.794000,-0.534000,1.450000,-1.924000,30.79
0.195088,0.582000,-0.197000,-0.801000,-2.427000,0.397000,-1.542000,30.79
0.195510,0.569000,-0.163000,-0.809000,-3.008000,-0.763000,-1.267000,30.74
0.195930,0.565000,-0.165000,-0.814000,-1.954000,-0.809000,-0.763000,30.74
0.196358,0.558000,-0.173000,-0.813000,-1.237000,-0.244000,-0.855000,30.74
0.196788,0.570000,-0.170000,-0.814000,-0.901000,0.611000,-0.611000,30.79
0.197209,0.573000,-0.172000,-0.808000,-0.244000,0.779000,0.260000,30.69
0.197673,0.582000,-0.177000,-0.806000,-0.137000,2.366000,0.809000,30.84
0.198156,0.571000,-0.176000,-0.812000,0.763000,2.824000,1.344000,30.84
0.198594,0.537000,-0.174000,-0.849000,-3.511000,3.908000,1.710000,30.84
0.199023,0.555000,-0.169000,-0.825000,-1.221000,1.176000,1.817000,30.79
0.199457,0.575000,-0.181000,-0.811000,0.473000,-2.916000,2.412000,30.79
0.199885,0.566000,-0.194000,-0.804000,1.252000,-6.229000,2.534000,30.84
0.200321,0.563000,-0.188000,-0.814000,1.847000,-4.931000,2.122000,30.74
0.200761,0.553000,-0.171000,-0.818000,1.237000,-2.687000,1.725000,30.84
0.201204,0.566000,-0.173000,-0.822000,2.351000,-2.870000,1.450000,30.79
0.201690,0.555000,-0.173000,-0.830000,4.305000,-1.450000,1.481000,30.79
0.202181,0.547000,-0.186000,-0.805000,2.137000,2.901000,2.122000,30.74
0.202644,0.542000,-0.192000,-0.794000,0.748000,4.840000,0.962000,30.74
0.203126,0.557000,-0.200000,-0.806000,-0.351000,6.412000,0.565000,30.69
0.203550,0.570000,-0.203000,-0.837000,-3.313000,7.099000,0.840000,30.79
0.203956,0.563000,-0.200000,-0.812000,0.168000,1.908000,0.611000,30.79
0.204366,0.519000,-0.214000,-0.803000,0.962000,-7.053000,0.687000,30.74
0.204777,0.566000,-0.196000,-0.794000,-1.130000,0.733000,0.305000,30.84
0.205181,0.561000,-0.188000,-0.807000,-1.069000,1.389000,0.122000,30.79
0.205592,0.563000,-0.194000,-0.819000,-0.473000,1.985000,-0.046000,30.79
0.206000,0.555000,-0.193000,-0.812000,1.939000,1.603000,-0.244000,30.69
0.206423,0.559000,-0.186000,-0.815000,1.542000,1.389000,-0.214000,30.84
0.206840,0.554000,-0.194000,-0.797000,0.931000,1.878000,-0.305000,30.74
0.207253,0.541000,-0.211000,-0.819000,-0.290000,2.153000,-0.656000,30.69
0.207723,0.547000,-0.212000,-0.811000,-0.275000,3.023000,-0.809000,30.79
0.208212,0.565000,-0.201000,-0.814000,-0.351000,2.489000,-1.099000,30.79
0.208648,0.560000,-0.197000,-0.811000,0.626000,2.351000,-0.763000,30.65
0.209097,0.561000,-0.195000,-0.811000,0.473000,1.481000,-0.855000,30.84
0.209533,0.570000,-0.200000,-0.809000,0.290000,1.450000,-0.748000,30.79
0.209963,0.552000,-0.192000,-0.803000,0.153000,1.710000,-0.397000,30.79
0.210405,0.561000,-0.189000,-0.817000,-0.656000,1.252000,-0.855000,30.79
0.210856,0.563000,-0.201000,-0.817000,-0.198000,2.031000,-1.099000,30.65
0.211378,0.552000,-0.199000,-0.809000,0.214000,2.336000,-1.023000,30.74
0.211823,0.547000,-0.200000,-0.804000,0.489000,2.489000,-0.779000,30.79
0.212238,0.552000,-0.204000,-0.820000,0.290000,4.626000,-1.176000,30.69
0.212655,0.554000,-0.199000,-0.811000,1.603000,4.748000,-0.794000,30.79
0.213062,0.544000,-0.199000,-0.811000,0.656000,6.214000,-0.779000,30.74
0.213470,0.554000,-0.192000,-0.808000,-0.504000,7.023000,-0.427000,30.84
0.213888,0.559000,-0.190000,-0.807000,-1.038000,6.458000,-0.611000,30.84
0.214300,0.565000,-0.208000,-0.821000,2.076000,4.076000,-0.412000,30.79
0.214706,0.564000,-0.192000,-0.806000,3.237000,4.763000,0.305000,30.79
0.215107,0.573000,-0.172000,-0.796000,2.336000,4.275000,0.397000,30.74
0.215514,0.568000,-0.193000,-0.805000,3.115000,4.137000,1.206000,30.74
0.215920,0.566000,-0.190000,-0.815000,3.466000,3.176000,1.420000,30.79
0.216340,0.548000,-0.197000,-0.803000,4.565000,3.618000,1.527000,30.69
0.216751,0.553000,-0.204000,-0.809000,4.763000,3.954000,1.481000,30.79
0.217170,0.559000,-0.210000,-0.794000,4.275000,4.519000,1.084000,30.65
0.217640,0.566000,-0.215000,-0.807000,4.046000,4.763000,1.145000,30.74
0.218145,0.573000,-0.214000,-0.809000,3.191000,4.321000,0.718000,30.69
0.218577,0.562000,-0.219000,-0.805000,3.802000,4.382000,0.947000,30.69
0.219030,0.560000,-0.208000,-0.798000,3.634000,4.305000,0.702000,30.69
0.219536,0.559000,-0.225000,-0.797000,3.191000,4.336000,0.397000,30.84
0.220039,0.562000,-0.220000,-0.802000,2.672000,4.473000,0.046000,30.74
0.220470,0.559000,-0.222000,-0.802000,1.985000,4.260000,-0.382000,30.69
0.220902,0.562000,-0.220000,-0.797000,1.298000,4.122000,-0.962000,30.79
0.221335,0.569000,-0.218000,-0.802000,1.206000,4.229000,-1.191000,30.69
0.221755,0.558000,-0.214000,-0.799000,0.733000,3.893000,-1.405000,30.65
0.222157,0.566000,-0.219000,-0.802000,0.519000,3.985000,-1.832000,30.74
0.222566,0.567000,-0.214000,-0.803000,0.580000,4.214000,-2.137000,30.79
0.222972,0.568000,-0.225000,-0.800000,0.122000,3.756000,-2.046000,30.69
0.223383,0.574000,-0.218000,-0.803000,-0.076000,3.435000,-2.015000,30.79
0.223790,0.571000,-0.214000,-0.813000,-0.183000,3.206000,-1.863000,30.74
0.224199,0.568000,-0.214000,-0.811000,-0.046000,3.237000,-1.557000,30.74
0.224609,0.572000,-0.210000,-0.808000,0.397000,3.328000,-1.176000,30.69
0.225014,0.568000,-0.200000,-0.805000,1.267000,3.282000,-0.412000,30.69
0.225413,0.568000,-0.211000,-0.824000,1.847000,2.336000,0.122000,30.69
0.225819,0.559000,-0.208000,-0.813000,3.130000,3.924000,0.427000,30.65
0.226241,0.579000,-0.162000,-0.794000,0.992000,-0.412000,2.504000,30.74
0.226657,0.587000,-0.147000,-0.787000,4.290000,-4.412000,1.359000,30.69
0.227057,0.574000,-0.210000,-0.805000,4.260000,7.832000,1.878000,30.79
0.227484,0.562000,-0.237000,-0.796000,3.313000,5.908000,2.611000,30.79
0.227914,0.565000,-0.221000,-0.808000,5.893000,3.542000,2.351000,30.84
0.228335,0.561000,-0.231000,-0.787000,2.779000,1.603000,2.214000,30.74
0.228741,0.562000,-0.224000,-0.789000,4.427000,7.008000,1.664000,30.79
0.229143,0.558000,-0.227000,-0.794000,3.573000,5.466000,1.481000,30.69
0.229545,0.562000,-0.238000,-0.800000,2.092000,4.321000,1.053000,30.74
0.229946,0.566000,-0.226000,-0.802000,1.267000,4.076000,0.748000,30.74
0.230346,0.564000,-0.223000,-0.790000,1.267000,3.618000,0.214000,30.65
0.230755,0.560000,-0.235000,-0.781000,0.595000,4.168000,-0.183000,30.69
0.231159,0.573000,-0.225000,-0.799000,-0.611000,3.267000,0.000000,30.79
0.231580,0.328000,-0.688000,-0.624000,7.099000,21.206000,-0.061000,30.84
0.232003,0.603000,-0.170000,-0.873000,-5.084000,6.931000,0.092000,30.69
0.232410,0.522000,-0.203000,-0.803000,-1.542000,7.084000,0.275000,30.69
0.232827,0.581000,-0.261000,-0.800000,-1.771000,2.290000,-0.565000,30.79
0.233239,0.579000,-0.267000,-0.779000,-1.969000,2.641000,-1.588000,30.79
0.233648,0.579000,-0.233000,-0.809000,-3.435000,2.672000,-1.725000,30.74
0.234060,0.554000,-0.225000,-0.789000,-5.344000,4.107000,-1.710000,30.69
0.234474,0.576000,-0.161000,-0.833000,-3.817000,7.298000,-0.931000,30.79
0.234883,0.597000,-0.208000,-0.796000,-2.855000,2.489000,-1.008000,30.69
0.235292,0.570000,-0.194000,-0.803000,-1.481000,0.504000,-0.626000,30.79
0.235695,0.560000,-0.216000,-0.795000,1.496000,0.351000,0.763000,30.74
0.236218,0.578000,-0.242000,-0.791000,0.214000,0.290000,-0.122000,30.88
0.236663,0.557000,-0.220000,-0.787000,-2.702000,-3.252000,-0.718000,30.79
0.237083,0.526000,-0.231000,-0.787000,-1.893000,-1.420000,-0.443000,30.79
0.237501,0.553000,-0.217000,-0.793000,2.427000,1.069000,-0.183000,30.69
0.237907,0.541000,-0.213000,-0.782000,4.153000,-0.458000,1.145000,30.74
0.238304,0.565000,-0.236000,-0.802000,5.405000,0.595000,1.878000,30.79
0.238705,0.586000,-0.266000,-0.809000,5.328000,2.061000,1.237000,30.79
0.239108,0.566000,-0.253000,-0.797000,2.321000,-0.565000,0.366000,30.69
0.239514,0.559000,-0.241000,-0.769000,3.710000,0.626000,-0.870000,30.79
0.239920,0.555000,-0.251000,-0.782000,-0.702000,-0.672000,-2.275000,30.65
0.240329,0.552000,-0.254000,-0.792000,-0.718000,0.733000,-2.290000,30.79
0.240735,0.565000,-0.276000,-0.792000,-1.725000,3.756000,-2.351000,30.79
0.241145,0.535000,-0.225000,-0.780000,-2.412000,3.313000,-2.198000,30.69
0.241566,0.551000,-0.285000,-0.787000,-5.176000,5.282000,-4.565000,30.69
0.241995,0.555000,-0.227000,-0.806000,-7.802000,5.695000,-5.282000,30.84
0.242403,0.563000,-0.199000,-0.806000,-6.672000,5.542000,-4.260000,30.69
0.242811,0.598000,-0.198000,-0.831000,-2.107000,5.053000,-2.885000,30.69
0.243258,0.570000,-0.253000,-0.783000,-3.664000,3.695000,-3.313000,30.79
0.243684,0.575000,-0.231000,-0.794000,-6.382000,2.550000,-3.557000,30.74
0.244096,0.574000,-0.243000,-0.789000,-5.389000,3.282000,-3.466000,30.65
0.244555,0.569000,-0.234000,-0.781000,-3.435000,4.366000,-3.679000,30.69
0.245002,0.578000,-0.241000,-0.795000,-3.435000,3.298000,-4.076000,30.79
0.245425,0.560000,-0.145000,-0.802000,-0.733000,1.527000,-1.603000,30.69
0.245918,0.838000,-0.087000,-0.835000,-0.473000,-1.023000,-3.435000,30.74
0.246490,0.597000,-0.159000,-0.917000,1.237000,-1.557000,0.290000,30.65
0.246917,0.576000,-0.248000,-0.788000,4.443000,9.634000,1.649000,30.69
0.247326,0.583000,-0.226000,-0.788000,3.893000,4.763000,0.397000,30.60
0.247744,0.586000,-0.170000,-0.809000,4.275000,-2.244000,1.924000,30.79
0.248151,0.584000,-0.206000,-0.805000,6.107000,-0.397000,3.023000,30.74
0.248556,0.556000,-0.246000,-0.783000,6.962000,-1.740000,2.534000,30.74
0.248966,0.580000,-0.238000,-0.795000,7.359000,-4.137000,3.038000,30.79
0.249372,0.559000,-0.237000,-0.795000,4.824000,-0.092000,3.405000,30.79
0.249779,0.569000,-0.249000,-0.797000,5.145000,-0.122000,3.267000,30.69
0.250181,0.564000,-0.257000,-0.810000,-0.443000,3.450000,3.130000,30.74
0.250589,0.552000,-0.273000,-0.781000,-0.931000,5.771000,2.870000,30.74
0.250996,0.572000,-0.250000,-0.784000,-2.855000,6.183000,2.229000,30.79
0.251426,0.572000,-0.231000,-0.794000,-1.893000,4.611000,2.397000,30.79
0.251840,0.567000,-0.262000,-0.780000,-1.695000,3.435000,2.397000,30.69
0.252250,0.558000,-0.285000,-0.791000,-5.328000,1.969000,-0.550000,30.74
0.252688,0.563000,-0.240000,-0.798000,-8.137000,1.298000,-1.237000,30.65
0.253117,0.543000,-0.232000,-0.790000,-5.405000,-0.840000,-1.099000,30.69
0.253527,0.545000,-0.227000,-0.778000,-4.321000,0.260000,0.183000,30.69
0.253938,0.544000,-0.219000,-0.777000,-1.786000,0.412000,1.649000,30.69
0.254346,0.507000,-0.244000,-0.768000,-1.695000,7.802000,2.656000,30.74
0.254751,0.572000,-0.244000,-0.786000,-0.031000,2.611000,3.099000,30.74
0.255146,0.596000,-0.190000,-0.840000,0.427000,5.099000,3.206000,30.79
0.255548,0.605000,-0.187000,-0.823000,4.870000,6.794000,2.733000,30.60
0.256010,0.559000,-0.239000,-0.777000,1.664000,6.885000,3.908000,30.79
0.256547,0.559000,-0.273000,-0.761000,1.863000,1.328000,1.802000,30.84
0.256966,0.540000,-0.261000,-0.782000,0.733000,3.725000,1.679000,30.84
0.257373,0.550000,-0.293000,-0.770000,-1.939000,2.947000,0.733000,30.79
0.257781,0.528000,-0.278000,-0.778000,-1.344000,4.702000,0.305000,30.79
0.258188,0.553000,-0.238000,-0.798000,-2.321000,4.458000,-0.443000,30.69
0.258594,0.581000,-0.239000,-0.788000,-2.656000,3.252000,-0.687000,30.65
0.259000,0.558000,-0.203000,-0.800000,-0.656000,3.130000,0.702000,30.84
0.259401,0.580000,-0.202000,-0.802000,1.389000,0.153000,2.015000,30.79
0.259806,0.564000,-0.232000,-0.788000,4.092000,-1.176000,2.885000,30.69
0.260204,0.546000,-0.240000,-0.796000,5.084000,1.313000,4.061000,30.69
0.260607,0.587000,-0.260000,-0.831000,1.771000,1.649000,3.160000,30.74
0.261032,0.556000,-0.255000,-0.816000,2.061000,3.695000,3.496000,30.74
0.261458,0.542000,-0.229000,-0.803000,1.191000,4.214000,3.664000,30.69
0.261880,0.576000,-0.239000,-0.792000,-0.214000,0.534000,2.458000,30.79
0.262288,0.549000,-0.252000,-0.774000,-1.573000,0.595000,0.962000,30.69
0.262692,0.552000,-0.244000,-0.784000,1.069000,-5.664000,0.061000,30.74
0.263095,0.513000,-0.303000,-0.749000,-2.351000,3.679000,2.168000,30.74
0.263498,0.536000,-0.218000,-0.749000,-1.099000,1.420000,1.313000,30.79
0.263905,0.559000,-0.224000,-0.808000,1.176000,4.000000,0.977000,30.69
0.264310,0.564000,-0.263000,-0.799000,1.359000,5.954000,1.237000,30.79
0.264711,0.554000,-0.262000,-0.777000,1.420000,8.397000,1.557000,30.65
0.265115,0.553000,-0.229000,-0.798000,1.664000,9.099000,2.137000,30.74
0.265520,0.560000,-0.249000,-0.808000,2.779000,9.695000,2.840000,30.69
0.265992,0.580000,-0.229000,-0.811000,2.916000,7.145000,2.351000,30.79
0.266542,0.577000,-0.218000,-0.818000,2.992000,4.260000,3.267000,30.69
0.266974,0.592000,-0.243000,-0.813000,4.840000,3.206000,3.863000,30.65
0.267404,0.600000,-0.253000,-0.805000,5.130000,-0.931000,2.992000,30.74
0.267812,0.561000,-0.245000,-0.809000,4.336000,-5.389000,3.634000,30.60
0.268216,0.539000,-0.256000,-0.785000,4.244000,-3.924000,4.733000,30.79
0.268620,0.519000,-0.248000,-0.780000,6.992000,2.305000,6.366000,30.69
0.269027,0.519000,-0.267000,-0.757000,9.206000,3.282000,5.893000,30.74
0.269542,0.548000,-0.296000,-0.782000,7.893000,6.244000,4.870000,30.74
0.269985,0.567000,-0.268000,-0.786000,7.420000,5.313000,4.076000,30.69
0.270439,0.564000,-0.268000,-0.788000,7.328000,3.603000,2.855000,30.79
0.270852,0.586000,-0.308000,-0.806000,5.420000,1.634000,1.237000,30.69
0.271285,0.582000,-0.340000,-0.795000,1.191000,-2.122000,-0.840000,30.74
0.271717,0.573000,-0.318000,-0.803000,-2.885000,-5.832000,-2.504000,30.84
0.272151,0.529000,-0.216000,-0.748000,-3.878000,-6.473000,-2.290000,30.69
0.272570,0.443000,-0.210000,-0.686000,-4.260000,-3.160000,-0.687000,30.69
0.272989,0.575000,-0.271000,-0.804000,-5.176000,-1.740000,-2.580000,30.74
0.273397,0.534000,-0.241000,-0.772000,-3.557000,1.130000,0.046000,30.65
0.273807,0.534000,-0.263000,-0.775000,0.931000,4.305000,1.084000,30.74
0.274217,0.546000,-0.268000,-0.789000,1.435000,3.053000,1.069000,30.79
0.274627,0.508000,-0.290000,-0.776000,0.443000,7.588000,1.802000,30.69
0.275045,0.531000,-0.293000,-0.776000,-0.275000,11.710000,1.802000,30.74
0.275457,0.543000,-0.281000,-0.778000,1.237000,14.321000,2.641000,30.74
0.275875,0.571000,-0.277000,-0.786000,-0.382000,12.794000,1.802000,30.69
0.276490,0.584000,-0.257000,-0.800000,-0.779000,8.962000,1.115000,30.79
0.276933,0.569000,-0.275000,-0.794000,-0.611000,7.176000,0.321000,30.69
0.277353,0.563000,-0.294000,-0.792000,-1.023000,4.443000,-0.718000,30.65
0.277768,0.567000,-0.296000,-0.783000,-2.962000,3.939000,-1.496000,30.65
0.278181,0.574000,-0.291000,-0.798000,-4.824000,2.183000,-2.351000,30.79
0.278595,0.573000,-0.307000,-0.799000,-8.763000,-0.382000,-4.321000,30.79
0.279014,0.562000,-0.310000,-0.794000,-12.702000,-0.916000,-5.817000,30.84
0.279436,0.526000,-0.287000,-0.771000,-13.282000,0.519000,-5.893000,30.74
0.279856,0.530000,-0.260000,-0.778000,-12.550000,3.954000,-6.015000,30.74
0.280274,0.550000,-0.239000,-0.784000,-11.557000,6.107000,-5.237000,30.69
0.280702,0.553000,-0.246000,-0.784000,-9.221000,7.542000,-3.939000,30.69
0.281123,0.555000,-0.237000,-0.788000,-6.443000,7.695000,-2.550000,30.74
0.281556,0.499000,-0.064000,-0.673000,1.771000,12.000000,0.061000,30.74
0.281975,0.583000,-0.242000,-0.796000,4.443000,6.137000,1.389000,30.65
0.282392,0.581000,-0.242000,-0.773000,4.031000,10.229000,1.435000,30.69
0.282811,0.551000,-0.254000,-0.782000,2.748000,11.344000,2.153000,30.79
0.283225,0.576000,-0.272000,-0.822000,3.481000,9.313000,0.947000,30.74
0.283628,0.553000,-0.270000,-0.771000,2.504000,6.046000,0.656000,30.74
0.284046,0.540000,-0.271000,-0.776000,-0.763000,13.328000,-0.412000,30.74
0.284455,0.540000,-0.307000,-0.762000,0.198000,4.076000,0.580000,30.79
0.284866,0.568000,-0.286000,-0.775000,1.145000,5.038000,-0.504000,30.69
0.285278,0.546000,-0.285000,-0.770000,-0.855000,4.916000,-0.626000,30.65
0.285698,0.546000,-0.286000,-0.777000,-1.756000,5.695000,-0.992000,30.65
0.286243,0.513000,-0.442000,-0.780000,-7.145000,13.115000,-0.763000,30.65
0.286741,0.543000,-0.141000,-0.750000,3.084000,2.214000,-2.061000,30.69
0.287182,0.571000,-0.233000,-0.766000,-3.084000,4.015000,-0.885000,30.79
0.287596,0.569000,-0.284000,-0.775000,-2.031000,5.588000,-0.947000,30.74
0.288024,0.582000,-0.221000,-0.787000,1.252000,4.595000,-0.443000,30.65
0.288439,0.558000,-0.262000,-0.778000,1.832000,5.115000,0.626000,30.74
0.288849,0.559000,-0.243000,-0.785000,0.244000,3.985000,1.191000,30.79
0.289262,0.581000,-0.227000,-0.784000,1.038000,2.489000,1.298000,30.79
0.289670,0.574000,-0.231000,-0.760000,1.649000,2.427000,1.969000,30.69
0.290079,0.577000,-0.274000,-0.777000,1.817000,2.794000,1.863000,30.84
0.290514,0.553000,-0.287000,-0.755000,3.496000,4.397000,2.229000,30.74
0.290922,0.582000,-0.265000,-0.795000,4.504000,0.595000,2.076000,30.79
0.291348,0.587000,-0.246000,-0.786000,5.786000,-0.565000,2.031000,30.69
0.291792,0.474000,-0.240000,-0.777000,8.092000,4.412000,3.573000,30.60
0.292207,0.587000,-0.275000,-0.777000,0.916000,-6.733000,1.863000,30.74
0.292633,0.541000,-0.294000,-0.756000,0.824000,1.069000,3.618000,30.74
0.293053,0.567000,-0.272000,-0.758000,2.305000,2.412000,3.008000,30.69
0.293460,0.541000,-0.311000,-0.772000,4.473000,2.641000,4.122000,30.69
0.293871,0.577000,-0.278000,-0.797000,3.496000,1.832000,2.290000,30.69
0.294311,0.674000,-0.289000,-0.828000,1.023000,-1.985000,-0.901000,30.74
0.294751,0.523000,-0.280000,-0.759000,5.710000,5.817000,3.252000,30.74
0.295173,0.581000,-0.295000,-0.785000,3.557000,2.504000,1.664000,30.74
0.295592,0.511000,-0.423000,-0.722000,5.298000,11.176000,1.847000,30.69
0.296108,0.498000,-0.312000,-0.764000,4.565000,13.023000,3.176000,30.69
0.296751,0.596000,-0.283000,-0.807000,6.809000,12.275000,3.466000,30.69
0.297226,0.554000,-0.283000,-0.760000,6.580000,12.122000,3.542000,30.65
0.297654,0.580000,-0.315000,-0.787000,3.664000,12.794000,3.267000,30.65
0.298090,0.571000,-0.290000,-0.780000,-0.824000,10.427000,2.305000,30.69
0.298509,0.574000,-0.301000,-0.772000,-0.855000,7.969000,1.527000,30.79
0.298923,0.589000,-0.287000,-0.781000,1.817000,6.565000,0.427000,30.69
0.299336,0.587000,-0.281000,-0.776000,2.473000,5.695000,0.168000,30.74
0.299748,0.573000,-0.302000,-0.770000,3.450000,3.969000,0.290000,30.74
0.300156,0.577000,-0.298000,-0.789000,2.260000,4.092000,0.489000,30.79
0.300567,0.560000,-0.292000,-0.774000,0.916000,5.313000,0.473000,30.79
0.300980,0.594000,-0.281000,-0.782000,2.427000,1.344000,0.779000,30.79
0.301412,0.564000,-0.294000,-0.779000,0.229000,2.351000,1.176000,30.74
0.301842,0.575000,-0.312000,-0.763000,-3.191000,0.901000,-0.229000,30.74
0.302261,0.612000,-0.331000,-0.772000,-7.466000,0.748000,-1.405000,30.69
0.302712,0.668000,-0.266000,-0.783000,-10.305000,-3.649000,-5.191000,30.69
0.303153,0.528000,-0.257000,-0.728000,0.046000,6.733000,1.176000,30.79
0.303567,0.558000,-0.310000,-0.789000,2.260000,6.504000,3.053000,30.74
0.303999,0.602000,-0.295000,-0.786000,1.802000,5.847000,1.069000,30.74
0.304451,0.561000,-0.339000,-0.721000,0.534000,6.702000,-0.183000,30.69
0.304900,0.582000,-0.308000,-0.762000,-0.412000,4.015000,-0.992000,30.79
0.305322,0.598000,-0.290000,-0.766000,-0.885000,-1.863000,-1.725000,30.69
0.305733,0.583000,-0.171000,-0.618000,5.832000,8.397000,0.977000,30.74
0.306258,0.533000,-0.271000,-0.836000,1.847000,10.153000,0.397000,30.74
0.306892,0.584000,-0.272000,-0.753000,3.221000,10.901000,1.771000,30.79
0.307388,0.586000,-0.326000,-0.758000,0.382000,11.893000,-0.198000,30.69
0.307833,0.579000,-0.253000,-0.772000,0.565000,6.473000,0.809000,30.79
0.308269,0.581000,-0.287000,-0.764000,1.695000,5.511000,2.031000,30.60
0.308706,0.596000,-0.298000,-0.745000,9.069000,3.374000,1.664000,30.74
0.309149,0.585000,-0.309000,-0.746000,9.588000,4.489000,1.038000,30.69
0.309582,0.553000,-0.288000,-0.808000,8.107000,2.351000,0.489000,30.69
0.310016,0.583000,-0.322000,-0.770000,2.336000,2.641000,0.061000,30.79
0.310459,0.571000,-0.331000,-0.780000,-0.641000,3.130000,-0.336000,30.69
0.310944,0.575000,-0.297000,-0.754000,-1.832000,3.466000,-0.336000,30.74
0.311427,0.570000,-0.310000,-0.757000,-2.305000,3.847000,-1.053000,30.69
0.311879,0.557000,-0.332000,-0.746000,-3.511000,4.351000,-1.954000,30.69
0.312313,0.581000,-0.323000,-0.753000,-5.710000,4.595000,-3.115000,30.79
0.312754,0.589000,-0.295000,-0.784000,-6.412000,2.183000,-3.099000,30.69
0.313190,0.573000,-0.315000,-0.774000,-7.481000,2.107000,-3.328000,30.74
0.313610,0.568000,-0.290000,-0.756000,-8.168000,2.763000,-3.313000,30.74
0.314039,0.600000,-0.272000,-0.785000,-8.885000,1.023000,-3.527000,30.74
0.314462,0.587000,-0.288000,-0.781000,-8.992000,0.473000,-3.023000,30.69
0.314887,0.573000,-0.286000,-0.765000,-8.977000,0.427000,-2.000000,30.69
0.315303,0.568000,-0.286000,-0.758000,-7.710000,0.168000,-1.511000,30.69
0.315725,0.512000,-0.260000,-0.763000,-4.458000,-0.382000,0.061000,30.74
0.316228,0.597000,-0.308000,-0.721000,-1.405000,6.153000,-0.794000,30.74
0.316787,0.579000,-0.309000,-0.749000,-1.557000,2.840000,0.107000,30.69
0.317328,0.566000,-0.297000,-0.745000,0.137000,2.351000,0.458000,30.79
0.317776,0.584000,-0.307000,-0.766000,3.542000,3.557000,1.145000,30.79
0.318216,0.563000,-0.308000,-0.767000,4.168000,3.328000,1.084000,30.74
0.318680,0.568000,-0.326000,-0.745000,2.611000,3.435000,0.168000,30.74
0.319137,0.566000,-0.310000,-0.725000,5.374000,10.672000,1.679000,30.69
0.319547,0.576000,-0.317000,-0.772000,4.809000,8.702000,2.229000,30.79
0.319954,0.568000,-0.270000,-0.790000,2.916000,2.504000,1.695000,30.69
0.320356,0.569000,-0.321000,-0.745000,3.344000,3.130000,1.450000,30.84
0.320760,0.571000,-0.325000,-0.786000,-0.412000,3.374000,1.221000,30.65
0.321159,0.577000,-0.304000,-0.758000,-0.870000,5.008000,1.466000,30.74
0.321570,0.607000,-0.379000,-0.772000,-2.336000,1.802000,-0.550000,30.79
0.321987,0.592000,-0.308000,-0.744000,-0.611000,-4.244000,-0.168000,30.69
0.322420,0.577000,-0.301000,-0.809000,-1.893000,-19.130000,-0.122000,30.65
0.322842,0.564000,-0.285000,-0.808000,-1.450000,-10.046000,1.344000,30.74
0.323250,0.512000,-0.300000,-0.733000,-1.740000,2.153000,3.481000,30.74
0.323671,0.573000,-0.287000,-0.721000,-1.160000,-6.076000,1.817000,30.69
0.324084,0.600000,-0.312000,-0.740000,-0.718000,-7.176000,1.191000,30.79
0.324495,0.589000,-0.278000,-0.795000,-1.634000,-0.763000,0.824000,30.69
0.324900,0.585000,-0.270000,-0.796000,2.489000,-1.099000,1.939000,30.74
0.325305,0.563000,-0.287000,-0.762000,4.565000,-1.023000,2.458000,30.74
0.325704,0.552000,-0.322000,-0.768000,4.580000,2.931000,1.985000,30.79
0.326190,0.560000,-0.317000,-0.766000,3.069000,6.641000,2.229000,30.69
0.326731,0.557000,-0.317000,-0.769000,4.336000,4.794000,2.061000,30.69
0.327160,0.566000,-0.318000,-0.751000,3.679000,6.137000,2.031000,30.74
0.327625,0.545000,-0.322000,-0.733000,3.252000,7.008000,2.031000,30.74
0.328079,0.558000,-0.311000,-0.747000,3.008000,8.122000,2.275000,30.65
0.328508,0.576000,-0.285000,-0.767000,4.992000,7.496000,3.389000,30.69
0.328915,0.580000,-0.298000,-0.766000,7.695000,5.756000,4.198000,30.60
0.329317,0.558000,-0.300000,-0.777000,8.504000,4.824000,4.504000,30.74
0.329723,0.542000,-0.315000,-0.753000,5.863000,6.534000,4.015000,30.74
0.330135,0.529000,-0.331000,-0.732000,5.573000,4.733000,4.397000,30.74
0.330551,0.545000,-0.344000,-0.753000,1.878000,6.534000,2.748000,30.69
0.330971,0.585000,-0.401000,-0.784000,-0.275000,4.168000,1.130000,30.69
0.331384,0.563000,-0.330000,-0.747000,-1.511000,3.221000,-0.870000,30.74
0.331794,0.572000,-0.307000,-0.740000,-3.328000,2.214000,-1.573000,30.74
0.332201,0.573000,-0.355000,-0.779000,-2.687000,0.473000,-1.328000,30.65
0.332620,0.539000,-0.321000,-0.726000,-3.435000,2.397000,-1.115000,30.69
0.333045,0.582000,-0.344000,-0.773000,-1.008000,2.840000,-2.733000,30.69
0.333460,0.613000,-0.306000,-0.758000,-1.511000,5.069000,-1.664000,30.79
0.333870,0.572000,-0.355000,-0.753000,-1.496000,4.458000,-1.115000,30.65
0.334273,0.553000,-0.337000,-0.755000,-2.336000,3.008000,-1.023000,30.65
0.334680,0.562000,-0.339000,-0.763000,-3.802000,4.168000,-1.420000,30.60
0.335091,0.567000,-0.336000,-0.760000,-4.412000,4.550000,-1.802000,30.79
0.335497,0.560000,-0.345000,-0.756000,-6.901000,5.069000,-2.076000,30.69
0.335899,0.570000,-0.344000,-0.763000,-6.702000,4.702000,-2.687000,30.74
0.336339,0.566000,-0.318000,-0.773000,-7.313000,4.031000,-2.244000,30.74
0.336964,0.580000,-0.342000,-0.760000,-8.260000,4.550000,-2.565000,30.69
0.337579,0.571000,-0.345000,-0.739000,-10.443000,5.008000,-3.038000,30.69
0.338067,0.561000,-0.314000,-0.757000,-10.824000,3.069000,-3.481000,30.60
0.338510,0.576000,-0.291000,-0.776000,-9.008000,1.496000,-3.756000,30.74
0.338940,0.576000,-0.303000,-0.750000,-9.573000,4.305000,-3.344000,30.74
0.339374,0.577000,-0.287000,-0.758000,-9.099000,5.450000,-3.313000,30.69
0.339784,0.566000,-0.266000,-0.766000,-6.458000,5.053000,-3.237000,30.79
0.340198,0.589000,-0.332000,-0.790000,-3.389000,3.344000,-2.366000,30.69
0.340615,0.565000,-0.320000,-0.769000,-5.893000,4.656000,-2.046000,30.74
0.341029,0.569000,-0.298000,-0.767000,-6.046000,1.298000,-2.427000,30.65
0.341433,0.580000,-0.289000,-0.760000,-5.450000,3.740000,-2.427000,30.69
0.341889,0.562000,-0.279000,-0.778000,-2.855000,3.954000,-1.679000,30.69
0.342324,0.562000,-0.300000,-0.757000,-1.603000,3.969000,-0.763000,30.69
0.342757,0.581000,-0.304000,-0.757000,-0.641000,4.275000,-0.794000,30.69
0.343164,0.230000,-0.522000,-0.566000,-8.092000,33.298000,0.992000,30.65
0.343595,0.538000,-0.271000,-0.780000,-0.718000,4.656000,-0.656000,30.69
0.344020,0.605000,-0.321000,-0.762000,1.176000,0.763000,0.809000,30.69
0.344453,0.561000,-0.330000,-0.761000,-0.290000,2.443000,-0.458000,30.69
0.344858,0.574000,-0.304000,-0.770000,0.321000,1.450000,-0.733000,30.69
0.345273,0.573000,-0.317000,-0.746000,-0.153000,1.420000,-1.023000,30.74
0.345680,0.570000,-0.321000,-0.767000,-1.344000,1.511000,-1.053000,30.79
0.346088,0.573000,-0.315000,-0.764000,-0.427000,1.374000,-0.718000,30.69
0.346588,0.569000,-0.314000,-0.750000,0.626000,1.695000,-0.626000,30.79
0.347165,0.562000,-0.329000,-0.755000,-0.351000,2.626000,-0.489000,30.69
0.347657,0.570000,-0.315000,-0.760000,-0.794000,3.450000,-0.382000,30.74
0.348105,0.575000,-0.323000,-0.770000,-1.023000,4.397000,-0.214000,30.74
0.348526,0.760000,-0.278000,-0.761000,-5.542000,-1.160000,-4.855000,30.65
0.348955,0.603000,-0.308000,-0.812000,-3.099000,-0.321000,-2.565000,30.60
0.349369,0.601000,-0.302000,-0.753000,-2.168000,-4.229000,-3.374000,30.69
0.349780,0.560000,-0.358000,-0.758000,-5.069000,-0.855000,-4.473000,30.65
0.350182,0.521000,-0.313000,-0.760000,-6.092000,1.863000,-4.672000,30.65
0.350590,0.535000,-0.344000,-0.756000,-6.626000,4.992000,-2.519000,30.74
0.350999,0.605000,-0.322000,-0.770000,-4.382000,2.427000,-3.863000,30.79
0.351413,0.587000,-0.263000,-0.772000,-4.550000,0.321000,-4.046000,30.69
0.351822,0.576000,-0.270000,-0.774000,-2.565000,-1.679000,-3.542000,30.65
0.352255,0.563000,-0.295000,-0.760000,-0.427000,-1.405000,-2.519000,30.74
0.352678,0.558000,-0.299000,-0.767000,-1.084000,0.076000,-2.733000,30.65
0.353108,0.556000,-0.309000,-0.761000,-2.656000,0.870000,-2.885000,30.79
0.353526,0.547000,-0.318000,-0.748000,-3.069000,1.710000,-2.641000,30.69
0.353941,0.588000,-0.282000,-0.748000,-4.916000,-1.496000,-3.573000,30.60
0.354354,0.559000,-0.259000,-0.763000,-4.427000,-3.176000,-5.252000,30.74
0.354771,0.560000,-0.326000,-0.763000,-4.122000,-5.466000,-5.130000,30.65
0.355207,0.580000,-0.273000,-0.745000,-3.740000,-4.962000,-5.618000,30.69
0.355642,0.615000,-0.319000,-0.773000,-0.962000,-10.672000,-5.786000,30.79
0.356119,0.580000,-0.360000,-0.780000,-4.779000,-9.084000,-7.756000,30.79
0.356696,0.476000,-0.392000,-0.730000,-12.198000,2.702000,-7.466000,30.65
0.357360,0.529000,-0.338000,-0.732000,-14.305000,11.771000,-8.550000,30.65
0.357850,0.494000,-0.587000,-0.768000,-25.115000,23.008000,-10.321000,30.69
0.358282,0.570000,-0.239000,-0.795000,-18.626000,13.511000,-9.099000,30.69
0.358697,0.560000,-0.305000,-0.790000,-15.206000,13.634000,-7.802000,30.60
0.359113,0.596000,-0.237000,-0.784000,-15.191000,7.023000,-8.672000,30.74
0.359520,0.573000,-0.314000,-0.771000,-17.282000,5.740000,-8.443000,30.65
0.359933,0.574000,-0.278000,-0.770000,-15.573000,4.824000,-8.992000,30.65
0.360349,0.595000,-0.245000,-0.795000,-14.336000,4.229000,-9.221000,30.60
0.360784,0.578000,-0.252000,-0.761000,-14.305000,2.366000,-8.855000,30.69
0.361215,0.594000,-0.272000,-0.791000,-15.511000,0.672000,-9.099000,30.74
0.361655,0.571000,-0.268000,-0.765000,-13.893000,-1.802000,-9.191000,30.65
0.362118,0.569000,-0.239000,-0.787000,-11.038000,-3.557000,-8.534000,30.65
0.362577,0.563000,-0.283000,-0.772000,-11.695000,-1.206000,-8.137000,30.79
0.363027,0.545000,-0.234000,-0.761000,-11.466000,-0.198000,-7.908000,30.69
0.363454,0.570000,-0.225000,-0.801000,-11.069000,4.336000,-7.466000,30.74
0.363884,0.607000,-0.243000,-0.805000,-9.573000,1.618000,-6.870000,30.74
0.364306,0.542000,-0.267000,-0.768000,-8.214000,7.863000,-4.382000,30.74
0.364725,0.632000,-0.257000,-0.815000,-9.786000,5.389000,-6.763000,30.69
0.365146,0.649000,-0.202000,-0.786000,-7.130000,-4.412000,-7.359000,30.69
0.365567,0.560000,-0.219000,-0.819000,-4.122000,1.374000,-2.641000,30.65
0.366020,0.584000,-0.256000,-0.803000,-0.763000,6.885000,-1.099000,30.74
0.366477,0.569000,-0.293000,-0.750000,-2.656000,6.046000,-3.954000,30.65
0.367095,0.574000,-0.269000,-0.770000,-5.969000,4.122000,-5.023000,30.79
0.367611,0.581000,-0.267000,-0.788000,-7.084000,2.840000,-5.527000,30.69
0.368074,0.578000,-0.268000,-0.771000,-6.550000,3.328000,-6.260000,30.79
0.368513,0.591000,-0.257000,-0.789000,-7.038000,2.794000,-6.840000,30.74
0.368947,0.591000,-0.252000,-0.788000,-8.366000,1.939000,-6.382000,30.65
0.369372,0.587000,-0.247000,-0.781000,-7.481000,1.420000,-6.015000,30.69
0.369809,0.588000,-0.242000,-0.783000,-7.115000,1.313000,-5.649000,30.79
0.370237,0.582000,-0.232000,-0.776000,-6.855000,1.053000,-5.282000,30.69
0.370656,0.579000,-0.231000,-0.783000,-6.260000,0.885000,-4.794000,30.74
0.371086,0.586000,-0.220000,-0.806000,-5.191000,0.565000,-4.275000,30.74
0.371525,0.582000,-0.226000,-0.784000,-4.779000,0.870000,-3.252000,30.69
0.371964,0.591000,-0.233000,-0.791000,-4.015000,0.412000,-2.656000,30.69
0.372550,0.590000,-0.234000,-0.793000,-3.359000,0.382000,-1.527000,30.69
0.373001,0.585000,-0.235000,-0.785000,-2.656000,0.321000,-0.901000,30.74
0.373426,0.570000,-0.245000,-0.785000,-1.878000,0.107000,-0.458000,30.74
0.373855,0.569000,-0.247000,-0.791000,-2.000000,-0.031000,-0.458000,30.74
0.374271,0.575000,-0.247000,-0.785000,-2.046000,0.000000,-0.550000,30.69
0.374689,0.577000,-0.248000,-0.790000,-2.412000,0.366000,-0.702000,30.69
0.375225,0.567000,-0.249000,-0.785000,-2.595000,0.641000,-0.809000,30.65
0.375775,0.573000,-0.250000,-0.783000,-2.733000,0.855000,-1.328000,30.74
0.376225,0.575000,-0.244000,-0.791000,-2.702000,1.115000,-1.130000,30.74
0.376692,0.572000,-0.245000,-0.797000,-2.656000,1.557000,-1.099000,30.79
0.377163,0.576000,-0.235000,-0.786000,-1.771000,1.145000,-0.840000,30.69
0.377794,0.575000,-0.219000,-0.776000,-1.756000,0.824000,-0.794000,30.74
0.378278,0.576000,-0.240000,-0.781000,-1.634000,1.527000,-0.397000,30.74
0.378730,0.578000,-0.237000,-0.786000,-1.344000,1.511000,-0.305000,30.74
0.379163,0.570000,-0.243000,-0.787000,-1.496000,1.389000,-0.122000,30.69
0.379587,0.567000,-0.235000,-0.782000,-1.282000,1.435000,0.046000,30.69
0.380007,0.567000,-0.233000,-0.766000,-0.977000,1.557000,-0.122000,30.60
0.380417,0.582000,-0.229000,-0.777000,-0.458000,1.450000,0.153000,30.74
0.380853,0.571000,-0.241000,-0.791000,-0.580000,1.420000,0.519000,30.74
0.381285,0.572000,-0.232000,-0.787000,-0.305000,1.634000,0.656000,30.69
0.381713,0.570000,-0.241000,-0.784000,0.275000,2.244000,0.916000,30.69
0.382147,0.567000,-0.236000,-0.794000,0.275000,2.382000,0.595000,30.69
0.382563,0.569000,-0.242000,-0.787000,0.565000,2.763000,0.885000,30.74
0.382970,0.565000,-0.255000,-0.781000,0.901000,3.145000,1.008000,30.65
0.383488,0.495000,-0.352000,-0.874000,0.733000,2.779000,-0.122000,30.79
0.384086,0.574000,-0.246000,-0.768000,0.412000,3.863000,0.504000,30.69
0.384541,0.567000,-0.268000,-0.803000,-0.214000,5.221000,0.702000,30.69
0.385021,0.569000,-0.254000,-0.791000,0.122000,3.908000,0.137000,30.74
0.385488,0.575000,-0.248000,-0.788000,-0.473000,3.710000,-0.137000,30.65
0.386028,0.566000,-0.252000,-0.784000,0.092000,3.435000,0.168000,30.79
0.386467,0.566000,-0.256000,-0.786000,0.061000,4.275000,0.443000,30.69
0.386922,0.566000,-0.248000,-0.786000,0.260000,4.214000,0.061000,30.69
0.387354,0.568000,-0.248000,-0.790000,-0.443000,3.847000,-0.305000,30.65
0.387772,0.571000,-0.255000,-0.778000,-0.687000,4.046000,-0.061000,30.74
0.388196,0.565000,-0.253000,-0.777000,-0.656000,4.076000,-0.504000,30.69
0.388627,0.565000,-0.253000,-0.783000,-0.641000,3.817000,-0.840000,30.69
0.389051,0.573000,-0.250000,-0.780000,-1.191000,4.321000,-1.145000,30.69
0.389461,0.564000,-0.252000,-0.778000,-0.763000,3.802000,-1.206000,30.65
0.389881,0.579000,-0.262000,-0.791000,-0.962000,3.603000,-1.252000,30.65
0.390328,0.572000,-0.258000,-0.765000,-1.420000,3.634000,-1.511000,30.69
0.390748,0.571000,-0.249000,-0.784000,-1.435000,3.130000,-1.740000,30.69
0.391162,0.573000,-0.268000,-0.794000,-1.573000,3.008000,-1.817000,30.60
0.391571,0.530000,-0.233000,-0.740000,-2.107000,3.420000,-2.397000,30.74
0.392041,0.573000,-0.240000,-0.777000,-1.985000,2.763000,-2.397000,30.74
0.392466,0.580000,-0.254000,-0.782000,-2.351000,3.511000,-2.153000,30.60
0.392882,0.573000,-0.246000,-0.789000,-1.924000,3.908000,-2.061000,30.79
0.393315,0.572000,-0.248000,-0.787000,-1.802000,3.863000,-2.122000,30.69
0.393738,0.579000,-0.251000,-0.783000,-2.305000,3.603000,-2.260000,30.65
0.394154,0.574000,-0.254000,-0.790000,-2.336000,3.328000,-2.107000,30.74
0.394673,0.575000,-0.253000,-0.783000,-2.183000,3.405000,-2.366000,30.69
0.395157,0.576000,-0.246000,-0.782000,-2.427000,3.069000,-2.305000,30.69
0.395586,0.577000,-0.251000,-0.784000,-2.718000,2.565000,-2.229000,30.69
0.396042,0.576000,-0.257000,-0.784000,-2.718000,2.336000,-2.198000,30.74
0.396475,0.573000,-0.252000,-0.777000,-2.702000,1.985000,-2.336000,30.74
0.397003,0.577000,-0.249000,-0.784000,-2.977000,1.939000,-2.550000,30.79
0.397543,0.572000,-0.243000,-0.797000,-3.084000,2.046000,-2.382000,30.69
0.397995,0.571000,-0.245000,-0.784000,-2.550000,1.237000,-2.214000,30.69
0.398543,0.576000,-0.238000,-0.779000,-2.336000,1.206000,-1.893000,30.74
0.399006,0.578000,-0.242000,-0.780000,-1.908000,1.023000,-1.832000,30.65
0.399438,0.569000,-0.245000,-0.793000,-1.924000,1.282000,-1.802000,30.60
0.399864,0.575000,-0.241000,-0.793000,-1.771000,1.573000,-1.802000,30.60
0.400283,0.572000,-0.235000,-0.794000,-1.802000,2.076000,-1.435000,30.69
0.400701,0.576000,-0.232000,-0.793000,-1.634000,2.198000,-0.962000,30.74
0.401117,0.566000,-0.236000,-0.787000,-0.748000,2.443000,-0.382000,30.74
0.401540,0.575000,-0.233000,-0.783000,-0.244000,2.901000,-0.153000,30.69
0.401958,0.566000,-0.239000,-0.790000,-0.031000,2.992000,0.305000,30.69
0.402370,0.571000,-0.245000,-0.788000,0.489000,3.176000,0.611000,30.69
0.402800,0.572000,-0.242000,-0.784000,0.870000,3.130000,0.595000,30.65
0.403264,0.568000,-0.249000,-0.782000,0.672000,2.962000,0.763000,30.65
0.403724,0.565000,-0.258000,-0.784000,0.489000,3.420000,0.427000,30.69
0.404142,0.578000,-0.255000,-0.779000,0.214000,3.969000,0.275000,30.79
0.404561,0.575000,-0.250000,-0.792000,0.137000,3.969000,0.137000,30.69
0.404974,0.568000,-0.255000,-0.792000,0.244000,4.275000,0.137000,30.74
0.405385,0.567000,-0.251000,-0.787000,0.107000,4.351000,0.168000,30.74
0.405806,0.568000,-0.256000,-0.781000,-0.122000,4.397000,-0.321000,30.79
0.406221,0.570000,-0.259000,-0.770000,-0.534000,4.183000,-0.626000,30.69
0.406644,0.566000,-0.257000,-0.772000,-0.901000,3.985000,-1.053000,30.69
0.407105,0.566000,-0.261000,-0.781000,-1.405000,3.679000,-1.389000,30.65
0.407543,0.565000,-0.263000,-0.771000,-1.863000,3.038000,-2.046000,30.65
0.407963,0.564000,-0.265000,-0.789000,-2.366000,2.427000,-2.641000,30.69
0.408398,0.572000,-0.256000,-0.782000,-2.824000,1.756000,-3.176000,30.69
0.408820,0.561000,-0.255000,-0.763000,-3.634000,1.542000,-3.908000,30.69
0.409244,0.566000,-0.261000,-0.782000,-3.618000,0.580000,-4.351000,30.65
0.409668,0.577000,-0.249000,-0.785000,-3.145000,0.427000,-4.534000,30.65
0.410104,0.568000,-0.237000,-0.778000,-2.229000,-0.305000,-4.351000,30.69
0.410543,0.564000,-0.253000,-0.788000,-1.435000,-1.069000,-3.969000,30.69
0.410983,0.572000,-0.255000,-0.783000,-1.786000,-1.176000,-4.443000,30.69
0.411424,0.570000,-0.246000,-0.790000,-1.603000,-1.634000,-4.443000,30.74
0.411862,0.580000,-0.249000,-0.790000,-2.137000,-1.176000,-4.519000,30.65
0.412292,0.574000,-0.253000,-0.797000,-2.489000,-0.870000,-4.473000,30.69
0.412715,0.569000,-0.254000,-0.782000,-2.794000,-0.580000,-4.733000,30.69
0.413130,0.569000,-0.247000,-0.787000,-3.191000,-0.458000,-5.053000,30.69
0.413567,0.569000,-0.249000,-0.792000,-3.344000,-0.702000,-4.962000,30.60
0.414007,0.565000,-0.252000,-0.790000,-3.649000,-0.443000,-4.885000,30.65
0.414427,0.562000,-0.255000,-0.787000,-4.183000,-0.473000,-5.405000,30.69
0.414842,0.571000,-0.253000,-0.787000,-4.992000,-0.565000,-5.878000,30.79
0.415430,0.575000,-0.246000,-0.782000,-4.977000,-0.473000,-6.061000,30.79
0.416007,0.576000,-0.243000,-0.796000,-5.496000,-0.977000,-5.756000,30.69
0.416462,0.575000,-0.235000,-0.797000,-5.740000,-1.267000,-5.924000,30.65
0.416961,0.576000,-0.232000,-0.801000,-5.527000,-1.206000,-5.603000,30.69
0.417394,0.568000,-0.240000,-0.792000,-5.496000,-1.374000,-5.466000,30.79
0.417831,0.568000,-0.240000,-0.801000,-5.786000,-0.870000,-5.328000,30.69
0.418355,0.573000,-0.229000,-0.803000,-6.061000,-1.313000,-5.130000,30.69
0.418886,0.569000,-0.237000,-0.806000,-6.153000,-1.069000,-4.779000,30.65
0.419361,0.581000,-0.225000,-0.802000,-6.229000,-1.130000,-4.565000,30.69
0.419912,0.574000,-0.225000,-0.802000,-5.817000,-0.824000,-3.878000,30.69
0.420436,0.572000,-0.225000,-0.809000,-5.695000,-0.229000,-3.389000,30.69
0.420881,0.568000,-0.222000,-0.801000,-5.450000,0.031000,-2.947000,30.79
0.421327,0.582000,-0.219000,-0.807000,-5.038000,-0.198000,-2.290000,30.65
0.421769,0.576000,-0.219000,-0.807000,-4.427000,-0.244000,-1.389000,30.69
0.422209,0.573000,-0.229000,-0.801000,-3.908000,-0.489000,-0.916000,30.69
0.422643,0.567000,-0.219000,-0.806000,-3.313000,-0.763000,-0.183000,30.60
0.423081,0.572000,-0.219000,-0.805000,-2.702000,-0.748000,0.382000,30.65
0.423634,0.570000,-0.220000,-0.809000,-1.939000,-0.198000,1.099000,30.74
0.424080,0.560000,-0.221000,-0.808000,-1.328000,0.840000,1.954000,30.69
0.424492,0.560000,-0.231000,-0.811000,-0.840000,1.634000,2.412000,30.79
0.424907,0.562000,-0.226000,-0.803000,-0.092000,2.061000,2.962000,30.79
0.425318,0.567000,-0.217000,-0.800000,-0.153000,2.763000,3.374000,30.74
0.425730,0.563000,-0.236000,-0.808000,-0.153000,2.550000,3.649000,30.74
0.426136,0.565000,-0.243000,-0.789000,-0.992000,2.733000,3.420000,30.79
0.426543,0.561000,-0.257000,-0.779000,-2.412000,2.336000,2.473000,30.69
0.426954,0.558000,-0.259000,-0.797000,-3.954000,1.756000,1.252000,30.79
0.427365,0.552000,-0.260000,-0.791000,-5.267000,1.588000,-0.061000,30.74
0.427800,0.557000,-0.257000,-0.783000,-7.084000,1.450000,-1.206000,30.65
0.428224,0.556000,-0.249000,-0.787000,-7.786000,0.916000,-2.107000,30.60
0.428655,0.552000,-0.237000,-0.797000,-8.260000,0.565000,-2.840000,30.69
0.429078,0.552000,-0.233000,-0.794000,-8.061000,0.382000,-3.053000,30.69
0.429489,0.556000,-0.223000,-0.805000,-7.466000,0.076000,-2.763000,30.74
0.430051,0.560000,-0.214000,-0.804000,-6.458000,0.336000,-1.802000,30.65
0.430533,0.559000,-0.209000,-0.808000,-5.435000,0.748000,-1.038000,30.69
0.430977,0.549000,-0.210000,-0.814000,-4.275000,1.374000,-0.183000,30.60
0.431404,0.552000,-0.216000,-0.798000,-3.878000,2.137000,0.092000,30.69
0.431828,0.557000,-0.220000,-0.807000,-2.931000,2.885000,0.565000,30.65
0.432263,0.555000,-0.222000,-0.804000,-2.855000,3.313000,0.611000,30.65
0.432691,0.553000,-0.229000,-0.802000,-3.084000,3.130000,0.366000,30.69
0.433118,0.556000,-0.235000,-0.799000,-3.557000,2.992000,0.214000,30.79
0.433593,0.556000,-0.234000,-0.801000,-3.634000,2.901000,-0.046000,30.69
0.434056,0.554000,-0.238000,-0.797000,-4.046000,2.809000,-0.458000,30.74
0.434500,0.554000,-0.230000,-0.796000,-4.565000,2.550000,-0.779000,30.65
0.434937,0.551000,-0.239000,-0.788000,-4.840000,2.427000,-1.389000,30.69
0.435366,0.553000,-0.235000,-0.805000,-4.977000,2.321000,-1.435000,30.69
0.435807,0.553000,-0.231000,-0.806000,-5.298000,1.725000,-1.588000,30.69
0.436290,0.545000,-0.229000,-0.803000,-5.466000,1.847000,-1.634000,30.74
0.436728,0.544000,-0.231000,-0.795000,-5.802000,1.695000,-1.756000,30.65
0.437136,0.550000,-0.213000,-0.808000,-5.817000,1.649000,-1.664000,30.69
0.437544,0.551000,-0.220000,-0.809000,-5.496000,1.969000,-1.786000,30.69
0.437951,0.546000,-0.222000,-0.812000,-5.221000,2.183000,-1.542000,30.60
0.438374,0.548000,-0.217000,-0.803000,-5.115000,2.718000,-1.847000,30.74
0.438789,0.542000,-0.221000,-0.800000,-5.115000,2.763000,-2.168000,30.65
0.439198,0.554000,-0.222000,-0.802000,-4.718000,2.992000,-2.458000,30.69
0.439651,0.566000,-0.210000,-0.823000,-4.122000,3.191000,-2.031000,30.69
0.440150,0.559000,-0.215000,-0.809000,-3.603000,3.084000,-1.420000,30.74
0.440590,0.557000,-0.204000,-0.806000,-2.718000,3.542000,-1.282000,30.74
0.441026,0.562000,-0.209000,-0.812000,-1.847000,3.893000,-0.305000,30.65
0.441462,0.556000,-0.197000,-0.816000,-1.557000,3.450000,-0.153000,30.60
0.441964,0.562000,-0.205000,-0.807000,-0.580000,3.908000,0.412000,30.60
0.442388,0.557000,-0.206000,-0.810000,0.076000,4.153000,0.656000,30.55
0.442824,0.557000,-0.208000,-0.805000,-0.840000,3.908000,0.870000,30.65
0.443312,0.564000,-0.215000,-0.811000,0.260000,4.534000,1.221000,30.65
0.443761,0.554000,-0.215000,-0.810000,0.351000,4.702000,1.374000,30.60
0.444175,0.563000,-0.216000,-0.823000,1.191000,4.733000,0.977000,30.69
0.444583,0.577000,-0.227000,-0.816000,1.527000,5.359000,1.099000,30.65
0.444996,0.572000,-0.235000,-0.806000,2.489000,4.427000,1.206000,30.65
0.445400,0.568000,-0.246000,-0.808000,1.649000,3.771000,0.901000,30.65
0.445803,0.562000,-0.241000,-0.801000,0.885000,4.092000,0.489000,30.69
0.446206,0.581000,-0.255000,-0.807000,2.427000,3.389000,0.290000,30.69
0.446612,0.570000,-0.232000,-0.813000,2.885000,3.282000,0.473000,30.65
0.447010,0.583000,-0.223000,-0.823000,3.939000,2.412000,0.550000,30.74
0.447410,0.582000,-0.229000,-0.841000,5.969000,1.710000,1.206000,30.65
0.447823,0.556000,-0.210000,-0.806000,6.794000,2.092000,1.908000,30.69
0.448246,0.559000,-0.208000,-0.814000,7.008000,2.748000,2.305000,30.69
0.448684,0.565000,-0.224000,-0.818000,7.481000,3.115000,2.580000,30.65
0.449109,0.578000,-0.218000,-0.831000,9.298000,3.344000,3.450000,30.55
0.449518,0.588000,-0.210000,-0.838000,11.084000,3.038000,3.847000,30.65
0.450042,0.583000,-0.192000,-0.823000,12.595000,2.198000,3.847000,30.69
0.450639,0.573000,-0.172000,-0.816000,14.046000,0.137000,2.351000,30.69
0.451105,0.590000,-0.131000,-0.821000,15.160000,-2.992000,-2.443000,30.65
0.451561,0.577000,-0.005000,-0.821000,18.840000,-5.954000,-13.924000,30.65
0.452015,0.592000,0.157000,-0.862000,26.092000,-13.176000,-33.939000,30.65
0.452463,0.632000,0.358000,-0.881000,34.931000,-22.809000,-63.817000,30.69
0.452942,0.687000,0.581000,-0.918000,46.000000,-34.931000,-101.832000,30.69
0.453504,0.771000,0.584000,-0.915000,63.160000,-44.015000,-138.427000,30.65
0.454007,0.868000,0.356000,-0.915000,73.328000,-55.771000,-168.824000,30.74
0.454464,0.861000,0.162000,-0.811000,76.366000,-59.008000,-184.901000,30.74
0.454911,0.776000,0.095000,-0.693000,79.557000,-61.069000,-197.878000,30.79
0.455357,0.792000,0.219000,-0.681000,92.733000,-71.908000,-217.466000,30.69
0.455810,0.751000,0.101000,-0.602000,102.000000,-62.000000,-229.038000,30.69
0.456267,0.792000,0.093000,-0.656000,107.053000,-65.649000,-246.519000,30.74
0.456713,0.798000,0.061000,-0.640000,124.336000,-59.542000,-255.939000,30.65
0.457169,0.750000,-0.127000,-0.558000,139.145000,-50.580000,-259.160000,30.69
0.457632,0.743000,-0.156000,-0.468000,140.565000,-43.328000,-263.924000,30.69
0.458092,0.713000,-0.259000,-0.410000,153.069000,-34.351000,-262.672000,30.79
0.458608,0.689000,-0.344000,-0.394000,156.763000,-20.779000,-255.832000,30.74
0.459068,0.682000,-0.489000,-0.429000,155.832000,-9.557000,-246.611000,30.65
0.459510,0.726000,-0.577000,-0.532000,149.649000,0.000000,-233.069000,30.69
0.460022,1.116000,-0.626000,-1.108000,171.374000,-23.802000,-186.901000,30.69
0.464406,0.851000,-1.166000,-0.938000,187.389000,-13.511000,-148.427000,30.60
0.465710,0.683000,-1.159000,-0.857000,149.023000,-32.565000,-129.924000,30.65
0.466844,0.392000,-0.750000,-0.535000,105.740000,-50.260000,-121.908000,30.74
0.467634,0.244000,-0.359000,-0.606000,82.992000,-25.588000,-118.458000,30.69
0.469633,0.390000,-0.373000,-0.876000,93.267000,-9.542000,-105.389000,30.60
0.470708,0.581000,-0.709000,-1.103000,108.107000,-16.565000,-84.901000,30.69
0.474534,0.470000,-0.582000,-0.913000,100.641000,-24.626000,-70.092000,30.65
0.478811,0.351000,-0.327000,-0.859000,92.824000,-34.107000,-64.305000,30.65
0.480624,0.312000,-0.292000,-0.815000,88.443000,-23.893000,-64.519000,30.69
0.481693,0.429000,-0.336000,-0.836000,89.893000,-30.794000,-65.893000,30.60
0.484028,0.500000,-0.264000,-0.817000,90.809000,-24.351000,-68.916000,30.60
0.484862,0.519000,-0.177000,-0.767000,86.382000,-23.786000,-72.962000,30.65
0.486391,0.585000,-0.194000,-0.790000,87.252000,-30.000000,-78.137000,30.65
0.495129,0.623000,-0.227000,-0.794000,85.756000,-32.595000,-82.107000,30.69
0.495781,0.598000,-0.225000,-0.742000,86.290000,-35.206000,-85.924000,30.79
0.496247,0.585000,-0.230000,-0.705000,84.580000,-35.740000,-89.313000,30.60
0.496707,0.586000,-0.241000,-0.689000,77.786000,-35.878000,-94.840000,30.65
0.497167,0.588000,-0.198000,-0.647000,69.053000,-35.252000,-102.611000,30.65
0.497626,0.597000,-0.207000,-0.608000,65.328000,-33.481000,-106.427000,30.69
0.498084,0.640000,-0.351000,-0.637000,64.550000,-31.710000,-104.489000,30.69
0.498533,0.656000,-0.473000,-0.654000,52.977000,-28.748000,-97.038000,30.69
0.498985,0.624000,-0.479000,-0.634000,41.191000,-28.122000,-87.130000,30.65
0.499439,0.590000,-0.511000,-0.632000,31.466000,-27.298000,-76.305000,30.65
0.499892,0.579000,-0.455000,-0.632000,15.863000,-24.565000,-66.565000,30.69
0.500337,0.578000,-0.428000,-0.690000,0.534000,-22.458000,-56.885000,30.69
0.502262,0.593000,-0.401000,-0.730000,-12.321000,-21.573000,-47.344000,30.69
0.502889,0.600000,-0.338000,-0.714000,-23.176000,-22.580000,-38.687000,30.74
0.503404,0.783000,-0.365000,-0.753000,-31.954000,-19.023000,-29.939000,30.74
0.503880,0.587000,-0.254000,-0.698000,-31.863000,-21.649000,-17.053000,30.60
0.504425,0.525000,-0.147000,-0.864000,-25.237000,-26.489000,-10.962000,30.69
0.504993,0.531000,-0.020000,-0.925000,-17.618000,-28.427000,-8.015000,30.60
0.505458,0.378000,-0.130000,-0.926000,-16.687000,-29.542000,-9.679000,30.65
0.505929,0.478000,-0.205000,-0.885000,-12.565000,-17.740000,-10.870000,30.74
0.506385,0.486000,-0.334000,-0.807000,-14.748000,-4.198000,-11.542000,30.69
0.506871,0.510000,-0.287000,-0.799000,-18.824000,0.397000,-13.099000,30.69
0.507384,0.566000,-0.181000,-0.869000,-19.053000,2.214000,-13.359000,30.69
0.507933,0.587000,-0.102000,-0.901000,-17.023000,0.473000,-11.588000,30.74
0.508522,0.565000,-0.144000,-0.831000,-13.466000,-3.008000,-8.870000,30.84
0.508968,0.576000,-0.213000,-0.825000,-7.344000,0.550000,-7.038000,30.69
0.510586,0.534000,-0.204000,-0.802000,-9.176000,1.023000,-6.397000,30.69
0.511379,0.537000,-0.201000,-0.815000,-8.885000,1.969000,-6.550000,30.60
0.512084,0.528000,-0.183000,-0.830000,-8.931000,0.840000,-6.534000,30.69
0.512640,0.528000,-0.150000,-0.833000,-8.397000,1.817000,-6.015000,30.65
0.514288,0.523000,-0.144000,-0.838000,-5.084000,2.153000,-4.473000,30.69
0.515082,0.539000,-0.141000,-0.831000,-1.725000,3.130000,-3.328000,30.60
0.515683,0.536000,-0.165000,-0.850000,-1.099000,5.496000,-2.046000,30.69
0.516213,0.543000,-0.150000,-0.844000,1.893000,5.878000,-0.687000,30.69
0.516681,0.542000,-0.148000,-0.856000,4.489000,5.282000,0.504000,30.65
0.517128,0.542000,-0.161000,-0.834000,6.656000,5.832000,1.817000,30.69
0.517552,0.530000,-0.197000,-0.829000,7.359000,6.748000,2.015000,30.69
0.517963,0.524000,-0.225000,-0.812000,6.641000,8.351000,2.092000,30.60
0.518374,0.521000,-0.208000,-0.828000,6.794000,8.260000,1.664000,30.69
0.518786,0.540000,-0.201000,-0.839000,5.344000,7.908000,2.229000,30.65
0.519214,0.519000,-0.180000,-0.819000,5.954000,10.153000,1.145000,30.65
0.519781,0.554000,-0.215000,-0.818000,7.573000,7.298000,1.191000,30.74
0.520285,0.549000,-0.240000,-0.810000,6.137000,7.679000,0.427000,30.69
0.520712,0.540000,-0.239000,-0.797000,4.198000,6.504000,-0.779000,30.60
0.521117,0.542000,-0.222000,-0.807000,2.763000,5.130000,-1.618000,30.74
0.521548,0.542000,-0.218000,-0.818000,1.756000,5.130000,-2.534000,30.65
0.521968,0.540000,-0.198000,-0.834000,1.435000,4.382000,-3.145000,30.74
0.522388,0.536000,-0.182000,-0.840000,2.718000,5.435000,-3.618000,30.69
0.522795,0.541000,-0.172000,-0.834000,3.160000,3.786000,-3.221000,30.69
0.523207,0.541000,-0.185000,-0.828000,4.519000,5.405000,-2.840000,30.65
0.523630,0.552000,-0.207000,-0.822000,5.130000,4.733000,-2.244000,30.74
0.524046,0.560000,-0.184000,-0.834000,4.458000,4.947000,-1.176000,30.65
0.524450,0.558000,-0.194000,-0.827000,4.870000,4.198000,-0.397000,30.69
0.524858,0.553000,-0.219000,-0.826000,5.435000,4.382000,0.000000,30.60
0.525282,0.553000,-0.227000,-0.814000,4.626000,4.427000,-0.290000,30.79
0.525714,0.546000,-0.221000,-0.817000,3.038000,3.679000,-0.702000,30.65
0.526135,0.540000,-0.236000,-0.823000,1.985000,2.427000,-1.099000,30.65
0.526547,0.539000,-0.244000,-0.815000,0.672000,2.534000,-2.504000,30.69
0.526966,0.536000,-0.234000,-0.814000,-0.809000,1.954000,-3.313000,30.69
0.527375,0.548000,-0.224000,-0.810000,-2.092000,2.168000,-4.290000,30.65
0.527805,0.550000,-0.225000,-0.820000,-2.305000,1.756000,-4.366000,30.74
0.528234,0.552000,-0.203000,-0.823000,-2.473000,2.137000,-4.061000,30.65
0.528657,0.557000,-0.199000,-0.825000,-1.649000,2.565000,-3.099000,30.60
0.529070,0.549000,-0.196000,-0.822000,-1.160000,2.870000,-2.489000,30.69
0.529584,0.555000,-0.199000,-0.823000,-0.641000,3.038000,-2.153000,30.65
0.530144,0.552000,-0.198000,-0.820000,-0.519000,3.252000,-1.573000,30.65
0.530620,0.548000,-0.210000,-0.822000,0.000000,3.511000,-0.962000,30.74
0.531060,0.548000,-0.200000,-0.825000,0.290000,3.328000,-0.580000,30.60
0.531481,0.554000,-0.208000,-0.816000,0.244000,3.252000,-0.305000,30.69
0.531897,0.546000,-0.221000,-0.811000,0.137000,3.344000,-0.550000,30.74
0.532308,0.550000,-0.215000,-0.816000,-0.351000,3.069000,-0.626000,30.74
0.532718,0.543000,-0.223000,-0.823000,-0.809000,2.962000,-1.084000,30.65
0.533123,0.544000,-0.213000,-0.812000,-1.145000,2.779000,-0.992000,30.69
0.533536,0.548000,-0.210000,-0.810000,-0.992000,2.366000,-1.115000,30.69
0.533947,0.543000,-0.213000,-0.811000,-0.992000,2.550000,-1.099000,30.65
0.534356,0.542000,-0.212000,-0.821000,-0.580000,2.412000,-1.099000,30.65
0.534761,0.536000,-0.209000,-0.817000,-0.656000,2.595000,-1.191000,30.65
0.535172,0.541000,-0.206000,-0.821000,-0.534000,2.840000,-1.252000,30.69
0.535675,0.540000,-0.215000,-0.815000,-0.137000,2.992000,-1.313000,30.69
0.536115,0.549000,-0.205000,-0.813000,0.076000,2.855000,-1.145000,30.65
0.536534,0.546000,-0.218000,-0.814000,0.321000,2.534000,-0.855000,30.74
0.536960,0.549000,-0.211000,-0.814000,0.458000,2.809000,-0.885000,30.74
0.537375,0.542000,-0.217000,-0.813000,0.244000,2.947000,-1.053000,30.69
0.537780,0.543000,-0.215000,-0.810000,0.305000,2.656000,-0.824000,30.60
0.538183,0.550000,-0.206000,-0.819000,0.824000,2.458000,-0.229000,30.69
0.538586,0.549000,-0.197000,-0.823000,1.389000,2.748000,0.168000,30.65
0.538995,0.542000,-0.210000,-0.817000,1.863000,2.672000,0.580000,30.65
0.539399,0.545000,-0.209000,-0.823000,1.985000,2.580000,0.687000,30.69
0.539880,0.540000,-0.219000,-0.815000,1.893000,2.702000,0.824000,30.69
0.540476,0.539000,-0.227000,-0.807000,1.756000,2.733000,0.779000,30.60
0.540912,0.544000,-0.221000,-0.808000,1.481000,2.916000,0.840000,30.74
0.541313,0.542000,-0.221000,-0.816000,1.389000,2.336000,0.702000,30.55
0.541718,0.543000,-0.228000,-0.816000,0.870000,2.061000,0.305000,30.69
0.542125,0.543000,-0.227000,-0.802000,0.305000,2.000000,0.046000,30.60
0.542539,0.542000,-0.228000,-0.811000,-0.183000,1.725000,-0.168000,30.69
0.542947,0.547000,-0.234000,-0.813000,-0.290000,1.679000,-0.534000,30.65
0.543370,0.544000,-0.228000,-0.808000,-0.504000,1.603000,-0.595000,30.65
0.543808,0.533000,-0.229000,-0.813000,-0.733000,2.061000,-0.718000,30.69
0.544235,0.535000,-0.221000,-0.812000,-0.992000,2.275000,-1.069000,30.69
0.544647,0.542000,-0.229000,-0.812000,-1.038000,2.275000,-1.252000,30.69
0.545059,0.545000,-0.223000,-0.808000,-1.527000,2.580000,-1.344000,30.65
0.545484,0.543000,-0.224000,-0.818000,-2.046000,2.519000,-1.557000,30.74
0.545909,0.539000,-0.226000,-0.816000,-2.229000,2.260000,-1.725000,30.60
0.546315,0.542000,-0.234000,-0.812000,-2.565000,2.305000,-2.183000,30.69
0.546732,0.540000,-0.230000,-0.813000,-2.962000,2.366000,-2.366000,30.69
0.547148,0.531000,-0.234000,-0.803000,-3.511000,2.565000,-2.840000,30.65
0.547563,0.544000,-0.227000,-0.814000,-3.893000,2.519000,-3.084000,30.65
0.547971,0.540000,-0.227000,-0.814000,-3.603000,3.298000,-2.840000,30.69
0.548381,0.551000,-0.215000,-0.828000,-3.542000,3.817000,-2.718000,30.69
0.548793,0.551000,-0.231000,-0.833000,-3.542000,4.458000,-2.412000,30.69
0.549206,0.558000,-0.235000,-0.812000,-4.000000,4.443000,-2.702000,30.55
0.549707,0.558000,-0.221000,-0.818000,-5.313000,3.725000,-3.008000,30.74
0.550323,0.563000,-0.216000,-0.819000,-5.969000,2.718000,-2.855000,30.60
0.550796,0.547000,-0.229000,-0.810000,-6.443000,2.489000,-3.115000,30.69
0.551244,0.544000,-0.229000,-0.816000,-7.069000,1.939000,-3.466000,30.69
0.551681,0.549000,-0.225000,-0.811000,-7.954000,1.466000,-4.198000,30.65
0.552119,0.540000,-0.211000,-0.817000,-8.595000,1.618000,-4.137000,30.65
0.552561,0.548000,-0.210000,-0.814000,-8.168000,1.817000,-3.878000,30.69
0.553025,0.541000,-0.206000,-0.817000,-7.603000,1.939000,-3.573000,30.69
0.553473,0.545000,-0.207000,-0.812000,-7.573000,2.336000,-3.344000,30.79
0.553889,0.542000,-0.204000,-0.814000,-7.389000,2.427000,-3.084000,30.65
0.554298,0.546000,-0.218000,-0.818000,-7.679000,2.565000,-2.885000,30.65
0.554707,0.552000,-0.213000,-0.818000,-8.000000,2.076000,-2.534000,30.69
0.555114,0.558000,-0.218000,-0.813000,-8.382000,2.107000,-2.611000,30.60
0.555535,0.551000,-0.220000,-0.811000,-8.885000,1.771000,-2.885000,30.79
0.555959,0.546000,-0.228000,-0.811000,-9.969000,1.542000,-3.115000,30.65
0.556371,0.550000,-0.226000,-0.819000,-10.702000,1.099000,-3.817000,30.65
0.556782,0.533000,-0.227000,-0.815000,-12.489000,1.252000,-4.595000,30.65
0.557192,0.552000,-0.221000,-0.825000,-13.252000,1.771000,-5.008000,30.60
0.557603,0.553000,-0.209000,-0.831000,-13.405000,2.046000,-4.855000,30.69
0.558014,0.557000,-0.209000,-0.834000,-13.069000,3.359000,-4.504000,30.65
0.558430,0.552000,-0.210000,-0.840000,-12.153000,4.214000,-3.847000,30.65
0.558838,0.548000,-0.207000,-0.833000,-10.244000,4.366000,-2.962000,30.55
0.559249,0.544000,-0.197000,-0.838000,-8.260000,5.313000,-2.443000,30.69
0.559759,0.513000,-0.186000,-0.846000,-6.992000,7.252000,-2.595000,30.69
0.560334,0.490000,-0.191000,-0.822000,-7.359000,11.038000,-4.412000,30.65
0.560770,0.508000,-0.208000,-0.819000,-7.282000,14.107000,-6.137000,30.74
0.561265,0.540000,-0.203000,-0.798000,-6.290000,18.046000,-7.863000,30.74
0.561694,0.553000,-0.196000,-0.808000,-4.901000,20.718000,-9.603000,30.69
0.562116,0.544000,-0.179000,-0.815000,-9.160000,21.634000,-12.137000,30.60
0.562540,0.564000,-0.186000,-0.840000,-4.931000,21.588000,-13.832000,30.65
0.562959,0.573000,-0.127000,-0.811000,-0.595000,18.870000,-18.046000,30.65
0.563372,0.555000,-0.037000,-0.866000,4.656000,14.260000,-26.901000,30.65
0.563791,0.767000,0.146000,-0.964000,92.168000,-13.756000,-74.626000,30.69
0.564240,0.573000,-0.125000,-0.961000,78.840000,-26.153000,-103.252000,30.69
0.564665,0.620000,-0.283000,-0.690000,98.183000,-7.267000,-119.038000,30.60
0.565084,0.639000,-0.390000,-0.661000,96.366000,-9.969000,-130.275000,30.65
0.565523,0.718000,-0.401000,-0.647000,89.038000,-17.099000,-137.298000,30.65
0.565960,0.725000,-0.367000,-0.698000,84.366000,-23.527000,-141.450000,30.60
0.566381,0.715000,-0.296000,-0.742000,81.618000,-34.824000,-143.756000,30.69
0.566809,0.706000,-0.331000,-0.673000,94.260000,-36.656000,-138.916000,30.60
0.567236,0.679000,-0.532000,-0.557000,105.130000,-28.107000,-126.855000,30.65
0.567666,0.671000,-0.701000,-0.458000,113.176000,-15.145000,-110.489000,30.74
0.568090,0.715000,-0.759000,-0.508000,109.557000,-10.947000,-95.145000,30.69
0.568500,0.683000,-0.702000,-0.594000,96.168000,-8.427000,-80.687000,30.69
0.568926,0.661000,-0.570000,-0.634000,83.802000,-10.412000,-67.313000,30.60
0.569691,0.605000,-0.470000,-0.660000,79.481000,-12.901000,-57.160000,30.74
0.570147,0.573000,-0.348000,-0.687000,71.725000,-9.313000,-49.374000,30.55
0.570589,0.550000,-0.250000,-0.747000,67.160000,-4.015000,-45.634000,30.60
0.571031,0.544000,-0.174000,-0.762000,63.298000,-5.084000,-44.382000,30.60
0.571453,0.557000,-0.126000,-0.869000,49.542000,-7.954000,-51.847000,30.69
0.571870,0.486000,0.066000,-0.859000,38.763000,-17.267000,-57.160000,30.55
0.572281,0.455000,0.095000,-0.850000,43.160000,-22.977000,-65.954000,30.65
0.572699,0.419000,0.024000,-0.917000,36.382000,-28.321000,-77.527000,30.74
0.573116,0.330000,0.000000,-0.961000,23.786000,-34.244000,-89.649000,30.60
0.573538,0.229000,-0.023000,-1.089000,16.931000,-44.183000,-97.405000,30.69
0.573958,0.216000,0.135000,-1.211000,11.191000,-61.206000,-104.305000,30.65
0.574366,0.321000,0.414000,-1.138000,8.763000,-74.473000,-114.916000,30.65
0.574785,0.058000,0.361000,-0.823000,25.160000,-80.840000,-107.191000,30.65
0.575200,0.463000,-0.179000,-0.720000,3.802000,-43.374000,-77.038000,30.69
0.575642,0.934000,-0.550000,-0.853000,-40.718000,-24.794000,-16.305000,30.69
0.576056,0.664000,0.288000,-1.099000,3.252000,-26.702000,14.061000,30.65
0.576465,0.563000,0.390000,-1.120000,7.130000,-43.985000,10.824000,30.55
0.576879,0.401000,-0.567000,-0.875000,16.229000,-22.901000,10.504000,30.55
0.577284,0.412000,-0.798000,-0.694000,9.878000,-5.573000,6.473000,30.60
0.577713,0.427000,-0.135000,-0.888000,-0.962000,18.092000,-0.382000,30.69
0.578130,0.576000,0.000000,-0.911000,8.595000,13.176000,0.458000,30.60
0.578544,0.659000,-0.135000,-0.882000,15.145000,13.130000,7.206000,30.74
0.578954,0.583000,-0.159000,-0.848000,18.687000,15.206000,10.947000,30.74
0.579458,0.547000,-0.292000,-0.788000,16.412000,6.748000,9.466000,30.69
0.580032,0.533000,-0.447000,-0.702000,8.672000,6.107000,4.229000,30.60
0.580539,0.535000,-0.380000,-0.738000,-1.802000,4.916000,-0.718000,30.51
0.581019,0.544000,-0.240000,-0.808000,-6.458000,-0.840000,-2.840000,30.74
0.581475,0.545000,-0.188000,-0.826000,-6.870000,-4.275000,-2.733000,30.65
0.581947,0.535000,-0.200000,-0.829000,-5.038000,-4.718000,-2.153000,30.60
0.582404,0.514000,-0.201000,-0.848000,-5.389000,-4.473000,-2.473000,30.69
0.582850,0.522000,-0.174000,-0.846000,-4.229000,-2.840000,-2.122000,30.60
0.583291,0.521000,-0.134000,-0.864000,-2.489000,-1.908000,-0.779000,30.65
0.583711,0.522000,-0.144000,-0.865000,0.916000,0.214000,0.794000,30.65
0.584139,0.521000,-0.148000,-0.851000,4.275000,2.519000,2.229000,30.60
0.584562,0.519000,-0.167000,-0.838000,6.321000,3.908000,2.992000,30.69
0.584984,0.534000,-0.192000,-0.839000,6.427000,5.160000,4.046000,30.69
0.585461,0.539000,-0.195000,-0.837000,5.969000,6.580000,4.748000,30.65
0.585904,0.531000,-0.214000,-0.830000,5.267000,6.733000,4.580000,30.65
0.586374,0.531000,-0.238000,-0.811000,4.351000,6.198000,3.832000,30.60
0.586814,0.521000,-0.263000,-0.811000,2.733000,5.160000,2.382000,30.60
0.587220,0.527000,-0.255000,-0.809000,0.855000,3.863000,0.916000,30.60
0.587631,0.527000,-0.243000,-0.807000,-0.916000,2.855000,-0.779000,30.65
0.588064,0.528000,-0.232000,-0.812000,-1.863000,2.168000,-1.847000,30.74
0.588498,0.522000,-0.214000,-0.828000,-2.687000,2.092000,-2.321000,30.60
0.588910,0.527000,-0.206000,-0.825000,-2.977000,2.351000,-2.840000,30.69
0.589384,0.515000,-0.203000,-0.822000,-3.344000,2.885000,-3.359000,30.69
0.589914,0.521000,-0.188000,-0.828000,-2.870000,3.634000,-3.099000,30.74
0.590392,0.514000,-0.182000,-0.836000,-1.496000,4.672000,-2.412000,30.65
0.590852,0.527000,-0.188000,-0.829000,-0.550000,5.389000,-1.649000,30.79
0.591278,0.533000,-0.200000,-0.814000,1.115000,6.504000,-0.565000,30.69
0.591714,0.542000,-0.185000,-0.824000,2.718000,6.580000,0.931000,30.69
0.592123,0.534000,-0.191000,-0.825000,4.427000,6.015000,1.756000,30.74
0.592535,0.528000,-0.212000,-0.822000,5.450000,7.206000,2.489000,30.65
0.592952,0.525000,-0.200000,-0.824000,6.061000,7.557000,2.550000,30.69
0.593360,0.522000,-0.218000,-0.811000,7.191000,7.695000,3.008000,30.69
0.593759,0.520000,-0.215000,-0.812000,7.954000,8.107000,2.672000,30.60
0.594166,0.533000,-0.206000,-0.818000,8.855000,7.588000,2.855000,30.65
0.594679,0.537000,-0.210000,-0.805000,10.580000,8.137000,3.481000,30.55
0.595147,0.532000,-0.201000,-0.822000,10.702000,8.382000,3.527000,30.60
0.595573,0.543000,-0.229000,-0.822000,10.260000,7.756000,3.618000,30.69
0.595991,0.535000,-0.244000,-0.798000,7.771000,8.183000,2.779000,30.60
0.596394,0.541000,-0.248000,-0.802000,6.443000,7.099000,1.496000,30.65
0.596795,0.531000,-0.250000,-0.813000,4.595000,6.061000,0.046000,30.65
0.597197,0.535000,-0.240000,-0.805000,3.313000,4.992000,-1.160000,30.60
0.597603,0.548000,-0.254000,-0.802000,2.489000,3.786000,-2.122000,30.69
0.598007,0.547000,-0.239000,-0.820000,1.435000,3.832000,-2.260000,30.69
0.598416,0.547000,-0.231000,-0.817000,0.809000,3.817000,-2.382000,30.65
0.598817,0.547000,-0.238000,-0.819000,0.534000,4.290000,-1.893000,30.55
0.599226,0.540000,-0.229000,-0.835000,0.229000,4.870000,-1.756000,30.69
0.599730,0.535000,-0.247000,-0.814000,-0.641000,5.527000,-2.214000,30.69
0.600381,0.543000,-0.239000,-0.816000,-2.107000,6.504000,-2.916000,30.60
0.600871,0.540000,-0.239000,-0.821000,-2.229000,5.985000,-3.298000,30.65
0.601328,0.557000,-0.248000,-0.814000,-2.947000,5.481000,-3.756000,30.65
0.601797,0.555000,-0.236000,-0.811000,-3.573000,4.214000,-3.985000,30.60
0.602247,0.559000,-0.213000,-0.823000,-3.679000,4.153000,-3.511000,30.60
0.602695,0.544000,-0.224000,-0.826000,-3.405000,3.969000,-3.282000,30.69
0.603206,0.548000,-0.229000,-0.816000,-3.267000,3.954000,-2.992000,30.65
0.603642,0.559000,-0.224000,-0.818000,-3.328000,3.405000,-2.489000,30.74
0.604056,0.555000,-0.229000,-0.825000,-3.389000,3.084000,-2.305000,30.69
0.604460,0.555000,-0.226000,-0.811000,-2.916000,2.504000,-2.290000,30.69
0.604896,0.551000,-0.227000,-0.822000,-2.427000,2.107000,-1.863000,30.69
0.605341,0.547000,-0.207000,-0.832000,-1.359000,1.756000,-1.084000,30.74
0.605777,0.556000,-0.215000,-0.824000,0.336000,1.511000,-0.275000,30.65
0.606182,0.545000,-0.206000,-0.824000,1.328000,0.931000,0.718000,30.69
0.606586,0.555000,-0.215000,-0.829000,2.885000,0.321000,1.863000,30.69
0.607014,0.552000,-0.209000,-0.834000,4.534000,0.748000,2.870000,30.60
0.607427,0.538000,-0.202000,-0.818000,5.679000,0.672000,3.634000,30.65
0.607825,0.539000,-0.214000,-0.820000,6.870000,0.626000,4.458000,30.55
0.608227,0.531000,-0.242000,-0.815000,7.313000,1.374000,4.611000,30.60
0.608637,0.527000,-0.254000,-0.805000,6.412000,1.588000,3.985000,30.69
0.609060,0.522000,-0.249000,-0.801000,3.924000,1.359000,2.840000,30.69
0.609497,0.530000,-0.263000,-0.789000,2.290000,1.099000,1.588000,30.69
0.609918,0.536000,-0.244000,-0.796000,0.351000,0.397000,0.611000,30.65
0.610374,0.533000,-0.238000,-0.808000,-0.443000,-0.046000,-0.244000,30.60
0.610822,0.528000,-0.254000,-0.797000,-1.603000,-0.061000,-1.115000,30.79
0.611262,0.530000,-0.261000,-0.812000,-3.389000,0.504000,-2.076000,30.60
0.611694,0.526000,-0.257000,-0.800000,-4.962000,1.115000,-2.687000,30.69
0.612118,0.539000,-0.247000,-0.813000,-5.298000,1.084000,-3.023000,30.55
0.612539,0.535000,-0.242000,-0.802000,-6.290000,1.252000,-3.206000,30.60
0.613066,0.551000,-0.255000,-0.816000,-5.954000,0.962000,-3.359000,30.60
0.613666,0.540000,-0.233000,-0.813000,-5.573000,1.221000,-3.237000,30.69
0.614112,0.528000,-0.241000,-0.817000,-5.405000,-0.046000,-3.237000,30.69
0.614515,0.530000,-0.245000,-0.806000,-6.779000,0.718000,-3.466000,30.55
0.614925,0.521000,-0.235000,-0.813000,-7.710000,0.626000,-4.275000,30.60
0.615355,0.529000,-0.234000,-0.812000,-8.260000,1.069000,-4.580000,30.69
0.615781,0.529000,-0.238000,-0.812000,-8.702000,1.618000,-4.901000,30.69
0.616190,0.531000,-0.228000,-0.808000,-9.038000,0.977000,-5.038000,30.69
0.616595,0.531000,-0.228000,-0.815000,-8.779000,0.672000,-4.977000,30.74
0.617004,0.529000,-0.223000,-0.813000,-8.885000,0.931000,-4.916000,30.79
0.617453,0.535000,-0.215000,-0.826000,-8.198000,0.580000,-4.473000,30.60
0.617884,0.529000,-0.200000,-0.815000,-7.328000,1.008000,-4.092000,30.69
0.618304,0.535000,-0.201000,-0.822000,-6.351000,1.282000,-3.038000,30.69
0.618739,0.537000,-0.213000,-0.836000,-5.313000,1.298000,-2.824000,30.55
0.619173,0.542000,-0.213000,-0.830000,-4.305000,2.122000,-2.137000,30.60
0.619580,0.542000,-0.214000,-0.828000,-3.695000,1.939000,-1.817000,30.69
0.619986,0.533000,-0.229000,-0.818000,-3.450000,2.061000,-1.466000,30.60
0.620408,0.539000,-0.232000,-0.821000,-3.786000,2.015000,-1.969000,30.79
0.620835,0.536000,-0.234000,-0.813000,-4.305000,2.336000,-2.229000,30.74
0.621251,0.528000,-0.232000,-0.806000,-4.977000,2.122000,-2.580000,30.74
0.621665,0.530000,-0.223000,-0.821000,-5.771000,2.229000,-3.267000,30.60
0.622073,0.536000,-0.217000,-0.819000,-5.969000,2.092000,-3.237000,30.69
0.622482,0.539000,-0.214000,-0.828000,-5.740000,2.366000,-3.008000,30.60
0.622989,0.539000,-0.206000,-0.827000,-5.267000,2.229000,-2.748000,30.65
0.623611,0.538000,-0.193000,-0.831000,-4.244000,2.137000,-1.969000,30.65
0.624106,0.540000,-0.201000,-0.827000,-3.206000,2.473000,-1.359000,30.69
0.624558,0.535000,-0.196000,-0.826000,-1.237000,2.229000,-0.672000,30.69
0.625035,0.543000,-0.200000,-0.829000,-0.519000,2.015000,0.244000,30.69
0.625546,0.538000,-0.192000,-0.826000,1.023000,1.969000,1.084000,30.65
0.626009,0.542000,-0.196000,-0.832000,2.702000,1.389000,2.092000,30.69
0.626454,0.533000,-0.199000,-0.827000,3.053000,1.603000,2.779000,30.60
0.626916,0.521000,-0.211000,-0.819000,2.382000,3.023000,2.992000,30.60
0.627361,0.510000,-0.228000,-0.816000,1.710000,3.817000,2.214000,30.65
0.627789,0.513000,-0.237000,-0.805000,0.473000,4.122000,1.206000,30.74
0.628206,0.532000,-0.237000,-0.813000,-0.412000,3.695000,0.534000,30.60
0.628616,0.519000,-0.235000,-0.813000,-1.191000,3.191000,-0.382000,30.69
0.629024,0.515000,-0.250000,-0.811000,-2.382000,2.809000,-1.267000,30.69
0.629434,0.521000,-0.243000,-0.805000,-3.939000,2.733000,-2.427000,30.74
0.629844,0.516000,-0.233000,-0.812000,-5.527000,3.099000,-3.389000,30.65
0.630273,0.520000,-0.231000,-0.823000,-6.382000,3.053000,-4.046000,30.60
0.630698,0.527000,-0.226000,-0.823000,-7.191000,3.053000,-4.595000,30.69
0.631112,0.538000,-0.228000,-0.823000,-7.496000,2.718000,-4.977000,30.60
0.631529,0.540000,-0.212000,-0.828000,-7.023000,2.702000,-4.763000,30.69
0.631943,0.548000,-0.204000,-0.826000,-6.137000,2.229000,-4.046000,30.74
0.632351,0.542000,-0.204000,-0.823000,-4.672000,2.107000,-3.145000,30.69
0.632769,0.542000,-0.218000,-0.826000,-2.763000,1.542000,-2.947000,30.60
0.633273,0.566000,-0.214000,-0.851000,-1.908000,1.252000,-1.954000,30.60
0.633840,0.557000,-0.195000,-0.848000,1.496000,-0.702000,-0.763000,30.69
0.634273,0.557000,-0.190000,-0.843000,4.565000,-1.878000,0.947000,30.65
0.634716,0.527000,-0.196000,-0.823000,4.870000,-1.939000,1.389000,30.60
0.635146,0.511000,-0.215000,-0.818000,5.023000,-1.359000,1.191000,30.69
0.635652,0.505000,-0.220000,-0.810000,3.084000,-0.489000,0.504000,30.69
0.636088,0.519000,-0.229000,-0.814000,1.817000,0.351000,-0.229000,30.69
0.636504,0.523000,-0.228000,-0.814000,0.489000,0.977000,-0.733000,30.65
0.636924,0.521000,-0.227000,-0.812000,-0.641000,0.656000,-1.084000,30.69
0.637338,0.513000,-0.230000,-0.811000,-2.260000,0.519000,-1.573000,30.79
0.637744,0.504000,-0.242000,-0.810000,-3.802000,0.916000,-2.443000,30.69
0.638154,0.496000,-0.240000,-0.808000,-6.336000,2.107000,-3.908000,30.69
0.638565,0.507000,-0.228000,-0.809000,-8.015000,2.931000,-5.023000,30.55
0.638976,0.525000,-0.213000,-0.817000,-8.855000,3.481000,-5.603000,30.69
0.639385,0.523000,-0.224000,-0.821000,-10.260000,3.389000,-5.863000,30.69
0.639799,0.519000,-0.213000,-0.824000,-11.313000,3.130000,-6.198000,30.69
0.640220,0.525000,-0.221000,-0.820000,-11.511000,3.588000,-6.656000,30.60
0.640652,0.521000,-0.211000,-0.828000,-11.756000,3.710000,-7.145000,30.55
0.641076,0.555000,-0.203000,-0.847000,-11.053000,3.710000,-6.611000,30.69
0.641488,0.550000,-0.169000,-0.846000,-8.733000,3.115000,-5.267000,30.60
0.641906,0.543000,-0.179000,-0.850000,-7.176000,3.145000,-3.863000,30.60
0.642325,0.517000,-0.197000,-0.827000,-6.275000,3.832000,-3.542000,30.60
0.642730,0.530000,-0.202000,-0.826000,-5.969000,4.198000,-3.603000,30.55
0.643251,0.533000,-0.182000,-0.838000,-5.756000,4.244000,-3.481000,30.69
0.643833,0.526000,-0.185000,-0.835000,-5.313000,4.137000,-3.298000,30.51
0.644334,0.524000,-0.194000,-0.835000,-5.252000,4.229000,-3.145000,30.69
0.644790,0.518000,-0.204000,-0.825000,-5.466000,4.351000,-3.450000,30.55
0.645223,0.520000,-0.203000,-0.837000,-6.031000,4.244000,-3.435000,30.65
0.645659,0.519000,-0.208000,-0.824000,-7.038000,4.275000,-4.000000,30.60
0.646094,0.532000,-0.208000,-0.820000,-7.420000,4.397000,-4.366000,30.60
0.646501,0.531000,-0.203000,-0.825000,-7.939000,4.382000,-4.458000,30.60
0.646914,0.543000,-0.206000,-0.823000,-8.000000,4.275000,-4.489000,30.65
0.647325,0.532000,-0.196000,-0.831000,-7.924000,3.802000,-4.626000,30.55
0.647734,0.536000,-0.199000,-0.830000,-7.725000,3.389000,-4.397000,30.60
0.648150,0.541000,-0.176000,-0.827000,-6.809000,3.160000,-3.771000,30.60
0.648567,0.551000,-0.173000,-0.837000,-5.359000,3.099000,-2.947000,30.60
0.648978,0.550000,-0.173000,-0.844000,-3.954000,2.809000,-2.550000,30.65
0.649399,0.563000,-0.169000,-0.843000,-1.893000,2.687000,-1.313000,30.65
0.649797,0.543000,-0.160000,-0.841000,0.504000,1.908000,0.473000,30.51
0.650201,0.536000,-0.170000,-0.830000,2.550000,1.771000,1.405000,30.69
0.650619,0.512000,-0.187000,-0.827000,2.656000,2.031000,1.374000,30.60
0.651043,0.503000,-0.202000,-0.813000,1.802000,2.427000,0.321000,30.55
0.651452,0.501000,-0.206000,-0.824000,-0.290000,2.901000,-0.840000,30.65
0.651860,0.515000,-0.212000,-0.816000,-1.786000,3.206000,-1.924000,30.69
0.652292,0.517000,-0.211000,-0.812000,-2.473000,3.634000,-2.840000,30.69
0.652723,0.514000,-0.201000,-0.820000,-3.908000,4.290000,-3.832000,30.69
0.653256,0.515000,-0.191000,-0.824000,-4.443000,4.153000,-4.702000,30.74
0.653861,0.518000,-0.196000,-0.810000,-5.435000,3.969000,-5.206000,30.65
0.654313,0.523000,-0.195000,-0.822000,-6.275000,3.832000,-5.496000,30.60
0.654763,0.521000,-0.189000,-0.835000,-6.809000,5.359000,-5.908000,30.60
0.655202,0.521000,-0.186000,-0.832000,-6.626000,6.092000,-6.122000,30.60
0.655702,0.524000,-0.178000,-0.837000,-6.092000,6.168000,-6.519000,30.69
0.656163,0.530000,-0.173000,-0.848000,-6.076000,6.519000,-6.137000,30.55
0.656605,0.534000,-0.173000,-0.839000,-5.344000,6.840000,-6.214000,30.60
0.657041,0.539000,-0.189000,-0.833000,-5.084000,7.023000,-5.878000,30.60
0.657479,0.547000,-0.179000,-0.839000,-5.206000,6.885000,-5.649000,30.51
0.657924,0.543000,-0.174000,-0.829000,-4.840000,7.023000,-5.145000,30.65
0.658355,0.547000,-0.173000,-0.817000,-4.153000,6.824000,-4.718000,30.74
0.658787,0.537000,-0.174000,-0.828000,-3.771000,7.099000,-4.443000,30.60
0.659220,0.537000,-0.175000,-0.832000,-3.466000,6.641000,-4.458000,30.69
0.659660,0.556000,-0.183000,-0.826000,-3.023000,6.458000,-4.366000,30.69
0.660086,0.554000,-0.171000,-0.829000,-3.008000,6.229000,-3.847000,30.60
0.660573,0.551000,-0.155000,-0.830000,-2.336000,5.740000,-3.252000,30.65
0.661035,0.555000,-0.169000,-0.819000,-1.832000,5.405000,-2.611000,30.69
0.661472,0.546000,-0.172000,-0.828000,-1.679000,5.313000,-2.427000,30.69
0.661893,0.539000,-0.167000,-0.825000,-1.359000,5.756000,-2.153000,30.69
0.662305,0.541000,-0.177000,-0.824000,-1.130000,5.863000,-2.351000,30.60
0.662715,0.547000,-0.173000,-0.824000,-1.069000,5.863000,-2.183000,30.55
0.663180,0.546000,-0.169000,-0.815000,-1.313000,6.061000,-1.985000,30.60
0.663682,0.547000,-0.171000,-0.828000,-0.748000,6.137000,-1.740000,30.60
0.664120,0.550000,-0.175000,-0.828000,-0.489000,5.710000,-1.221000,30.51
0.664554,0.542000,-0.168000,-0.822000,-0.290000,5.496000,-1.221000,30.69
0.664993,0.550000,-0.175000,-0.825000,-0.489000,5.496000,-0.916000,30.55
0.665473,0.548000,-0.182000,-0.823000,-0.519000,5.206000,-0.824000,30.60
0.665919,0.546000,-0.173000,-0.820000,-0.427000,5.176000,-0.550000,30.60
0.666359,0.547000,-0.180000,-0.831000,-0.275000,4.992000,-0.718000,30.60
0.666789,0.548000,-0.170000,-0.833000,0.153000,4.672000,-0.595000,30.69
0.667214,0.551000,-0.173000,-0.826000,0.427000,4.809000,-0.382000,30.65
0.667642,0.558000,-0.176000,-0.823000,0.489000,5.145000,0.031000,30.60
0.668077,0.550000,-0.178000,-0.820000,0.519000,5.191000,0.092000,30.60
0.668501,0.549000,-0.175000,-0.820000,0.687000,5.298000,0.107000,30.69
0.668965,0.548000,-0.187000,-0.824000,0.519000,4.916000,0.137000,30.60
0.669419,0.552000,-0.174000,-0.819000,0.519000,4.718000,0.366000,30.65
0.669839,0.549000,-0.181000,-0.816000,0.595000,4.382000,0.366000,30.69
0.670272,0.553000,-0.181000,-0.823000,0.260000,3.939000,0.397000,30.69
0.670698,0.548000,-0.190000,-0.818000,-0.046000,4.061000,0.321000,30.69
0.671108,0.542000,-0.184000,-0.824000,-0.168000,3.634000,0.137000,30.60
0.671523,0.548000,-0.182000,-0.818000,-0.321000,3.511000,-0.275000,30.65
0.671939,0.545000,-0.177000,-0.821000,-0.595000,3.664000,-0.275000,30.69
0.672346,0.545000,-0.183000,-0.813000,-0.489000,3.450000,-0.336000,30.79
0.672757,0.546000,-0.179000,-0.815000,-0.366000,3.756000,-0.336000,30.69
0.673228,0.546000,-0.184000,-0.824000,-0.092000,3.679000,-0.336000,30.69
0.673726,0.551000,-0.181000,-0.822000,-0.015000,3.786000,-0.305000,30.65
0.674159,0.550000,-0.177000,-0.818000,0.260000,3.908000,-0.137000,30.69
0.674582,0.559000,-0.178000,-0.809000,0.534000,3.878000,0.137000,30.69
0.675003,0.547000,-0.184000,-0.816000,0.504000,3.450000,0.076000,30.60
0.675474,0.556000,-0.188000,-0.819000,0.443000,3.466000,0.137000,30.69
0.675908,0.548000,-0.184000,-0.813000,0.427000,3.542000,0.290000,30.65
0.676341,0.546000,-0.188000,-0.808000,0.504000,3.863000,0.092000,30.69
0.676771,0.548000,-0.191000,-0.814000,0.840000,3.771000,-0.061000,30.69
0.677199,0.550000,-0.189000,-0.822000,0.672000,3.710000,-0.137000,30.69
0.677637,0.547000,-0.181000,-0.818000,0.611000,4.076000,-0.015000,30.60
0.678109,0.552000,-0.187000,-0.819000,0.824000,4.122000,-0.092000,30.65
0.678548,0.552000,-0.187000,-0.818000,0.748000,3.847000,-0.015000,30.60
0.678959,0.550000,-0.195000,-0.817000,0.672000,3.908000,-0.122000,30.69
0.679366,0.559000,-0.189000,-0.822000,0.687000,4.168000,-0.107000,30.69
0.679773,0.549000,-0.187000,-0.816000,0.595000,4.443000,-0.122000,30.69
0.680179,0.552000,-0.194000,-0.810000,0.214000,4.046000,-0.290000,30.65
0.680607,0.553000,-0.191000,-0.813000,-0.214000,4.183000,-0.534000,30.74
0.681038,0.558000,-0.190000,-0.808000,-0.382000,3.847000,-0.504000,30.65
0.681452,0.553000,-0.197000,-0.813000,-0.519000,3.710000,-0.763000,30.69
0.681861,0.549000,-0.189000,-0.821000,-0.702000,3.588000,-0.626000,30.60
0.682269,0.557000,-0.193000,-0.817000,-0.763000,3.191000,-0.733000,30.65
0.682674,0.556000,-0.184000,-0.810000,-0.809000,3.084000,-0.473000,30.65
0.683137,0.549000,-0.189000,-0.815000,-1.130000,2.901000,-0.641000,30.65
0.683660,0.549000,-0.185000,-0.816000,-0.901000,2.855000,-0.489000,30.69
0.684151,0.551000,-0.186000,-0.819000,-1.145000,2.901000,-0.626000,30.60
0.684583,0.548000,-0.190000,-0.817000,-0.977000,2.916000,-0.519000,30.65
0.685022,0.549000,-0.184000,-0.822000,-0.947000,2.794000,-0.321000,30.65
0.685490,0.552000,-0.191000,-0.825000,-0.718000,3.176000,-0.382000,30.69
0.685922,0.551000,-0.190000,-0.818000,-0.687000,3.008000,-0.305000,30.69
0.686371,0.549000,-0.192000,-0.822000,-0.397000,3.206000,-0.504000,30.60
0.686801,0.550000,-0.196000,-0.813000,-0.534000,3.313000,-0.519000,30.65
0.687212,0.549000,-0.191000,-0.818000,-0.489000,3.313000,-0.412000,30.65
0.687624,0.549000,-0.185000,-0.813000,-0.565000,3.252000,-0.305000,30.69
0.688031,0.548000,-0.191000,-0.819000,-0.641000,3.023000,-0.565000,30.51
0.688443,0.556000,-0.197000,-0.817000,-0.733000,2.977000,-0.366000,30.60
0.688854,0.553000,-0.193000,-0.823000,-1.115000,2.916000,-0.504000,30.65
0.689265,0.550000,-0.191000,-0.818000,-1.130000,2.870000,-0.626000,30.69
0.689671,0.551000,-0.195000,-0.818000,-1.099000,2.809000,-0.779000,30.69
0.690083,0.555000,-0.192000,-0.819000,-1.603000,2.748000,-0.702000,30.60
0.690515,0.552000,-0.195000,-0.821000,-1.389000,2.702000,-0.733000,30.69
0.690939,0.553000,-0.189000,-0.814000,-1.374000,2.718000,-0.687000,30.65
0.691346,0.550000,-0.198000,-0.815000,-1.389000,2.672000,-0.947000,30.65
0.691758,0.547000,-0.193000,-0.822000,-1.359000,2.427000,-0.794000,30.55
0.692169,0.554000,-0.194000,-0.812000,-1.450000,2.565000,-0.656000,30.69
0.692583,0.544000,-0.188000,-0.810000,-1.466000,2.611000,-0.840000,30.60
0.692990,0.549000,-0.193000,-0.811000,-1.191000,2.473000,-0.504000,30.65
0.693518,0.553000,-0.187000,-0.814000,-1.298000,2.489000,-0.611000,30.55
0.694083,0.548000,-0.191000,-0.810000,-1.405000,2.137000,-0.565000,30.74
0.694584,0.548000,-0.194000,-0.818000,-1.298000,2.244000,-0.611000,30.60
0.695035,0.552000,-0.196000,-0.818000,-1.328000,2.061000,-0.534000,30.69
0.695471,0.552000,-0.194000,-0.815000,-1.542000,1.954000,-0.626000,30.65
0.695899,0.552000,-0.195000,-0.816000,-1.679000,2.015000,-0.718000,30.55
0.696308,0.555000,-0.192000,-0.821000,-1.771000,2.137000,-0.870000,30.69
0.696725,0.548000,-0.188000,-0.812000,-1.817000,1.847000,-0.748000,30.60
0.697144,0.554000,-0.196000,-0.820000,-1.695000,1.664000,-0.870000,30.69
0.697576,0.553000,-0.190000,-0.820000,-1.832000,1.389000,-0.489000,30.65
0.697994,0.554000,-0.193000,-0.812000,-1.756000,1.359000,-0.443000,30.60
0.698405,0.557000,-0.188000,-0.816000,-2.015000,1.221000,-0.305000,30.69
0.698820,0.553000,-0.190000,-0.806000,-1.924000,1.008000,-0.489000,30.60
0.699230,0.548000,-0.193000,-0.818000,-1.893000,1.053000,-0.321000,30.60
0.699641,0.535000,-0.198000,-0.821000,-2.061000,1.298000,-0.733000,30.65
0.700048,0.554000,-0.201000,-0.812000,-1.908000,1.374000,-0.733000,30.60
0.700487,0.542000,-0.189000,-0.816000,-1.924000,1.634000,-0.916000,30.60
0.700909,0.543000,-0.196000,-0.822000,-2.015000,1.450000,-0.748000,30.60
0.701322,0.549000,-0.190000,-0.822000,-2.153000,1.649000,-0.947000,30.60
0.701730,0.553000,-0.199000,-0.813000,-2.244000,1.908000,-0.824000,30.65
0.702142,0.545000,-0.191000,-0.817000,-2.443000,1.954000,-0.992000,30.65
0.702577,0.549000,-0.200000,-0.819000,-2.427000,2.137000,-1.252000,30.60
0.702997,0.543000,-0.195000,-0.817000,-2.611000,1.985000,-1.298000,30.69
0.703522,0.549000,-0.200000,-0.823000,-2.580000,1.878000,-1.511000,30.69
0.704131,0.551000,-0.191000,-0.819000,-2.855000,2.214000,-1.511000,30.65
0.704587,0.553000,-0.196000,-0.829000,-2.809000,2.504000,-1.389000,30.65
0.705032,0.543000,-0.190000,-0.814000,-2.519000,2.336000,-1.282000,30.65
0.705505,0.552000,-0.194000,-0.819000,-2.580000,2.351000,-1.420000,30.69
0.705963,0.547000,-0.192000,-0.821000,-3.115000,2.473000,-1.328000,30.69
0.706381,0.549000,-0.194000,-0.819000,-2.885000,2.473000,-1.267000,30.65
0.706798,0.548000,-0.189000,-0.823000,-2.901000,2.260000,-1.481000,30.65
0.707208,0.545000,-0.187000,-0.820000,-2.977000,2.076000,-1.313000,30.65
0.707621,0.551000,-0.191000,-0.814000,-2.763000,1.695000,-1.252000,30.60
0.708033,0.543000,-0.192000,-0.819000,-3.099000,1.267000,-1.282000,30.60
0.708447,0.542000,-0.193000,-0.823000,-3.084000,1.130000,-1.359000,30.65
0.708854,0.546000,-0.197000,-0.820000,-3.053000,1.481000,-1.466000,30.65
0.709268,0.541000,-0.193000,-0.824000,-3.527000,1.908000,-1.863000,30.55
0.709679,0.537000,-0.190000,-0.827000,-3.405000,2.412000,-1.634000,30.60
0.710088,0.542000,-0.190000,-0.821000,-3.130000,2.977000,-1.771000,30.60
0.710533,0.548000,-0.188000,-0.820000,-3.084000,2.931000,-1.649000,30.74
0.710971,0.548000,-0.185000,-0.818000,-2.977000,2.809000,-1.435000,30.65
0.711405,0.544000,-0.189000,-0.812000,-2.702000,2.534000,-1.069000,30.65
0.711828,0.548000,-0.186000,-0.824000,-2.565000,2.092000,-1.206000,30.60
0.712240,0.555000,-0.190000,-0.816000,-2.550000,1.634000,-0.809000,30.69
0.712652,0.546000,-0.181000,-0.813000,-2.366000,1.557000,-0.901000,30.55
0.713063,0.548000,-0.179000,-0.816000,-2.168000,1.511000,-0.519000,30.65
0.713643,0.543000,-0.184000,-0.827000,-2.137000,0.947000,-0.336000,30.55
0.714185,0.551000,-0.186000,-0.830000,-1.740000,0.748000,0.031000,30.60
0.714631,0.550000,-0.183000,-0.823000,-1.435000,0.504000,0.321000,30.60
0.715072,0.548000,-0.180000,-0.823000,-1.115000,0.656000,0.473000,30.65
0.715563,0.553000,-0.186000,-0.823000,-1.328000,0.489000,0.870000,30.65
0.716011,0.527000,-0.189000,-0.825000,-0.687000,0.443000,0.947000,30.65
0.716446,0.523000,-0.191000,-0.813000,-0.687000,1.221000,0.260000,30.51
0.716876,0.537000,-0.197000,-0.814000,-0.809000,1.481000,0.046000,30.60
0.717302,0.554000,-0.187000,-0.822000,-0.153000,1.740000,0.366000,30.55
0.717731,0.566000,-0.170000,-0.833000,1.481000,2.397000,1.282000,30.55
0.718153,0.556000,-0.174000,-0.833000,3.099000,2.244000,2.305000,30.65
0.718577,0.542000,-0.174000,-0.826000,4.183000,1.893000,2.885000,30.60
0.718996,0.544000,-0.184000,-0.824000,4.947000,1.313000,3.466000,30.60
0.719460,0.517000,-0.192000,-0.821000,4.412000,1.466000,3.298000,30.65
0.719892,0.528000,-0.213000,-0.821000,3.450000,1.542000,2.595000,30.65
0.720309,0.552000,-0.210000,-0.823000,3.420000,1.496000,2.427000,30.65
0.720725,0.554000,-0.192000,-0.819000,4.244000,1.389000,2.809000,30.60
0.721131,0.547000,-0.177000,-0.822000,7.206000,0.626000,3.939000,30.69
0.721530,0.553000,-0.164000,-0.828000,8.489000,0.000000,5.038000,30.65
0.721937,0.552000,-0.171000,-0.838000,12.046000,-0.046000,6.672000,30.65
0.722338,0.562000,-0.171000,-0.852000,15.725000,0.031000,9.206000,30.65
0.722748,0.575000,-0.180000,-0.859000,20.061000,0.580000,12.168000,30.60
0.723218,0.609000,-0.180000,-0.875000,26.275000,0.626000,15.282000,30.60
0.723754,0.607000,-0.186000,-0.850000,32.656000,-0.580000,18.885000,30.65
0.724197,0.563000,-0.218000,-0.850000,34.427000,-1.450000,20.214000,30.65
0.724637,0.594000,-0.268000,-0.878000,37.405000,-4.031000,20.916000,30.74
0.725080,0.539000,-0.244000,-0.831000,38.076000,-6.366000,21.084000,30.60
0.725584,0.556000,-0.341000,-0.837000,40.687000,-8.397000,20.687000,30.60
0.726017,0.537000,-0.350000,-0.826000,37.313000,-6.870000,18.427000,30.74
0.726441,0.517000,-0.373000,-0.794000,30.336000,-5.786000,15.206000,30.65
0.726858,0.506000,-0.442000,-0.778000,21.374000,-4.779000,10.656000,30.65
0.727268,0.478000,-0.395000,-0.768000,13.298000,-1.267000,6.931000,30.69
0.727686,0.398000,-0.412000,-0.787000,-0.397000,2.473000,1.084000,30.60
0.728136,0.319000,-0.469000,-0.771000,-10.916000,10.824000,-6.641000,30.60
0.728567,0.284000,-0.551000,-0.744000,-27.450000,24.794000,-16.336000,30.65
0.728989,0.168000,-0.557000,-0.745000,-37.374000,37.328000,-27.160000,30.55
0.729413,0.113000,-0.573000,-0.781000,-53.160000,50.748000,-40.779000,30.60
0.729831,0.043000,-0.699000,-0.805000,-61.237000,84.351000,-58.763000,30.69
0.730271,-0.691000,-0.422000,-1.386000,-39.802000,81.115000,-59.588000,30.69
0.730711,-0.255000,-1.227000,-2.001000,-38.336000,60.031000,-22.046000,30.55
0.731128,0.391000,-1.974000,-1.694000,-14.519000,59.176000,17.969000,30.55
0.731544,-0.619000,-1.667000,-1.349000,-47.374000,53.115000,55.557000,30.60
0.731966,-0.665000,-0.938000,-1.269000,-34.992000,45.435000,79.221000,30.69
0.732391,-0.680000,-0.616000,-1.319000,-5.588000,38.290000,85.695000,30.69
0.732813,-0.610000,-0.483000,-1.297000,0.107000,22.718000,80.092000,30.65
0.733297,-0.552000,-0.317000,-1.305000,-4.611000,-7.099000,63.985000,30.65
0.733834,-0.432000,-0.154000,-1.345000,-6.443000,-15.786000,45.649000,30.69
0.734281,-0.286000,-0.061000,-1.345000,-0.977000,-26.427000,31.573000,30.69
0.734737,-0.123000,-0.125000,-1.293000,1.069000,-44.168000,20.687000,30.69
0.735181,0.061000,-0.200000,-1.248000,-3.221000,-57.679000,15.176000,30.55
0.735670,0.279000,-0.245000,-1.271000,-2.931000,-70.855000,18.550000,30.74
0.736172,0.400000,-0.287000,-1.190000,-1.786000,-82.840000,27.649000,30.69
0.736681,0.503000,-0.313000,-1.076000,-2.168000,-93.542000,38.763000,30.69
0.737202,0.532000,-0.261000,-0.936000,-4.779000,-92.824000,48.855000,30.60
0.737645,0.537000,-0.203000,-0.808000,-8.244000,-83.832000,57.435000,30.65
0.745363,0.532000,-0.104000,-0.688000,-12.534000,-74.168000,62.565000,30.65
0.755427,0.591000,-0.059000,-0.684000,-13.115000,-54.275000,64.153000,30.69
0.765421,0.690000,0.052000,-0.712000,-11.679000,-44.947000,65.084000,30.60
0.775432,0.686000,0.118000,-0.668000,-14.489000,-38.260000,60.336000,30.74
0.785537,0.594000,0.232000,-0.552000,-22.366000,-27.069000,46.702000,30.65
0.795485,0.537000,0.295000,-0.493000,-23.130000,-16.061000,25.817000,30.55
0.805483,0.677000,0.227000,-0.665000,-17.023000,0.015000,6.061000,30.60
0.815498,0.908000,0.196000,-0.849000,-1.008000,2.718000,-5.725000,30.69
0.825459,1.133000,0.027000,-1.086000,20.214000,-6.336000,-8.824000,30.74
0.835510,1.255000,-0.089000,-1.192000,30.763000,-33.924000,-8.534000,30.55
0.845517,1.094000,-0.122000,-0.935000,29.847000,-48.015000,-13.344000,30.65
0.855534,0.888000,-0.018000,-0.624000,24.992000,-66.962000,-23.679000,30.60
0.865526,0.774000,0.032000,-0.460000,20.015000,-57.939000,-37.664000,30.60
0.878439,0.808000,0.016000,-0.458000,27.328000,-44.824000,-47.817000,30.60
0.885618,0.935000,-0.063000,-0.500000,35.069000,-39.176000,-52.290000,30.65
0.895567,0.984000,-0.148000,-0.503000,36.687000,-32.977000,-54.092000,30.65
0.905404,0.948000,-0.174000,-0.412000,33.527000,-34.183000,-55.756000,30.69
0.915467,0.900000,-0.136000,-0.322000,28.733000,-27.802000,-57.969000,30.69
0.925433,0.910000,-0.120000,-0.304000,31.130000,-20.458000,-58.351000,30.60
0.935454,1.021000,-0.142000,-0.394000,38.977000,-13.802000,-55.069000,30.74
0.945540,1.086000,-0.230000,-0.446000,37.756000,-9.267000,-47.679000,30.65
0.955456,1.002000,-0.321000,0.081000,41.924000,24.168000,-32.931000,30.60
0.965409,0.999000,-0.266000,0.371000,8.809000,27.450000,-30.107000,30.51
0.975393,1.505000,-0.141000,0.215000,1.389000,64.779000,-17.603000,30.60
0.985429,1.479000,-0.131000,0.131000,-3.954000,85.557000,-4.947000,30.55
0.995452,1.003000,-0.356000,-0.974000,14.153000,89.237000,14.748000,30.65
1.005537,0.898000,-0.389000,-1.549000,3.237000,32.000000,15.557000,30.69
1.015443,0.154000,-0.348000,-1.306000,-6.977000,0.733000,-0.824000,30.60
1.025409,0.111000,-0.397000,-0.824000,-3.298000,0.229000,-17.344000,30.55
1.035433,0.613000,-0.669000,-0.821000,6.412000,32.061000,-11.649000,30.55
1.045392,0.975000,-0.459000,-0.919000,9.084000,30.183000,-1.176000,30.65
1.055391,0.702000,0.036000,-1.018000,2.153000,35.466000,-0.122000,30.51
1.065435,0.388000,0.270000,-1.078000,8.947000,21.389000,-7.450000,30.60
1.075424,0.266000,0.045000,-0.923000,20.183000,15.664000,-10.870000,30.60
1.085480,0.458000,-0.335000,-0.797000,23.573000,28.916000,-12.519000,30.65
1.095526,0.658000,-0.448000,-0.892000,17.771000,32.198000,-9.420000,30.65
1.105484,0.498000,-0.108000,-0.943000,17.023000,30.443000,-7.725000,30.60
1.115468,0.459000,-0.066000,-1.005000,23.008000,27.985000,-7.725000,30.60
1.125504,0.605000,-0.377000,-0.852000,21.908000,22.076000,-6.824000,30.60
1.135458,0.593000,-0.545000,-0.732000,12.824000,22.366000,-4.763000,30.65
1.145487,0.565000,-0.479000,-0.800000,0.718000,22.763000,-6.305000,30.65
1.155552,0.529000,-0.404000,-0.810000,-8.718000,15.191000,-8.092000,30.60
1.165483,0.525000,-0.466000,-0.806000,-13.863000,9.023000,-9.130000,30.51
1.175532,0.488000,-0.395000,-0.803000,-16.565000,7.863000,-9.756000,30.65
1.185628,0.433000,-0.365000,-0.823000,-18.168000,7.466000,-11.649000,30.65
1.195667,0.490000,-0.430000,-0.852000,-18.779000,12.885000,-13.328000,30.65
1.205636,0.514000,-0.342000,-0.860000,-17.389000,15.542000,-12.947000,30.60
1.215680,0.496000,-0.272000,-0.880000,-13.817000,16.153000,-12.351000,30.60
1.225743,0.491000,-0.352000,-0.860000,-10.366000,17.832000,-12.229000,30.74
1.235701,0.493000,-0.381000,-0.794000,-8.733000,16.794000,-11.542000,30.65
1.245776,0.410000,-0.342000,-0.759000,-11.710000,17.908000,-13.282000,30.65
1.255856,0.407000,-0.388000,-0.745000,-16.855000,21.130000,-16.992000,30.60
1.265652,0.460000,-0.376000,-0.760000,-23.328000,24.305000,-21.176000,30.69
1.275788,0.497000,-0.335000,-0.792000,-27.176000,25.969000,-23.527000,30.65
1.285942,0.496000,-0.352000,-0.766000,-32.000000,26.137000,-26.321000,30.65
1.295825,0.463000,-0.387000,-0.734000,-38.504000,26.397000,-29.298000,30.55
1.305844,0.533000,-0.271000,-0.822000,-43.954000,23.130000,-31.756000,30.69
1.315976,0.495000,-0.377000,-0.771000,-52.641000,26.244000,-36.076000,30.69
1.326028,0.534000,-0.267000,-0.793000,-57.511000,24.611000,-39.450000,30.55
1.336078,0.675000,-0.209000,-0.990000,-50.336000,16.626000,-37.328000,30.55
1.346013,0.622000,-0.177000,-0.902000,-37.115000,18.718000,-32.763000,30.65
1.356095,0.543000,-0.206000,-0.875000,-30.061000,25.053000,-29.924000,30.60
1.365977,0.536000,-0.219000,-0.850000,-26.260000,28.931000,-28.931000,30.60
1.375946,0.535000,-0.222000,-0.828000,-26.748000,34.550000,-29.802000,30.65
1.386009,0.546000,-0.154000,-0.879000,-23.527000,36.046000,-29.710000,30.65
1.395806,0.583000,-0.199000,-0.849000,-20.076000,42.519000,-28.122000,30.65
1.405798,0.585000,-0.236000,-0.865000,-18.244000,47.450000,-29.298000,30.60
1.415917,0.579000,-0.237000,-0.824000,-18.290000,51.435000,-30.977000,30.60
1.425858,0.357000,-0.475000,-0.728000,-12.595000,63.389000,-35.145000,30.65
1.435992,0.565000,-0.206000,-0.867000,-6.672000,70.153000,-40.473000,30.65
1.445924,0.535000,-0.284000,-0.832000,-17.939000,95.878000,-36.656000,30.65
1.455714,0.552000,-0.182000,-0.815000,-14.977000,95.450000,-33.145000,30.60
1.465723,0.559000,-0.174000,-0.887000,-14.427000,116.183000,-33.649000,30.60
1.475607,0.153000,-0.403000,-0.927000,-16.733000,143.557000,-25.588000,30.65
1.485658,0.515000,-0.096000,-0.905000,-8.687000,154.977000,-33.496000,30.55
1.495688,0.396000,1.965000,-0.116000,-28.824000,168.992000,-40.244000,30.65
1.505694,0.407000,-1.664000,-1.433000,-39.359000,160.260000,17.481000,30.60
1.515690,0.308000,-0.219000,-0.758000,-24.885000,94.641000,-8.901000,30.69
1.525722,0.624000,0.046000,-0.765000,-44.336000,264.855000,-39.099000,30.65
1.535857,0.761000,-0.131000,-0.691000,-69.298000,271.313000,-46.107000,30.65
1.545860,0.706000,-0.125000,-0.811000,-22.916000,313.466000,-57.481000,30.55
1.555775,0.712000,-0.400000,-0.896000,15.344000,248.702000,-54.992000,30.69
1.565852,1.163000,-0.309000,-0.943000,36.443000,245.176000,-46.198000,30.69
1.575998,1.666000,-1.225000,-1.459000,117.298000,163.802000,-36.580000,30.65
1.585979,1.049000,-0.109000,-0.880000,78.626000,267.863000,-36.962000,30.65
1.595973,1.549000,-0.414000,-1.284000,92.061000,291.145000,-47.389000,30.65
1.606052,1.910000,-0.432000,-1.563000,91.542000,286.962000,-57.344000,30.60
1.616009,1.445000,-0.490000,-1.323000,83.435000,283.008000,-77.496000,30.69
1.626191,1.585000,-0.517000,-1.611000,70.412000,281.053000,-93.038000,30.55
1.635926,1.671000,-0.459000,-2.014000,55.405000,278.229000,-110.153000,30.65
1.645970,0.602000,-1.096000,-1.889000,83.405000,218.565000,-92.412000,30.55
1.655916,-0.267000,-4.000000,-2.999000,26.504000,88.824000,5.802000,30.60
1.665946,0.820000,-3.126000,-2.682000,-239.084000,-24.382000,64.076000,30.69
1.675895,-0.743000,-1.806000,-2.919000,-160.626000,-103.573000,62.763000,30.65
1.685873,-1.480000,0.002000,-1.431000,-210.214000,-199.221000,37.298000,30.55
1.695843,-0.470000,0.603000,-2.215000,-113.832000,-186.443000,3.435000,30.55
1.705943,-0.232000,0.488000,-1.999000,-24.931000,-206.031000,-25.374000,30.60
1.715841,0.138000,-0.394000,-1.448000,13.176000,-255.359000,-53.557000,30.69
1.726108,0.445000,-0.551000,-1.562000,38.763000,-321.344000,-86.382000,30.65
1.736080,0.321000,-0.478000,-1.000000,-2.351000,-263.237000,-102.351000,30.65
1.746056,0.427000,-0.411000,-0.778000,28.458000,-305.664000,-102.947000,30.65
1.755890,0.565000,-0.502000,-0.677000,56.504000,-269.924000,-94.046000,30.60
1.765788,0.636000,-0.663000,-0.587000,80.443000,-239.786000,-70.351000,30.69
1.775603,0.748000,-0.865000,-0.619000,89.664000,-221.618000,-36.824000,30.65
1.786050,0.823000,-0.945000,-0.677000,87.863000,-205.573000,1.679000,30.74
1.796017,0.847000,-0.838000,-0.627000,87.130000,-193.160000,37.939000,30.55
1.806048,0.912000,-0.658000,-0.761000,104.122000,-188.000000,68.351000,30.69
1.816056,0.824000,-0.593000,-0.743000,75.313000,-160.947000,97.084000,30.69
1.826321,0.920000,-0.372000,-0.817000,70.061000,-149.527000,115.740000,30.65
1.835545,0.913000,-0.250000,-0.956000,63.679000,-160.901000,128.153000,30.74
1.845647,1.015000,-0.263000,-1.099000,52.427000,-166.840000,131.221000,30.65
1.855968,0.940000,-0.112000,-1.059000,56.366000,-156.122000,128.718000,30.60
1.865700,0.983000,-0.116000,-1.065000,52.412000,-162.992000,125.206000,30.60
1.876086,0.968000,-0.046000,-1.090000,51.359000,-163.939000,119.282000,30.65
1.886092,1.018000,-0.059000,-1.125000,50.031000,-162.809000,113.389000,30.55
1.896025,1.094000,-0.080000,-1.129000,52.870000,-162.382000,108.244000,30.60
1.905858,1.144000,-0.119000,-1.067000,54.748000,-167.802000,104.489000,30.69
1.915764,1.178000,-0.129000,-1.017000,48.076000,-170.321000,100.916000,30.60
1.925647,1.173000,-0.086000,-0.868000,50.382000,-161.649000,96.366000,30.65
1.935743,1.187000,0.012000,-0.822000,54.427000,-149.756000,91.160000,30.65
1.948660,1.247000,0.079000,-0.745000,59.679000,-137.954000,86.519000,30.65
1.955810,1.333000,0.093000,-0.776000,66.046000,-122.977000,82.260000,30.60
1.969653,1.531000,0.160000,-0.846000,72.519000,-112.656000,79.878000,30.60
1.975805,1.628000,0.180000,-0.794000,78.824000,-113.069000,77.786000,30.65
1.991140,1.912000,0.139000,-0.574000,64.107000,-93.679000,66.198000,30.55
1.995760,1.827000,0.323000,-0.619000,58.519000,-102.870000,63.878000,30.65
2.006163,2.070000,0.484000,-0.802000,69.603000,-113.756000,66.473000,30.60
2.015809,2.062000,0.403000,-0.473000,68.214000,-112.947000,67.450000,30.60
2.025716,1.940000,0.460000,-0.155000,58.137000,-130.092000,58.321000,30.65
2.035669,1.828000,0.576000,0.149000,34.137000,-108.122000,45.786000,30.55
2.045626,1.797000,0.686000,0.281000,17.542000,-88.672000,32.244000,30.55
2.055711,1.938000,0.694000,0.327000,12.580000,-63.374000,21.328000,30.60
2.065754,1.597000,0.615000,0.476000,8.229000,-48.031000,15.206000,30.60
2.075686,1.890000,0.671000,0.777000,-35.115000,-9.206000,-15.099000,30.74
2.085837,2.118000,0.968000,0.962000,-43.771000,22.290000,-39.588000,30.65
2.095677,2.540000,1.081000,1.017000,-60.183000,59.389000,-57.145000,30.51
2.105735,1.761000,0.835000,1.058000,-53.649000,94.198000,-67.802000,30.60
2.115771,1.090000,-0.216000,-1.427000,-14.947000,141.069000,-52.687000,30.60
2.125797,1.125000,-1.030000,-2.526000,-25.817000,55.191000,-41.969000,30.65
2.135627,0.065000,-1.332000,-1.015000,-58.901000,43.878000,-59.206000,30.60
2.145686,0.125000,-0.803000,-0.303000,-36.672000,89.405000,-63.710000,30.69
2.155671,1.181000,-0.596000,-0.945000,-24.595000,126.870000,-41.878000,30.60
2.165632,1.435000,0.165000,-1.839000,-21.176000,104.840000,-29.420000,30.60
2.176207,0.663000,0.902000,-1.469000,-1.924000,91.115000,-45.389000,30.55
2.185728,0.562000,0.397000,-1.345000,24.137000,73.679000,-58.382000,30.51
2.195512,0.839000,-0.508000,-1.021000,28.290000,73.893000,-54.351000,30.60
2.205551,0.860000,-0.824000,-0.829000,9.267000,71.893000,-40.275000,30.60
2.215553,0.694000,-0.430000,-0.989000,1.878000,63.160000,-32.305000,30.55
2.225616,0.692000,-0.187000,-1.107000,-0.733000,44.275000,-30.901000,30.55
2.235569,0.699000,-0.462000,-0.887000,-2.504000,31.527000,-24.931000,30.60
2.245717,0.565000,-0.615000,-0.681000,-10.046000,30.687000,-20.641000,30.60
2.255658,0.561000,-0.516000,-0.779000,-21.542000,25.206000,-19.954000,30.69
2.265760,0.484000,-0.421000,-0.783000,-31.267000,17.969000,-22.779000,30.55
2.275707,0.452000,-0.512000,-0.705000,-42.198000,13.817000,-26.366000,30.65
2.285812,0.408000,-0.465000,-0.728000,-53.985000,16.733000,-30.916000,30.60
2.295705,0.354000,-0.384000,-0.762000,-63.267000,22.534000,-36.534000,30.60
2.305799,0.389000,-0.379000,-0.784000,-73.389000,25.985000,-42.427000,30.60
2.315787,0.505000,-0.406000,-0.847000,-78.504000,31.145000,-44.809000,30.55
2.325817,0.549000,-0.337000,-0.916000,-75.557000,32.901000,-45.466000,30.65
2.335998,0.657000,-0.287000,-0.975000,-64.580000,31.954000,-42.000000,30.60
2.345751,0.699000,-0.140000,-1.007000,-47.206000,26.641000,-34.656000,30.60
2.355919,0.513000,-0.328000,-0.840000,-40.565000,23.710000,-32.748000,30.60
2.365798,0.592000,-0.266000,-0.881000,-37.954000,18.656000,-33.176000,30.55
2.375999,0.633000,-0.284000,-0.894000,-32.076000,18.809000,-31.084000,30.65
2.385866,0.529000,-0.209000,-0.839000,-30.244000,12.977000,-30.443000,30.60
2.396041,0.488000,-0.196000,-0.809000,-30.290000,13.405000,-30.656000,30.60
2.405852,0.509000,-0.248000,-0.806000,-30.397000,11.359000,-31.420000,30.60
2.415848,0.545000,-0.210000,-0.855000,-28.412000,11.878000,-31.282000,30.65
2.426159,0.536000,-0.170000,-0.830000,-27.450000,14.702000,-29.267000,30.65
2.435914,0.542000,-0.142000,-0.844000,-26.351000,17.084000,-27.008000,30.60
2.445850,0.534000,-0.139000,-0.826000,-24.336000,19.527000,-25.282000,30.60
2.455938,0.544000,-0.165000,-0.843000,-21.099000,23.649000,-24.107000,30.51
2.465899,0.450000,-0.218000,-0.825000,-19.954000,31.573000,-23.481000,30.65
2.475969,0.559000,-0.129000,-0.859000,-18.931000,34.855000,-23.542000,30.65
2.485843,0.588000,-0.156000,-0.846000,-16.641000,37.985000,-22.672000,30.51
2.495936,0.592000,-0.139000,-0.829000,-14.076000,41.496000,-23.664000,30.60
2.506000,0.653000,-0.273000,-0.773000,-12.687000,44.443000,-21.695000,30.51
2.515800,0.564000,-0.188000,-0.837000,-19.939000,59.496000,-21.847000,30.55
2.525947,0.544000,-0.252000,-0.838000,-24.824000,67.969000,-22.565000,30.65
2.535860,0.579000,-0.119000,-0.855000,-17.084000,59.817000,-16.321000,30.60
2.545857,0.471000,-0.196000,-0.840000,-15.542000,77.924000,-11.115000,30.60
2.556016,0.576000,-0.132000,-0.845000,-25.069000,101.588000,-9.863000,30.69
2.565826,0.526000,-0.194000,-0.849000,-27.908000,129.618000,-13.878000,30.65
2.575997,0.498000,-0.224000,-0.838000,-22.809000,149.725000,-20.061000,30.65
2.585958,0.394000,-0.181000,-0.858000,-17.588000,181.115000,-33.176000,30.69
2.595877,0.595000,-0.141000,-0.857000,-9.099000,206.809000,-42.107000,30.60
2.605767,0.694000,-0.132000,-0.896000,4.977000,202.305000,-42.443000,30.60
2.615783,0.635000,-0.165000,-0.906000,26.061000,201.679000,-40.977000,30.55
2.625851,0.745000,-0.236000,-0.957000,40.275000,212.672000,-46.794000,30.65
2.635808,0.852000,-0.315000,-0.955000,39.969000,222.336000,-56.504000,30.60
2.645695,0.932000,-0.343000,-1.079000,33.206000,244.504000,-72.931000,30.69
2.655727,0.959000,-0.408000,-1.008000,20.427000,246.885000,-89.405000,30.60
2.665704,1.268000,-0.489000,-1.223000,16.794000,261.924000,-102.794000,30.65
2.675919,1.474000,-0.473000,-1.485000,17.710000,263.527000,-109.924000,30.65
2.685946,1.836000,-0.420000,-1.796000,26.336000,260.382000,-123.481000,30.60
2.695728,1.426000,-0.755000,-1.928000,40.763000,233.786000,-131.679000,30.60
2.705890,0.248000,-1.726000,-2.789000,41.267000,148.214000,-99.878000,30.60
2.715629,-0.379000,-4.000000,-3.521000,-53.267000,-9.374000,16.366000,30.65
2.725886,-0.887000,-2.771000,-1.908000,-91.893000,17.359000,55.405000,30.55
2.735661,-1.038000,-1.366000,-1.765000,-121.328000,-52.824000,66.046000,30.60
2.745747,-0.809000,-0.655000,-2.025000,-72.473000,-20.458000,53.069000,30.60
2.755805,-0.425000,-0.553000,-2.061000,-36.229000,-88.977000,43.618000,30.60
2.765884,-0.455000,-0.598000,-1.704000,-14.122000,-120.412000,22.611000,30.65
2.775896,-0.317000,-0.573000,-1.469000,-10.565000,-148.107000,-0.489000,30.74
2.785932,-0.201000,-0.282000,-1.163000,-1.847000,-187.542000,-17.405000,30.79
2.795976,0.078000,-0.286000,-1.210000,32.275000,-179.160000,-31.328000,30.69
2.805868,0.164000,-0.307000,-1.097000,59.221000,-193.847000,-33.008000,30.60
2.816121,0.344000,-0.479000,-1.052000,72.763000,-189.969000,-30.534000,30.55
2.825956,0.433000,-0.532000,-0.964000,81.771000,-196.534000,-22.565000,30.65
2.835963,0.532000,-0.574000,-0.920000,86.275000,-190.840000,-9.985000,30.60
2.845757,0.624000,-0.586000,-0.899000,86.947000,-181.176000,6.427000,30.60
2.855814,0.691000,-0.609000,-0.881000,84.427000,-168.824000,25.374000,30.60
2.865815,0.752000,-0.603000,-0.890000,78.412000,-160.534000,46.321000,30.65
2.875851,0.762000,-0.551000,-0.950000,76.565000,-149.496000,68.168000,30.65
2.885796,1.006000,-0.468000,-0.802000,93.435000,-125.863000,87.740000,30.60
2.895777,0.842000,-0.416000,-1.026000,78.992000,-121.939000,110.626000,30.51
2.905823,0.944000,-0.329000,-1.049000,75.939000,-125.160000,124.977000,30.69
2.915813,0.997000,-0.306000,-1.119000,53.344000,-136.504000,132.794000,30.65
2.925784,1.034000,-0.239000,-1.083000,47.878000,-148.672000,131.634000,30.65
2.935704,1.107000,-0.233000,-1.160000,38.885000,-151.405000,127.038000,30.69
2.945937,1.106000,-0.225000,-1.067000,36.061000,-155.053000,120.397000,30.60
2.955779,1.104000,-0.241000,-0.997000,32.901000,-154.214000,114.947000,30.60
2.965834,1.107000,-0.247000,-0.924000,36.595000,-151.344000,110.595000,30.55
2.975868,1.125000,-0.235000,-0.844000,45.237000,-144.672000,107.832000,30.65
2.985854,1.176000,-0.198000,-0.823000,57.160000,-137.420000,106.824000,30.60
2.995658,1.236000,-0.140000,-0.826000,68.137000,-127.939000,105.710000,30.60
3.005851,1.266000,-0.075000,-0.802000,76.702000,-113.267000,102.504000,30.69
3.015751,1.345000,-0.028000,-0.786000,85.069000,-103.252000,97.740000,30.65
3.025775,1.369000,0.027000,-0.727000,95.588000,-108.763000,92.321000,30.55
3.035577,1.537000,0.169000,-0.661000,81.282000,-110.687000,75.817000,30.69
3.045537,1.723000,0.198000,-0.789000,95.985000,-100.534000,75.863000,30.60
3.055539,1.832000,0.162000,-0.629000,104.046000,-127.145000,73.634000,30.69
3.065487,1.785000,0.155000,-0.381000,89.099000,-121.252000,67.695000,30.65
3.075458,1.855000,0.221000,-0.325000,55.328000,-99.206000,60.595000,30.65
3.085462,1.789000,0.394000,0.016000,51.863000,-99.221000,57.618000,30.60
3.095742,1.803000,0.433000,0.096000,37.206000,-83.679000,56.824000,30.60
3.105438,1.942000,0.425000,0.148000,24.153000,-58.855000,57.649000,30.69
3.115381,2.022000,0.464000,0.438000,8.672000,-21.206000,58.122000,30.55
3.125390,2.019000,0.523000,0.385000,-12.168000,-7.359000,57.618000,30.55
3.135434,1.970000,0.601000,0.377000,-26.366000,12.153000,54.885000,30.69
3.145431,1.770000,0.631000,0.314000,-38.977000,19.878000,53.420000,30.60
3.155830,2.168000,0.886000,0.650000,-134.031000,86.061000,2.122000,30.60
3.165818,2.302000,1.453000,0.921000,-133.008000,122.809000,-18.916000,30.65
3.175854,0.146000,0.459000,-0.671000,-80.962000,121.099000,-11.908000,30.55
3.186330,1.024000,-0.095000,-2.403000,-92.611000,62.947000,-22.336000,30.60
3.195509,-0.192000,-0.050000,-1.875000,-79.008000,47.573000,-31.924000,30.60
3.205578,-0.694000,0.271000,-0.665000,-67.725000,54.565000,-73.786000,30.60
3.215762,0.254000,0.005000,-0.448000,-26.626000,129.893000,-77.466000,30.55
3.226038,1.176000,-0.336000,-1.511000,-17.695000,159.618000,-66.992000,30.55
3.236093,1.244000,0.293000,-1.859000,-5.985000,136.885000,-66.061000,30.60
3.245982,0.885000,0.417000,-1.577000,11.053000,105.466000,-80.092000,30.60
3.256011,1.317000,-0.467000,-1.647000,-3.252000,82.824000,-79.710000,30.60
3.265925,1.089000,-0.771000,-0.981000,-11.267000,84.427000,-52.565000,30.65
3.275938,0.948000,-0.814000,-0.955000,-19.527000,81.695000,-38.855000,30.65
3.285950,0.752000,-0.378000,-1.002000,-17.664000,63.588000,-31.496000,30.69
3.295974,0.825000,-0.529000,-0.956000,-19.908000,48.092000,-27.908000,30.60
3.305935,0.712000,-0.692000,-0.735000,-22.718000,42.885000,-23.023000,30.55
3.316002,0.477000,-0.462000,-0.708000,-31.313000,43.969000,-19.374000,30.55
3.326227,0.448000,-0.628000,-0.747000,-44.702000,40.198000,-28.275000,30.55
3.336150,0.485000,-0.396000,-0.826000,-41.557000,29.771000,-29.359000,30.60
3.345952,0.378000,-0.289000,-0.824000,-44.260000,37.420000,-31.725000,30.60
3.356289,0.477000,-0.277000,-0.875000,-46.061000,45.527000,-31.053000,30.65
3.366154,0.514000,-0.253000,-0.888000,-41.450000,52.031000,-27.924000,30.65
3.376192,0.500000,-0.229000,-0.878000,-35.191000,48.794000,-25.740000,30.65
3.386046,0.492000,-0.278000,-0.826000,-32.916000,47.084000,-25.832000,30.69
3.395968,0.605000,-0.414000,-0.885000,-36.733000,49.313000,-27.695000,30.60
3.405989,0.600000,-0.344000,-0.783000,-35.405000,37.878000,-28.000000,30.55
3.415946,0.614000,-0.382000,-0.803000,-33.710000,34.962000,-28.702000,30.65
3.425887,0.590000,-0.324000,-0.791000,-33.786000,27.954000,-30.260000,30.55
3.435985,0.592000,-0.339000,-0.788000,-34.718000,24.412000,-31.878000,30.60
3.445997,0.684000,-0.261000,-0.878000,-30.901000,21.802000,-29.863000,30.60
3.456095,0.613000,-0.276000,-0.825000,-26.458000,19.878000,-28.382000,30.65
3.466059,0.573000,-0.171000,-0.813000,-24.565000,16.672000,-27.344000,30.55
3.476133,0.513000,-0.214000,-0.781000,-21.832000,20.565000,-25.099000,30.65
3.485997,0.560000,-0.217000,-0.824000,-22.290000,20.855000,-23.405000,30.60
3.496001,0.576000,-0.148000,-0.822000,-19.786000,24.412000,-21.160000,30.60
3.506096,0.583000,-0.156000,-0.810000,-19.069000,28.672000,-19.878000,30.65
3.515980,0.417000,0.157000,-0.943000,-12.748000,34.443000,-26.107000,30.65
3.526018,0.560000,-0.271000,-0.787000,-16.137000,38.916000,-18.947000,30.65
3.535967,0.602000,-0.136000,-0.832000,-15.817000,44.611000,-17.099000,30.60
3.545825,0.609000,-0.148000,-0.799000,-15.359000,51.802000,-13.496000,30.60
3.555944,0.518000,-0.069000,-0.715000,-24.046000,62.916000,-7.405000,30.55
3.565971,0.613000,-0.291000,-0.768000,-7.725000,64.611000,-8.489000,30.55
3.575819,0.664000,-0.197000,-0.809000,1.176000,58.718000,-7.664000,30.65
3.585758,0.598000,-0.230000,-0.783000,-4.779000,75.802000,-8.076000,30.60
3.595603,0.628000,-0.276000,-0.737000,-9.481000,92.061000,-8.779000,30.60
3.605624,0.604000,-0.289000,-0.747000,-9.756000,102.351000,-11.130000,30.55
3.615598,0.596000,-0.272000,-0.761000,-11.023000,120.107000,-16.427000,30.55
3.625611,0.567000,-0.278000,-0.784000,-13.038000,137.160000,-25.206000,30.55
3.635733,0.541000,-0.259000,-0.754000,-14.947000,157.954000,-33.405000,30.69
3.645636,0.636000,-0.157000,-0.752000,-14.947000,168.947000,-36.748000,30.60
3.655670,0.601000,-0.182000,-0.754000,-9.710000,172.748000,-38.168000,30.55
3.665734,0.656000,-0.128000,-0.717000,-2.565000,184.947000,-38.641000,30.55
3.675696,0.730000,-0.108000,-0.702000,2.198000,197.710000,-39.359000,30.65
3.685607,0.712000,-0.108000,-0.796000,7.328000,207.664000,-40.489000,30.60
3.695668,0.795000,-0.195000,-0.818000,11.466000,215.313000,-41.237000,30.60
3.705655,0.946000,-0.273000,-0.926000,25.084000,222.443000,-39.191000,30.60
3.715625,0.982000,-0.425000,-1.003000,44.641000,229.420000,-39.069000,30.65
3.725638,1.081000,-0.510000,-0.894000,60.122000,226.885000,-42.305000,30.65
3.735736,1.365000,-0.421000,-1.019000,77.832000,242.305000,-50.458000,30.60
3.745692,1.550000,-0.432000,-1.169000,83.389000,268.366000,-64.870000,30.60
3.755768,1.798000,-0.632000,-1.629000,62.229000,281.420000,-88.550000,30.60
3.765721,1.523000,-0.550000,-1.503000,48.626000,269.252000,-112.290000,30.55
3.775813,1.730000,-0.482000,-1.811000,52.351000,279.511000,-119.237000,30.65
3.785664,1.361000,-0.408000,-2.231000,80.015000,239.313000,-125.725000,30.60
3.795647,-0.374000,-2.854000,-2.576000,56.031000,133.588000,-60.702000,30.60
3.805794,0.366000,-4.000000,-2.539000,-73.206000,47.924000,55.985000,30.65
3.815867,-0.704000,-2.145000,-2.566000,-194.290000,-42.198000,80.305000,30.65
3.825864,-1.344000,-0.680000,-1.597000,-154.687000,-36.427000,86.748000,30.65
3.835907,-0.790000,-0.052000,-2.349000,-86.824000,-50.870000,64.962000,30.60
3.845907,-0.531000,0.076000,-2.395000,-26.443000,-100.351000,36.061000,30.60
3.855979,-0.378000,-0.246000,-2.218000,-1.557000,-162.992000,-3.176000,30.55
3.866021,-0.212000,-0.293000,-1.914000,-2.656000,-216.794000,-47.420000,30.55
3.876026,0.150000,-0.179000,-1.809000,-8.779000,-275.328000,-82.137000,30.65
3.886020,0.286000,-0.076000,-1.553000,11.344000,-279.695000,-105.221000,30.60
3.895850,0.577000,-0.169000,-1.376000,49.130000,-309.405000,-114.611000,30.60
3.906028,0.651000,-0.337000,-1.145000,73.786000,-304.885000,-114.473000,30.65
3.915929,0.741000,-0.573000,-0.952000,84.611000,-300.977000,-104.366000,30.55
3.926004,0.779000,-0.748000,-0.824000,87.588000,-285.038000,-85.023000,30.55
3.935887,0.868000,-0.776000,-0.707000,86.779000,-264.321000,-54.137000,30.60
3.945890,0.942000,-0.796000,-0.773000,84.061000,-236.504000,-18.702000,30.51
3.956045,0.961000,-0.763000,-0.792000,84.107000,-224.824000,20.183000,30.55
3.965881,0.976000,-0.766000,-0.712000,83.496000,-213.634000,57.695000,30.55
3.975907,1.073000,-0.676000,-0.777000,85.802000,-202.473000,86.641000,30.55
3.985801,0.941000,-0.685000,-0.775000,68.214000,-181.328000,120.916000,30.60
3.995726,1.045000,-0.508000,-0.927000,52.672000,-165.527000,146.779000,30.60
4.006002,1.054000,-0.332000,-0.975000,45.130000,-169.664000,161.954000,30.65
4.015879,1.058000,-0.202000,-0.980000,35.939000,-156.031000,160.366000,30.65
4.025924,1.051000,-0.110000,-1.019000,31.756000,-144.565000,150.290000,30.60
4.035864,1.097000,-0.078000,-1.084000,30.916000,-145.817000,137.634000,30.60
4.045828,1.138000,-0.105000,-1.063000,44.947000,-151.344000,125.527000,30.60
4.055857,1.189000,-0.108000,-1.071000,49.924000,-137.634000,117.466000,30.65
4.065778,1.241000,-0.116000,-1.039000,56.947000,-139.557000,111.359000,30.65
4.075774,1.295000,-0.054000,-1.018000,61.771000,-145.328000,104.321000,30.60
4.085573,1.364000,0.033000,-0.906000,63.878000,-147.298000,96.489000,30.60
4.095915,0.776000,0.256000,-0.153000,65.313000,-110.519000,93.618000,30.60
4.105910,1.087000,0.237000,-0.066000,36.061000,-105.710000,70.641000,30.55
4.115816,2.068000,0.540000,-0.793000,23.344000,-77.527000,58.977000,30.55
4.126056,2.099000,0.681000,-0.951000,71.374000,-97.466000,65.802000,30.60
4.135966,2.138000,0.645000,-0.963000,81.237000,-101.496000,68.443000,30.51
4.145957,1.910000,0.383000,-0.311000,80.153000,-146.015000,58.031000,30.60
4.155981,1.796000,0.511000,-0.220000,43.542000,-140.122000,46.107000,30.55
4.165838,1.943000,0.403000,-0.143000,14.107000,-92.076000,39.618000,30.55
4.175974,1.993000,0.369000,-0.009000,8.046000,-113.435000,44.351000,30.60
4.185882,1.788000,0.381000,0.532000,-19.160000,-71.298000,46.168000,30.60
4.195927,1.905000,0.570000,0.833000,-26.290000,-40.855000,45.313000,30.60
4.205850,1.947000,0.720000,1.431000,-28.855000,44.809000,42.260000,30.55
4.215843,2.635000,0.708000,1.095000,-30.275000,24.397000,39.420000,30.55
4.225844,2.756000,0.886000,1.671000,-41.557000,102.992000,26.489000,30.60
4.235760,2.991000,1.039000,2.139000,-46.718000,168.473000,3.221000,30.60
4.245744,1.229000,0.272000,0.450000,-6.702000,240.565000,-20.626000,30.51
4.255898,1.406000,-0.455000,-3.550000,-23.206000,140.565000,-31.740000,30.55
4.265822,0.167000,-0.140000,-2.268000,-6.656000,94.595000,-53.328000,30.55
4.275819,0.133000,0.617000,-0.598000,22.290000,147.954000,-99.374000,30.60
4.285906,2.304000,-0.355000,-2.281000,2.427000,136.885000,-107.863000,30.51
4.295787,1.749000,-0.445000,-1.428000,-38.427000,60.046000,-82.595000,30.55
4.305659,0.632000,-0.531000,-0.823000,-73.710000,93.053000,-73.053000,30.65
4.317959,0.804000,-0.597000,-1.587000,-53.008000,58.962000,-57.084000,30.74
4.325506,0.837000,0.088000,-1.037000,-37.664000,51.130000,-40.855000,30.60
4.335498,0.838000,-0.725000,-0.823000,-35.511000,54.916000,-27.298000,30.60
4.345748,0.583000,-0.664000,-0.700000,-36.076000,52.809000,-23.588000,30.55
4.355600,0.643000,-0.364000,-0.998000,-38.458000,51.176000,-24.366000,30.65
4.365578,0.625000,-0.486000,-0.817000,-38.885000,41.130000,-25.847000,30.55
4.375576,0.525000,-0.519000,-0.801000,-39.725000,36.229000,-28.626000,30.60
4.385669,0.514000,-0.312000,-0.888000,-46.321000,34.046000,-32.519000,30.60
4.395714,0.553000,-0.325000,-0.869000,-53.603000,35.802000,-34.718000,30.65
4.405683,0.616000,-0.338000,-0.945000,-46.641000,23.939000,-25.878000,30.65
4.415647,0.647000,-0.206000,-0.925000,-43.527000,26.641000,-26.519000,30.55
4.425723,0.631000,-0.129000,-0.928000,-31.847000,20.580000,-20.626000,30.51
4.435767,0.602000,-0.243000,-0.845000,-23.511000,24.412000,-16.916000,30.60
4.445784,0.609000,-0.235000,-0.853000,-17.649000,19.771000,-16.290000,30.55
4.455673,0.584000,-0.288000,-0.811000,-15.786000,16.534000,-17.328000,30.55
4.465621,0.564000,-0.291000,-0.783000,-17.282000,18.779000,-19.573000,30.55
4.475624,0.566000,-0.245000,-0.816000,-18.519000,17.939000,-21.206000,30.60
4.485636,0.565000,-0.272000,-0.779000,-19.771000,15.573000,-23.740000,30.60
4.495775,0.572000,-0.214000,-0.826000,-20.489000,11.145000,-25.115000,30.55
4.505662,0.547000,-0.239000,-0.800000,-22.687000,15.435000,-25.802000,30.65
4.515757,0.550000,-0.229000,-0.781000,-22.229000,17.206000,-25.328000,30.55
4.525776,0.565000,-0.201000,-0.815000,-20.366000,18.275000,-24.260000,30.51
4.535769,0.586000,-0.226000,-0.821000,-18.595000,21.069000,-23.679000,30.69
4.545967,0.569000,-0.201000,-0.803000,-16.595000,23.008000,-23.771000,30.55
4.555780,0.676000,-0.347000,-0.738000,-21.221000,27.145000,-20.794000,30.65
4.565807,0.605000,-0.122000,-0.826000,-10.382000,29.649000,-21.344000,30.55
4.575874,0.601000,-0.123000,-0.831000,-6.748000,37.053000,-20.031000,30.69
4.585782,0.554000,-0.252000,-0.790000,-7.313000,44.153000,-17.878000,30.60
4.595830,0.578000,-0.133000,-0.805000,-7.664000,50.641000,-18.840000,30.65
4.605911,0.630000,-0.157000,-0.762000,-9.435000,60.718000,-15.985000,30.55
4.615888,0.590000,-0.165000,-0.797000,-9.481000,64.183000,-16.672000,30.55
4.625963,0.563000,-0.206000,-0.792000,-13.573000,76.565000,-16.687000,30.60
4.635896,0.615000,-0.215000,-0.789000,-17.542000,90.183000,-17.115000,30.60
4.645883,0.562000,-0.160000,-0.804000,-24.198000,109.145000,-16.504000,30.60
4.656026,0.537000,-0.400000,-0.760000,-34.153000,128.779000,-23.023000,30.65
4.665892,0.664000,-0.083000,-0.781000,-27.145000,149.756000,-27.496000,30.65
4.675939,0.528000,-0.168000,-0.702000,-21.756000,149.496000,-29.710000,30.60
4.685835,0.641000,-0.072000,-0.755000,-27.237000,187.496000,-36.412000,30.60
4.695857,0.606000,-0.098000,-0.764000,-13.893000,194.550000,-39.954000,30.51
4.705673,0.605000,-0.025000,-0.739000,-5.267000,205.679000,-43.160000,30.65
4.715638,0.684000,-0.092000,-0.722000,-2.748000,224.550000,-47.084000,30.55
4.725640,0.620000,-0.035000,-0.771000,-5.435000,242.855000,-51.160000,30.51
4.735735,0.700000,-0.179000,-0.780000,-15.359000,264.458000,-57.969000,30.60
4.745789,0.902000,-0.257000,-0.881000,-16.656000,271.908000,-62.137000,30.51
4.755753,1.060000,-0.395000,-0.847000,-0.931000,279.191000,-67.466000,30.55
4.765709,1.298000,-0.494000,-0.835000,30.397000,291.618000,-82.000000,30.55
4.775753,1.523000,-0.472000,-1.237000,53.023000,315.603000,-85.679000,30.69
4.785703,1.868000,-0.514000,-1.229000,59.664000,321.954000,-94.382000,30.51
4.795825,2.107000,-0.665000,-1.253000,37.435000,332.489000,-108.962000,30.60
4.805769,2.034000,-0.517000,-1.547000,20.565000,330.168000,-128.000000,30.55
4.815809,2.093000,-0.888000,-2.000000,5.344000,314.916000,-156.092000,30.55
4.825923,1.318000,-0.804000,-1.951000,-20.092000,267.771000,-154.305000,30.51
4.835968,0.280000,-1.383000,-2.582000,-32.473000,200.885000,-108.031000,30.51
4.845887,0.812000,-4.000000,-3.327000,-77.282000,99.084000,67.924000,30.60
4.856010,0.596000,-2.931000,-3.363000,-216.977000,-49.435000,101.267000,30.55
4.866011,-1.418000,-1.368000,-1.595000,-264.305000,-100.595000,90.427000,30.65
4.876056,-0.896000,0.031000,-2.170000,-219.588000,-107.344000,60.321000,30.60
4.885908,-0.403000,0.841000,-2.657000,-124.962000,-124.321000,14.244000,30.69
4.895863,-0.412000,-0.236000,-2.265000,-34.321000,-204.870000,-21.053000,30.60
4.905857,0.153000,-0.503000,-1.960000,11.679000,-261.466000,-49.069000,30.65
4.915908,0.320000,-0.629000,-1.715000,-1.740000,-298.443000,-74.611000,30.55
4.926007,0.472000,-0.461000,-1.409000,2.168000,-336.168000,-89.069000,30.51
4.936030,0.586000,-0.400000,-1.080000,20.885000,-337.908000,-96.015000,30.51
4.945771,0.742000,-0.464000,-0.734000,44.290000,-333.282000,-89.924000,30.55
4.956124,0.761000,-0.594000,-0.602000,65.359000,-302.534000,-78.427000,30.55
4.965894,0.879000,-0.818000,-0.568000,84.427000,-297.069000,-55.420000,30.65
4.975974,0.948000,-0.965000,-0.590000,89.206000,-274.290000,-23.908000,30.60
4.985774,1.045000,-1.012000,-0.603000,87.023000,-250.351000,15.832000,30.60
4.995967,1.094000,-0.929000,-0.693000,84.855000,-235.252000,56.565000,30.55
5.005943,1.336000,-0.762000,-0.450000,94.565000,-212.763000,94.214000,30.65
5.015885,1.439000,-0.720000,-0.842000,81.985000,-195.008000,132.626000,30.65
5.025931,1.008000,-0.518000,-0.804000,74.366000,-200.107000,155.405000,30.60
5.035815,1.207000,-0.276000,-0.883000,76.748000,-180.763000,170.916000,30.60
5.045882,1.108000,-0.063000,-1.022000,76.656000,-170.168000,170.031000,30.65
5.055937,1.066000,0.010000,-1.052000,68.611000,-176.794000,162.336000,30.55
5.065946,1.052000,0.068000,-1.018000,57.298000,-174.809000,144.809000,30.51
5.075963,1.062000,0.050000,-1.008000,59.878000,-174.382000,123.542000,30.60
5.085855,1.158000,0.012000,-1.032000,67.053000,-170.550000,105.496000,30.60
5.095940,1.289000,-0.079000,-1.059000,79.832000,-165.084000,94.336000,30.55
5.108083,1.442000,-0.163000,-1.048000,92.916000,-160.183000,90.183000,30.55
5.115760,1.608000,-0.205000,-0.995000,100.397000,-157.908000,90.122000,30.60
5.125984,1.654000,-0.163000,-0.940000,94.260000,-137.221000,92.947000,30.51
5.135899,1.816000,-0.032000,-0.905000,101.740000,-143.069000,96.626000,30.60
5.145865,1.859000,0.178000,-0.829000,118.534000,-155.221000,100.992000,30.55
5.155663,1.895000,0.315000,-0.709000,128.336000,-145.420000,102.809000,30.74
5.165901,1.964000,0.446000,-0.635000,128.641000,-135.191000,100.901000,30.60
5.176015,2.044000,0.510000,-0.565000,117.740000,-120.015000,91.282000,30.60
5.185894,2.249000,0.587000,-0.484000,115.344000,-105.099000,79.908000,30.55
5.195813,2.287000,0.633000,-0.257000,97.985000,-137.496000,72.107000,30.65
5.205813,2.205000,0.633000,0.058000,80.275000,-147.878000,59.878000,30.55
5.215807,2.196000,0.724000,0.307000,59.817000,-129.496000,52.351000,30.60
5.225944,2.283000,0.692000,0.506000,39.160000,-100.702000,49.802000,30.51
5.235707,2.310000,0.591000,0.739000,49.664000,-103.466000,51.603000,30.65
5.245715,2.447000,0.754000,1.093000,16.641000,-47.740000,50.244000,30.55
5.255909,0.961000,-0.374000,1.325000,-23.206000,43.802000,62.733000,30.55
5.265784,2.020000,0.788000,1.730000,-119.588000,44.412000,5.863000,30.60
5.275843,3.105000,1.667000,1.519000,-145.695000,110.000000,-22.824000,30.60
5.285921,0.721000,0.707000,-0.230000,-69.145000,164.183000,-11.618000,30.55
5.295633,1.348000,0.119000,-2.984000,-73.618000,103.954000,-28.015000,30.55
5.305804,-1.068000,0.160000,-1.732000,-50.534000,89.817000,-71.634000,30.65
5.315841,-0.823000,0.334000,-0.280000,-33.496000,153.863000,-114.366000,30.51
5.325765,1.488000,0.073000,-1.481000,13.481000,215.084000,-110.855000,30.60
5.336037,2.070000,0.343000,-2.298000,32.473000,177.969000,-93.954000,30.65
5.345826,1.352000,0.315000,-1.756000,13.481000,140.687000,-106.824000,30.55
5.355818,1.256000,-0.342000,-1.172000,-34.122000,147.420000,-66.809000,30.65
5.365797,1.309000,-1.066000,-0.900000,-46.397000,133.817000,-60.336000,30.60
5.375954,1.009000,-0.552000,-1.020000,-47.588000,84.656000,-44.382000,30.60
5.385880,0.902000,-0.413000,-1.082000,-41.496000,65.298000,-42.031000,30.55
5.395837,0.722000,-0.625000,-0.731000,-40.412000,50.748000,-36.840000,30.46
5.405983,0.638000,-0.593000,-0.781000,-55.740000,48.595000,-36.229000,30.60
5.415765,0.487000,-0.363000,-0.791000,-51.893000,33.710000,-40.412000,30.60
5.425769,0.414000,-0.311000,-0.817000,-65.893000,5.145000,-43.450000,30.60
5.435895,0.626000,-0.344000,-0.823000,-74.947000,15.603000,-40.015000,30.65
5.445857,0.430000,-0.172000,-0.937000,-84.748000,18.794000,-42.992000,30.60
5.455898,0.547000,-0.155000,-0.998000,-87.023000,38.733000,-39.649000,30.60
5.465803,0.577000,0.243000,-0.589000,-79.481000,-2.534000,-20.519000,30.60
5.475888,0.575000,-0.391000,-0.743000,-56.489000,40.122000,-29.084000,30.60
5.485849,0.622000,-0.383000,-0.850000,-49.435000,14.641000,-31.771000,30.55
5.495747,0.619000,-0.388000,-0.893000,-46.290000,6.840000,-36.656000,30.60
5.505853,0.577000,-0.336000,-0.805000,-46.321000,6.198000,-39.466000,30.60
5.515736,0.567000,-0.293000,-0.802000,-45.023000,5.542000,-40.198000,30.60
5.525977,0.589000,-0.201000,-0.794000,-37.389000,-13.084000,-38.641000,30.60
5.535908,0.577000,-0.141000,-0.854000,-33.908000,-2.229000,-36.733000,30.46
5.546090,0.533000,-0.148000,-0.848000,-30.809000,1.053000,-33.893000,30.60
5.556247,0.530000,-0.104000,-0.881000,-26.809000,3.603000,-31.374000,30.60
5.573970,0.531000,-0.135000,-0.868000,-24.382000,9.313000,-29.542000,30.60
5.575447,0.506000,-0.126000,-0.854000,-22.656000,15.374000,-25.878000,30.69
5.585395,0.533000,-0.105000,-0.833000,-20.183000,20.611000,-23.450000,30.55
5.595480,0.545000,-0.118000,-0.838000,-18.443000,23.908000,-21.832000,30.60
5.605456,0.562000,-0.122000,-0.852000,-17.252000,27.450000,-21.435000,30.51
5.615506,0.542000,0.010000,-0.880000,-10.656000,29.954000,-22.122000,30.60
5.625513,0.555000,-0.235000,-0.823000,-13.969000,36.229000,-19.405000,30.60
5.635515,0.528000,-0.140000,-0.813000,-10.443000,40.763000,-20.366000,30.55
5.645568,0.554000,-0.078000,-0.837000,-10.458000,46.794000,-19.969000,30.60
5.655545,0.582000,-0.113000,-0.822000,-10.229000,55.954000,-17.786000,30.60
5.665555,0.565000,-0.076000,-0.849000,-8.855000,63.649000,-15.176000,30.41
5.675592,0.553000,-0.067000,-0.809000,-11.267000,74.427000,-10.504000,30.55
5.685589,0.557000,-0.035000,-0.906000,-12.809000,97.313000,-12.473000,30.55
5.695707,0.572000,-0.246000,-0.830000,-21.847000,115.664000,-15.893000,30.51
5.705517,0.635000,-0.121000,-0.930000,-22.382000,101.389000,-13.664000,30.60
5.715482,0.531000,-0.165000,-0.806000,-28.092000,146.687000,-16.015000,30.60
5.725431,0.543000,-0.089000,-0.824000,-33.634000,165.634000,-21.939000,30.60
5.735509,0.462000,-0.123000,-0.804000,-25.573000,186.168000,-32.901000,30.46
5.745524,0.548000,-0.083000,-0.783000,-23.878000,208.031000,-43.069000,30.60
5.755555,0.602000,0.006000,-0.771000,-20.702000,215.267000,-44.718000,30.60
5.765529,0.740000,0.043000,-0.778000,-11.832000,229.725000,-45.740000,30.51
5.775619,0.565000,-0.064000,-0.759000,-8.122000,243.405000,-50.733000,30.51
5.785702,0.675000,-0.082000,-0.730000,-16.092000,261.084000,-56.137000,30.55
5.795624,0.664000,-0.063000,-0.661000,-11.344000,278.305000,-56.840000,30.60
5.805657,0.978000,-0.125000,-0.823000,9.130000,288.565000,-50.397000,30.60
5.815614,1.194000,-0.439000,-0.965000,40.015000,282.214000,-53.725000,30.51
5.825644,1.430000,-0.469000,-1.308000,69.771000,272.870000,-58.107000,30.55
5.835718,1.594000,-0.398000,-1.335000,85.374000,296.260000,-63.802000,30.55
5.845506,2.119000,-0.502000,-1.707000,69.756000,320.122000,-76.611000,30.60
5.855720,1.944000,-0.416000,-1.616000,73.786000,338.351000,-102.107000,30.60
5.865671,2.130000,-0.349000,-1.799000,43.634000,271.221000,-134.504000,30.51
5.875614,1.559000,-0.578000,-1.947000,-2.885000,320.885000,-150.977000,30.55
5.885608,0.548000,-1.136000,-2.266000,-0.412000,216.229000,-143.649000,30.65
5.895478,-1.224000,-3.554000,-3.255000,-21.542000,103.130000,-35.557000,30.51
5.905457,1.131000,-3.162000,-4.000000,-109.405000,2.351000,14.534000,30.60
5.915416,-1.045000,-1.932000,-2.266000,-183.115000,-136.244000,31.786000,30.60
5.925431,-1.019000,-0.932000,-1.921000,-165.496000,-123.191000,29.176000,30.60
5.935434,-0.492000,-0.308000,-2.104000,-111.771000,-135.924000,25.176000,30.55
5.945450,-0.255000,-0.231000,-1.969000,-18.626000,-163.557000,23.588000,30.60
5.955418,0.151000,-0.642000,-1.858000,25.893000,-196.198000,27.924000,30.60
5.965451,0.448000,-0.875000,-1.593000,31.695000,-230.824000,27.985000,30.51
5.975406,0.644000,-0.994000,-1.343000,11.664000,-261.405000,29.649000,30.46
5.985594,0.744000,-0.817000,-1.118000,-6.214000,-273.573000,30.137000,30.55
5.995425,0.827000,-0.518000,-0.917000,-3.985000,-282.015000,30.015000,30.60
6.005464,1.030000,-0.574000,-1.585000,47.725000,-263.756000,22.198000,30.60
6.015418,0.924000,-0.160000,-0.943000,57.053000,-295.664000,21.924000,30.51
6.025410,0.965000,-0.175000,-0.817000,92.687000,-273.344000,24.977000,30.55
6.035425,1.190000,-0.229000,-0.753000,101.313000,-269.832000,35.542000,30.55
6.045414,1.077000,-0.454000,-0.716000,88.626000,-265.176000,49.542000,30.60
6.055450,1.067000,-0.312000,-0.606000,77.038000,-237.618000,62.489000,30.60
6.065403,1.126000,-0.229000,-0.718000,74.641000,-228.580000,69.328000,30.41
6.075447,1.127000,-0.127000,-0.752000,88.382000,-220.611000,74.672000,30.55
6.085426,1.015000,-0.174000,-0.742000,97.038000,-219.527000,76.061000,30.55
6.095464,0.962000,-0.172000,-0.950000,103.664000,-204.595000,73.771000,30.60
6.105471,1.066000,-0.287000,-0.861000,108.977000,-195.053000,72.855000,30.60
6.115436,0.995000,-0.283000,-0.991000,94.000000,-205.267000,68.519000,30.60
6.125509,0.997000,-0.238000,-0.855000,96.122000,-198.504000,67.771000,30.65
6.135502,1.001000,-0.244000,-0.848000,99.557000,-189.221000,69.618000,30.55
6.145524,1.008000,-0.281000,-0.833000,105.542000,-168.260000,76.107000,30.51
6.155526,1.112000,-0.251000,-0.917000,120.198000,-148.687000,89.344000,30.60
6.165567,1.261000,-0.212000,-0.992000,126.000000,-134.092000,105.466000,30.55
6.175620,1.379000,-0.122000,-0.996000,122.855000,-122.321000,117.496000,30.55
6.185594,1.457000,0.054000,-1.011000,110.672000,-113.481000,120.626000,30.55
6.195646,1.306000,-0.918000,-0.185000,79.725000,-64.366000,118.641000,30.51
6.205697,1.535000,0.449000,-0.293000,1.084000,-94.580000,78.626000,30.60
6.222267,2.222000,0.943000,-0.782000,53.893000,-95.023000,62.473000,30.55
6.231358,2.406000,0.707000,-0.986000,71.954000,-101.282000,75.649000,30.55
6.238457,2.257000,0.330000,-0.548000,82.931000,-93.756000,81.740000,30.65
6.245422,2.215000,0.164000,-0.266000,58.015000,-106.458000,86.809000,30.60
6.255484,1.999000,0.237000,0.024000,32.550000,-94.626000,88.733000,30.60
6.265370,1.930000,0.536000,0.032000,8.855000,-72.901000,93.542000,30.55
6.275403,1.769000,0.612000,0.457000,6.656000,-58.611000,92.244000,30.65
6.285599,1.844000,0.785000,0.262000,-3.832000,-19.359000,90.107000,30.51
6.295399,1.842000,0.701000,0.379000,-11.557000,-2.947000,81.359000,30.51
6.305446,1.442000,0.704000,0.327000,-65.863000,93.588000,54.840000,30.51
6.315435,1.982000,0.816000,0.519000,-82.290000,54.061000,26.885000,30.55
6.325429,2.313000,0.808000,0.558000,-97.832000,59.802000,7.359000,30.55
6.335506,2.555000,1.061000,1.234000,-107.863000,85.282000,1.710000,30.51
6.345522,0.723000,0.751000,1.475000,-57.496000,157.405000,-0.840000,30.60
6.355569,1.308000,-0.232000,-1.670000,-77.649000,177.908000,-19.450000,30.51
6.365566,0.946000,0.149000,-3.039000,-49.649000,120.183000,-52.626000,30.55
6.375613,-0.109000,0.765000,-1.289000,-16.779000,108.107000,-78.397000,30.55
6.385574,0.896000,0.708000,-1.271000,13.450000,150.748000,-113.053000,30.69
6.395580,2.357000,-0.389000,-2.566000,-20.366000,74.626000,-94.412000,30.51
6.405596,1.219000,-0.459000,-1.160000,-46.305000,62.397000,-70.519000,30.55
6.415610,0.794000,-1.103000,-1.503000,-40.595000,109.145000,-71.206000,30.55
6.425672,0.831000,0.011000,-1.021000,-57.389000,75.221000,-40.626000,30.46
6.435598,0.776000,-0.401000,-0.986000,-48.489000,56.855000,-33.267000,30.51
6.445504,0.797000,-0.661000,-0.794000,-35.053000,29.908000,-26.458000,30.60
6.455537,0.495000,-0.573000,-0.775000,-46.427000,40.977000,-29.618000,30.55
6.465600,0.481000,-0.281000,-0.818000,-61.664000,39.618000,-33.542000,30.46
6.475523,0.384000,-0.328000,-1.047000,-51.710000,22.809000,-32.916000,30.55
6.485476,0.473000,-0.344000,-0.845000,-48.977000,4.626000,-35.206000,30.60
6.495576,0.564000,-0.082000,-0.999000,-56.595000,24.046000,-32.733000,30.60
6.505582,0.518000,-0.172000,-0.920000,-54.305000,37.557000,-29.206000,30.55
6.515509,0.575000,-0.215000,-0.931000,-43.313000,24.321000,-26.641000,30.46
6.525603,0.563000,-0.152000,-0.952000,-34.183000,25.435000,-24.641000,30.60
6.535674,0.646000,-0.242000,-0.944000,-27.374000,28.122000,-21.908000,30.69
6.545664,0.559000,-0.236000,-0.836000,-19.450000,8.870000,-21.786000,30.60
6.555654,0.582000,-0.304000,-0.822000,-19.008000,4.840000,-23.221000,30.55
6.565640,0.562000,-0.241000,-0.818000,-23.282000,9.237000,-25.359000,30.55
6.575664,0.554000,-0.221000,-0.807000,-23.573000,4.412000,-25.939000,30.60
6.585903,0.544000,-0.227000,-0.817000,-24.443000,4.870000,-26.305000,30.51
6.595657,0.529000,-0.193000,-0.827000,-24.885000,4.931000,-26.183000,30.60
6.605869,0.473000,-0.172000,-0.686000,-28.885000,-4.550000,-23.496000,30.55
6.615806,0.523000,-0.144000,-0.795000,-22.382000,6.718000,-27.069000,30.55
6.625934,0.514000,-0.129000,-0.840000,-21.084000,16.809000,-25.679000,30.60
6.635858,0.535000,-0.109000,-0.865000,-16.336000,17.573000,-24.672000,30.60
6.645878,0.542000,-0.123000,-0.837000,-15.160000,19.206000,-22.550000,30.55
6.655837,0.544000,-0.140000,-0.828000,-16.580000,29.038000,-22.565000,30.55
6.666004,0.599000,-0.093000,-0.866000,-14.015000,29.603000,-22.550000,30.55
6.675961,0.623000,-0.265000,-0.812000,-14.260000,37.603000,-24.183000,30.60
6.686040,0.555000,-0.159000,-0.857000,-13.573000,34.534000,-23.756000,30.60
6.695879,0.560000,-0.118000,-0.817000,-14.260000,42.763000,-23.237000,30.65
6.705976,0.555000,-0.184000,-0.794000,-14.000000,44.046000,-23.191000,30.55
6.715872,0.546000,-0.023000,-0.856000,-13.924000,54.779000,-19.878000,30.55
6.725868,0.503000,-0.074000,-0.837000,-9.160000,58.336000,-15.435000,30.60
6.735668,0.563000,-0.055000,-0.878000,-13.115000,71.863000,-10.763000,30.60
6.745681,0.580000,-0.185000,-0.828000,-13.679000,88.931000,-8.733000,30.55
6.755642,0.552000,-0.191000,-0.849000,-13.176000,103.069000,-11.115000,30.60
6.765703,0.572000,-0.214000,-0.819000,-13.267000,123.847000,-14.595000,30.60
6.775759,0.534000,-0.213000,-0.825000,-14.489000,150.321000,-22.076000,30.51
6.785742,0.527000,-0.130000,-0.803000,-15.710000,173.298000,-32.504000,30.51
6.795782,0.531000,-0.100000,-0.792000,-18.168000,193.985000,-42.473000,30.55
6.805753,0.527000,-0.054000,-0.826000,-16.595000,200.275000,-49.359000,30.60
6.815747,0.632000,-0.073000,-0.763000,-11.344000,211.725000,-50.794000,30.60
6.825860,0.642000,-0.031000,-0.800000,-4.351000,226.794000,-53.145000,30.60
6.836018,0.621000,-0.057000,-0.792000,14.504000,242.107000,-48.565000,30.51
6.845937,0.758000,-0.037000,-0.867000,50.992000,236.947000,-34.824000,30.55
6.855978,0.943000,-0.170000,-1.034000,73.038000,253.252000,-25.664000,30.60
6.865935,1.027000,-0.363000,-1.093000,93.359000,251.496000,-30.641000,30.51
6.875989,1.222000,-0.400000,-1.106000,87.802000,263.969000,-40.443000,30.51
6.885893,1.486000,-0.240000,-1.296000,80.595000,286.626000,-53.145000,30.51
6.895993,1.817000,-0.387000,-1.703000,74.382000,323.053000,-73.344000,30.55
6.905985,1.722000,-0.441000,-1.537000,61.924000,319.252000,-99.756000,30.51
6.916083,1.818000,-0.706000,-2.063000,60.763000,300.305000,-124.977000,30.51
6.926050,1.209000,-0.683000,-2.382000,60.092000,238.366000,-130.550000,30.60
6.935937,-0.793000,-2.168000,-2.677000,76.672000,127.603000,-86.992000,30.60
6.946047,0.365000,-3.616000,-2.962000,-1.695000,31.435000,-17.344000,30.46
6.956024,-0.957000,-2.090000,-2.337000,-92.809000,-77.282000,-13.466000,30.60
6.966017,-0.590000,-1.411000,-2.021000,-86.489000,-42.198000,-15.145000,30.60
6.976049,-0.180000,-1.263000,-2.532000,-68.489000,-114.427000,-5.313000,30.60
6.985845,-0.294000,-1.022000,-2.137000,-52.611000,-162.244000,-1.282000,30.46
6.995840,-0.357000,-0.891000,-1.661000,-42.229000,-202.626000,-15.618000,30.55
7.006037,-0.225000,-0.711000,-1.378000,-34.473000,-231.176000,-32.763000,30.51
7.015900,0.020000,-0.466000,-1.229000,-16.443000,-244.153000,-47.069000,30.51
7.025955,0.155000,-0.376000,-1.050000,17.466000,-246.122000,-52.275000,30.60
7.035992,0.208000,-0.356000,-0.914000,53.863000,-239.542000,-50.305000,30.55
7.045622,0.432000,-0.530000,-0.945000,83.420000,-221.374000,-44.885000,30.55
7.055837,0.583000,-0.561000,-0.856000,103.924000,-239.313000,-32.885000,30.51
7.065847,0.723000,-0.671000,-0.843000,112.855000,-228.595000,-14.336000,30.51
7.075971,0.709000,-0.667000,-0.768000,110.214000,-206.687000,8.931000,30.51
7.085841,0.855000,-0.531000,-0.844000,110.458000,-194.641000,33.328000,30.55
7.095808,0.841000,-0.446000,-0.877000,111.374000,-185.038000,59.176000,30.46
7.105723,0.884000,-0.358000,-0.958000,111.542000,-177.588000,80.397000,30.51
7.115582,0.944000,-0.257000,-1.030000,110.626000,-173.450000,96.702000,30.51
7.125703,0.589000,-0.174000,-1.142000,106.519000,-132.092000,103.908000,30.60
7.135787,0.976000,-0.129000,-1.088000,100.595000,-159.969000,104.427000,30.55
7.145932,1.063000,-0.044000,-1.173000,91.405000,-162.992000,99.618000,30.65
7.155867,1.121000,0.005000,-1.171000,87.725000,-173.267000,93.618000,30.51
7.165842,1.144000,-0.059000,-1.161000,83.725000,-175.389000,85.771000,30.60
7.175866,1.211000,-0.156000,-0.943000,91.344000,-165.634000,81.008000,30.51
7.186059,1.134000,-0.405000,-0.362000,123.618000,-173.053000,79.115000,30.55
7.195781,1.329000,-0.251000,-0.736000,81.985000,-135.435000,89.527000,30.55
7.205524,1.356000,-0.231000,-0.852000,92.824000,-151.771000,99.466000,30.51
7.215650,1.353000,-0.158000,-0.680000,88.092000,-132.061000,110.336000,30.51
7.226116,1.385000,-0.033000,-0.753000,81.405000,-108.702000,119.710000,30.51
7.235815,1.532000,0.069000,-0.809000,87.389000,-100.656000,124.336000,30.46
7.245849,1.625000,0.201000,-0.869000,87.420000,-99.466000,126.580000,30.55
7.255656,1.682000,0.327000,-0.822000,85.206000,-97.252000,124.504000,30.60
7.265559,1.787000,0.435000,-0.811000,76.031000,-101.450000,117.542000,30.60
7.275504,1.868000,0.497000,-0.736000,62.244000,-106.534000,107.573000,30.51
7.285475,1.878000,0.528000,-0.613000,46.840000,-115.176000,96.275000,30.55
7.295403,1.885000,0.658000,-0.424000,47.496000,-136.168000,84.244000,30.55
7.305932,1.813000,0.611000,-0.229000,23.756000,-110.641000,77.481000,30.41
7.315435,1.804000,0.536000,-0.010000,17.557000,-100.061000,74.977000,30.51
7.325776,1.822000,0.412000,0.244000,4.076000,-80.122000,77.817000,30.51
7.335386,1.862000,0.391000,0.275000,-11.908000,-44.229000,81.603000,30.46
7.345431,1.874000,0.388000,0.391000,-25.603000,-30.947000,86.061000,30.55
7.355377,1.839000,0.527000,0.365000,-43.557000,-6.137000,87.725000,30.51
7.365470,1.283000,0.119000,0.868000,-56.153000,65.847000,90.916000,30.60
7.377342,1.960000,0.685000,0.887000,-102.137000,57.023000,59.145000,30.60
7.385411,3.018000,1.297000,0.888000,-102.809000,115.695000,40.122000,30.55
7.401728,1.344000,0.838000,0.914000,-69.557000,131.588000,30.351000,30.55
7.405426,1.590000,0.391000,-1.883000,-67.405000,156.183000,7.634000,30.60
7.423567,0.394000,0.314000,-2.917000,-79.573000,57.542000,-28.336000,30.51
7.425718,-0.471000,0.355000,-1.262000,-38.595000,70.031000,-73.908000,30.60
7.435829,0.428000,0.049000,-0.698000,-4.779000,133.344000,-91.786000,30.55
7.449070,1.337000,-0.072000,-1.470000,4.382000,127.786000,-75.969000,30.65
7.456241,1.114000,-0.001000,-1.807000,8.931000,123.099000,-73.237000,30.51
7.465886,0.783000,0.161000,-1.333000,22.595000,102.931000,-84.183000,30.51
7.476025,1.003000,-0.593000,-1.135000,1.206000,104.748000,-72.519000,30.55
7.486019,1.101000,-1.017000,-0.879000,-14.489000,84.122000,-54.061000,30.46
7.496202,1.021000,-0.762000,-0.936000,-26.214000,79.634000,-41.740000,30.65
7.506225,0.813000,-0.308000,-1.049000,-38.763000,63.115000,-37.221000,30.60
7.516358,0.717000,-0.519000,-0.888000,-36.061000,41.664000,-32.137000,30.51
7.525940,0.667000,-0.668000,-0.762000,-40.565000,30.840000,-30.122000,30.55
7.536036,0.431000,-0.448000,-0.779000,-51.664000,33.863000,-32.443000,30.55
7.546411,0.387000,-0.271000,-0.845000,-52.183000,26.321000,-32.260000,30.46
7.556302,0.537000,-0.337000,-0.897000,-54.687000,37.756000,-29.359000,30.51
7.566181,0.504000,-0.328000,-0.904000,-47.221000,32.168000,-27.832000,30.60
7.576394,0.493000,-0.139000,-0.932000,-40.504000,28.595000,-23.450000,30.55
7.586100,0.545000,-0.235000,-0.908000,-36.672000,33.221000,-21.008000,30.55
7.596195,0.515000,-0.260000,-0.849000,-36.885000,37.542000,-20.107000,30.60
7.606208,0.555000,-0.341000,-0.829000,-39.053000,42.244000,-20.168000,30.60
7.616147,0.554000,-0.355000,-0.818000,-37.847000,33.969000,-22.458000,30.51
7.626350,0.575000,-0.367000,-0.827000,-35.496000,26.458000,-25.618000,30.55
7.635574,0.582000,-0.268000,-0.873000,-36.168000,22.031000,-28.061000,30.55
7.645625,0.559000,-0.314000,-0.842000,-38.305000,25.176000,-29.206000,30.60
7.655541,0.570000,-0.263000,-0.858000,-36.809000,17.679000,-31.359000,30.60
7.665773,0.580000,-0.261000,-0.870000,-35.618000,14.198000,-33.389000,30.60
7.675747,0.552000,-0.266000,-0.830000,-35.863000,13.344000,-35.435000,30.55
7.685896,0.526000,-0.221000,-0.822000,-35.924000,15.511000,-35.038000,30.46
7.695804,0.548000,-0.215000,-0.828000,-34.061000,15.420000,-33.908000,30.60
7.705950,0.547000,-0.183000,-0.820000,-30.687000,16.718000,-32.733000,30.41
7.715975,0.564000,-0.171000,-0.831000,-28.260000,19.359000,-31.374000,30.41
7.726057,0.208000,-0.959000,1.213000,-134.840000,394.061000,-29.038000,30.46
7.736165,0.089000,0.038000,-0.483000,-27.145000,-82.336000,-33.160000,30.55
7.746031,0.536000,-0.098000,-0.576000,-12.580000,59.542000,-31.466000,30.51
7.755829,0.572000,-0.112000,-0.819000,-19.847000,20.229000,-25.756000,30.51
7.765879,0.613000,-0.105000,-0.790000,-19.160000,49.176000,-23.511000,30.55
7.776037,0.560000,-0.168000,-0.945000,-18.580000,53.542000,-19.634000,30.65
7.786069,0.576000,-0.096000,-0.807000,-20.611000,72.275000,-19.115000,30.55
7.795579,0.605000,-0.176000,-0.771000,-26.107000,69.542000,-14.321000,30.51
7.806074,0.564000,-0.166000,-0.783000,-28.137000,90.672000,-15.542000,30.51
7.816018,0.580000,-0.147000,-0.796000,-39.740000,106.427000,-16.122000,30.55
7.826097,0.543000,-0.155000,-0.832000,-27.313000,119.649000,-15.420000,30.55
7.835755,0.528000,-0.156000,-0.842000,-29.634000,145.435000,-18.382000,30.55
7.845606,0.507000,-0.185000,-0.797000,-30.763000,174.840000,-25.420000,30.60
7.855606,0.516000,-0.151000,-0.808000,-28.214000,192.000000,-35.527000,30.60
7.865649,0.586000,-0.098000,-0.819000,-22.168000,198.458000,-41.145000,30.55
7.875709,0.591000,-0.044000,-0.731000,-19.374000,213.679000,-45.267000,30.55
7.885650,0.723000,-0.025000,-0.743000,-12.550000,227.985000,-50.046000,30.51
7.895747,0.577000,-0.052000,-0.766000,-10.504000,246.168000,-56.092000,30.51
7.905669,0.684000,-0.116000,-0.763000,-23.740000,268.305000,-63.313000,30.51
7.915691,0.786000,-0.163000,-0.805000,-29.145000,281.099000,-70.504000,30.55
7.925703,0.928000,-0.152000,-0.767000,-24.534000,295.405000,-73.328000,30.55
7.935563,1.210000,-0.375000,-0.987000,4.824000,305.267000,-73.298000,30.51
7.945563,1.666000,-0.551000,-1.346000,83.420000,307.221000,-67.786000,30.51
7.955756,1.897000,-0.452000,-1.454000,115.206000,286.885000,-50.779000,30.60
7.965756,2.094000,-0.231000,-1.509000,115.771000,326.443000,-67.969000,30.55
7.975947,1.920000,-0.319000,-1.668000,78.779000,350.473000,-96.809000,30.55
7.985908,2.094000,-0.463000,-2.163000,52.153000,329.389000,-125.908000,30.51
7.995927,1.193000,-0.625000,-2.024000,34.107000,249.740000,-127.817000,30.60
8.005867,0.414000,-0.995000,-2.008000,26.641000,168.000000,-98.015000,30.51
8.015944,0.161000,-4.000000,-3.206000,-18.763000,40.870000,37.023000,30.55
8.025718,0.969000,-2.598000,-3.265000,-206.840000,-75.191000,65.344000,30.55
8.035843,-1.333000,-1.534000,-1.259000,-246.351000,-117.771000,98.000000,30.60
8.045987,-0.864000,-0.571000,-1.518000,-210.183000,-101.527000,86.076000,30.51
8.055971,-0.344000,0.033000,-1.987000,-146.137000,-95.756000,75.939000,30.46
8.065899,-0.257000,0.010000,-1.907000,-65.832000,-134.595000,57.328000,30.65
8.075973,-0.056000,-0.389000,-1.535000,-30.809000,-176.962000,35.557000,30.55
8.085674,-0.044000,-0.304000,-1.408000,-12.580000,-238.198000,-9.328000,30.51
8.095840,0.077000,-0.242000,-1.302000,-36.290000,-209.786000,-43.802000,30.41
8.105816,0.308000,-0.197000,-1.293000,-3.664000,-236.504000,-61.924000,30.55
8.115853,0.579000,-0.341000,-1.293000,33.405000,-256.504000,-65.542000,30.65
8.125925,0.702000,-0.606000,-1.153000,58.504000,-269.527000,-60.290000,30.55
8.135984,0.775000,-0.714000,-1.014000,67.481000,-278.947000,-50.305000,30.60
8.145788,0.752000,-0.812000,-0.788000,68.733000,-277.939000,-34.015000,30.51
8.155898,0.913000,-0.804000,-0.738000,61.771000,-272.275000,-12.931000,30.65
8.165724,0.923000,-0.686000,-0.716000,80.244000,-259.588000,11.725000,30.55
8.175958,1.082000,-0.687000,-0.754000,85.756000,-224.611000,40.397000,30.55
8.185813,1.016000,-0.636000,-0.724000,95.038000,-226.244000,72.931000,30.51
8.195886,0.946000,-0.575000,-0.656000,86.504000,-211.084000,104.534000,30.60
8.205897,0.945000,-0.479000,-1.101000,94.611000,-206.641000,124.214000,30.55
8.215918,1.004000,-0.275000,-0.958000,76.290000,-181.038000,143.588000,30.51
8.226012,1.066000,-0.179000,-1.062000,72.427000,-193.038000,145.634000,30.60
8.235838,1.098000,-0.101000,-1.129000,61.145000,-203.618000,138.550000,30.60
8.245682,1.061000,-0.013000,-1.110000,53.908000,-199.038000,123.267000,30.60
8.255765,1.096000,-0.010000,-1.102000,59.221000,-200.534000,105.374000,30.55
8.265694,1.176000,-0.083000,-1.129000,70.229000,-193.084000,89.740000,30.60
8.275793,1.277000,-0.153000,-1.117000,81.389000,-189.130000,80.931000,30.41
8.285730,1.353000,-0.205000,-1.085000,90.595000,-180.748000,77.557000,30.51
8.295642,1.409000,-0.191000,-1.018000,101.542000,-171.191000,78.489000,30.60
8.305809,1.499000,-0.098000,-0.980000,115.695000,-160.672000,79.863000,30.55
8.315775,2.058000,-0.034000,-0.435000,123.588000,-87.252000,97.328000,30.60
8.325883,1.553000,0.070000,0.043000,95.115000,-97.099000,87.756000,30.51
8.335788,2.372000,0.180000,-0.730000,74.824000,-94.840000,72.397000,30.51
8.345902,2.445000,0.613000,-0.841000,62.565000,-94.931000,69.603000,30.55
8.355891,2.275000,0.845000,-0.753000,113.084000,-121.725000,65.206000,30.55
8.365913,2.203000,0.782000,-0.478000,111.771000,-145.115000,59.191000,30.60
8.375928,2.178000,0.642000,-0.149000,88.565000,-161.924000,45.053000,30.60
8.385748,2.180000,0.486000,0.165000,48.687000,-145.511000,37.344000,30.51
8.395803,2.137000,0.466000,0.343000,13.435000,-134.305000,34.947000,30.55
8.405767,2.075000,0.472000,0.659000,-25.328000,-93.847000,34.962000,30.55
8.415818,2.142000,0.464000,1.064000,-55.328000,-41.313000,34.107000,30.41
8.425858,2.346000,0.760000,1.259000,-67.725000,13.435000,39.160000,30.51
8.435897,2.821000,0.852000,1.581000,-81.145000,66.718000,50.855000,30.60
8.445749,3.129000,1.030000,2.119000,-112.321000,145.130000,49.664000,30.55
8.455840,1.057000,1.099000,1.145000,-41.649000,238.672000,45.817000,30.55
8.465857,1.476000,0.497000,-2.976000,-65.664000,186.656000,9.954000,30.51
8.475866,0.700000,1.031000,-3.712000,-36.305000,94.672000,-58.977000,30.51
8.485803,-0.364000,0.804000,-1.005000,3.221000,85.649000,-104.916000,30.51
8.495812,1.205000,-0.323000,-0.705000,25.908000,151.130000,-105.603000,30.55
8.505859,1.793000,-0.758000,-1.726000,12.641000,117.282000,-64.229000,30.55
8.515827,1.077000,-0.382000,-1.145000,-47.679000,108.458000,-71.053000,30.60
8.525879,0.713000,-0.059000,-1.221000,-21.511000,67.038000,-65.710000,30.60
8.535814,0.901000,-0.373000,-1.075000,-32.901000,82.748000,-51.389000,30.55
8.545673,0.832000,-0.532000,-0.841000,-32.534000,56.443000,-39.756000,30.55
8.555651,0.679000,-0.483000,-0.839000,-37.786000,54.901000,-31.985000,30.51
8.565552,0.588000,-0.346000,-0.848000,-40.641000,43.374000,-30.779000,30.60
8.575590,0.546000,-0.486000,-0.867000,-51.221000,24.947000,-32.275000,30.51
8.585575,0.466000,-0.462000,-0.771000,-66.366000,27.282000,-37.053000,30.55
8.595601,0.480000,-0.371000,-0.878000,-86.489000,39.527000,-42.992000,30.46
8.610874,0.552000,-0.244000,-0.913000,-90.489000,28.198000,-40.992000,30.60
8.615485,0.519000,-0.310000,-0.931000,-87.069000,28.214000,-41.206000,30.51
8.625495,0.592000,-0.243000,-0.995000,-76.855000,12.504000,-40.366000,30.60
8.635460,0.600000,-0.284000,-0.945000,-67.740000,12.061000,-39.176000,30.55
8.645696,0.557000,-0.257000,-0.883000,-58.901000,8.153000,-37.115000,30.55
8.655609,0.606000,-0.118000,-0.936000,-48.534000,0.061000,-34.504000,30.60
8.665708,0.573000,-0.289000,-0.916000,-42.977000,0.656000,-33.450000,30.51
8.675596,0.544000,-0.229000,-0.850000,-38.779000,-1.420000,-33.145000,30.55
8.685538,0.559000,-0.156000,-0.880000,-33.176000,-5.282000,-30.947000,30.46
8.695551,0.524000,-0.175000,-0.856000,-30.031000,-1.939000,-28.015000,30.55
8.705457,0.506000,-0.139000,-0.847000,-27.908000,-0.885000,-26.046000,30.51
8.715522,0.521000,-0.123000,-0.882000,-25.496000,1.771000,-24.336000,30.51
8.725512,0.514000,-0.136000,-0.854000,-22.519000,5.023000,-22.076000,30.46
8.735893,0.499000,-0.141000,-0.867000,-21.298000,7.740000,-21.328000,30.55
8.745691,0.504000,-0.158000,-0.850000,-21.084000,11.008000,-21.435000,30.60
8.755618,0.524000,-0.146000,-0.861000,-19.481000,11.985000,-21.695000,30.51
8.765770,0.498000,-0.165000,-0.850000,-19.664000,15.191000,-21.466000,30.51
8.775479,0.508000,-0.117000,-0.849000,-18.550000,17.130000,-21.160000,30.46
8.785435,0.536000,-0.117000,-0.862000,-17.557000,19.679000,-20.214000,30.55
8.795405,0.544000,-0.103000,-0.835000,-15.115000,22.870000,-18.275000,30.60
8.805414,0.541000,-0.106000,-0.880000,-13.863000,23.634000,-18.000000,30.60
8.815623,0.553000,-0.177000,-0.853000,-13.466000,26.305000,-19.954000,30.46
8.825388,0.483000,-0.297000,-0.778000,-15.160000,34.183000,-19.145000,30.65
8.835419,0.551000,-0.145000,-0.867000,-13.496000,33.786000,-21.023000,30.55
8.845924,0.532000,-0.083000,-0.864000,-13.511000,43.023000,-20.031000,30.51
8.855521,0.532000,-0.119000,-0.863000,-16.092000,52.366000,-19.053000,30.60
8.865631,0.556000,-0.128000,-0.872000,-20.809000,62.290000,-17.084000,30.65
8.875525,0.499000,-0.182000,-0.854000,-32.931000,75.878000,-19.649000,30.51
8.885621,0.538000,-0.152000,-0.873000,-31.893000,96.473000,-13.542000,30.51
8.896085,0.520000,-0.206000,-0.859000,-33.756000,105.969000,-15.069000,30.60
8.906026,0.550000,-0.176000,-0.864000,-40.031000,136.046000,-18.992000,30.51
8.915965,0.467000,-0.149000,-0.874000,-44.885000,163.206000,-29.908000,30.55
8.925964,0.367000,-0.128000,-0.832000,-47.435000,189.206000,-44.626000,30.51
8.936354,0.550000,-0.022000,-0.826000,-48.336000,210.916000,-55.954000,30.60
8.946223,0.567000,-0.000000,-0.864000,-52.092000,223.282000,-63.756000,30.51
8.956083,0.583000,-0.010000,-0.860000,-49.252000,235.664000,-74.534000,30.55
8.965938,0.652000,0.060000,-0.860000,-36.809000,258.321000,-86.916000,30.55
8.975994,0.602000,-0.046000,-0.791000,-41.649000,278.901000,-102.397000,30.51
8.985992,0.709000,-0.118000,-0.822000,-49.069000,308.901000,-118.626000,30.51
8.996144,0.944000,-0.156000,-0.880000,-55.328000,328.473000,-134.748000,30.51
9.006224,1.102000,-0.273000,-0.980000,-26.290000,326.366000,-145.328000,30.55
9.016016,1.569000,-0.517000,-1.359000,34.046000,294.244000,-132.412000,30.55
9.025959,1.946000,-0.500000,-1.527000,79.374000,286.718000,-117.176000,30.51
9.035988,2.424000,-0.108000,-1.912000,55.313000,344.137000,-132.214000,30.51
9.045904,1.867000,-0.193000,-1.749000,11.053000,375.557000,-157.969000,30.51
9.055805,1.915000,-0.437000,-1.945000,7.084000,301.481000,-167.969000,30.55
9.065918,1.212000,-0.756000,-2.036000,1.878000,240.000000,-170.153000,30.55
9.075863,-1.468000,-2.159000,-3.323000,39.328000,59.176000,-33.053000,30.60
9.086040,1.971000,-3.695000,-4.000000,3.786000,49.527000,82.336000,30.51
9.095805,-1.651000,-2.783000,-1.313000,-28.809000,-196.824000,126.473000,30.55
9.105846,-0.910000,-1.740000,-1.120000,-55.359000,-73.740000,158.168000,30.55
9.115927,-0.294000,-1.244000,-1.906000,-57.573000,-98.061000,162.931000,30.55
9.126113,-0.034000,-0.888000,-2.129000,-24.901000,-156.458000,178.595000,30.60
9.135835,-0.174000,-0.586000,-1.795000,-10.504000,-195.511000,162.061000,30.51
9.145938,-0.342000,-0.204000,-1.264000,17.069000,-211.634000,125.710000,30.55
9.155867,-0.077000,0.135000,-1.149000,42.489000,-229.252000,83.878000,30.46
9.165862,0.454000,0.008000,-1.265000,62.779000,-230.427000,47.023000,30.41
9.175891,0.826000,-0.215000,-1.532000,63.863000,-251.618000,16.916000,30.51
9.185837,1.029000,-0.409000,-1.425000,64.611000,-288.290000,4.076000,30.55
9.195902,0.986000,-0.369000,-1.072000,62.397000,-331.221000,1.130000,30.55
9.205827,1.009000,-0.453000,-1.046000,63.298000,-298.015000,-1.160000,30.55
9.215821,0.957000,-0.441000,-0.760000,66.962000,-299.038000,7.450000,30.51
9.226032,0.994000,-0.501000,-0.735000,78.122000,-278.031000,22.931000,30.51
9.236019,1.007000,-0.509000,-0.705000,96.473000,-271.252000,42.885000,30.55
9.245856,0.981000,-0.569000,-0.656000,107.099000,-251.771000,61.557000,30.55
9.256000,0.973000,-0.575000,-0.689000,102.855000,-225.664000,81.481000,30.51
9.265683,0.883000,-0.396000,-0.372000,106.122000,-248.885000,103.267000,30.51
9.275727,1.093000,-0.578000,-0.765000,90.947000,-168.458000,112.061000,30.60
9.285733,1.056000,-0.364000,-0.870000,97.145000,-171.618000,125.481000,30.55
9.295789,1.027000,-0.368000,-0.893000,94.489000,-134.229000,134.137000,30.46
9.305739,1.191000,-0.321000,-1.066000,90.366000,-138.489000,141.527000,30.51
9.315663,1.276000,-0.255000,-1.079000,98.061000,-128.382000,141.099000,30.41
9.325870,1.283000,-0.127000,-1.069000,105.924000,-124.809000,140.656000,30.46
9.335985,1.313000,-0.040000,-1.062000,113.282000,-119.252000,138.198000,30.55
9.345722,1.392000,-0.022000,-1.003000,118.183000,-111.939000,133.084000,30.55
9.355897,1.562000,-0.005000,-1.059000,121.756000,-115.847000,126.183000,30.60
9.365699,1.733000,0.080000,-1.081000,118.748000,-116.947000,119.527000,30.60
9.375899,1.850000,0.214000,-1.056000,116.763000,-127.634000,111.985000,30.46
9.385855,1.870000,0.380000,-0.913000,115.359000,-133.008000,101.252000,30.46
9.395771,1.915000,0.570000,-0.726000,126.931000,-143.832000,88.840000,30.60
9.405929,1.919000,0.689000,-0.490000,117.191000,-130.290000,78.702000,30.51
9.415771,2.070000,0.633000,-0.333000,112.351000,-121.145000,72.733000,30.60
9.425891,2.199000,0.518000,-0.166000,89.832000,-116.550000,70.580000,30.46
9.435888,2.273000,0.650000,0.195000,60.229000,-96.611000,68.687000,30.51
9.445744,2.179000,0.687000,0.344000,34.931000,-69.130000,69.069000,30.51
9.455880,2.252000,0.742000,0.514000,14.656000,-32.550000,70.565000,30.51
9.465831,2.308000,0.728000,0.555000,-1.496000,-5.466000,75.725000,30.55
9.475895,2.263000,0.723000,0.577000,-24.000000,27.038000,81.084000,30.55
9.485996,1.649000,-0.631000,1.177000,-96.153000,100.840000,95.023000,30.41
9.495880,2.367000,1.049000,1.370000,-208.779000,112.809000,31.130000,30.60
9.505898,0.253000,1.176000,-0.105000,-161.435000,141.466000,13.481000,30.51
9.515870,1.778000,0.357000,-2.559000,-127.420000,139.756000,10.229000,30.55
9.525792,-0.066000,0.602000,-2.807000,-135.450000,59.038000,-18.534000,30.46
9.535813,-0.595000,0.665000,-1.184000,-107.450000,50.565000,-77.084000,30.51
9.545793,0.198000,0.871000,-0.785000,-32.305000,123.069000,-101.466000,30.51
9.555653,1.399000,0.041000,-1.671000,5.664000,154.962000,-91.603000,30.55
9.565702,1.165000,-0.167000,-1.670000,7.878000,137.924000,-81.298000,30.46
9.575463,0.702000,-0.080000,-1.188000,23.069000,147.328000,-80.321000,30.51
9.585716,0.878000,-0.237000,-1.328000,37.786000,118.611000,-76.779000,30.51
9.595735,1.115000,-0.517000,-1.176000,22.351000,104.458000,-66.595000,30.55
9.605491,0.925000,-0.686000,-0.950000,9.618000,94.214000,-54.198000,30.55
9.615543,0.901000,-0.822000,-0.836000,-8.824000,81.511000,-41.878000,30.55
9.625556,0.845000,-0.634000,-0.923000,-18.565000,55.725000,-35.985000,30.60
9.635490,0.819000,-0.484000,-0.966000,-31.603000,32.260000,-32.641000,30.60
9.645459,0.719000,-0.629000,-0.876000,-44.931000,25.511000,-34.840000,30.46
9.655422,0.597000,-0.591000,-0.767000,-65.847000,24.550000,-27.847000,30.55
9.665458,0.429000,-0.382000,-0.847000,-65.542000,11.786000,-30.015000,30.46
9.675396,0.444000,-0.280000,-0.881000,-72.275000,7.115000,-31.359000,30.51
9.685816,0.480000,-0.312000,-0.923000,-73.878000,23.679000,-30.519000,30.60
9.695823,0.513000,-0.216000,-0.965000,-56.336000,14.641000,-28.763000,30.55
9.705766,0.506000,-0.207000,-0.976000,-43.389000,25.450000,-23.725000,30.55
9.715788,0.576000,-0.203000,-0.965000,-27.557000,27.939000,-18.122000,30.51
9.725838,0.500000,-0.277000,-0.865000,-21.359000,29.038000,-14.366000,30.51
9.735923,0.499000,-0.359000,-0.800000,-21.038000,33.191000,-15.176000,30.51
9.745960,0.581000,-0.322000,-0.856000,-21.053000,29.206000,-15.557000,30.55
9.756017,0.550000,-0.329000,-0.798000,-19.634000,24.504000,-16.550000,30.46
9.765965,0.530000,-0.319000,-0.777000,-20.473000,21.924000,-17.710000,30.60
9.775982,0.527000,-0.307000,-0.779000,-21.878000,22.855000,-18.336000,30.51
9.785921,0.512000,-0.287000,-0.805000,-21.832000,22.885000,-18.824000,30.60
9.795841,0.495000,-0.250000,-0.823000,-22.366000,25.618000,-20.153000,30.46
9.805945,0.496000,-0.241000,-0.838000,-21.206000,27.099000,-20.427000,30.55
9.815930,0.525000,-0.198000,-0.837000,-17.466000,26.885000,-19.298000,30.60
9.825909,0.528000,-0.229000,-0.837000,-16.947000,27.924000,-19.084000,30.51
9.835771,0.525000,-0.219000,-0.804000,-17.954000,26.000000,-21.282000,30.55
9.845827,0.528000,-0.269000,-0.801000,-19.847000,26.748000,-22.626000,30.55
9.855796,0.546000,-0.241000,-0.807000,-21.160000,28.840000,-22.443000,30.46
9.865862,0.555000,-0.247000,-0.769000,-22.473000,28.122000,-23.069000,30.60
9.875872,0.584000,-0.241000,-0.803000,-24.336000,26.702000,-23.206000,30.41
9.885860,0.589000,-0.263000,-0.781000,-25.374000,25.542000,-24.305000,30.46
9.895702,0.498000,-0.442000,-0.744000,-25.954000,32.382000,-21.634000,30.46
9.905971,0.595000,-0.236000,-0.811000,-25.267000,28.351000,-24.733000,30.55
9.915934,0.569000,-0.222000,-0.813000,-22.305000,27.069000,-24.305000,30.51
9.925933,0.566000,-0.201000,-0.812000,-21.313000,34.000000,-24.855000,30.51
9.935810,0.537000,-0.223000,-0.817000,-20.000000,41.725000,-25.634000,30.55
9.945821,0.543000,-0.168000,-0.823000,-22.519000,55.115000,-26.489000,30.46
9.955872,0.611000,-0.228000,-0.840000,-20.992000,67.588000,-24.870000,30.46
9.965731,0.537000,-0.206000,-0.837000,-24.534000,83.176000,-23.130000,30.51
9.975560,0.544000,-0.221000,-0.833000,-22.397000,101.023000,-22.183000,30.41
9.985566,0.568000,-0.202000,-0.817000,-26.244000,121.710000,-21.878000,30.55
9.995521,0.555000,-0.158000,-0.798000,-26.992000,152.412000,-23.389000,30.55
10.005562,0.530000,-0.066000,-0.783000,-26.565000,173.695000,-26.641000,30.46
