# Gait Analysis Data - MPU6050 IMU
# Duration: 10 seconds
# Format: timestamp(s),ax(g),ay(g),az(g),gx(deg/s),gy(deg/s),gz(deg/s),temp(C)
# Note: Document sensor placement (ankle/wrist) separately
timestamp,ax,ay,az,gx,gy,gz,temp
0.000779,0.503000,-0.177000,-0.852000,-16.214000,1.527000,-13.573000,29.38
0.001647,0.458000,-0.163000,-0.847000,-11.695000,-13.115000,-12.870000,29.42
0.002261,0.457000,-0.170000,-0.862000,-10.931000,-4.718000,-12.916000,29.42
0.002852,0.445000,-0.136000,-0.856000,-14.962000,11.573000,-13.099000,29.47
0.003426,0.462000,-0.155000,-0.865000,-11.450000,4.626000,-13.420000,29.47
0.004017,0.470000,-0.145000,-0.871000,-10.336000,4.015000,-13.298000,29.42
0.004586,0.472000,-0.151000,-0.864000,-8.656000,1.542000,-13.252000,29.42
0.005700,0.475000,-0.162000,-0.864000,-9.496000,5.313000,-13.954000,29.47
0.006435,0.482000,-0.141000,-0.873000,-10.458000,7.511000,-14.046000,29.38
0.007056,0.495000,-0.142000,-0.864000,-9.985000,6.244000,-13.725000,29.42
0.007712,0.484000,-0.134000,-0.872000,-9.221000,5.145000,-13.206000,29.42
0.008304,0.484000,-0.135000,-0.862000,-8.977000,6.748000,-12.183000,29.47
0.009032,0.492000,-0.129000,-0.882000,-8.763000,8.489000,-11.374000,29.28
0.009924,0.498000,-0.112000,-0.873000,-8.794000,10.427000,-10.443000,29.33
0.010742,0.492000,-0.107000,-0.874000,-7.252000,11.084000,-8.748000,29.42
0.011485,0.493000,-0.109000,-0.873000,-5.985000,12.168000,-6.901000,29.38
0.012166,0.490000,-0.104000,-0.866000,-3.863000,14.061000,-5.496000,29.38
0.012911,0.492000,-0.110000,-0.863000,-2.153000,16.244000,-4.092000,29.42
0.014487,0.483000,-0.113000,-0.862000,0.260000,17.954000,-2.443000,29.47
0.015529,0.478000,-0.121000,-0.865000,-0.153000,20.947000,-1.573000,29.47
0.016269,0.491000,-0.158000,-0.861000,-0.687000,22.870000,-1.985000,29.38
0.017215,0.486000,-0.170000,-0.864000,-3.084000,27.313000,-3.160000,29.42
0.017955,0.512000,-0.170000,-0.854000,-4.656000,27.863000,-4.443000,29.42
0.018652,0.530000,-0.150000,-0.849000,-6.489000,28.565000,-5.176000,29.38
0.019326,0.534000,-0.148000,-0.837000,-6.366000,26.947000,-6.443000,29.38
0.020224,0.506000,-0.191000,-0.846000,-4.626000,26.351000,-8.427000,29.42
0.020881,0.469000,-0.192000,-0.843000,-7.481000,33.313000,-9.206000,29.42
0.021594,0.526000,-0.154000,-0.859000,-6.336000,38.046000,-10.718000,29.38
0.022315,0.545000,-0.146000,-0.870000,-4.855000,45.679000,-9.756000,29.38
0.023237,0.529000,-0.145000,-0.885000,-3.924000,55.313000,-6.992000,29.33
0.023940,0.539000,-0.111000,-0.905000,-4.031000,64.687000,-6.672000,29.42
0.024672,0.552000,-0.109000,-0.903000,-4.901000,75.191000,-3.893000,29.38
0.025443,0.525000,-0.109000,-0.913000,-3.481000,84.366000,-2.595000,29.38
0.026163,0.523000,-0.135000,-0.880000,-3.221000,96.626000,-2.870000,29.42
0.027044,0.516000,-0.143000,-0.906000,-2.962000,105.084000,-7.023000,29.28
0.027863,0.471000,-0.250000,-0.897000,-7.328000,116.168000,-16.550000,29.38
0.028602,0.503000,-0.273000,-0.901000,-13.985000,123.481000,-29.649000,29.47
0.029713,0.553000,-0.234000,-0.945000,-13.252000,129.481000,-40.718000,29.33
0.030628,0.653000,-0.247000,-1.001000,-19.588000,130.916000,-51.634000,29.42
0.031324,0.706000,-0.208000,-0.977000,-28.901000,131.267000,-59.176000,29.38
0.031982,0.718000,-0.123000,-0.922000,-27.740000,132.977000,-67.435000,29.38
0.032654,0.784000,-0.134000,-0.942000,-24.489000,129.954000,-75.817000,29.42
0.033275,0.753000,-0.203000,-0.949000,-28.183000,148.718000,-81.710000,29.42
0.033759,0.892000,-0.310000,-0.901000,-46.427000,145.374000,-84.168000,29.38
0.034240,0.872000,-0.082000,-0.820000,-43.389000,131.466000,-84.321000,29.47
0.034723,0.888000,-0.175000,-0.773000,-29.267000,120.550000,-83.908000,29.42
0.035321,0.780000,-0.227000,-0.767000,-9.863000,114.244000,-79.878000,29.42
0.035819,0.491000,-0.487000,-1.218000,6.916000,96.397000,-73.176000,29.47
0.036363,0.304000,-0.802000,-1.427000,17.267000,58.656000,-54.046000,29.47
0.037017,-0.136000,-1.151000,-1.154000,2.031000,20.351000,-30.183000,29.42
0.037666,0.065000,-1.008000,-0.755000,-4.611000,20.031000,-3.557000,29.52
0.038295,-0.140000,-0.805000,-1.035000,-4.504000,-0.473000,9.450000,29.47
0.038986,-0.119000,-0.645000,-0.911000,3.420000,-5.481000,23.740000,29.38
0.039624,-0.060000,-0.529000,-0.939000,13.069000,-14.595000,28.824000,29.38
0.040395,0.010000,-0.479000,-0.976000,17.786000,-29.176000,32.672000,29.42
0.041013,0.095000,-0.424000,-0.999000,21.450000,-47.176000,33.802000,29.38
0.041608,0.183000,-0.397000,-0.997000,21.939000,-64.198000,33.634000,29.47
0.042190,0.243000,-0.300000,-1.019000,20.672000,-74.153000,33.282000,29.47
0.042762,0.311000,-0.266000,-1.036000,25.481000,-80.260000,32.656000,29.42
0.043342,0.848000,-0.011000,-1.195000,37.450000,-85.435000,27.511000,29.33
0.043923,0.874000,0.121000,-1.090000,32.687000,-103.221000,22.748000,29.47
0.044506,0.897000,0.190000,-0.942000,39.069000,-122.641000,11.740000,29.38
0.045076,0.956000,0.139000,-0.835000,41.313000,-127.221000,5.023000,29.33
0.045747,0.915000,0.099000,-0.733000,44.947000,-125.527000,-0.595000,29.42
0.046618,0.859000,0.070000,-0.686000,46.550000,-120.427000,-1.832000,29.38
0.047223,0.804000,-0.002000,-0.661000,47.603000,-111.130000,0.458000,29.38
0.047782,0.762000,-0.060000,-0.665000,48.519000,-104.947000,4.489000,29.33
0.048335,0.780000,-0.117000,-0.687000,47.084000,-98.244000,9.237000,29.52
0.048894,0.733000,-0.180000,-0.693000,44.733000,-86.748000,16.244000,29.38
0.049455,0.821000,-0.219000,-0.782000,44.061000,-83.985000,25.634000,29.38
0.050005,0.762000,-0.265000,-0.753000,39.756000,-83.664000,35.939000,29.42
0.050507,0.718000,-0.285000,-0.711000,33.359000,-77.695000,48.031000,29.42
0.051020,0.706000,-0.263000,-0.790000,30.687000,-70.168000,60.519000,29.52
0.051532,0.728000,-0.234000,-0.794000,30.718000,-65.008000,75.832000,29.47
0.052177,0.763000,-0.163000,-0.827000,31.557000,-62.855000,85.359000,29.38
0.052871,0.736000,-0.084000,-0.816000,28.794000,-63.405000,89.985000,29.42
0.053394,0.743000,0.029000,-0.801000,27.038000,-62.198000,88.809000,29.38
0.053901,0.745000,0.127000,-0.769000,23.313000,-60.443000,81.405000,29.47
0.054482,0.719000,0.216000,-0.746000,19.649000,-62.153000,68.870000,29.38
0.055019,0.700000,0.311000,-0.670000,14.137000,-57.084000,51.542000,29.33
0.055580,0.706000,0.326000,-0.658000,9.237000,-47.924000,29.954000,29.42
0.056250,0.789000,0.333000,-0.698000,9.145000,-43.985000,9.557000,29.47
0.056779,0.858000,0.344000,-0.686000,13.466000,-41.679000,-8.519000,29.38
0.057347,0.879000,0.331000,-0.606000,19.481000,-34.962000,-24.672000,29.42
0.057954,0.885000,0.304000,-0.518000,26.504000,-27.725000,-39.756000,29.42
0.058482,0.921000,0.287000,-0.445000,35.160000,-15.420000,-52.626000,29.47
0.058991,0.951000,0.260000,-0.412000,45.420000,-2.489000,-63.038000,29.38
0.059494,1.249000,0.088000,-0.451000,5.252000,-9.863000,-102.641000,29.47
0.059989,1.278000,0.572000,-0.434000,-12.840000,1.771000,-120.824000,29.33
0.060461,1.555000,0.901000,-0.496000,-5.221000,4.534000,-130.290000,29.42
0.060940,1.813000,1.107000,-0.477000,14.351000,-0.427000,-140.458000,29.38
0.061409,1.907000,1.077000,-0.486000,35.527000,-25.649000,-148.809000,29.38
0.061875,1.443000,0.092000,-0.309000,55.527000,7.237000,-100.550000,29.42
0.062342,1.254000,-0.303000,-0.789000,56.855000,-49.267000,-73.985000,29.42
0.062946,0.601000,-0.108000,-0.631000,48.992000,-64.351000,-43.771000,29.47
0.063536,0.389000,-0.345000,-0.794000,35.542000,-66.733000,-7.511000,29.47
0.064009,0.197000,-0.359000,-0.916000,26.931000,-60.183000,15.710000,29.42
0.064464,0.109000,-0.314000,-0.806000,2.641000,-44.214000,4.122000,29.47
0.064936,0.250000,-0.184000,-0.863000,-5.740000,-23.084000,-5.252000,29.38
0.065402,0.521000,-0.374000,-0.879000,1.908000,-15.740000,-7.573000,29.47
0.065863,0.514000,-0.400000,-0.800000,2.046000,-0.427000,-6.962000,29.42
0.066323,0.499000,-0.182000,-0.922000,0.962000,14.641000,-6.718000,29.42
0.066776,0.438000,-0.075000,-0.983000,8.275000,3.023000,-3.878000,29.38
0.067234,0.476000,-0.088000,-0.965000,11.237000,0.198000,-0.885000,29.38
0.067786,0.510000,-0.224000,-0.847000,7.863000,-3.084000,1.115000,29.42
0.068376,0.528000,-0.292000,-0.833000,5.313000,5.282000,1.344000,29.42
0.068840,0.458000,-0.308000,-0.807000,2.779000,7.496000,-0.947000,29.38
0.069347,0.436000,-0.248000,-0.829000,0.244000,3.618000,-3.710000,29.38
0.069806,0.432000,-0.174000,-0.837000,-0.137000,1.618000,-5.084000,29.42
0.070247,0.448000,-0.185000,-0.858000,-0.321000,2.534000,-6.046000,29.52
0.070678,0.465000,-0.151000,-0.856000,0.519000,5.634000,-5.298000,29.42
0.071107,0.449000,-0.114000,-0.864000,3.603000,6.443000,-3.893000,29.38
0.071543,0.438000,-0.123000,-0.896000,8.031000,4.824000,-2.427000,29.47
0.072033,0.463000,-0.152000,-0.908000,11.466000,4.595000,-0.534000,29.33
0.072486,0.484000,-0.174000,-0.896000,13.832000,4.305000,1.786000,29.42
0.072971,0.491000,-0.192000,-0.881000,14.763000,5.466000,3.252000,29.28
0.073570,0.484000,-0.241000,-0.869000,13.298000,6.504000,3.145000,29.47
0.074025,0.476000,-0.244000,-0.853000,11.160000,6.992000,2.748000,29.42
0.074453,0.493000,-0.233000,-0.871000,9.832000,6.198000,2.550000,29.47
0.074882,0.470000,-0.259000,-0.845000,7.634000,5.511000,1.405000,29.47
0.075317,0.466000,-0.270000,-0.840000,5.084000,4.534000,-0.229000,29.38
0.075752,0.471000,-0.241000,-0.861000,2.137000,4.718000,-1.679000,29.42
0.076189,0.469000,-0.234000,-0.857000,0.641000,5.359000,-2.061000,29.42
0.076631,0.473000,-0.222000,-0.865000,-0.550000,5.160000,-1.847000,29.28
0.077073,0.471000,-0.203000,-0.866000,-0.672000,5.221000,-1.267000,29.28
0.077511,0.473000,-0.203000,-0.872000,0.061000,4.687000,-0.519000,29.33
0.078017,0.469000,-0.205000,-0.862000,0.580000,5.511000,0.336000,29.42
0.078612,0.476000,-0.208000,-0.856000,0.870000,5.725000,0.748000,29.38
0.079067,0.475000,-0.218000,-0.857000,1.924000,5.023000,0.962000,29.38
0.079529,0.474000,-0.218000,-0.861000,2.015000,4.275000,1.221000,29.42
0.079978,0.471000,-0.234000,-0.846000,0.672000,3.863000,0.519000,29.42
0.080408,0.482000,-0.235000,-0.854000,0.061000,3.603000,0.244000,29.47
0.080834,0.469000,-0.236000,-0.836000,-1.557000,5.221000,-0.214000,29.38
0.081257,0.476000,-0.218000,-0.852000,-1.344000,1.191000,-0.305000,29.42
0.081677,0.486000,-0.211000,-0.865000,-0.397000,0.229000,0.122000,29.47
0.082099,0.468000,-0.208000,-0.859000,0.824000,0.046000,1.160000,29.47
0.082523,0.470000,-0.215000,-0.858000,1.099000,0.748000,1.206000,29.47
0.082943,0.477000,-0.198000,-0.875000,3.573000,0.519000,2.519000,29.42
0.083362,0.473000,-0.206000,-0.874000,6.015000,-0.031000,3.145000,29.42
0.083882,0.487000,-0.191000,-0.887000,9.542000,1.374000,5.023000,29.38
0.084469,0.470000,-0.193000,-0.874000,12.763000,1.160000,6.382000,29.38
0.084924,0.467000,-0.200000,-0.873000,15.634000,0.947000,7.588000,29.42
0.085360,0.475000,-0.192000,-0.876000,18.870000,1.160000,9.023000,29.33
0.085800,0.457000,-0.214000,-0.856000,19.847000,1.405000,9.481000,29.38
0.086233,0.463000,-0.235000,-0.855000,20.595000,2.031000,9.969000,29.38
0.086672,0.479000,-0.221000,-0.872000,23.267000,1.435000,10.672000,29.33
0.087102,0.467000,-0.219000,-0.851000,25.557000,0.229000,11.481000,29.42
0.087537,0.461000,-0.264000,-0.832000,25.053000,-0.046000,11.649000,29.47
0.088060,0.451000,-0.270000,-0.836000,23.466000,-0.687000,10.763000,29.38
0.088585,0.463000,-0.270000,-0.847000,22.443000,-1.298000,10.168000,29.42
0.089048,0.452000,-0.294000,-0.845000,20.748000,-2.275000,9.252000,29.33
0.089468,0.455000,-0.297000,-0.839000,19.053000,-2.473000,8.244000,29.47
0.089905,0.456000,-0.301000,-0.825000,17.588000,-2.565000,7.649000,29.47
0.090327,0.444000,-0.303000,-0.835000,16.229000,-2.870000,6.672000,29.33
0.090751,0.430000,-0.303000,-0.814000,13.191000,-2.779000,5.878000,29.42
0.091169,0.418000,-0.299000,-0.820000,9.908000,-2.321000,4.489000,29.38
0.091589,0.421000,-0.310000,-0.812000,6.504000,-0.687000,3.069000,29.47
0.092001,0.435000,-0.298000,-0.838000,4.412000,1.176000,2.473000,29.42
0.092409,0.428000,-0.300000,-0.830000,3.374000,1.954000,1.847000,29.42
0.092894,0.446000,-0.319000,-0.819000,1.679000,3.221000,0.992000,29.38
0.093417,0.447000,-0.322000,-0.825000,-0.397000,3.389000,-0.198000,29.38
0.093873,0.445000,-0.318000,-0.826000,-2.779000,3.603000,-1.115000,29.38
0.094319,0.449000,-0.321000,-0.828000,-4.733000,4.000000,-1.939000,29.42
0.094764,0.463000,-0.324000,-0.842000,-5.481000,4.336000,-2.534000,29.52
0.095252,0.451000,-0.301000,-0.830000,-6.489000,3.954000,-3.069000,29.38
0.095751,0.440000,-0.305000,-0.814000,-7.756000,3.160000,-4.305000,29.38
0.096220,0.419000,-0.304000,-0.811000,-9.985000,2.794000,-5.374000,29.42
0.096778,0.423000,-0.294000,-0.813000,-12.382000,3.634000,-5.939000,29.42
0.097273,0.439000,-0.281000,-0.831000,-13.954000,4.977000,-6.611000,29.38
0.097809,0.457000,-0.281000,-0.843000,-14.031000,5.481000,-6.382000,29.47
0.098279,0.471000,-0.261000,-0.856000,-12.626000,5.420000,-5.802000,29.33
0.098705,0.455000,-0.256000,-0.847000,-12.122000,4.351000,-5.603000,29.38
0.099143,0.448000,-0.278000,-0.828000,-12.336000,4.305000,-5.420000,29.38
0.099580,0.441000,-0.285000,-0.830000,-13.435000,4.809000,-6.076000,29.38
0.100010,0.449000,-0.286000,-0.841000,-15.511000,6.046000,-6.168000,29.42
0.100430,0.457000,-0.276000,-0.834000,-16.595000,6.168000,-6.137000,29.42
0.100861,0.461000,-0.260000,-0.845000,-16.855000,5.893000,-5.924000,29.38
0.101290,0.451000,-0.261000,-0.847000,-16.458000,4.779000,-5.939000,29.38
0.101719,0.446000,-0.266000,-0.849000,-17.160000,4.458000,-5.954000,29.33
0.102143,0.444000,-0.280000,-0.847000,-18.061000,5.160000,-6.351000,29.42
0.102568,0.445000,-0.281000,-0.829000,-19.679000,5.496000,-6.870000,29.38
0.103125,0.450000,-0.273000,-0.844000,-20.977000,5.542000,-7.130000,29.38
0.103570,0.449000,-0.277000,-0.842000,-22.580000,4.412000,-7.908000,29.52
0.103999,0.444000,-0.285000,-0.836000,-24.656000,3.939000,-8.672000,29.42
0.104443,0.460000,-0.274000,-0.841000,-26.885000,4.382000,-9.328000,29.28
0.104873,0.466000,-0.258000,-0.862000,-28.198000,3.374000,-9.893000,29.47
0.105298,0.445000,-0.262000,-0.855000,-28.489000,1.954000,-10.290000,29.42
0.105735,0.425000,-0.278000,-0.831000,-30.260000,2.015000,-12.015000,29.38
0.106291,0.439000,-0.275000,-0.825000,-32.183000,3.893000,-13.542000,29.38
0.106896,0.473000,-0.247000,-0.850000,-32.962000,6.748000,-14.321000,29.38
0.107353,0.487000,-0.214000,-0.872000,-31.969000,7.985000,-14.061000,29.42
0.107865,0.460000,-0.211000,-0.881000,-30.092000,8.870000,-13.603000,29.42
0.108330,0.461000,-0.215000,-0.888000,-28.611000,10.412000,-13.786000,29.47
0.108766,0.431000,-0.239000,-0.861000,-29.557000,14.244000,-15.344000,29.38
0.109199,0.443000,-0.222000,-0.869000,-30.076000,18.840000,-18.611000,29.42
0.109629,0.438000,-0.161000,-0.887000,-27.771000,21.313000,-22.534000,29.33
0.110064,0.416000,-0.230000,-0.879000,-33.924000,23.389000,-26.870000,29.47
0.110504,0.468000,-0.161000,-0.895000,-31.099000,29.206000,-33.908000,29.38
0.110933,0.261000,0.383000,-1.014000,-12.107000,27.878000,-55.832000,29.42
0.111362,0.675000,-0.010000,-1.193000,60.809000,16.641000,-105.115000,29.42
0.111797,0.542000,-0.316000,-0.611000,60.427000,-14.931000,-137.313000,29.47
0.112234,0.605000,-0.475000,-0.797000,65.450000,-0.519000,-154.458000,29.38
0.112761,0.560000,-0.276000,-0.792000,74.183000,1.863000,-168.244000,29.42
0.113294,0.569000,-0.139000,-0.831000,83.664000,-1.496000,-182.031000,29.38
0.113763,0.575000,-0.142000,-0.819000,98.534000,-5.740000,-194.565000,29.47
0.114196,0.600000,-0.175000,-0.816000,110.168000,-9.023000,-206.107000,29.38
0.114630,0.586000,-0.194000,-0.788000,118.061000,-11.328000,-215.466000,29.33
0.115066,0.609000,-0.176000,-0.783000,125.389000,-23.160000,-223.679000,29.33
0.115505,0.598000,-0.165000,-0.792000,132.504000,-30.076000,-231.710000,29.38
0.115990,0.584000,-0.153000,-0.796000,139.053000,-30.031000,-239.664000,29.38
0.116537,0.578000,-0.144000,-0.789000,146.626000,-31.084000,-245.939000,29.33
0.117004,0.580000,-0.139000,-0.819000,152.794000,-35.328000,-250.046000,29.33
0.117462,0.569000,-0.141000,-0.791000,156.672000,-38.641000,-252.168000,29.47
0.118038,0.559000,-0.188000,-0.777000,158.122000,-37.435000,-250.763000,29.38
0.118497,0.563000,-0.135000,-0.855000,151.802000,-51.008000,-249.237000,29.33
0.118944,0.528000,-0.122000,-0.799000,153.221000,-47.863000,-244.107000,29.42
0.119387,0.537000,-0.131000,-0.814000,149.481000,-44.427000,-237.084000,29.38
0.119822,0.543000,-0.160000,-0.843000,145.771000,-48.748000,-227.802000,29.38
0.120310,0.500000,-0.140000,-0.851000,140.824000,-52.702000,-217.527000,29.33
0.120751,0.494000,-0.131000,-0.847000,135.298000,-52.061000,-204.992000,29.33
0.121297,0.479000,-0.139000,-0.854000,127.008000,-52.015000,-191.344000,29.38
0.121741,0.479000,-0.142000,-0.882000,116.244000,-54.015000,-176.504000,29.38
0.122174,0.469000,-0.174000,-0.875000,102.534000,-54.061000,-158.031000,29.42
0.122606,0.459000,-0.174000,-0.866000,86.962000,-54.305000,-137.557000,29.42
0.123136,0.436000,-0.171000,-0.881000,71.252000,-53.496000,-115.771000,29.38
0.123706,0.434000,-0.162000,-0.892000,56.595000,-52.748000,-92.092000,29.38
0.124160,0.387000,-0.152000,-0.882000,40.489000,-50.702000,-66.779000,29.42
0.124605,0.432000,-0.198000,-0.860000,18.427000,-41.252000,-35.313000,29.42
0.125051,0.404000,-0.091000,-0.844000,-1.084000,-29.466000,-1.008000,29.47
0.125489,0.396000,0.414000,-1.031000,18.244000,-26.565000,7.878000,29.47
0.125929,0.365000,0.127000,-0.848000,28.809000,-28.779000,12.702000,29.33
0.126368,0.520000,-0.252000,-0.908000,29.893000,-17.573000,10.443000,29.33
0.126806,0.472000,-0.385000,-0.812000,19.481000,-6.794000,6.214000,29.38
0.127259,0.452000,-0.377000,-0.860000,12.244000,-10.641000,2.779000,29.38
0.127737,0.421000,-0.304000,-0.837000,10.397000,0.748000,2.198000,29.33
0.128203,0.462000,-0.240000,-0.887000,7.374000,4.214000,1.649000,29.42
0.128646,0.490000,-0.170000,-0.863000,6.656000,7.695000,2.473000,29.38
0.129084,0.492000,-0.138000,-0.875000,7.634000,5.496000,4.427000,29.47
0.129560,0.483000,-0.243000,-0.825000,6.519000,5.679000,5.557000,29.33
0.130042,0.490000,-0.306000,-0.801000,2.336000,4.565000,4.092000,29.42
0.130497,0.470000,-0.249000,-0.824000,-0.198000,8.519000,3.145000,29.47
0.130907,0.448000,-0.135000,-0.884000,0.046000,7.847000,2.626000,29.38
0.131312,0.431000,-0.116000,-0.885000,3.191000,5.237000,3.603000,29.47
0.131714,0.428000,-0.119000,-0.904000,7.466000,5.450000,5.466000,29.42
0.132124,0.407000,-0.130000,-0.885000,13.115000,2.489000,6.305000,29.52
0.132530,0.390000,-0.169000,-0.891000,15.191000,4.779000,6.046000,29.38
0.133043,0.436000,-0.193000,-0.885000,15.344000,8.687000,5.847000,29.47
0.133628,0.462000,-0.186000,-0.895000,15.542000,12.321000,5.679000,29.42
0.134084,0.466000,-0.180000,-0.886000,16.931000,12.595000,5.832000,29.42
0.134531,0.493000,-0.223000,-0.860000,17.008000,12.473000,6.061000,29.47
0.134975,0.479000,-0.261000,-0.853000,15.145000,11.618000,5.145000,29.38
0.135415,0.482000,-0.280000,-0.851000,10.275000,13.252000,3.008000,29.42
0.135843,0.490000,-0.271000,-0.837000,8.122000,2.000000,1.435000,29.33
0.136289,0.471000,-0.258000,-0.838000,7.221000,-1.252000,-0.092000,29.38
0.136721,0.449000,-0.233000,-0.855000,3.863000,6.397000,-1.282000,29.47
0.137147,0.456000,-0.222000,-0.861000,4.321000,6.672000,-2.092000,29.42
0.137578,0.448000,-0.217000,-0.877000,3.466000,11.557000,-2.412000,29.47
0.138074,0.470000,-0.209000,-0.875000,2.916000,10.550000,-2.473000,29.47
0.138596,0.484000,-0.193000,-0.883000,3.573000,8.382000,-1.511000,29.47
0.139059,0.476000,-0.213000,-0.866000,3.511000,10.137000,-0.580000,29.33
0.139468,0.470000,-0.241000,-0.848000,2.565000,11.863000,-1.176000,29.42
0.139878,0.474000,-0.256000,-0.849000,0.962000,11.573000,-2.565000,29.38
0.140295,0.482000,-0.263000,-0.842000,-1.450000,10.107000,-4.244000,29.28
0.140711,0.469000,-0.245000,-0.825000,-2.443000,8.427000,-5.588000,29.33
0.141135,0.480000,-0.242000,-0.847000,-3.969000,8.305000,-6.580000,29.52
0.141547,0.486000,-0.225000,-0.844000,-3.649000,4.534000,-6.901000,29.47
0.141958,0.497000,-0.207000,-0.850000,-3.786000,4.550000,-6.656000,29.28
0.142379,0.475000,-0.194000,-0.849000,-2.992000,5.374000,-6.153000,29.33
0.142785,0.479000,-0.194000,-0.856000,-1.634000,5.359000,-5.115000,29.33
0.143203,0.484000,-0.196000,-0.850000,-0.733000,4.076000,-4.534000,29.47
0.143613,0.484000,-0.198000,-0.851000,0.458000,3.557000,-4.107000,29.57
0.144124,0.485000,-0.215000,-0.847000,0.229000,3.435000,-3.863000,29.42
0.144684,0.472000,-0.206000,-0.843000,-0.092000,2.733000,-3.908000,29.38
0.145141,0.473000,-0.224000,-0.834000,-1.618000,1.160000,-4.458000,29.38
0.145623,0.475000,-0.214000,-0.825000,-4.260000,-1.298000,-5.740000,29.38
0.146152,0.473000,-0.229000,-0.838000,-7.160000,-2.031000,-6.947000,29.42
0.146918,0.483000,-0.227000,-0.839000,-7.618000,-3.557000,-7.603000,29.33
0.147471,0.492000,-0.214000,-0.849000,-7.405000,-4.031000,-7.466000,29.47
0.147985,0.489000,-0.210000,-0.847000,-6.824000,-4.275000,-6.962000,29.47
0.148526,0.485000,-0.211000,-0.838000,-6.718000,-4.137000,-6.382000,29.42
0.149041,0.487000,-0.203000,-0.860000,-5.725000,-3.374000,-5.282000,29.42
0.149503,0.490000,-0.198000,-0.857000,-4.672000,-2.809000,-4.092000,29.38
0.149929,0.481000,-0.208000,-0.855000,-4.061000,-2.565000,-3.252000,29.47
0.150359,0.486000,-0.206000,-0.860000,-4.076000,-1.985000,-2.519000,29.42
0.150779,0.489000,-0.209000,-0.860000,-4.107000,-1.573000,-1.847000,29.42
0.151201,0.487000,-0.220000,-0.852000,-4.901000,-1.603000,-1.573000,29.38
0.151631,0.484000,-0.215000,-0.856000,-5.450000,-1.359000,-1.634000,29.38
0.152052,0.475000,-0.213000,-0.851000,-6.443000,-1.802000,-1.786000,29.42
0.152476,0.477000,-0.222000,-0.854000,-7.725000,-1.557000,-2.275000,29.33
0.152915,0.463000,-0.217000,-0.843000,-9.038000,-0.137000,-2.870000,29.47
0.153331,0.462000,-0.211000,-0.851000,-9.191000,-0.733000,-3.389000,29.38
0.153808,0.472000,-0.203000,-0.855000,-9.374000,-0.244000,-3.740000,29.52
0.154397,0.471000,-0.183000,-0.860000,-8.580000,-0.443000,-3.359000,29.42
0.154864,0.461000,-0.177000,-0.862000,-7.359000,-0.076000,-2.351000,29.38
0.155308,0.470000,-0.171000,-0.876000,-5.878000,0.626000,-1.450000,29.38
0.155756,0.470000,-0.185000,-0.874000,-4.672000,1.374000,-0.260000,29.42
0.156210,0.478000,-0.198000,-0.865000,-4.046000,1.160000,0.458000,29.33
0.156655,0.485000,-0.188000,-0.874000,-2.901000,0.901000,1.359000,29.38
0.157079,0.466000,-0.197000,-0.863000,-1.939000,1.145000,1.832000,29.38
0.157503,0.466000,-0.228000,-0.854000,-2.092000,0.534000,1.450000,29.42
0.157997,0.457000,-0.230000,-0.857000,-3.206000,0.397000,0.733000,29.42
0.158520,0.450000,-0.237000,-0.856000,-5.084000,0.779000,-1.084000,29.38
0.159020,0.458000,-0.229000,-0.856000,-7.267000,1.099000,-2.443000,29.47
0.159506,0.493000,-0.227000,-0.855000,-8.550000,-0.595000,-3.435000,29.42
0.159960,0.478000,-0.223000,-0.860000,-10.916000,0.824000,-4.137000,29.38
0.160402,0.487000,-0.214000,-0.859000,-12.107000,0.214000,-4.427000,29.47
0.160846,0.475000,-0.204000,-0.854000,-12.992000,-0.122000,-4.962000,29.47
0.161288,0.469000,-0.189000,-0.858000,-13.771000,-0.366000,-4.885000,29.52
0.161736,0.468000,-0.179000,-0.868000,-13.725000,-0.275000,-4.565000,29.42
0.162170,0.468000,-0.171000,-0.870000,-13.496000,0.702000,-3.771000,29.38
0.162657,0.466000,-0.195000,-0.870000,-13.328000,1.466000,-3.130000,29.47
0.163122,0.461000,-0.186000,-0.875000,-13.145000,2.473000,-2.962000,29.42
0.163577,0.474000,-0.182000,-0.859000,-13.298000,4.046000,-2.687000,29.42
0.164096,0.480000,-0.187000,-0.865000,-12.977000,4.931000,-2.519000,29.47
0.164577,0.483000,-0.197000,-0.864000,-12.870000,6.565000,-2.290000,29.38
0.165011,0.479000,-0.194000,-0.864000,-12.947000,7.924000,-2.733000,29.42
0.165453,0.478000,-0.188000,-0.861000,-11.969000,10.214000,-3.191000,29.42
0.165880,0.474000,-0.201000,-0.858000,-10.977000,12.916000,-3.863000,29.38
0.166312,0.462000,-0.199000,-0.862000,-10.290000,15.221000,-5.527000,29.38
0.166768,0.405000,-0.190000,-0.839000,-12.183000,22.107000,-8.748000,29.33
0.167200,0.457000,-0.127000,-0.886000,-10.519000,26.458000,-13.145000,29.42
0.167626,0.484000,-0.058000,-0.871000,-4.336000,28.000000,-24.427000,29.38
0.168158,0.327000,0.561000,-0.936000,17.115000,27.985000,-59.298000,29.38
0.168773,0.671000,0.362000,-1.132000,82.198000,-0.702000,-116.336000,29.33
0.169221,0.631000,0.016000,-0.716000,97.740000,-11.588000,-164.351000,29.42
0.169650,0.780000,-0.019000,-0.764000,115.969000,-4.565000,-198.519000,29.38
0.170077,0.801000,0.042000,-0.725000,132.168000,-24.031000,-228.397000,29.38
0.170501,0.836000,0.107000,-0.712000,145.313000,-26.977000,-257.435000,29.42
0.170929,1.024000,-0.405000,-0.598000,175.313000,-28.901000,-276.427000,29.42
0.171422,1.099000,-0.110000,-0.540000,160.550000,-61.679000,-297.435000,29.28
0.171878,1.035000,-0.369000,-0.169000,171.573000,-8.351000,-295.618000,29.38
0.172335,1.144000,-0.486000,-0.273000,147.191000,-34.443000,-291.405000,29.42
0.172764,1.073000,-0.487000,-0.337000,145.924000,-58.611000,-271.924000,29.42
0.173209,0.972000,-0.466000,-0.383000,131.206000,-59.588000,-250.336000,29.47
0.173648,0.861000,-0.403000,-0.462000,119.603000,-55.313000,-228.763000,29.28
0.174098,0.801000,-0.397000,-0.588000,108.198000,-32.183000,-208.458000,29.33
0.174542,0.759000,-0.381000,-0.685000,93.527000,-19.679000,-190.687000,29.42
0.174977,0.660000,-0.375000,-0.781000,81.969000,-20.504000,-172.626000,29.42
0.175421,0.610000,-0.391000,-0.820000,76.107000,-23.084000,-155.069000,29.38
0.175855,0.520000,-0.416000,-0.780000,65.802000,-18.916000,-139.374000,29.42
0.176294,0.480000,-0.395000,-0.812000,56.473000,-11.130000,-125.023000,29.33
0.176724,0.472000,-0.314000,-0.857000,61.359000,-4.366000,-113.802000,29.38
0.177269,0.365000,-0.281000,-0.877000,58.947000,3.924000,-104.412000,29.47
0.177900,0.357000,-0.189000,-0.911000,66.305000,-15.634000,-99.282000,29.42
0.178380,0.294000,-0.198000,-0.959000,70.214000,-19.740000,-97.435000,29.42
0.178868,0.306000,-0.208000,-0.991000,73.725000,-10.840000,-94.809000,29.38
0.179318,0.283000,-0.241000,-0.981000,75.771000,-7.542000,-94.061000,29.38
0.179760,0.244000,-0.235000,-1.006000,73.649000,-15.191000,-90.916000,29.42
0.180333,0.237000,-0.263000,-1.085000,70.214000,-20.718000,-90.290000,29.42
0.180799,0.231000,-0.259000,-1.047000,68.489000,-26.229000,-88.382000,29.38
0.181236,0.217000,-0.244000,-1.051000,61.756000,-31.160000,-85.817000,29.28
0.181674,0.226000,-0.297000,-1.000000,63.634000,-35.740000,-80.443000,29.42
0.182111,0.204000,-0.278000,-1.029000,60.305000,-40.275000,-73.359000,29.33
0.182553,0.182000,-0.248000,-1.009000,57.420000,-45.099000,-63.817000,29.47
0.182992,0.157000,-0.266000,-0.960000,42.443000,-50.580000,-54.321000,29.38
0.183427,0.078000,-0.321000,-1.016000,30.824000,-55.664000,-34.672000,29.33
0.183875,0.095000,-0.297000,-0.962000,20.000000,-47.298000,-7.542000,29.42
0.184308,0.192000,-0.132000,-0.905000,18.626000,-35.832000,15.756000,29.47
0.184730,0.321000,0.154000,-0.961000,16.580000,-34.565000,4.962000,29.47
0.185174,0.470000,-0.055000,-1.018000,19.084000,-19.069000,1.817000,29.52
0.185593,0.556000,-0.527000,-0.766000,15.130000,-9.069000,2.260000,29.42
0.186015,0.482000,-0.540000,-0.678000,6.656000,4.748000,1.328000,29.47
0.186446,0.473000,-0.143000,-0.958000,2.687000,11.115000,0.534000,29.38
0.186857,0.418000,0.039000,-0.951000,9.756000,9.130000,4.046000,29.42
0.187287,0.501000,-0.115000,-0.887000,16.107000,13.466000,7.634000,29.33
0.187735,0.552000,-0.225000,-0.872000,20.336000,15.756000,11.649000,29.47
0.188195,0.588000,-0.385000,-0.795000,21.664000,19.603000,10.885000,29.38
0.188706,0.508000,-0.337000,-0.791000,13.008000,10.000000,8.122000,29.42
0.189345,0.418000,-0.290000,-0.781000,12.198000,1.756000,5.771000,29.38
0.189815,0.448000,-0.244000,-0.816000,14.748000,-10.947000,4.015000,29.38
0.190268,0.474000,-0.219000,-0.839000,10.595000,1.573000,3.832000,29.38
0.190721,0.484000,-0.200000,-0.844000,4.840000,12.794000,3.557000,29.42
0.191154,0.483000,-0.208000,-0.851000,8.901000,6.107000,5.038000,29.42
0.191602,0.475000,-0.191000,-0.858000,11.038000,0.534000,6.076000,29.47
0.192040,0.459000,-0.123000,-0.901000,16.305000,-3.389000,7.191000,29.47
0.192474,0.441000,-0.116000,-0.907000,21.985000,-2.290000,9.191000,29.38
0.192908,0.446000,-0.153000,-0.896000,24.046000,6.321000,10.672000,29.42
0.193348,0.460000,-0.196000,-0.887000,24.702000,12.687000,12.244000,29.42
0.193835,0.461000,-0.219000,-0.882000,26.061000,9.328000,12.824000,29.38
0.194300,0.479000,-0.269000,-0.852000,24.809000,8.107000,12.947000,29.47
0.194751,0.480000,-0.288000,-0.846000,22.092000,11.802000,12.840000,29.42
0.195200,0.493000,-0.275000,-0.845000,20.626000,10.779000,12.351000,29.42
0.195701,0.487000,-0.296000,-0.834000,18.977000,10.076000,11.435000,29.38
0.196177,0.473000,-0.325000,-0.818000,14.992000,7.008000,9.740000,29.38
0.196669,0.471000,-0.321000,-0.829000,10.229000,4.977000,7.130000,29.33
0.197194,0.458000,-0.287000,-0.836000,7.435000,4.718000,5.176000,29.42
0.197753,0.456000,-0.275000,-0.839000,5.420000,5.664000,3.939000,29.38
0.198193,0.472000,-0.261000,-0.855000,5.176000,6.275000,3.679000,29.38
0.198643,0.471000,-0.248000,-0.861000,5.863000,5.725000,3.679000,29.33
0.199125,0.477000,-0.258000,-0.860000,6.992000,4.870000,4.000000,29.42
0.199566,0.466000,-0.254000,-0.859000,7.664000,4.855000,4.550000,29.47
0.199988,0.469000,-0.274000,-0.845000,7.634000,5.252000,4.763000,29.38
0.200409,0.457000,-0.286000,-0.834000,7.878000,4.702000,3.954000,29.42
0.200824,0.462000,-0.299000,-0.826000,7.542000,4.519000,3.527000,29.52
0.201235,0.444000,-0.317000,-0.798000,5.725000,2.473000,1.695000,29.38
0.201654,0.462000,-0.319000,-0.795000,2.824000,1.573000,-0.244000,29.47
0.202072,0.448000,-0.312000,-0.787000,0.870000,0.534000,-1.542000,29.47
0.202501,0.451000,-0.297000,-0.809000,-1.481000,1.160000,-2.931000,29.42
0.202923,0.450000,-0.292000,-0.806000,-2.458000,1.481000,-3.679000,29.33
0.203360,0.448000,-0.281000,-0.822000,-2.840000,3.618000,-3.740000,29.47
0.203799,0.472000,-0.263000,-0.853000,-2.244000,4.672000,-3.542000,29.47
0.204223,0.470000,-0.255000,-0.847000,-0.305000,5.160000,-2.687000,29.33
0.204662,0.464000,-0.256000,-0.837000,0.733000,5.802000,-1.710000,29.42
0.205189,0.463000,-0.267000,-0.824000,2.168000,6.061000,-1.191000,29.28
0.205635,0.464000,-0.274000,-0.826000,2.809000,6.183000,-0.763000,29.38
0.206052,0.468000,-0.282000,-0.827000,3.252000,6.305000,-0.565000,29.52
0.206481,0.490000,-0.301000,-0.867000,1.771000,4.962000,-0.519000,29.52
0.206903,0.476000,-0.274000,-0.847000,1.145000,17.618000,-0.137000,29.38
0.207321,0.473000,-0.286000,-0.834000,6.031000,4.641000,0.351000,29.38
0.207738,0.466000,-0.298000,-0.828000,3.771000,7.786000,0.611000,29.33
0.208150,0.465000,-0.292000,-0.829000,3.710000,7.496000,0.397000,29.38
0.208574,0.475000,-0.293000,-0.834000,2.519000,10.153000,-0.015000,29.47
0.209069,0.482000,-0.289000,-0.826000,1.710000,10.427000,-0.107000,29.38
0.209614,0.487000,-0.290000,-0.830000,2.183000,6.305000,0.107000,29.42
0.210058,0.488000,-0.294000,-0.836000,1.481000,4.870000,0.031000,29.42
0.210497,0.474000,-0.295000,-0.831000,1.756000,2.183000,-0.153000,29.38
0.210941,0.485000,-0.295000,-0.836000,1.069000,2.931000,-0.641000,29.47
0.211389,0.486000,-0.292000,-0.824000,0.733000,2.855000,-0.534000,29.42
0.211834,0.481000,-0.293000,-0.827000,0.214000,1.908000,-0.718000,29.33
0.212275,0.483000,-0.302000,-0.835000,-0.336000,2.534000,-0.626000,29.47
0.212717,0.493000,-0.287000,-0.829000,-0.534000,2.290000,-0.504000,29.38
0.213187,0.479000,-0.290000,-0.829000,-0.443000,2.321000,0.092000,29.42
0.213655,0.474000,-0.277000,-0.833000,0.198000,2.107000,0.412000,29.42
0.214098,0.476000,-0.285000,-0.835000,0.733000,2.137000,0.718000,29.38
0.214507,0.474000,-0.281000,-0.837000,1.557000,2.489000,1.328000,29.47
0.214926,0.471000,-0.292000,-0.848000,2.168000,3.023000,1.527000,29.33
0.215343,0.471000,-0.308000,-0.822000,1.481000,3.893000,1.206000,29.42
0.215760,0.473000,-0.324000,-0.825000,0.137000,4.076000,0.458000,29.38
0.216189,0.473000,-0.344000,-0.817000,-2.534000,4.015000,-0.947000,29.47
0.216616,0.475000,-0.331000,-0.809000,-5.725000,3.985000,-2.412000,29.42
0.217042,0.466000,-0.322000,-0.792000,-8.794000,3.985000,-3.969000,29.42
0.217466,0.469000,-0.339000,-0.800000,-12.076000,3.573000,-5.527000,29.47
0.217897,0.482000,-0.327000,-0.799000,-15.023000,3.267000,-7.099000,29.38
0.218321,0.469000,-0.308000,-0.822000,-16.687000,3.557000,-8.443000,29.38
0.218760,0.469000,-0.292000,-0.812000,-17.420000,3.832000,-9.221000,29.33
0.219314,0.465000,-0.266000,-0.820000,-19.802000,4.366000,-9.817000,29.42
0.219894,0.484000,-0.275000,-0.832000,-18.198000,1.313000,-9.740000,29.47
0.220353,0.485000,-0.270000,-0.835000,-15.863000,-3.038000,-9.221000,29.38
0.220817,0.482000,-0.248000,-0.838000,-15.405000,-1.099000,-8.641000,29.33
0.221303,0.479000,-0.249000,-0.837000,-14.718000,2.809000,-7.924000,29.33
0.221773,0.478000,-0.250000,-0.841000,-13.130000,1.786000,-6.702000,29.38
0.222247,0.475000,-0.249000,-0.861000,-11.466000,0.733000,-6.000000,29.47
0.222665,0.483000,-0.233000,-0.849000,-9.359000,1.252000,-4.748000,29.33
0.223085,0.481000,-0.245000,-0.868000,-7.573000,1.359000,-3.908000,29.33
0.223510,0.480000,-0.267000,-0.839000,-7.786000,1.679000,-3.771000,29.47
0.223948,0.479000,-0.283000,-0.832000,-6.595000,-1.084000,-4.702000,29.38
0.224380,0.491000,-0.289000,-0.811000,-10.992000,-0.183000,-5.542000,29.42
0.224800,0.468000,-0.299000,-0.815000,-12.885000,-2.137000,-7.099000,29.38
0.225221,0.487000,-0.301000,-0.812000,-16.916000,-1.450000,-8.336000,29.38
0.225645,0.491000,-0.287000,-0.820000,-20.046000,-2.275000,-10.031000,29.38
0.226075,0.491000,-0.283000,-0.822000,-22.702000,-2.519000,-11.298000,29.42
0.226507,0.484000,-0.271000,-0.854000,-24.580000,-1.115000,-11.573000,29.33
0.226936,0.503000,-0.252000,-0.844000,-25.405000,-2.534000,-11.969000,29.28
0.227365,0.497000,-0.228000,-0.862000,-23.237000,-3.344000,-11.527000,29.38
0.227803,0.507000,-0.221000,-0.872000,-19.969000,-3.969000,-10.534000,29.33
0.228231,0.509000,-0.207000,-0.860000,-15.756000,-3.771000,-8.580000,29.42
0.228667,0.497000,-0.181000,-0.870000,-11.740000,-4.351000,-6.565000,29.38
0.229180,0.489000,-0.183000,-0.872000,-8.580000,-4.519000,-4.763000,29.47
0.229770,0.471000,-0.181000,-0.865000,-5.893000,-2.672000,-3.527000,29.33
0.230233,0.449000,-0.200000,-0.870000,-3.969000,0.351000,-3.466000,29.33
0.230645,0.466000,-0.204000,-0.869000,-1.878000,4.809000,-3.313000,29.38
0.231053,0.464000,-0.186000,-0.862000,0.595000,8.626000,-4.031000,29.38
0.231464,0.456000,-0.175000,-0.859000,3.969000,10.504000,-6.229000,29.42
0.231887,0.469000,-0.095000,-0.870000,2.397000,11.389000,-12.885000,29.33
0.232301,0.486000,-0.003000,-0.846000,4.351000,4.137000,-23.374000,29.42
0.232710,0.483000,0.257000,-0.865000,7.160000,-0.840000,-48.061000,29.47
0.233130,0.552000,0.250000,-0.918000,12.351000,-6.015000,-77.298000,29.38
0.233557,0.663000,0.245000,-0.940000,26.550000,-18.534000,-103.206000,29.33
0.234000,0.678000,0.262000,-0.875000,33.664000,-24.031000,-127.053000,29.47
0.234435,0.824000,0.084000,-0.931000,38.626000,-36.947000,-143.405000,29.47
0.234873,0.843000,0.015000,-0.886000,42.870000,-46.107000,-150.977000,29.38
0.235320,0.776000,-0.177000,-0.672000,39.221000,-42.366000,-153.206000,29.42
0.235760,1.074000,0.134000,-0.371000,69.374000,-35.817000,-157.985000,29.42
0.236184,0.624000,-0.682000,0.035000,77.908000,-13.817000,-137.634000,29.38
0.236610,1.143000,-0.750000,-0.369000,54.779000,11.389000,-128.962000,29.38
0.237054,0.916000,-0.679000,-0.390000,33.985000,18.214000,-109.267000,29.33
0.237475,0.883000,-0.418000,-0.481000,34.656000,25.695000,-88.885000,29.42
0.237921,0.743000,-0.350000,-0.477000,43.618000,36.626000,-75.176000,29.38
0.238392,0.715000,-0.334000,-0.550000,47.374000,45.924000,-65.573000,29.47
0.238879,0.692000,-0.322000,-0.661000,42.870000,49.878000,-58.977000,29.42
0.239455,0.742000,-0.333000,-1.045000,43.557000,40.809000,-52.504000,29.33
0.240061,0.601000,-0.361000,-1.061000,30.290000,23.206000,-49.115000,29.38
0.240604,0.353000,-0.189000,-0.721000,20.626000,11.359000,-49.359000,29.38
0.241100,0.352000,-0.169000,-0.900000,23.588000,8.748000,-52.168000,29.42
0.241564,0.348000,-0.207000,-1.080000,26.809000,0.214000,-51.130000,29.38
0.242071,0.230000,-0.245000,-0.955000,28.015000,-0.809000,-51.160000,29.38
0.242535,0.106000,-0.261000,-0.876000,29.328000,-3.786000,-52.092000,29.38
0.242966,-0.006000,-0.299000,-1.003000,31.420000,-11.237000,-54.290000,29.42
0.243398,-0.083000,-0.435000,-1.289000,27.985000,-26.901000,-53.389000,29.33
0.243896,-0.240000,-0.441000,-1.406000,26.046000,-43.344000,-52.901000,29.38
0.244458,-0.346000,-0.376000,-1.304000,25.847000,-64.198000,-55.267000,29.38
0.244924,0.159000,-0.353000,-0.916000,16.443000,-65.191000,-57.969000,29.33
0.245376,0.738000,-0.393000,-0.780000,-9.511000,-51.939000,-47.771000,29.42
0.245836,0.640000,-0.068000,-0.860000,-19.328000,-50.122000,-26.244000,29.38
0.246325,0.505000,0.246000,-0.781000,-13.954000,-18.092000,-9.145000,29.47
0.246822,0.532000,0.186000,-1.070000,2.687000,-25.496000,3.435000,29.42
0.247262,0.300000,-0.128000,-0.959000,8.214000,-24.489000,7.313000,29.33
0.247694,0.466000,-0.207000,-1.140000,16.794000,-47.221000,1.176000,29.47
0.248111,0.547000,-0.279000,-0.793000,7.237000,-12.290000,-1.359000,29.28
0.248538,0.547000,-0.218000,-0.856000,4.626000,-10.794000,-0.427000,29.33
0.248959,0.521000,-0.191000,-0.815000,2.855000,-2.672000,0.550000,29.38
0.249463,0.480000,-0.052000,-0.924000,1.298000,5.863000,1.786000,29.38
0.249893,0.446000,-0.166000,-0.848000,0.611000,12.229000,0.519000,29.42
0.250312,0.499000,-0.218000,-0.854000,5.603000,0.748000,-0.641000,29.42
0.250732,0.458000,-0.222000,-0.804000,4.473000,-2.107000,-0.992000,29.47
0.251147,0.503000,-0.233000,-0.859000,2.061000,-6.366000,-2.504000,29.38
0.251567,0.467000,-0.205000,-0.854000,0.489000,-4.168000,-4.092000,29.33
0.251989,0.483000,-0.170000,-0.866000,0.733000,-4.702000,-4.901000,29.42
0.252410,0.486000,-0.146000,-0.856000,1.649000,-8.336000,-4.763000,29.38
0.252829,0.478000,-0.137000,-0.854000,3.435000,-10.611000,-3.008000,29.47
0.253261,0.444000,-0.152000,-0.844000,3.603000,-2.656000,-2.443000,29.33
0.253776,0.433000,-0.164000,-0.860000,4.458000,1.450000,-3.053000,29.33
0.254361,0.449000,-0.182000,-0.846000,4.489000,3.389000,-4.244000,29.47
0.254863,0.470000,-0.175000,-0.869000,3.374000,1.649000,-4.855000,29.38
0.255333,0.447000,-0.182000,-0.848000,4.260000,0.702000,-4.397000,29.42
0.255770,0.465000,-0.193000,-0.866000,1.237000,2.763000,-5.099000,29.42
0.256186,0.485000,-0.181000,-0.865000,-0.595000,2.763000,-5.344000,29.38
0.256599,0.466000,-0.188000,-0.859000,-1.893000,-1.588000,-5.252000,29.38
0.257014,0.484000,-0.229000,-0.860000,-2.779000,-1.420000,-6.489000,29.42
0.257426,0.494000,-0.226000,-0.833000,-4.336000,1.588000,-7.191000,29.42
0.257840,0.500000,-0.198000,-0.865000,-6.840000,4.244000,-7.221000,29.47
0.258251,0.464000,-0.136000,-0.861000,-5.252000,-5.069000,-6.504000,29.38
0.258680,0.490000,-0.179000,-0.858000,-3.817000,-4.977000,-6.290000,29.42
0.259211,0.480000,-0.171000,-0.862000,-5.649000,-2.046000,-5.130000,29.42
0.259785,0.486000,-0.167000,-0.885000,-6.061000,-2.550000,-4.427000,29.38
0.260236,0.455000,-0.146000,-0.831000,-7.160000,3.771000,-3.405000,29.47
0.260682,0.499000,-0.192000,-0.885000,-6.305000,0.947000,-1.649000,29.42
0.261132,0.508000,-0.162000,-0.890000,-4.626000,-5.557000,-1.389000,29.42
0.261613,0.498000,-0.166000,-0.881000,-4.641000,-1.267000,-0.870000,29.38
0.262484,0.481000,-0.151000,-0.877000,-3.557000,-3.802000,-0.504000,29.38
0.262953,0.470000,-0.165000,-0.870000,-3.176000,1.817000,0.046000,29.33
0.263439,0.481000,-0.173000,-0.867000,-3.817000,2.443000,0.107000,29.33
0.263907,0.479000,-0.170000,-0.865000,-2.611000,1.206000,0.305000,29.38
0.264336,0.474000,-0.161000,-0.873000,-2.214000,0.656000,0.305000,29.47
0.264746,0.467000,-0.173000,-0.864000,-2.565000,1.160000,0.321000,29.42
0.265177,0.472000,-0.163000,-0.871000,-2.015000,0.351000,0.656000,29.42
0.265613,0.470000,-0.150000,-0.865000,-2.336000,1.664000,1.267000,29.38
0.266031,0.468000,-0.160000,-0.868000,-1.252000,1.359000,1.924000,29.38
0.266442,0.466000,-0.163000,-0.867000,-0.809000,1.527000,2.183000,29.42
0.266855,0.467000,-0.161000,-0.876000,-0.244000,2.611000,2.840000,29.52
0.267284,0.464000,-0.169000,-0.864000,-0.046000,2.672000,3.023000,29.38
0.267689,0.464000,-0.168000,-0.870000,0.382000,3.802000,3.359000,29.38
0.268106,0.465000,-0.164000,-0.873000,1.298000,3.374000,3.679000,29.42
0.268522,0.461000,-0.174000,-0.868000,0.931000,2.840000,3.863000,29.42
0.268945,0.469000,-0.186000,-0.887000,0.137000,1.649000,3.649000,29.42
0.269381,0.490000,-0.177000,-0.855000,-1.969000,3.176000,2.702000,29.38
0.269802,0.495000,-0.191000,-0.891000,0.733000,-5.298000,3.053000,29.57
0.270234,0.463000,-0.170000,-0.859000,-2.214000,7.344000,2.687000,29.33
0.270659,0.453000,-0.180000,-0.855000,-1.817000,6.443000,2.763000,29.38
0.271096,0.459000,-0.172000,-0.871000,-1.176000,1.511000,3.405000,29.38
0.271666,0.469000,-0.165000,-0.870000,-4.992000,7.817000,3.252000,29.38
0.272113,0.441000,-0.177000,-0.844000,-3.130000,8.198000,3.389000,29.42
0.272646,0.464000,-0.158000,-0.867000,-3.099000,6.519000,2.611000,29.42
0.273082,0.451000,-0.158000,-0.855000,-2.397000,4.595000,2.718000,29.38
0.273498,0.464000,-0.167000,-0.866000,0.458000,2.061000,2.412000,29.38
0.273936,0.465000,-0.169000,-0.875000,-1.191000,3.084000,2.382000,29.42
0.274352,0.464000,-0.166000,-0.862000,-1.405000,4.824000,2.626000,29.33
0.274775,0.460000,-0.169000,-0.859000,-0.687000,4.641000,2.534000,29.38
0.275208,0.453000,-0.178000,-0.863000,-1.023000,4.183000,2.290000,29.38
0.275657,0.466000,-0.185000,-0.862000,-2.626000,2.031000,1.664000,29.42
0.276094,0.461000,-0.183000,-0.854000,-2.824000,4.000000,1.557000,29.42
0.276511,0.454000,-0.186000,-0.864000,-3.099000,4.580000,0.382000,29.38
0.276937,0.460000,-0.186000,-0.861000,-3.985000,3.817000,-0.504000,29.38
0.277354,0.460000,-0.179000,-0.862000,-6.534000,0.901000,-1.099000,29.42
0.277783,0.458000,-0.188000,-0.847000,-6.870000,1.069000,-1.282000,29.47
0.278214,0.470000,-0.175000,-0.882000,-6.092000,-5.908000,-2.168000,29.38
0.278633,0.414000,-0.185000,-0.871000,-5.160000,6.214000,-2.260000,29.38
0.279064,0.439000,-0.139000,-0.834000,-3.237000,-4.214000,-3.908000,29.42
0.279495,0.466000,-0.146000,-0.844000,-5.969000,-5.420000,-4.550000,29.42
0.280004,0.434000,-0.166000,-0.852000,-11.389000,-8.824000,-6.321000,29.38
0.280445,0.465000,-0.119000,-0.858000,-6.244000,-17.664000,-5.420000,29.47
0.280864,0.457000,-0.235000,-0.815000,-3.557000,-1.511000,-2.351000,29.42
0.281285,0.449000,-0.125000,-0.899000,-7.221000,-0.595000,-2.153000,29.33
0.281711,0.440000,-0.181000,-0.872000,-5.038000,-5.252000,-1.664000,29.38
0.282126,0.443000,-0.216000,-0.835000,-5.466000,2.458000,-1.802000,29.38
0.282649,0.434000,-0.173000,-0.867000,-4.473000,5.634000,-1.679000,29.42
0.283276,0.452000,-0.196000,-0.874000,-6.290000,9.893000,-2.046000,29.33
0.283786,0.469000,-0.158000,-0.867000,-6.702000,5.099000,-2.534000,29.38
0.284246,0.466000,-0.158000,-0.899000,-5.802000,-0.641000,-2.076000,29.47
0.284672,0.459000,-0.158000,-0.874000,-5.466000,0.198000,-1.679000,29.33
0.285100,0.441000,-0.160000,-0.866000,-3.206000,2.015000,-1.389000,29.47
0.285522,0.448000,-0.169000,-0.854000,-2.366000,10.275000,-0.687000,29.28
0.285945,0.457000,-0.151000,-0.870000,-2.473000,11.160000,-0.260000,29.47
0.286364,0.457000,-0.153000,-0.880000,-2.626000,12.061000,-0.153000,29.33
0.286916,0.471000,-0.138000,-0.887000,-4.092000,7.939000,-0.840000,29.42
0.287560,0.461000,-0.145000,-0.891000,-3.679000,4.611000,-0.748000,29.38
0.288046,0.461000,-0.139000,-0.887000,-2.290000,2.198000,-0.779000,29.38
0.288615,0.469000,-0.139000,-0.891000,-0.794000,-1.542000,-0.595000,29.42
0.289076,0.471000,-0.160000,-0.885000,-0.947000,-2.290000,-0.580000,29.33
0.289504,0.455000,-0.165000,-0.867000,-0.458000,-0.305000,-0.702000,29.28
0.289929,0.454000,-0.161000,-0.847000,-1.008000,3.298000,-0.626000,29.47
0.290362,0.452000,-0.169000,-0.876000,-0.336000,3.634000,-0.076000,29.33
0.290781,0.458000,-0.174000,-0.875000,-1.160000,1.374000,-0.885000,29.42
0.291194,0.453000,-0.152000,-0.871000,-1.817000,5.740000,-0.687000,29.38
0.291600,0.463000,-0.146000,-0.884000,-0.412000,2.977000,-1.450000,29.47
0.292016,0.483000,-0.148000,-0.884000,-1.954000,0.427000,-1.374000,29.42
0.292450,0.460000,-0.142000,-0.872000,-1.969000,1.252000,-0.626000,29.33
0.292866,0.439000,-0.179000,-0.881000,-3.740000,-8.656000,-2.122000,29.47
0.293276,0.444000,-0.160000,-0.897000,-0.885000,4.779000,0.183000,29.47
0.293691,0.431000,-0.157000,-0.856000,0.931000,0.748000,-0.473000,29.42
0.294102,0.449000,-0.166000,-0.878000,-0.336000,6.061000,0.183000,29.42
0.294515,0.453000,-0.166000,-0.865000,-1.252000,6.046000,-0.412000,29.38
0.294948,0.484000,-0.015000,-0.920000,-2.046000,4.916000,-1.985000,29.28
0.295369,0.468000,-0.158000,-0.891000,0.244000,2.733000,0.183000,29.33
0.295784,0.449000,-0.163000,-0.864000,-0.412000,0.122000,0.473000,29.42
0.296326,0.444000,-0.177000,-0.875000,-0.687000,-1.679000,0.336000,29.47
0.296782,0.446000,-0.174000,-0.881000,-0.931000,1.191000,0.168000,29.38
0.297189,0.450000,-0.178000,-0.877000,-0.870000,4.015000,0.137000,29.33
0.297636,0.445000,-0.172000,-0.864000,-1.160000,6.397000,-0.275000,29.42
0.298061,0.446000,-0.167000,-0.861000,-1.176000,7.603000,-0.382000,29.47
0.298599,0.455000,-0.168000,-0.868000,-0.718000,7.069000,-0.153000,29.38
0.299241,0.449000,-0.164000,-0.874000,-0.336000,6.427000,0.046000,29.38
0.299738,0.465000,-0.158000,-0.877000,-0.565000,4.443000,-0.473000,29.42
0.300192,0.463000,-0.164000,-0.876000,-1.695000,3.496000,-0.702000,29.42
0.300671,0.464000,-0.162000,-0.866000,-2.092000,1.985000,-1.069000,29.38
0.301114,0.451000,-0.157000,-0.866000,-2.076000,1.786000,-1.176000,29.38
0.301548,0.454000,-0.159000,-0.867000,-1.756000,1.069000,-1.221000,29.42
0.301971,0.455000,-0.162000,-0.867000,-0.931000,1.344000,-0.824000,29.38
0.302387,0.451000,-0.163000,-0.874000,-0.290000,1.496000,-0.565000,29.38
0.302798,0.463000,-0.170000,-0.880000,0.382000,-1.069000,-0.382000,29.47
0.303214,0.502000,-0.141000,-0.905000,-1.603000,1.359000,-1.069000,29.33
0.303639,0.485000,-0.122000,-0.904000,-3.206000,5.634000,-1.817000,29.42
0.304063,0.447000,-0.199000,-0.854000,-5.634000,-0.733000,-3.282000,29.47
0.304504,0.432000,-0.189000,-0.865000,-5.450000,-0.061000,-3.053000,29.38
0.304943,0.786000,0.378000,-1.169000,-10.092000,22.489000,-5.130000,29.33
0.305387,0.427000,-0.106000,-0.761000,-7.282000,21.313000,-3.389000,29.42
0.305806,0.468000,-0.151000,-0.897000,-2.595000,-7.878000,-4.107000,29.47
0.306228,0.426000,-0.150000,-0.894000,-0.458000,2.763000,-1.786000,29.38
0.306663,0.459000,-0.143000,-0.873000,1.985000,-0.336000,-0.611000,29.42
0.307077,0.425000,-0.149000,-0.865000,3.649000,7.252000,1.038000,29.42
0.307493,0.456000,-0.183000,-0.867000,2.763000,9.389000,1.008000,29.38
0.307908,0.461000,-0.152000,-0.864000,1.008000,10.977000,1.053000,29.38
0.308411,0.462000,-0.173000,-0.868000,1.542000,10.626000,1.496000,29.42
0.309023,0.464000,-0.168000,-0.880000,0.092000,10.076000,0.870000,29.38
0.309478,0.450000,-0.157000,-0.874000,0.809000,8.229000,1.344000,29.38
0.309973,0.450000,-0.166000,-0.859000,2.366000,11.771000,2.779000,29.47
0.310427,0.462000,-0.171000,-0.863000,2.397000,11.817000,3.405000,29.42
0.310876,0.461000,-0.171000,-0.858000,1.985000,11.893000,3.511000,29.42
0.311316,0.416000,-0.214000,-0.811000,3.038000,20.351000,6.901000,29.38
0.311762,0.484000,-0.168000,-0.877000,-0.260000,25.542000,6.290000,29.38
0.312202,0.507000,-0.162000,-0.885000,-1.588000,16.763000,4.550000,29.42
0.312672,0.485000,-0.154000,-0.861000,-3.160000,10.641000,2.489000,29.42
0.313150,0.495000,-0.160000,-0.896000,-1.008000,-1.802000,0.809000,29.38
0.313612,0.481000,-0.159000,-0.882000,-0.885000,-3.527000,0.046000,29.38
0.314029,0.474000,-0.161000,-0.871000,-0.046000,-0.855000,-0.412000,29.42
0.314449,0.459000,-0.171000,-0.858000,-1.237000,1.435000,-0.931000,29.42
0.314885,0.479000,-0.159000,-0.878000,-2.031000,-2.870000,-1.069000,29.38
0.315308,0.470000,-0.158000,-0.867000,-0.962000,-6.519000,-1.313000,29.38
0.315716,0.334000,-0.019000,-0.632000,1.939000,5.786000,-1.649000,29.42
0.316150,0.449000,-0.186000,-0.775000,-0.611000,-3.939000,-1.176000,29.38
0.316567,0.478000,-0.182000,-0.872000,0.855000,-4.824000,-0.962000,29.28
0.317003,0.417000,-0.185000,-0.820000,2.366000,-6.198000,-0.229000,29.47
0.317415,0.458000,-0.205000,-0.858000,-0.122000,1.084000,-0.916000,29.33
0.317840,0.453000,-0.171000,-0.875000,0.137000,5.573000,-0.611000,29.52
0.318329,0.459000,-0.188000,-0.865000,-0.550000,5.740000,-0.519000,29.38
0.318908,0.457000,-0.178000,-0.870000,-1.420000,4.046000,-0.626000,29.47
0.319367,0.468000,-0.177000,-0.861000,-1.725000,2.504000,-0.382000,29.42
0.319851,0.463000,-0.173000,-0.867000,-1.924000,1.344000,-0.489000,29.42
0.320291,0.451000,-0.183000,-0.867000,-1.878000,2.153000,-0.870000,29.47
0.320713,0.456000,-0.173000,-0.865000,-2.397000,3.466000,-0.947000,29.38
0.321152,0.763000,-0.028000,-1.267000,-11.786000,-10.687000,-6.336000,29.24
0.321591,0.456000,-0.025000,-0.929000,-4.962000,2.702000,-3.649000,29.33
0.322028,0.500000,-0.094000,-0.918000,-0.275000,3.389000,-0.840000,29.47
0.322459,0.460000,-0.180000,-0.876000,1.710000,-8.351000,-1.099000,29.38
0.322913,0.448000,-0.231000,-0.794000,-1.420000,11.695000,0.565000,29.38
0.323329,0.476000,-0.201000,-0.867000,-1.344000,1.802000,-2.076000,29.33
0.323751,0.462000,-0.264000,-0.829000,-10.870000,24.977000,0.305000,29.42
0.324169,0.495000,-0.148000,-0.793000,-25.328000,13.710000,3.282000,29.38
0.324585,0.559000,-0.240000,-0.911000,-4.366000,26.656000,-2.229000,29.38
0.325008,0.497000,-0.160000,-0.871000,1.542000,-4.153000,-4.687000,29.33
0.325432,0.468000,-0.160000,-0.843000,0.855000,-14.015000,-2.763000,29.38
0.325850,0.453000,-0.165000,-0.848000,0.092000,-4.641000,-2.626000,29.38
0.326281,0.465000,-0.190000,-0.830000,-0.412000,11.313000,-2.458000,29.38
0.326696,0.489000,-0.174000,-0.870000,-1.893000,11.252000,-2.244000,29.42
0.327113,0.490000,-0.146000,-0.879000,-1.237000,3.511000,-3.176000,29.33
0.327540,0.480000,-0.157000,-0.859000,-0.305000,-0.260000,-3.359000,29.28
0.327949,0.455000,-0.183000,-0.839000,1.924000,1.481000,-2.122000,29.38
0.328466,0.467000,-0.182000,-0.845000,0.718000,2.626000,-1.527000,29.33
0.329049,0.464000,-0.195000,-0.843000,0.779000,10.855000,-0.962000,29.33
0.329511,0.466000,-0.149000,-0.851000,0.916000,13.954000,-0.198000,29.28
0.329987,0.491000,-0.151000,-0.870000,1.145000,11.206000,-0.275000,29.38
0.330428,0.477000,-0.163000,-0.858000,1.313000,8.321000,-0.580000,29.42
0.330855,0.486000,-0.140000,-0.875000,1.389000,1.908000,-1.588000,29.33
0.331286,0.476000,-0.195000,-0.827000,0.305000,-5.160000,-2.443000,29.47
0.331710,0.433000,-0.169000,-0.994000,-10.794000,3.115000,-3.115000,29.38
0.332126,0.470000,-0.130000,-0.802000,-15.298000,3.908000,0.534000,29.33
0.332544,0.628000,-0.119000,-0.842000,19.206000,-81.023000,-1.527000,29.47
0.332963,0.528000,-0.193000,-0.908000,-2.687000,16.992000,-1.389000,29.47
0.333383,0.501000,-0.182000,-0.889000,-3.924000,11.817000,-1.282000,29.38
0.333803,0.454000,-0.188000,-0.835000,-5.786000,19.771000,-1.252000,29.42
0.334220,0.473000,-0.162000,-0.860000,-0.504000,1.466000,-0.733000,29.33
0.334637,0.487000,-0.137000,-0.865000,1.435000,-4.290000,-1.176000,29.28
0.335065,0.512000,-0.163000,-0.856000,-0.229000,2.458000,-1.939000,29.47
0.335486,0.489000,-0.162000,-0.849000,-1.160000,-8.031000,-2.565000,29.42
0.335913,0.485000,-0.191000,-0.865000,-0.992000,-11.298000,-3.252000,29.42
0.336334,0.466000,-0.173000,-0.853000,-0.870000,-12.916000,-3.649000,29.38
0.336755,0.468000,-0.181000,-0.869000,-1.176000,-2.611000,-2.870000,29.47
0.337169,0.418000,-0.273000,-0.860000,-2.534000,8.351000,-1.130000,29.42
0.337605,0.437000,-0.158000,-0.832000,-1.053000,5.252000,0.473000,29.42
0.338037,0.463000,-0.164000,-0.852000,-1.160000,4.290000,0.229000,29.38
0.338563,0.484000,-0.175000,-0.861000,-1.389000,3.771000,0.092000,29.28
0.339206,0.477000,-0.191000,-0.853000,-2.962000,5.084000,-0.275000,29.42
0.339672,0.478000,-0.182000,-0.853000,-4.580000,6.244000,-0.733000,29.38
0.340173,0.483000,-0.156000,-0.865000,-4.443000,5.573000,-1.069000,29.47
0.340641,0.474000,-0.163000,-0.857000,-4.153000,3.466000,-1.863000,29.47
0.341095,0.483000,-0.167000,-0.864000,-4.107000,1.832000,-1.939000,29.42
0.341541,0.476000,-0.161000,-0.859000,-3.023000,0.031000,-1.817000,29.42
0.342011,0.485000,-0.166000,-0.860000,-1.939000,0.214000,-1.420000,29.38
0.342445,0.474000,-0.162000,-0.857000,-1.435000,0.336000,-1.115000,29.47
0.342856,0.471000,-0.166000,-0.856000,-0.763000,0.947000,-0.672000,29.42
0.343273,0.472000,-0.158000,-0.856000,-0.015000,3.084000,-0.168000,29.33
0.343679,0.458000,-0.146000,-0.844000,1.481000,6.412000,1.573000,29.38
0.344081,0.478000,-0.137000,-0.866000,1.511000,5.969000,1.221000,29.47
0.344488,0.492000,-0.175000,-0.862000,0.443000,6.656000,1.588000,29.42
0.344913,0.467000,-0.176000,-0.863000,-0.107000,5.588000,1.725000,29.42
0.345329,0.501000,-0.167000,-0.857000,-2.366000,2.137000,-1.466000,29.38
0.345748,0.507000,-0.128000,-0.896000,-1.038000,6.198000,-1.359000,29.47
0.346187,0.372000,-0.168000,-0.816000,1.115000,5.527000,0.122000,29.42
0.346598,0.500000,-0.191000,-0.859000,-1.771000,6.443000,-1.282000,29.38
0.347014,0.473000,-0.172000,-0.866000,-2.489000,1.069000,-0.794000,29.38
0.347446,0.474000,-0.168000,-0.867000,-1.710000,-1.313000,-0.672000,29.38
0.347867,0.468000,-0.182000,-0.859000,-1.939000,-0.534000,-0.718000,29.42
0.348284,0.469000,-0.181000,-0.848000,-2.427000,0.840000,-1.359000,29.33
0.348867,0.474000,-0.189000,-0.851000,-4.382000,4.015000,-2.305000,29.38
0.349360,0.478000,-0.222000,-0.882000,-5.847000,3.634000,-3.038000,29.38
0.349859,0.452000,-0.250000,-0.886000,-6.641000,3.023000,-2.916000,29.42
0.350347,0.494000,-0.164000,-0.877000,-7.756000,-2.702000,-5.176000,29.42
0.350809,0.489000,-0.127000,-0.840000,-8.275000,-9.420000,-6.229000,29.38
0.351259,0.466000,-0.073000,-0.736000,-2.870000,0.275000,-2.458000,29.47
0.351715,0.477000,-0.070000,-0.894000,-2.855000,-12.061000,-3.282000,29.33
0.352169,0.450000,-0.163000,-0.858000,-1.985000,-8.611000,-1.603000,29.42
0.352607,0.464000,-0.163000,-0.871000,-4.947000,-1.221000,-2.046000,29.38
0.353042,0.474000,-0.191000,-0.856000,-2.687000,7.786000,-1.084000,29.47
0.353481,0.465000,-0.144000,-0.880000,-2.840000,7.786000,-1.649000,29.33
0.353921,0.453000,-0.157000,-0.849000,-0.031000,5.802000,-1.176000,29.47
0.354387,0.473000,-0.175000,-0.871000,2.092000,1.863000,-0.641000,29.38
0.354879,0.454000,-0.176000,-0.854000,0.962000,-2.565000,0.061000,29.47
0.355344,0.460000,-0.167000,-0.872000,-0.321000,-1.374000,0.336000,29.33
0.355788,0.471000,-0.188000,-0.857000,-0.702000,3.954000,0.794000,29.42
0.356212,0.459000,-0.163000,-0.861000,-0.840000,9.282000,0.794000,29.47
0.356630,0.466000,-0.155000,-0.863000,0.183000,12.550000,0.977000,29.38
0.357054,0.470000,-0.159000,-0.865000,0.580000,10.931000,1.023000,29.42
0.357463,0.482000,-0.161000,-0.865000,0.489000,7.511000,0.916000,29.42
0.357873,0.472000,-0.171000,-0.856000,0.305000,4.794000,0.641000,29.28
0.358284,0.477000,-0.165000,-0.861000,-0.015000,3.817000,0.076000,29.38
0.358808,0.475000,-0.166000,-0.859000,-0.565000,3.023000,-0.137000,29.33
0.359348,0.477000,-0.158000,-0.869000,-0.809000,2.107000,-0.275000,29.42
0.359847,0.466000,-0.156000,-0.874000,-0.733000,2.107000,-0.183000,29.47
0.360313,0.476000,-0.171000,-0.864000,-0.611000,2.489000,-0.076000,29.47
0.360758,0.476000,-0.166000,-0.860000,-0.244000,3.954000,0.122000,29.42
0.361213,0.493000,-0.203000,-0.890000,0.336000,3.191000,0.504000,29.42
0.361682,0.463000,-0.212000,-0.894000,-1.618000,10.931000,1.954000,29.28
0.362119,0.485000,-0.156000,-0.878000,1.527000,6.260000,1.374000,29.38
0.362602,0.484000,-0.180000,-0.849000,2.458000,5.191000,1.573000,29.52
0.363109,0.737000,-0.076000,-0.971000,-10.687000,-13.344000,-15.160000,29.42
0.363610,0.535000,-0.116000,-0.981000,-6.473000,13.420000,-0.305000,29.38
0.364090,0.427000,-0.195000,-0.784000,-5.298000,12.214000,-1.115000,29.38
0.364527,0.484000,-0.158000,-0.861000,-1.924000,1.313000,-1.618000,29.42
0.364976,0.475000,-0.184000,-0.871000,-1.740000,-0.763000,-1.145000,29.42
0.365415,0.472000,-0.161000,-0.856000,-2.153000,-1.649000,-1.099000,29.38
0.365836,0.466000,-0.174000,-0.850000,-2.290000,1.649000,-0.901000,29.38
0.366252,0.464000,-0.161000,-0.852000,-2.595000,3.573000,-0.977000,29.33
0.366669,0.470000,-0.165000,-0.859000,-2.809000,4.779000,-1.008000,29.42
0.367086,0.470000,-0.167000,-0.860000,-2.321000,4.015000,-1.069000,29.38
0.367513,0.470000,-0.173000,-0.852000,-2.046000,3.634000,-1.252000,29.47
0.367927,0.471000,-0.166000,-0.854000,-3.008000,4.763000,-1.328000,29.33
0.368347,0.475000,-0.177000,-0.860000,-2.656000,3.267000,-1.237000,29.42
0.368854,0.470000,-0.176000,-0.857000,-2.824000,2.687000,-1.328000,29.38
0.369422,0.480000,-0.171000,-0.864000,-2.580000,2.198000,-1.450000,29.47
0.369933,0.473000,-0.172000,-0.859000,-2.840000,2.412000,-1.221000,29.42
0.370400,0.472000,-0.166000,-0.858000,-2.962000,3.069000,-1.206000,29.42
0.370887,0.474000,-0.164000,-0.859000,-2.779000,3.237000,-1.267000,29.38
0.371352,0.469000,-0.165000,-0.872000,-2.427000,2.901000,-1.237000,29.47
0.371778,0.478000,-0.171000,-0.858000,-2.580000,2.931000,-1.344000,29.28
0.372202,0.473000,-0.172000,-0.866000,-2.519000,3.099000,-1.328000,29.42
0.372625,0.475000,-0.177000,-0.863000,-2.885000,3.084000,-1.618000,29.33
0.373066,0.469000,-0.173000,-0.857000,-3.115000,3.023000,-1.618000,29.38
0.373494,0.540000,-0.196000,-0.876000,-11.084000,15.130000,-7.756000,29.47
0.373914,0.474000,-0.153000,-0.870000,-10.931000,10.748000,-7.084000,29.33
0.374342,0.451000,-0.137000,-0.856000,-5.771000,-1.939000,-5.786000,29.33
0.374776,0.491000,-0.167000,-0.866000,-5.130000,-4.397000,-5.374000,29.47
0.375201,0.457000,-0.158000,-0.858000,-4.305000,-3.466000,-4.321000,29.47
0.375623,0.456000,-0.162000,-0.863000,-3.695000,1.756000,-3.252000,29.42
0.376046,0.462000,-0.155000,-0.863000,-4.107000,5.405000,-2.519000,29.33
0.376461,0.477000,-0.142000,-0.858000,-5.008000,7.130000,-2.260000,29.38
0.376884,0.485000,-0.156000,-0.884000,-4.931000,4.504000,-2.214000,29.38
0.377299,0.472000,-0.148000,-0.872000,-3.634000,3.496000,-2.702000,29.42
0.377726,0.474000,-0.135000,-0.859000,-2.198000,3.176000,-2.137000,29.42
0.378144,0.471000,-0.140000,-0.862000,-1.053000,3.435000,-1.115000,29.38
0.378660,0.470000,-0.149000,-0.867000,-0.763000,3.038000,-0.336000,29.38
0.379208,0.478000,-0.158000,-0.861000,-0.855000,4.046000,0.061000,29.33
0.379716,0.492000,-0.154000,-0.878000,-2.183000,2.718000,-0.443000,29.42
0.380184,0.486000,-0.169000,-0.883000,-1.176000,3.725000,-0.214000,29.47
0.380631,0.469000,-0.139000,-0.855000,0.244000,5.160000,0.977000,29.38
0.381068,0.473000,-0.151000,-0.860000,0.779000,5.664000,1.695000,29.42
0.381478,0.478000,-0.156000,-0.858000,1.160000,5.267000,2.397000,29.42
0.381899,0.469000,-0.169000,-0.860000,1.252000,4.443000,2.519000,29.47
0.382313,0.487000,-0.157000,-0.864000,1.145000,4.092000,2.763000,29.38
0.382739,0.482000,-0.170000,-0.864000,0.947000,4.183000,2.290000,29.42
0.383147,0.483000,-0.169000,-0.860000,0.305000,3.481000,1.786000,29.42
0.383569,0.485000,-0.167000,-0.864000,-0.153000,1.588000,0.977000,29.38
0.383990,0.478000,-0.176000,-0.857000,-1.481000,0.244000,-0.305000,29.38
0.384418,0.403000,-0.128000,-0.756000,-0.122000,13.374000,0.260000,29.47
0.384855,0.450000,-0.156000,-0.840000,-2.275000,3.893000,-1.038000,29.33
0.385276,0.485000,-0.155000,-0.870000,-1.252000,3.282000,-0.412000,29.42
0.385705,0.474000,-0.167000,-0.862000,-1.328000,2.061000,-0.168000,29.38
0.386130,0.475000,-0.162000,-0.860000,-1.389000,1.344000,-0.275000,29.38
0.386546,0.475000,-0.166000,-0.859000,-1.038000,1.649000,-0.153000,29.42
0.386969,0.475000,-0.157000,-0.866000,-1.282000,2.473000,-0.244000,29.47
0.387401,0.473000,-0.163000,-0.865000,-1.435000,3.496000,-0.153000,29.38
0.387817,0.470000,-0.165000,-0.858000,-1.252000,3.420000,-0.427000,29.47
0.388253,0.468000,-0.158000,-0.862000,-1.206000,3.130000,-0.244000,29.33
0.388785,0.478000,-0.163000,-0.862000,-1.328000,2.702000,-0.290000,29.33
0.389219,0.468000,-0.166000,-0.860000,-1.130000,2.519000,-0.137000,29.38
0.389654,0.468000,-0.161000,-0.869000,-1.084000,2.534000,0.015000,29.38
0.390081,0.468000,-0.166000,-0.868000,-1.069000,2.840000,-0.137000,29.42
0.390496,0.474000,-0.169000,-0.866000,-1.038000,3.237000,0.092000,29.33
0.390922,0.481000,-0.165000,-0.866000,-1.053000,3.344000,-0.122000,29.47
0.391339,0.472000,-0.169000,-0.855000,-0.840000,3.634000,-0.122000,29.47
0.391756,0.471000,-0.162000,-0.865000,-1.084000,3.496000,-0.229000,29.52
0.392175,0.476000,-0.165000,-0.858000,-1.008000,3.359000,-0.122000,29.42
0.392588,0.473000,-0.171000,-0.861000,-1.069000,3.313000,0.046000,29.47
0.393006,0.479000,-0.169000,-0.857000,-0.931000,3.298000,-0.214000,29.42
0.393425,0.477000,-0.165000,-0.863000,-0.779000,3.267000,-0.107000,29.42
0.393837,0.479000,-0.164000,-0.863000,-0.840000,3.282000,-0.153000,29.38
0.394257,0.473000,-0.162000,-0.861000,-1.084000,3.267000,0.031000,29.38
0.394682,0.478000,-0.168000,-0.855000,-1.130000,3.038000,-0.107000,29.42
0.395103,0.475000,-0.161000,-0.863000,-0.901000,2.992000,-0.031000,29.33
0.395519,0.473000,-0.171000,-0.862000,-1.298000,3.420000,-0.107000,29.28
0.396004,0.474000,-0.162000,-0.856000,-1.252000,3.298000,-0.229000,29.38
0.396456,0.471000,-0.171000,-0.866000,-1.221000,3.145000,-0.382000,29.28
0.396898,0.475000,-0.163000,-0.857000,-1.206000,2.977000,-0.351000,29.42
0.397310,0.464000,-0.168000,-0.850000,-1.038000,3.023000,-0.382000,29.42
0.397773,0.479000,-0.174000,-0.853000,-1.191000,2.748000,-0.382000,29.38
0.398192,0.471000,-0.170000,-0.853000,-1.328000,2.870000,-0.641000,29.47
0.398702,0.476000,-0.168000,-0.855000,-1.420000,2.931000,-0.794000,29.42
0.399275,0.473000,-0.174000,-0.859000,-1.710000,3.053000,-0.824000,29.42
0.399777,0.473000,-0.166000,-0.854000,-1.771000,2.794000,-0.962000,29.38
0.400250,0.474000,-0.163000,-0.861000,-1.954000,3.053000,-1.053000,29.38
0.400718,0.473000,-0.169000,-0.863000,-1.847000,2.992000,-1.115000,29.42
0.401161,0.474000,-0.165000,-0.864000,-1.802000,3.069000,-1.023000,29.38
0.401575,0.479000,-0.171000,-0.854000,-2.031000,2.962000,-1.038000,29.47
0.401995,0.472000,-0.171000,-0.858000,-2.076000,3.069000,-1.160000,29.38
0.402407,0.467000,-0.167000,-0.856000,-2.107000,2.992000,-1.282000,29.42
0.402826,0.477000,-0.166000,-0.864000,-2.000000,2.885000,-1.084000,29.42
0.403251,0.466000,-0.166000,-0.863000,-1.985000,2.901000,-1.191000,29.38
0.403672,0.473000,-0.166000,-0.860000,-2.076000,3.084000,-1.267000,29.28
0.404097,0.376000,-0.177000,-0.612000,-7.893000,47.420000,0.000000,29.33
0.404509,0.501000,-0.164000,-0.864000,-2.366000,8.947000,-1.527000,29.33
0.404944,0.491000,-0.159000,-0.862000,0.412000,-5.069000,-1.466000,29.38
0.405441,0.447000,-0.157000,-0.868000,0.931000,-7.130000,-1.847000,29.38
0.405905,0.431000,-0.112000,-0.969000,-0.809000,-10.137000,-1.221000,29.52
0.406340,0.365000,-0.112000,-1.391000,19.145000,-23.191000,-3.267000,29.42
0.406761,0.648000,-0.131000,-0.687000,3.771000,5.145000,-1.588000,29.38
0.407201,0.474000,-0.163000,-0.786000,-4.168000,19.450000,-1.771000,29.38
0.407635,0.470000,-0.123000,-0.868000,25.908000,-34.931000,-7.740000,29.42
0.408071,0.489000,-0.185000,-0.894000,36.840000,-24.214000,-11.618000,29.38
0.408488,0.518000,-0.167000,-0.902000,7.435000,-1.908000,-1.603000,29.38
0.409022,0.475000,-0.186000,-0.854000,10.183000,-23.863000,-0.275000,29.38
0.409438,0.478000,-0.169000,-0.861000,4.351000,-22.962000,3.374000,29.42
0.409873,0.460000,-0.178000,-0.885000,5.588000,-24.901000,3.725000,29.33
0.410296,0.442000,-0.171000,-0.875000,0.534000,-5.130000,3.817000,29.38
0.410706,0.461000,-0.177000,-0.845000,-3.847000,11.710000,9.695000,29.47
0.411206,0.407000,-0.160000,-0.898000,2.489000,31.908000,3.573000,29.42
0.411642,0.514000,-0.167000,-0.860000,17.802000,-11.267000,5.756000,29.52
0.412063,0.518000,-0.157000,-0.850000,37.847000,-65.939000,11.481000,29.47
0.412486,0.514000,-0.182000,-0.838000,61.221000,-127.817000,24.733000,29.38
0.412935,0.436000,-0.225000,-0.920000,70.656000,-183.939000,38.977000,29.42
0.413525,0.521000,-0.255000,-0.915000,85.908000,-260.550000,75.389000,29.42
0.414143,0.310000,-0.261000,-0.951000,93.634000,-332.534000,116.489000,29.47
0.414611,0.187000,-0.259000,-0.878000,54.336000,-294.931000,109.664000,29.47
0.415117,0.060000,-0.259000,-0.864000,23.603000,-224.656000,60.092000,29.33
0.415570,0.137000,-0.273000,-0.856000,14.779000,-143.527000,45.847000,29.38
0.415993,0.073000,-0.289000,-0.886000,1.389000,-59.160000,37.145000,29.47
0.416411,0.083000,-0.297000,-0.920000,-13.038000,5.374000,30.275000,29.42
0.416830,0.122000,-0.291000,-0.941000,-16.198000,33.008000,21.954000,29.33
0.417265,0.124000,-0.277000,-0.948000,-17.359000,41.145000,15.328000,29.38
0.417689,0.133000,-0.271000,-0.962000,-20.168000,40.183000,9.725000,29.38
0.418117,0.152000,-0.265000,-0.977000,-13.893000,36.992000,2.183000,29.42
0.418535,0.138000,-0.296000,-0.958000,-11.023000,46.824000,0.550000,29.42
0.418968,0.176000,-0.416000,-0.924000,-25.557000,86.397000,13.038000,29.38
0.419397,0.163000,-0.338000,-0.898000,-26.153000,137.756000,14.519000,29.38
0.419851,0.186000,-0.289000,-0.914000,-49.557000,127.725000,26.168000,29.33
0.420283,0.188000,-0.140000,-0.948000,-56.015000,153.389000,18.595000,29.28
0.420718,0.194000,-0.426000,-0.625000,-56.382000,478.519000,-58.489000,29.38
0.421171,0.114000,0.105000,-1.073000,-60.137000,321.206000,-123.237000,29.38
0.421626,0.753000,-0.077000,-0.957000,-27.878000,78.656000,-19.939000,29.42
0.422059,0.385000,-0.250000,-0.783000,-10.305000,47.313000,-10.855000,29.42
0.422508,0.430000,-0.256000,-0.910000,0.366000,0.214000,-4.427000,29.38
0.422921,0.389000,-0.237000,-0.857000,-1.115000,2.901000,-3.481000,29.47
0.423430,0.406000,-0.231000,-0.874000,-3.878000,6.992000,-3.038000,29.42
0.424001,0.400000,-0.227000,-0.884000,-7.115000,14.366000,-3.206000,29.42
0.424484,0.413000,-0.227000,-0.874000,-6.000000,10.336000,-2.687000,29.38
0.424988,0.410000,-0.228000,-0.880000,-3.252000,2.763000,-2.473000,29.47
0.425422,0.403000,-0.228000,-0.872000,-3.130000,3.282000,-2.321000,29.42
0.425838,0.410000,-0.222000,-0.875000,-4.015000,6.962000,-2.061000,29.42
0.426254,0.408000,-0.219000,-0.885000,-4.962000,11.023000,-2.260000,29.28
0.426659,0.412000,-0.214000,-0.885000,-3.908000,7.374000,-2.061000,29.38
0.427076,0.413000,-0.220000,-0.874000,-3.023000,3.496000,-2.046000,29.42
0.427491,0.411000,-0.218000,-0.883000,-2.641000,2.092000,-1.527000,29.38
0.427905,0.421000,-0.222000,-0.875000,-2.840000,3.725000,-1.267000,29.47
0.428318,0.406000,-0.213000,-0.887000,-2.748000,4.504000,-1.115000,29.38
0.428728,0.417000,-0.223000,-0.881000,-2.840000,5.176000,-1.298000,29.42
0.429148,0.415000,-0.223000,-0.878000,-2.504000,4.641000,-1.496000,29.42
0.429563,0.414000,-0.224000,-0.876000,-2.595000,4.672000,-1.176000,29.38
0.429993,0.411000,-0.220000,-0.878000,-2.473000,4.229000,-1.221000,29.42
0.430502,0.414000,-0.219000,-0.878000,-2.458000,3.756000,-1.298000,29.42
0.430920,0.409000,-0.222000,-0.874000,-2.473000,3.160000,-1.267000,29.38
0.431352,0.412000,-0.222000,-0.872000,-3.008000,3.466000,-1.496000,29.38
0.431761,0.415000,-0.222000,-0.880000,-2.947000,3.908000,-1.405000,29.33
0.432186,0.420000,-0.216000,-0.878000,-2.763000,4.046000,-1.359000,29.38
0.432606,0.411000,-0.216000,-0.877000,-2.382000,4.046000,-1.191000,29.28
0.433018,0.419000,-0.220000,-0.880000,-2.198000,3.618000,-1.099000,29.38
0.433571,0.415000,-0.216000,-0.877000,-2.137000,3.542000,-1.084000,29.42
0.434095,0.413000,-0.217000,-0.878000,-2.076000,3.527000,-1.023000,29.42
0.434546,0.411000,-0.220000,-0.876000,-1.985000,3.481000,-0.916000,29.38
0.435048,0.419000,-0.216000,-0.880000,-2.092000,3.466000,-0.809000,29.38
0.435517,0.423000,-0.218000,-0.872000,-1.847000,3.344000,-0.748000,29.33
0.435954,0.409000,-0.217000,-0.871000,-1.542000,3.557000,-0.763000,29.33
0.436394,0.414000,-0.229000,-0.881000,-1.740000,3.420000,-0.718000,29.38
0.436833,0.417000,-0.224000,-0.884000,-1.588000,3.282000,-0.702000,29.47
0.437290,0.414000,-0.228000,-0.881000,-1.679000,3.038000,-0.641000,29.33
0.437781,0.419000,-0.214000,-0.882000,-1.679000,2.916000,-0.656000,29.33
0.438320,0.418000,-0.223000,-0.876000,-1.496000,2.916000,-0.504000,29.38
0.438774,0.408000,-0.216000,-0.878000,-1.618000,2.962000,-0.427000,29.47
0.439190,0.414000,-0.218000,-0.879000,-1.679000,3.038000,-0.687000,29.42
0.439601,0.423000,-0.224000,-0.873000,-1.496000,2.901000,-0.641000,29.47
0.440040,0.410000,-0.219000,-0.876000,-1.481000,3.191000,-0.641000,29.38
0.440462,0.417000,-0.220000,-0.881000,-1.710000,2.885000,-0.626000,29.47
0.440889,0.414000,-0.219000,-0.875000,-1.710000,3.038000,-0.565000,29.52
0.441299,0.407000,-0.215000,-0.882000,-1.756000,3.359000,-0.809000,29.42
0.441713,0.418000,-0.220000,-0.884000,-1.618000,3.374000,-0.855000,29.38
0.442131,0.416000,-0.216000,-0.876000,-1.359000,3.527000,-0.595000,29.38
0.442542,0.421000,-0.219000,-0.874000,-1.511000,3.405000,-0.702000,29.33
0.442952,0.411000,-0.221000,-0.867000,-1.527000,3.298000,-0.595000,29.42
0.443464,0.417000,-0.223000,-0.867000,-1.725000,3.466000,-0.626000,29.38
0.444009,0.417000,-0.217000,-0.876000,-2.076000,3.466000,-0.718000,29.38
0.444461,0.420000,-0.219000,-0.892000,-1.863000,3.069000,-0.809000,29.42
0.444943,0.409000,-0.221000,-0.875000,-1.603000,3.450000,-0.718000,29.42
0.445404,0.411000,-0.225000,-0.873000,-2.031000,3.664000,-0.931000,29.38
0.445860,0.409000,-0.229000,-0.875000,-2.656000,3.847000,-1.130000,29.38
0.446326,0.421000,-0.222000,-0.878000,-2.962000,4.351000,-1.282000,29.33
0.446823,0.418000,-0.227000,-0.873000,-3.191000,4.275000,-1.603000,29.47
0.447271,0.420000,-0.218000,-0.865000,-2.885000,4.046000,-1.405000,29.47
0.447714,0.415000,-0.225000,-0.876000,-2.855000,4.122000,-1.374000,29.38
0.448131,0.419000,-0.223000,-0.876000,-3.237000,3.573000,-1.740000,29.52
0.448541,0.419000,-0.218000,-0.878000,-3.527000,3.160000,-1.817000,29.38
0.448960,0.426000,-0.221000,-0.875000,-3.802000,2.901000,-1.786000,29.47
0.449372,0.425000,-0.218000,-0.868000,-3.924000,2.443000,-1.542000,29.42
0.449810,0.423000,-0.210000,-0.881000,-3.802000,2.504000,-1.466000,29.42
0.450229,0.423000,-0.219000,-0.885000,-3.405000,2.595000,-0.992000,29.38
0.450648,0.420000,-0.212000,-0.874000,-2.947000,2.595000,-0.763000,29.38
0.451062,0.410000,-0.217000,-0.879000,-2.763000,2.779000,-0.947000,29.33
0.451481,0.411000,-0.220000,-0.892000,-2.840000,3.313000,-0.840000,29.42
0.451900,0.417000,-0.212000,-0.888000,-3.130000,3.481000,-0.977000,29.38
0.452316,0.419000,-0.217000,-0.872000,-3.069000,3.466000,-1.221000,29.38
0.452727,0.416000,-0.220000,-0.878000,-2.931000,3.634000,-0.992000,29.42
0.453141,0.414000,-0.212000,-0.876000,-2.977000,3.588000,-1.115000,29.42
0.453746,0.405000,-0.209000,-0.880000,-2.748000,3.679000,-1.267000,29.47
0.454238,0.415000,-0.217000,-0.876000,-3.176000,3.954000,-1.374000,29.38
0.454770,0.421000,-0.213000,-0.875000,-3.023000,3.725000,-1.389000,29.42
0.455230,0.421000,-0.216000,-0.882000,-2.916000,3.313000,-1.221000,29.42
0.455670,0.412000,-0.218000,-0.871000,-3.115000,3.237000,-1.282000,29.47
0.456094,0.414000,-0.214000,-0.883000,-3.359000,2.931000,-1.511000,29.38
0.456514,0.415000,-0.220000,-0.877000,-3.786000,3.038000,-1.725000,29.33
0.456952,0.429000,-0.218000,-0.871000,-3.908000,3.206000,-1.786000,29.42
0.457382,0.422000,-0.218000,-0.875000,-3.985000,3.176000,-1.786000,29.42
0.457808,0.418000,-0.213000,-0.883000,-3.832000,3.053000,-1.832000,29.38
0.458237,0.413000,-0.209000,-0.880000,-4.244000,3.176000,-1.832000,29.47
0.458676,0.418000,-0.215000,-0.873000,-4.214000,3.176000,-1.924000,29.33
0.459102,0.413000,-0.210000,-0.889000,-4.168000,3.450000,-1.954000,29.33
0.459517,0.422000,-0.200000,-0.888000,-3.664000,2.962000,-1.389000,29.47
0.459944,0.424000,-0.205000,-0.881000,-3.282000,2.885000,-1.466000,29.38
0.460374,0.424000,-0.213000,-0.893000,-2.947000,2.779000,-1.374000,29.42
0.460799,0.420000,-0.202000,-0.878000,-2.901000,2.916000,-0.977000,29.38
0.461237,0.421000,-0.205000,-0.883000,-2.427000,2.916000,-0.779000,29.38
0.461658,0.420000,-0.206000,-0.877000,-2.168000,2.962000,-0.534000,29.47
0.462083,0.420000,-0.204000,-0.889000,-1.695000,2.885000,-0.351000,29.33
0.462494,0.418000,-0.207000,-0.878000,-1.374000,3.160000,-0.336000,29.33
0.462928,0.410000,-0.203000,-0.874000,-1.160000,3.115000,-0.351000,29.38
0.463367,0.417000,-0.210000,-0.884000,-1.069000,3.389000,-0.351000,29.38
0.463808,0.419000,-0.209000,-0.878000,-1.008000,3.603000,-0.122000,29.42
0.464221,0.417000,-0.208000,-0.885000,-0.489000,3.802000,-0.046000,29.42
0.464746,0.427000,-0.206000,-0.888000,-0.137000,3.939000,0.076000,29.38
0.465356,0.419000,-0.203000,-0.882000,0.153000,3.985000,0.122000,29.47
0.465788,0.419000,-0.204000,-0.882000,0.244000,4.305000,0.275000,29.33
0.466210,0.421000,-0.213000,-0.881000,0.534000,4.458000,0.321000,29.42
0.466613,0.420000,-0.204000,-0.883000,0.595000,4.183000,0.443000,29.38
0.467016,0.417000,-0.214000,-0.872000,0.122000,4.046000,0.046000,29.38
0.467450,0.422000,-0.214000,-0.883000,-0.229000,3.618000,0.137000,29.33
0.467862,0.407000,-0.218000,-0.879000,-0.275000,3.206000,-0.168000,29.47
0.468280,0.420000,-0.221000,-0.873000,-0.519000,2.840000,-0.168000,29.38
0.468691,0.424000,-0.216000,-0.876000,-0.061000,2.351000,-0.382000,29.38
0.469115,0.423000,-0.215000,-0.872000,-0.504000,2.702000,-0.321000,29.42
0.469528,0.410000,-0.204000,-0.880000,-0.656000,2.962000,-0.244000,29.33
0.469948,0.423000,-0.221000,-0.887000,-0.855000,2.779000,-0.641000,29.38
0.470383,0.420000,-0.209000,-0.877000,-0.672000,2.718000,-0.626000,29.38
0.470808,0.428000,-0.220000,-0.882000,-0.672000,3.069000,-0.641000,29.33
0.471251,0.419000,-0.218000,-0.875000,-0.702000,3.450000,-0.626000,29.42
0.471687,0.422000,-0.208000,-0.879000,-0.565000,3.405000,-0.260000,29.38
0.472162,0.425000,-0.210000,-0.885000,-0.626000,3.237000,-0.504000,29.47
0.472594,0.421000,-0.205000,-0.885000,-0.305000,2.962000,-0.336000,29.42
0.473023,0.426000,-0.209000,-0.876000,-0.290000,3.405000,-0.198000,29.33
0.473460,0.419000,-0.212000,-0.870000,-0.122000,2.977000,-0.321000,29.38
0.473896,0.425000,-0.213000,-0.883000,-0.229000,3.145000,-0.198000,29.47
0.474411,0.421000,-0.216000,-0.873000,0.031000,2.870000,-0.183000,29.42
0.474966,0.422000,-0.217000,-0.867000,-0.198000,3.298000,-0.244000,29.38
0.475413,0.415000,-0.222000,-0.881000,-0.336000,3.221000,-0.153000,29.38
0.475886,0.416000,-0.221000,-0.871000,-0.458000,3.374000,-0.321000,29.38
0.476340,0.415000,-0.228000,-0.869000,-0.901000,3.328000,-0.840000,29.42
0.476779,0.426000,-0.214000,-0.876000,-1.282000,3.511000,-0.763000,29.38
0.477212,0.424000,-0.223000,-0.877000,-1.115000,3.466000,-0.809000,29.47
0.477647,0.425000,-0.220000,-0.881000,-0.885000,3.389000,-0.550000,29.42
0.478073,0.426000,-0.213000,-0.877000,-0.641000,3.176000,-0.519000,29.42
0.478501,0.426000,-0.217000,-0.878000,-0.550000,3.206000,-0.412000,29.42
0.478932,0.421000,-0.218000,-0.878000,-0.443000,3.328000,-0.244000,29.38
0.479360,0.420000,-0.218000,-0.875000,-0.626000,3.237000,-0.458000,29.33
0.479799,0.425000,-0.220000,-0.872000,-0.382000,3.740000,-0.336000,29.33
0.480240,0.424000,-0.218000,-0.878000,-0.656000,3.588000,-0.412000,29.38
0.480734,0.421000,-0.218000,-0.877000,-0.489000,3.740000,-0.519000,29.38
0.481275,0.421000,-0.226000,-0.874000,-0.672000,3.802000,-0.427000,29.33
0.481719,0.418000,-0.226000,-0.875000,-0.763000,3.908000,-0.565000,29.33
0.482209,0.427000,-0.222000,-0.869000,-1.359000,3.847000,-0.397000,29.28
0.482686,0.421000,-0.225000,-0.878000,-1.756000,3.817000,-0.458000,29.47
0.483120,0.418000,-0.236000,-0.885000,-1.313000,4.031000,-0.626000,29.33
0.483535,0.418000,-0.231000,-0.886000,-1.863000,4.275000,-0.763000,29.42
0.483968,0.412000,-0.246000,-0.876000,-2.840000,4.534000,-1.038000,29.28
0.484432,0.425000,-0.264000,-0.877000,-3.679000,5.481000,-1.695000,29.47
0.484945,0.457000,-0.288000,-0.904000,-6.031000,8.137000,-2.565000,29.33
0.485389,0.486000,-0.319000,-0.919000,-6.595000,10.076000,-3.115000,29.33
0.485857,0.527000,-0.322000,-0.941000,-6.183000,11.267000,-2.748000,29.47
0.486308,0.541000,-0.271000,-0.917000,0.061000,13.115000,-0.565000,29.38
0.486734,0.503000,-0.201000,-0.909000,4.198000,7.786000,0.275000,29.42
0.487169,0.476000,-0.165000,-0.893000,9.191000,9.740000,1.496000,29.42
0.487586,0.412000,-0.135000,-0.911000,8.824000,5.176000,0.916000,29.47
0.488021,0.353000,-0.192000,-0.879000,6.382000,4.992000,-2.794000,29.38
0.488492,0.346000,-0.183000,-0.824000,2.244000,6.290000,-8.122000,29.42
0.488948,0.385000,-0.242000,-0.838000,-5.160000,3.710000,-15.420000,29.33
0.489379,0.431000,-0.262000,-0.814000,-8.290000,5.099000,-16.840000,29.38
0.489819,0.407000,-0.221000,-0.746000,-10.168000,6.595000,-15.649000,29.38
0.490263,0.412000,-0.173000,-0.721000,-5.603000,10.198000,-13.588000,29.33
0.490697,0.426000,-0.175000,-0.700000,3.527000,15.374000,-10.489000,29.24
0.491133,0.509000,-0.100000,-0.689000,16.855000,20.687000,-9.237000,29.38
0.491560,0.552000,-0.357000,-0.422000,80.992000,31.756000,-11.527000,29.38
0.491980,0.793000,-0.978000,-1.237000,0.015000,10.244000,-31.450000,29.33
0.492423,0.560000,0.119000,-1.107000,-14.198000,-11.206000,-15.725000,29.42
0.492852,0.271000,0.237000,-0.605000,34.168000,15.496000,-25.435000,29.38
0.493280,0.522000,-0.330000,-1.094000,20.565000,-14.947000,-34.687000,29.38
0.493714,0.530000,-0.194000,-1.147000,16.977000,-26.046000,-31.435000,29.24
0.494142,0.413000,-0.052000,-0.780000,28.641000,-22.229000,-30.824000,29.28
0.494686,0.496000,-0.332000,-0.779000,23.573000,-25.267000,-30.840000,29.47
0.495264,0.504000,-0.304000,-0.774000,17.878000,-20.916000,-27.817000,29.38
0.495791,0.451000,-0.312000,-0.693000,15.450000,-16.611000,-23.099000,29.42
0.496278,0.373000,-0.293000,-0.708000,9.771000,-13.450000,-18.366000,29.42
0.496736,0.145000,-0.283000,-0.771000,-0.901000,-10.794000,-16.809000,29.38
0.497201,-0.049000,-0.307000,-1.053000,-11.710000,-4.718000,-11.756000,29.47
0.497693,-0.010000,-0.046000,-1.104000,-12.687000,9.344000,-6.672000,29.33
0.498130,0.186000,0.134000,-0.804000,-8.427000,13.908000,-13.038000,29.42
0.498581,0.572000,-0.137000,-0.977000,-10.244000,7.878000,-15.893000,29.47
0.499012,0.637000,-0.203000,-0.886000,-6.702000,-3.115000,-12.229000,29.38
0.499431,0.474000,-0.176000,-0.825000,-5.115000,-4.092000,-8.794000,29.42
0.499855,0.501000,-0.240000,-0.961000,-1.435000,-4.000000,-5.511000,29.42
0.500270,0.393000,-0.239000,-0.860000,1.573000,2.931000,-4.366000,29.47
0.500712,0.473000,-0.301000,-0.875000,4.611000,7.863000,-3.786000,29.38
0.501142,0.504000,-0.308000,-0.863000,7.893000,10.916000,-1.420000,29.42
0.501548,0.496000,-0.274000,-0.895000,10.565000,8.061000,1.313000,29.47
0.501970,0.417000,-0.244000,-0.895000,12.290000,8.107000,1.878000,29.38
0.502384,0.425000,-0.247000,-0.872000,11.695000,8.656000,1.038000,29.38
0.502798,0.456000,-0.241000,-0.888000,11.282000,11.069000,0.885000,29.33
0.503214,0.469000,-0.220000,-0.882000,11.359000,9.481000,1.954000,29.33
0.503623,0.456000,-0.216000,-0.883000,12.504000,8.107000,3.405000,29.38
0.504035,0.440000,-0.218000,-0.864000,13.985000,6.947000,4.214000,29.38
0.504512,0.424000,-0.214000,-0.869000,14.611000,7.466000,4.733000,29.42
0.504987,0.415000,-0.230000,-0.862000,15.359000,8.443000,4.702000,29.42
0.505441,0.437000,-0.251000,-0.860000,13.817000,8.702000,4.351000,29.38
0.505882,0.441000,-0.284000,-0.849000,11.191000,8.198000,3.847000,29.28
0.506316,0.454000,-0.287000,-0.850000,8.443000,7.328000,3.038000,29.33
0.506721,0.443000,-0.307000,-0.827000,5.939000,6.855000,1.466000,29.42
0.507144,0.424000,-0.298000,-0.839000,3.634000,6.260000,-0.992000,29.38
0.507566,0.435000,-0.310000,-0.836000,1.389000,5.954000,-3.176000,29.47
0.507988,0.448000,-0.295000,-0.836000,-0.611000,5.252000,-4.794000,29.33
0.508400,0.460000,-0.277000,-0.864000,-0.962000,5.298000,-5.099000,29.47
0.508816,0.471000,-0.269000,-0.867000,-1.099000,5.725000,-4.473000,29.38
0.509227,0.462000,-0.256000,-0.875000,-0.550000,5.374000,-3.282000,29.38
0.509640,0.448000,-0.248000,-0.865000,-0.031000,5.786000,-2.656000,29.42
0.510053,0.460000,-0.249000,-0.867000,0.443000,5.878000,-1.695000,29.33
0.510463,0.453000,-0.253000,-0.874000,0.824000,6.137000,-0.916000,29.38
0.510888,0.458000,-0.252000,-0.864000,1.191000,6.275000,-0.336000,29.38
0.511303,0.454000,-0.266000,-0.860000,0.718000,5.710000,-0.305000,29.42
0.511715,0.460000,-0.280000,-0.853000,0.076000,5.679000,-0.427000,29.33
0.512135,0.465000,-0.272000,-0.852000,-1.176000,5.313000,-0.855000,29.47
0.512577,0.467000,-0.268000,-0.851000,-2.015000,4.550000,-0.855000,29.38
0.513015,0.465000,-0.270000,-0.850000,-2.672000,3.573000,-1.038000,29.33
0.513421,0.458000,-0.268000,-0.846000,-3.649000,2.397000,-1.603000,29.42
0.513833,0.455000,-0.280000,-0.850000,-4.519000,1.740000,-2.031000,29.38
0.514247,0.453000,-0.277000,-0.843000,-5.481000,1.099000,-2.382000,29.38
0.514759,0.444000,-0.271000,-0.849000,-6.000000,0.947000,-3.069000,29.42
0.515356,0.456000,-0.264000,-0.855000,-6.702000,0.305000,-3.267000,29.47
0.515859,0.448000,-0.262000,-0.847000,-6.962000,0.046000,-3.511000,29.47
0.516351,0.444000,-0.258000,-0.853000,-6.947000,-0.046000,-3.649000,29.47
0.516843,0.445000,-0.251000,-0.844000,-7.069000,-0.076000,-3.908000,29.33
0.517311,0.439000,-0.253000,-0.844000,-7.053000,0.366000,-3.863000,29.42
0.517750,0.452000,-0.242000,-0.857000,-6.702000,0.763000,-3.481000,29.38
0.518176,0.452000,-0.248000,-0.857000,-6.473000,1.176000,-3.481000,29.47
0.518602,0.452000,-0.263000,-0.851000,-6.351000,1.557000,-3.588000,29.42
0.519018,0.451000,-0.255000,-0.861000,-6.824000,1.786000,-3.710000,29.33
0.519431,0.452000,-0.258000,-0.854000,-7.115000,1.863000,-3.588000,29.38
0.519846,0.445000,-0.271000,-0.842000,-7.603000,1.802000,-4.031000,29.38
0.520263,0.442000,-0.243000,-0.859000,-8.412000,1.389000,-4.336000,29.33
0.520695,0.455000,-0.236000,-0.858000,-7.634000,1.527000,-4.015000,29.42
0.521113,0.455000,-0.255000,-0.850000,-7.725000,1.344000,-3.939000,29.38
0.521529,0.451000,-0.248000,-0.859000,-8.336000,1.038000,-3.969000,29.38
0.522013,0.451000,-0.263000,-0.866000,-9.099000,0.656000,-4.229000,29.42
0.522456,0.448000,-0.242000,-0.867000,-9.725000,1.221000,-4.473000,29.38
0.522870,0.454000,-0.240000,-0.867000,-9.786000,0.779000,-4.427000,29.38
0.523296,0.456000,-0.258000,-0.847000,-10.336000,0.550000,-4.580000,29.33
0.523718,0.439000,-0.252000,-0.851000,-11.542000,0.031000,-5.176000,29.42
0.524148,0.442000,-0.229000,-0.858000,-11.740000,-0.153000,-5.511000,29.38
0.524649,0.445000,-0.222000,-0.858000,-11.939000,-0.580000,-5.267000,29.47
0.525200,0.440000,-0.213000,-0.866000,-11.267000,0.244000,-5.176000,29.42
0.525648,0.440000,-0.208000,-0.868000,-10.336000,0.931000,-4.992000,29.33
0.526148,0.441000,-0.189000,-0.861000,-9.603000,1.756000,-4.580000,29.47
0.526632,0.427000,-0.192000,-0.856000,-7.389000,2.687000,-4.366000,29.38
0.527077,0.437000,-0.204000,-0.864000,-6.168000,3.985000,-3.924000,29.33
0.527525,0.453000,-0.212000,-0.864000,-5.237000,5.130000,-3.832000,29.38
0.527977,0.451000,-0.216000,-0.869000,-4.534000,5.191000,-3.313000,29.28
0.528416,0.458000,-0.204000,-0.882000,-3.740000,4.748000,-2.901000,29.38
0.528850,0.459000,-0.204000,-0.867000,-2.198000,4.214000,-1.740000,29.33
0.529314,0.458000,-0.207000,-0.868000,-1.435000,3.908000,-1.176000,29.33
0.529813,0.445000,-0.209000,-0.863000,-0.565000,4.244000,-0.702000,29.38
0.530275,0.452000,-0.210000,-0.865000,-0.046000,4.412000,-0.412000,29.38
0.530735,0.448000,-0.222000,-0.867000,0.427000,5.084000,-0.489000,29.33
0.531170,0.445000,-0.216000,-0.863000,0.702000,5.176000,-0.321000,29.38
0.531606,0.443000,-0.228000,-0.858000,0.580000,5.527000,-0.336000,29.38
0.532028,0.446000,-0.219000,-0.857000,0.672000,5.969000,-0.443000,29.33
0.532435,0.443000,-0.220000,-0.854000,1.053000,6.550000,-0.519000,29.38
0.532854,0.448000,-0.216000,-0.861000,1.466000,6.794000,-0.489000,29.47
0.533263,0.443000,-0.232000,-0.855000,1.634000,6.901000,-0.855000,29.38
0.533673,0.441000,-0.222000,-0.860000,1.542000,7.771000,-1.053000,29.52
0.534080,0.451000,-0.232000,-0.850000,1.206000,7.817000,-1.374000,29.33
0.534491,0.449000,-0.235000,-0.849000,0.412000,8.076000,-1.740000,29.38
0.535046,0.455000,-0.237000,-0.848000,-0.351000,7.985000,-2.565000,29.38
0.535604,0.456000,-0.242000,-0.855000,-1.588000,7.817000,-2.916000,29.33
0.536094,0.460000,-0.233000,-0.856000,-2.534000,7.756000,-3.237000,29.42
0.536561,0.463000,-0.226000,-0.854000,-2.366000,7.176000,-3.466000,29.38
0.537004,0.464000,-0.222000,-0.861000,-2.550000,6.794000,-3.435000,29.38
0.537421,0.459000,-0.222000,-0.849000,-2.397000,6.275000,-3.221000,29.42
0.537904,0.458000,-0.227000,-0.850000,-2.382000,6.550000,-3.435000,29.42
0.538351,0.460000,-0.222000,-0.858000,-2.748000,6.061000,-3.405000,29.38
0.538801,0.449000,-0.223000,-0.858000,-2.595000,6.107000,-3.511000,29.38
0.539240,0.462000,-0.229000,-0.845000,-3.008000,6.107000,-3.802000,29.42
0.539694,0.461000,-0.229000,-0.850000,-2.748000,6.763000,-3.969000,29.38
0.540119,0.461000,-0.220000,-0.865000,-2.580000,6.412000,-3.924000,29.38
0.540535,0.455000,-0.230000,-0.854000,-2.534000,6.947000,-4.031000,29.38
0.540967,0.456000,-0.225000,-0.859000,-2.718000,6.901000,-4.366000,29.42
0.541389,0.479000,-0.214000,-0.861000,-2.977000,7.252000,-4.122000,29.33
0.541808,0.467000,-0.219000,-0.851000,-2.244000,6.763000,-3.939000,29.47
0.542238,0.467000,-0.213000,-0.856000,-2.672000,6.183000,-3.588000,29.28
0.542673,0.459000,-0.224000,-0.851000,-2.916000,6.351000,-3.710000,29.42
0.543108,0.467000,-0.223000,-0.855000,-3.496000,6.260000,-3.740000,29.52
0.543518,0.474000,-0.212000,-0.855000,-3.664000,6.321000,-3.786000,29.38
0.543936,0.480000,-0.219000,-0.851000,-3.634000,6.076000,-3.618000,29.38
0.544348,0.479000,-0.216000,-0.856000,-3.496000,5.374000,-3.206000,29.33
0.544886,0.475000,-0.215000,-0.858000,-3.557000,4.763000,-2.992000,29.42
0.545481,0.479000,-0.218000,-0.853000,-3.817000,4.198000,-2.702000,29.38
0.546030,0.474000,-0.208000,-0.845000,-3.832000,3.511000,-2.641000,29.38
0.546545,0.459000,-0.216000,-0.847000,-4.198000,3.588000,-2.641000,29.33
0.546997,0.466000,-0.223000,-0.858000,-4.687000,3.634000,-3.023000,29.33
0.547467,0.469000,-0.221000,-0.854000,-4.763000,3.832000,-3.405000,29.38
0.547877,0.465000,-0.213000,-0.850000,-4.656000,4.107000,-3.084000,29.38
0.548291,0.476000,-0.203000,-0.853000,-4.214000,4.107000,-3.023000,29.42
0.548715,0.469000,-0.209000,-0.855000,-3.832000,3.817000,-2.779000,29.33
0.549135,0.471000,-0.216000,-0.852000,-4.107000,4.000000,-2.595000,29.38
0.549551,0.475000,-0.205000,-0.853000,-3.710000,3.908000,-2.336000,29.28
0.549964,0.471000,-0.209000,-0.860000,-3.695000,3.588000,-2.153000,29.42
0.550382,0.475000,-0.208000,-0.851000,-3.527000,3.679000,-2.153000,29.42
0.550827,0.469000,-0.212000,-0.849000,-3.557000,3.878000,-2.305000,29.47
0.551239,0.474000,-0.211000,-0.855000,-3.573000,3.832000,-2.412000,29.47
0.551649,0.479000,-0.218000,-0.852000,-3.740000,3.908000,-2.198000,29.42
0.552086,0.477000,-0.212000,-0.853000,-3.649000,3.725000,-2.046000,29.42
0.552499,0.472000,-0.205000,-0.845000,-3.557000,3.527000,-2.061000,29.28
0.552905,0.479000,-0.207000,-0.847000,-3.603000,3.649000,-2.000000,29.47
0.553321,0.478000,-0.205000,-0.845000,-3.664000,3.450000,-1.863000,29.42
0.553731,0.469000,-0.210000,-0.842000,-4.137000,3.328000,-2.015000,29.47
0.554148,0.480000,-0.205000,-0.847000,-4.321000,3.176000,-1.985000,29.38
0.554577,0.468000,-0.210000,-0.847000,-4.504000,3.069000,-1.771000,29.38
0.555013,0.475000,-0.209000,-0.852000,-5.023000,2.611000,-1.969000,29.42
0.555452,0.465000,-0.209000,-0.846000,-5.130000,2.290000,-1.969000,29.33
0.555891,0.478000,-0.210000,-0.854000,-5.084000,1.893000,-2.092000,29.47
0.556311,0.472000,-0.206000,-0.855000,-5.511000,1.649000,-2.137000,29.47
0.556720,0.472000,-0.213000,-0.848000,-5.511000,1.710000,-2.137000,29.42
0.557131,0.469000,-0.210000,-0.845000,-5.786000,1.908000,-2.641000,29.42
0.557542,0.465000,-0.204000,-0.846000,-6.214000,2.305000,-2.809000,29.47
0.557950,0.467000,-0.205000,-0.855000,-6.015000,2.672000,-2.931000,29.38
0.558357,0.480000,-0.200000,-0.854000,-5.924000,2.595000,-2.901000,29.33
0.558774,0.463000,-0.196000,-0.851000,-5.756000,2.611000,-2.840000,29.42
0.559188,0.461000,-0.198000,-0.848000,-6.137000,2.489000,-3.069000,29.47
0.559604,0.473000,-0.205000,-0.852000,-7.084000,2.809000,-3.344000,29.47
0.560013,0.467000,-0.203000,-0.852000,-7.725000,2.809000,-3.786000,29.33
0.560437,0.467000,-0.205000,-0.853000,-7.969000,3.099000,-4.137000,29.42
0.560871,0.477000,-0.196000,-0.853000,-7.969000,2.916000,-4.183000,29.38
0.561309,0.476000,-0.190000,-0.853000,-7.618000,2.962000,-3.954000,29.28
0.561739,0.475000,-0.197000,-0.846000,-7.221000,2.763000,-3.679000,29.42
0.562154,0.472000,-0.191000,-0.851000,-7.099000,2.550000,-3.496000,29.42
0.562608,0.480000,-0.185000,-0.856000,-6.412000,2.504000,-3.435000,29.47
0.563062,0.479000,-0.180000,-0.863000,-6.015000,2.473000,-3.053000,29.47
0.563478,0.474000,-0.179000,-0.855000,-5.145000,2.611000,-2.687000,29.42
0.563893,0.471000,-0.186000,-0.852000,-4.595000,2.565000,-2.458000,29.33
0.564304,0.472000,-0.191000,-0.860000,-4.687000,2.885000,-2.519000,29.38
0.564717,0.473000,-0.194000,-0.857000,-4.687000,2.870000,-2.519000,29.38
0.565137,0.468000,-0.187000,-0.856000,-4.687000,3.069000,-2.595000,29.33
0.565550,0.471000,-0.193000,-0.856000,-4.779000,3.328000,-2.855000,29.42
0.565984,0.469000,-0.196000,-0.861000,-4.885000,3.344000,-3.084000,29.28
0.566423,0.468000,-0.192000,-0.857000,-5.313000,3.145000,-3.496000,29.38
0.566954,0.475000,-0.181000,-0.853000,-5.466000,3.450000,-3.603000,29.42
0.567542,0.481000,-0.187000,-0.857000,-5.893000,3.237000,-3.466000,29.38
0.567975,0.467000,-0.187000,-0.861000,-6.107000,3.313000,-3.618000,29.47
0.568388,0.470000,-0.192000,-0.861000,-6.275000,3.359000,-3.649000,29.47
0.568800,0.471000,-0.173000,-0.855000,-5.924000,3.756000,-3.634000,29.42
0.569206,0.473000,-0.183000,-0.854000,-5.802000,4.305000,-3.557000,29.33
0.569626,0.479000,-0.177000,-0.854000,-5.649000,4.611000,-3.679000,29.38
0.570037,0.475000,-0.178000,-0.856000,-5.252000,5.221000,-3.573000,29.38
0.570460,0.482000,-0.172000,-0.867000,-4.443000,5.069000,-3.374000,29.33
0.570885,0.482000,-0.176000,-0.851000,-4.153000,5.267000,-2.870000,29.33
0.571333,0.475000,-0.190000,-0.853000,-3.802000,5.450000,-2.687000,29.57
0.571793,0.477000,-0.163000,-0.857000,-3.450000,5.389000,-2.595000,29.47
0.572235,0.482000,-0.178000,-0.853000,-3.328000,4.794000,-2.427000,29.33
0.572647,0.471000,-0.174000,-0.855000,-2.962000,4.611000,-2.550000,29.42
0.573064,0.488000,-0.179000,-0.859000,-3.221000,4.718000,-2.595000,29.47
0.573483,0.486000,-0.179000,-0.857000,-3.084000,4.611000,-2.565000,29.38
0.573904,0.478000,-0.167000,-0.851000,-2.733000,4.260000,-2.290000,29.42
0.574333,0.481000,-0.168000,-0.860000,-2.244000,4.015000,-2.198000,29.38
0.574742,0.482000,-0.169000,-0.864000,-2.061000,3.893000,-1.649000,29.38
0.575157,0.484000,-0.161000,-0.857000,-1.634000,3.679000,-1.450000,29.38
0.575572,0.482000,-0.167000,-0.854000,-1.145000,3.817000,-1.084000,29.33
0.576004,0.478000,-0.167000,-0.858000,-0.992000,3.420000,-0.885000,29.42
0.576429,0.480000,-0.175000,-0.861000,-0.916000,3.374000,-0.779000,29.47
0.576916,0.482000,-0.177000,-0.856000,-0.779000,3.115000,-0.687000,29.38
0.577583,0.487000,-0.178000,-0.856000,-0.977000,2.977000,-0.519000,29.42
0.578036,0.485000,-0.175000,-0.854000,-0.855000,3.038000,-0.443000,29.42
0.578471,0.483000,-0.172000,-0.856000,-0.458000,2.473000,-0.473000,29.38
0.578945,0.481000,-0.177000,-0.855000,-0.611000,1.985000,-0.412000,29.28
0.579473,0.477000,-0.174000,-0.854000,-0.290000,1.832000,-0.107000,29.33
0.579914,0.477000,-0.175000,-0.853000,-0.412000,1.893000,-0.076000,29.42
0.580325,0.473000,-0.182000,-0.868000,-0.290000,2.260000,-0.260000,29.38
0.580753,0.475000,-0.177000,-0.860000,-0.687000,2.733000,-0.458000,29.28
0.581169,0.479000,-0.175000,-0.859000,-0.977000,3.023000,-0.534000,29.33
0.581583,0.475000,-0.184000,-0.865000,-1.084000,3.359000,-0.550000,29.38
0.581997,0.474000,-0.173000,-0.854000,-1.160000,3.221000,-0.855000,29.38
0.582408,0.482000,-0.167000,-0.863000,-1.450000,3.267000,-0.641000,29.47
0.582821,0.481000,-0.174000,-0.857000,-1.481000,2.992000,-0.611000,29.52
0.583250,0.484000,-0.178000,-0.850000,-1.573000,2.824000,-0.656000,29.42
0.583669,0.481000,-0.173000,-0.845000,-1.557000,2.916000,-0.550000,29.38
0.584077,0.478000,-0.180000,-0.848000,-1.649000,2.962000,-0.580000,29.38
0.584491,0.481000,-0.176000,-0.855000,-1.374000,3.069000,-0.702000,29.33
0.584910,0.479000,-0.179000,-0.851000,-1.084000,3.023000,-0.489000,29.42
0.585322,0.480000,-0.174000,-0.851000,-1.038000,2.992000,-0.473000,29.38
0.585753,0.482000,-0.182000,-0.851000,-0.824000,2.870000,-0.198000,29.38
0.586179,0.481000,-0.176000,-0.855000,-0.794000,2.427000,-0.351000,29.33
0.586597,0.489000,-0.174000,-0.857000,-0.855000,2.305000,-0.336000,29.42
0.587128,0.484000,-0.180000,-0.860000,-0.656000,2.489000,-0.260000,29.38
0.587768,0.481000,-0.186000,-0.863000,-0.656000,1.832000,-0.168000,29.38
0.588196,0.477000,-0.183000,-0.855000,-0.473000,1.863000,-0.122000,29.33
0.588611,0.478000,-0.180000,-0.855000,-0.718000,1.725000,-0.076000,29.28
0.589027,0.475000,-0.183000,-0.856000,-0.779000,1.786000,-0.290000,29.47
0.589434,0.477000,-0.183000,-0.863000,-1.023000,1.878000,-0.153000,29.28
0.589852,0.480000,-0.188000,-0.864000,-1.069000,1.924000,-0.382000,29.42
0.590266,0.485000,-0.186000,-0.855000,-1.130000,1.908000,-0.412000,29.42
0.590693,0.481000,-0.178000,-0.858000,-0.885000,2.031000,-0.382000,29.47
0.591106,0.473000,-0.176000,-0.851000,-0.809000,2.198000,-0.397000,29.38
0.591520,0.481000,-0.178000,-0.857000,-0.809000,2.275000,-0.336000,29.42
0.591949,0.476000,-0.178000,-0.849000,-0.779000,2.458000,-0.260000,29.42
0.592374,0.480000,-0.179000,-0.852000,-0.748000,2.336000,-0.412000,29.47
0.592784,0.477000,-0.180000,-0.857000,-0.763000,2.214000,-0.366000,29.38
0.593206,0.473000,-0.183000,-0.861000,-0.672000,2.366000,-0.321000,29.42
0.593620,0.477000,-0.186000,-0.847000,-0.748000,2.397000,-0.321000,29.42
0.594046,0.480000,-0.183000,-0.853000,-1.008000,2.153000,-0.290000,29.38
0.594464,0.485000,-0.183000,-0.856000,-1.023000,1.969000,-0.122000,29.47
0.594885,0.477000,-0.182000,-0.858000,-1.298000,2.015000,-0.229000,29.42
0.595312,0.479000,-0.182000,-0.855000,-1.115000,1.878000,-0.351000,29.42
0.595762,0.472000,-0.186000,-0.857000,-1.145000,1.939000,-0.504000,29.38
0.596184,0.473000,-0.177000,-0.861000,-1.206000,2.046000,-0.458000,29.38
0.596627,0.467000,-0.181000,-0.867000,-1.145000,2.290000,-0.504000,29.42
0.597074,0.475000,-0.179000,-0.857000,-0.870000,2.672000,-0.443000,29.42
0.597521,0.471000,-0.181000,-0.855000,-0.901000,2.901000,-0.489000,29.38
0.597959,0.475000,-0.176000,-0.861000,-0.275000,2.992000,-0.382000,29.38
0.598387,0.476000,-0.180000,-0.859000,-0.473000,3.160000,-0.275000,29.38
0.598809,0.473000,-0.179000,-0.854000,-0.061000,3.344000,-0.107000,29.52
0.599223,0.479000,-0.184000,-0.864000,-0.092000,3.328000,-0.305000,29.42
0.599633,0.475000,-0.182000,-0.854000,0.092000,3.099000,-0.061000,29.47
0.600081,0.477000,-0.181000,-0.854000,0.504000,3.145000,0.214000,29.28
0.600503,0.478000,-0.188000,-0.852000,0.595000,3.130000,0.198000,29.42
0.600929,0.480000,-0.184000,-0.864000,1.115000,3.282000,0.336000,29.33
0.601371,0.476000,-0.185000,-0.856000,1.511000,3.466000,0.427000,29.38
0.601800,0.479000,-0.183000,-0.855000,1.725000,3.267000,0.656000,29.38
0.602231,0.476000,-0.191000,-0.858000,1.863000,3.557000,0.733000,29.42
0.602670,0.477000,-0.180000,-0.856000,2.290000,3.420000,0.824000,29.33
0.603118,0.473000,-0.190000,-0.851000,2.565000,3.695000,1.130000,29.47
0.603548,0.475000,-0.188000,-0.856000,3.023000,3.511000,1.344000,29.38
0.603964,0.476000,-0.186000,-0.849000,3.527000,3.893000,1.466000,29.33
0.604399,0.477000,-0.187000,-0.862000,4.198000,3.893000,1.573000,29.28
0.604825,0.480000,-0.185000,-0.852000,4.015000,3.847000,1.969000,29.28
0.605252,0.476000,-0.195000,-0.861000,3.878000,4.061000,1.908000,29.38
0.605688,0.472000,-0.196000,-0.856000,3.557000,3.908000,1.924000,29.42
0.606104,0.481000,-0.200000,-0.854000,3.420000,3.908000,1.924000,29.42
0.606513,0.478000,-0.198000,-0.853000,3.038000,3.282000,1.756000,29.47
0.606923,0.476000,-0.199000,-0.852000,2.656000,3.252000,1.542000,29.47
0.607354,0.476000,-0.207000,-0.855000,1.893000,3.206000,1.298000,29.42
0.607783,0.475000,-0.204000,-0.848000,1.496000,3.359000,1.115000,29.42
0.608218,0.481000,-0.209000,-0.839000,1.191000,3.252000,1.038000,29.38
0.608639,0.480000,-0.208000,-0.853000,1.206000,3.069000,0.962000,29.38
0.609087,0.479000,-0.200000,-0.852000,0.947000,2.901000,0.718000,29.42
0.609492,0.482000,-0.200000,-0.854000,1.023000,3.038000,1.008000,29.42
0.610008,0.477000,-0.203000,-0.855000,0.656000,3.053000,0.824000,29.38
0.610618,0.479000,-0.197000,-0.855000,1.145000,2.519000,1.252000,29.47
0.611100,0.478000,-0.202000,-0.852000,1.863000,2.458000,1.863000,29.42
0.611535,0.490000,-0.193000,-0.845000,2.550000,1.496000,2.061000,29.47
0.611945,0.480000,-0.197000,-0.851000,3.756000,1.069000,2.489000,29.38
0.612358,0.476000,-0.200000,-0.851000,4.748000,1.725000,3.145000,29.38
0.612766,0.477000,-0.196000,-0.854000,6.382000,1.802000,3.664000,29.42
0.613169,0.474000,-0.203000,-0.854000,7.924000,1.573000,4.336000,29.42
0.613575,0.491000,-0.196000,-0.862000,8.504000,1.908000,5.176000,29.47
0.614034,0.510000,-0.200000,-0.862000,9.328000,0.305000,6.275000,29.38
0.614480,0.528000,-0.202000,-0.867000,9.725000,-1.588000,7.802000,29.42
0.614930,0.546000,-0.162000,-0.890000,12.244000,-5.282000,10.733000,29.42
0.615376,0.538000,-0.145000,-0.905000,16.687000,-9.069000,14.595000,29.38
0.615835,0.537000,-0.151000,-0.917000,24.290000,-12.656000,18.244000,29.28
0.616283,0.536000,-0.161000,-0.936000,35.527000,-13.145000,22.962000,29.42
0.616736,0.515000,-0.208000,-0.880000,45.115000,-14.092000,26.137000,29.42
0.617179,0.504000,-0.217000,-0.905000,52.504000,-11.344000,28.107000,29.38
0.617704,0.480000,-0.204000,-0.947000,56.916000,-11.664000,29.954000,29.47
0.618211,0.478000,-0.172000,-0.948000,64.824000,-15.130000,32.076000,29.42
0.618695,0.491000,-0.239000,-0.896000,70.137000,-22.702000,30.992000,29.33
0.619223,0.421000,-0.317000,-0.851000,63.863000,-12.901000,28.107000,29.28
0.619753,0.505000,-0.387000,-0.898000,63.893000,-12.321000,24.183000,29.38
0.626482,0.556000,-0.411000,-0.958000,69.740000,-14.382000,26.244000,29.42
0.636410,0.511000,-0.372000,-0.986000,78.962000,-17.863000,32.244000,29.42
0.646613,0.449000,-0.361000,-0.859000,76.244000,-28.687000,32.931000,29.38
0.656447,0.416000,-0.401000,-0.774000,67.954000,-37.160000,32.305000,29.38
0.666422,0.391000,-0.435000,-0.720000,64.885000,-44.763000,30.458000,29.42
0.676451,0.313000,-0.406000,-0.710000,55.496000,-37.588000,27.282000,29.42
0.686466,0.306000,-0.409000,-0.743000,47.313000,-32.397000,24.031000,29.47
0.696501,0.297000,-0.410000,-0.740000,42.519000,-27.038000,22.733000,29.38
0.706524,0.321000,-0.412000,-0.776000,37.771000,-17.908000,21.282000,29.42
0.716484,0.037000,-0.318000,-0.670000,32.824000,5.939000,23.099000,29.42
0.726482,0.177000,-0.457000,-0.643000,31.878000,-3.435000,17.725000,29.38
0.736499,0.264000,-0.454000,-0.702000,22.550000,14.687000,13.405000,29.38
0.746596,0.535000,-0.391000,-0.846000,31.603000,-26.153000,5.374000,29.38
0.756568,0.396000,-0.337000,-0.757000,-11.099000,33.374000,-1.282000,29.33
0.766517,0.100000,-0.613000,-0.733000,-0.916000,-1.099000,-7.908000,29.52
0.776567,0.312000,-0.586000,-0.661000,-15.374000,14.809000,-8.977000,29.38
0.786565,0.432000,-0.636000,-0.763000,-41.420000,30.458000,-9.817000,29.38
0.796757,0.448000,-0.687000,-0.729000,-48.992000,43.664000,-23.954000,29.33
0.806686,0.318000,-0.908000,-0.576000,-61.511000,61.786000,-33.634000,29.47
0.816665,0.151000,-0.837000,-0.492000,-89.573000,39.924000,-46.962000,29.38
0.826687,0.007000,-0.627000,-0.688000,-109.832000,48.947000,-58.122000,29.38
0.836784,0.094000,-0.388000,-0.879000,-122.061000,58.687000,-74.244000,29.33
0.846901,-0.064000,-0.494000,-0.899000,-123.084000,68.824000,-82.061000,29.42
0.857050,-0.502000,-0.076000,-1.269000,-74.931000,100.031000,-125.496000,29.38
0.866638,-0.211000,-0.945000,-2.403000,-15.405000,109.282000,-109.176000,29.38
0.876638,0.120000,-2.739000,-1.999000,-17.496000,86.473000,-61.710000,29.42
0.886644,-0.443000,-2.970000,-1.341000,-68.336000,73.817000,-10.198000,29.42
0.896958,-0.806000,-1.825000,-1.194000,-82.031000,59.374000,43.084000,29.38
0.906992,-0.928000,-1.166000,-1.317000,-32.733000,49.252000,74.168000,29.38
0.916714,-0.891000,-1.057000,-1.097000,-2.687000,55.634000,84.473000,29.33
0.927053,-1.002000,-0.727000,-1.286000,-12.565000,52.260000,81.267000,29.42
0.936780,-0.963000,-0.309000,-1.248000,-8.412000,36.443000,65.206000,29.38
0.946654,-0.968000,-0.080000,-1.103000,-6.076000,13.817000,39.588000,29.38
0.956609,-0.896000,-0.053000,-1.093000,-16.443000,-4.580000,10.397000,29.33
0.966547,-0.545000,-0.201000,-1.379000,-14.992000,-12.672000,-8.198000,29.38
0.976480,-0.010000,-0.498000,-1.807000,-1.893000,-44.153000,-7.985000,29.38
0.986441,0.344000,-0.661000,-1.934000,7.985000,-78.916000,13.389000,29.38
0.996485,0.505000,-0.712000,-1.714000,3.924000,-124.427000,43.344000,29.33
1.006416,0.469000,-0.575000,-1.152000,-1.145000,-140.870000,66.153000,29.33
1.016425,0.514000,-0.304000,-0.710000,-0.794000,-155.450000,87.618000,29.47
1.026439,0.596000,-0.147000,-0.552000,-5.771000,-132.519000,100.626000,29.47
1.036461,0.741000,-0.073000,-0.500000,-15.160000,-98.489000,107.344000,29.42
1.046457,0.815000,0.063000,-0.427000,-24.763000,-75.588000,107.664000,29.38
1.056405,0.867000,0.250000,-0.387000,-36.977000,-56.992000,99.359000,29.38
1.066376,0.889000,0.432000,-0.368000,-45.634000,-41.069000,80.504000,29.33
1.076407,0.860000,0.536000,-0.351000,-52.733000,-22.580000,53.008000,29.42
1.086419,0.954000,0.470000,-0.565000,-42.779000,-0.763000,23.832000,29.42
1.096550,1.338000,0.410000,-1.014000,-11.664000,11.313000,11.145000,29.47
1.106451,1.594000,0.280000,-1.356000,26.565000,-8.336000,12.992000,29.47
1.116532,1.629000,0.109000,-1.263000,53.954000,-39.450000,20.748000,29.52
1.126386,1.520000,0.061000,-0.929000,49.359000,-67.786000,17.969000,29.47
1.136412,1.260000,0.229000,-0.494000,31.237000,-69.435000,7.176000,29.38
1.146585,1.042000,0.602000,-0.757000,32.000000,-42.092000,-11.664000,29.42
1.156477,1.113000,0.533000,-0.172000,-4.519000,-12.229000,-27.786000,29.33
1.166449,1.306000,0.407000,-0.428000,16.672000,-79.679000,-43.481000,29.38
1.176461,1.405000,0.248000,-0.502000,2.137000,-80.962000,-57.679000,29.38
1.186515,2.263000,-1.535000,-0.222000,-169.664000,-139.374000,11.237000,29.47
1.196639,1.382000,0.077000,-0.512000,-35.008000,-102.656000,-68.244000,29.33
1.206588,1.247000,-0.094000,-0.365000,-39.176000,-45.099000,-56.947000,29.33
1.216508,1.364000,-0.335000,-0.525000,-35.511000,-63.344000,-41.130000,29.38
1.226563,1.212000,-0.593000,-0.718000,-26.641000,-72.015000,-9.008000,29.38
1.236617,0.267000,0.344000,-0.433000,19.710000,-81.466000,9.191000,29.42
1.246705,0.060000,-0.541000,0.891000,146.702000,-113.771000,52.061000,29.42
1.256631,0.244000,-1.206000,0.509000,99.206000,75.908000,31.969000,29.28
1.266691,0.214000,-1.330000,-1.790000,64.015000,2.412000,35.771000,29.47
1.276717,-0.400000,-0.964000,-0.745000,45.847000,85.634000,23.191000,29.42
1.286684,-0.106000,-0.189000,-0.611000,34.427000,112.672000,10.427000,29.38
1.296739,0.850000,0.151000,-1.831000,43.725000,87.252000,0.595000,29.38
1.306701,0.682000,0.500000,-1.828000,43.511000,43.985000,-10.840000,29.38
1.316820,0.092000,0.305000,-1.091000,58.137000,-8.122000,-33.786000,29.42
1.326776,-0.064000,-0.325000,-0.724000,68.855000,22.275000,-33.634000,29.42
1.336864,0.146000,-0.535000,-0.604000,77.374000,40.534000,-31.847000,29.38
1.346756,0.408000,-0.539000,-0.762000,69.191000,66.473000,-29.908000,29.47
1.356770,0.511000,-0.638000,-0.803000,56.718000,73.374000,-31.374000,29.42
1.366899,0.515000,-0.789000,-0.728000,46.427000,82.260000,-31.435000,29.42
1.376892,0.703000,-0.986000,-0.963000,18.321000,37.160000,-24.092000,29.38
1.386737,0.560000,-0.770000,-0.904000,-2.046000,26.763000,-18.641000,29.47
1.396891,0.446000,-0.596000,-0.854000,-5.115000,7.588000,-16.901000,29.42
1.406843,0.445000,-0.606000,-0.870000,-17.237000,5.924000,-15.496000,29.33
1.416922,0.359000,-0.544000,-0.834000,-25.359000,13.557000,-14.366000,29.38
1.426969,0.387000,-0.442000,-0.816000,-28.641000,7.878000,-16.794000,29.38
1.436777,0.325000,-0.350000,-0.801000,-28.092000,25.282000,-15.817000,29.33
1.447002,0.263000,-0.287000,-0.802000,-28.305000,22.336000,-18.351000,29.38
1.456847,0.298000,-0.336000,-0.812000,-27.221000,22.947000,-21.450000,29.28
1.466920,0.388000,-0.362000,-0.849000,-25.924000,13.176000,-23.282000,29.38
1.476928,0.504000,-0.396000,-0.808000,-25.466000,13.099000,-27.832000,29.42
1.486792,0.389000,-0.401000,-0.813000,-29.847000,34.931000,-25.053000,29.52
1.496901,0.361000,-0.443000,-0.812000,-33.282000,29.130000,-24.366000,29.47
1.506912,0.354000,-0.492000,-0.748000,-35.710000,26.611000,-22.947000,29.38
1.517083,0.354000,-0.450000,-0.772000,-39.176000,17.939000,-23.069000,29.33
1.527038,0.217000,-0.381000,-0.642000,-49.328000,27.878000,-25.130000,29.33
1.536909,0.105000,-0.431000,-0.545000,-68.397000,45.374000,-30.519000,29.47
1.547019,0.134000,-0.452000,-0.572000,-92.137000,58.763000,-38.046000,29.38
1.556918,0.371000,-0.409000,-0.873000,-109.145000,71.832000,-41.130000,29.33
1.566955,0.511000,-0.337000,-0.870000,-98.275000,73.191000,-38.092000,29.42
1.577051,0.633000,-0.247000,-1.116000,-73.176000,76.443000,-32.931000,29.38
1.586782,0.168000,-0.302000,-1.037000,-46.244000,71.649000,-18.916000,29.38
1.597231,0.489000,-0.178000,-1.198000,-87.817000,132.061000,-2.336000,29.42
1.606907,0.453000,-0.058000,-0.167000,48.443000,81.176000,-29.176000,29.38
1.616951,0.207000,-0.371000,-1.929000,42.870000,135.359000,-26.473000,29.47
1.627238,0.302000,-0.119000,-0.745000,18.885000,181.954000,-11.115000,29.38
1.636738,0.459000,-0.200000,-0.914000,0.275000,29.511000,-8.595000,29.42
1.646727,0.444000,-0.270000,-0.426000,34.504000,131.740000,-13.313000,29.42
1.656649,0.562000,-0.404000,-0.784000,14.565000,72.901000,-18.000000,29.38
1.666726,0.518000,-0.366000,-0.839000,1.954000,102.489000,-22.641000,29.38
1.676875,0.336000,-0.579000,-0.835000,5.176000,96.565000,-23.374000,29.42
1.687017,0.551000,-0.368000,-0.858000,-0.489000,123.649000,-28.947000,29.24
1.696826,0.308000,-0.461000,-0.834000,12.153000,157.618000,-44.885000,29.38
1.706756,0.149000,-0.795000,-0.982000,0.733000,185.450000,-61.557000,29.47
1.716861,0.197000,-0.389000,-1.025000,-3.084000,220.366000,-81.954000,29.42
1.726854,0.500000,-0.401000,-0.935000,10.427000,241.771000,-99.710000,29.42
1.736885,0.546000,-0.122000,-1.033000,16.076000,263.725000,-103.481000,29.38
1.746807,0.705000,-0.135000,-1.122000,29.405000,279.710000,-110.947000,29.38
1.756872,0.771000,-0.260000,-1.275000,18.901000,305.069000,-114.870000,29.33
1.766860,0.923000,-0.396000,-1.564000,7.603000,331.634000,-123.695000,29.38
1.776922,1.288000,-0.764000,-1.810000,-0.809000,361.389000,-132.763000,29.38
1.787022,1.872000,-0.875000,-2.117000,-24.107000,350.290000,-155.847000,29.28
1.796936,1.392000,-0.790000,-2.112000,-41.130000,322.504000,-170.153000,29.42
1.806968,0.453000,-1.471000,-2.648000,-26.580000,263.328000,-135.527000,29.42
1.816977,-0.407000,-3.892000,-3.719000,-84.687000,97.725000,-26.275000,29.38
1.827038,-0.630000,-2.689000,-2.276000,-155.664000,17.618000,12.855000,29.38
1.836963,-1.099000,-1.351000,-2.027000,-180.809000,-56.443000,18.565000,29.42
1.847001,-1.754000,-0.710000,-1.553000,-191.145000,69.115000,10.824000,29.52
1.856951,-0.481000,-1.844000,-1.872000,-101.221000,-303.481000,-8.183000,29.47
1.867035,-1.026000,-0.855000,-1.318000,-81.221000,-183.969000,-3.573000,29.38
1.877060,-0.818000,-0.928000,-1.274000,-37.786000,-269.557000,-20.672000,29.42
1.887057,-0.354000,-0.892000,-1.113000,-69.527000,-203.695000,-23.389000,29.33
1.897055,-0.146000,-0.858000,-1.018000,-57.450000,-227.740000,-17.664000,29.38
1.906946,0.035000,-0.804000,-0.980000,-25.466000,-248.733000,-5.252000,29.47
1.916968,0.158000,-0.882000,-0.834000,3.496000,-250.214000,12.504000,29.42
1.927052,0.195000,-0.893000,-0.764000,33.008000,-252.656000,34.641000,29.42
1.937076,0.401000,-0.905000,-0.852000,40.015000,-249.038000,54.718000,29.47
1.946804,0.548000,-0.879000,-0.962000,52.931000,-189.802000,82.305000,29.38
1.956890,0.716000,-0.747000,-1.044000,57.374000,-169.099000,104.809000,29.42
1.966930,0.722000,-0.618000,-1.045000,61.832000,-147.221000,123.038000,29.33
1.976983,0.847000,-0.418000,-1.089000,72.733000,-162.504000,132.336000,29.47
1.986904,0.900000,-0.225000,-1.201000,85.053000,-154.977000,135.313000,29.47
2.000055,0.986000,-0.310000,-1.359000,96.443000,-163.847000,135.802000,29.42
2.008533,1.139000,-0.130000,-1.474000,103.389000,-180.076000,131.954000,29.33
2.017217,1.281000,-0.108000,-1.523000,94.458000,-187.221000,127.191000,29.38
2.026791,1.272000,0.002000,-1.409000,75.405000,-195.954000,116.626000,29.38
2.036435,1.311000,0.211000,-1.261000,71.511000,-205.160000,102.275000,29.38
2.046537,1.370000,0.305000,-1.150000,69.802000,-212.824000,86.595000,29.52
2.056469,1.465000,0.318000,-0.984000,79.420000,-220.351000,70.718000,29.42
2.066465,1.484000,0.334000,-0.817000,82.092000,-198.763000,56.672000,29.38
2.076476,1.635000,0.365000,-0.704000,78.977000,-178.595000,41.985000,29.47
2.086488,1.662000,0.360000,-0.562000,80.244000,-141.237000,29.725000,29.33
2.096629,1.815000,0.454000,-0.410000,76.000000,-115.267000,20.565000,29.42
2.106550,1.921000,0.493000,-0.429000,76.962000,-85.374000,14.809000,29.47
2.116545,2.430000,0.456000,-0.876000,86.275000,-68.427000,20.580000,29.38
2.126558,2.740000,0.642000,-0.912000,91.023000,-83.985000,29.588000,29.42
2.136626,1.751000,1.375000,0.182000,-145.618000,321.420000,178.260000,29.38
2.146649,1.955000,1.169000,0.099000,100.015000,-220.656000,-12.885000,29.47
2.156648,2.039000,1.201000,0.294000,55.771000,-93.282000,-11.511000,29.47
2.166606,2.244000,1.076000,0.091000,55.176000,-126.107000,-35.267000,29.42
2.176857,2.381000,0.705000,-0.011000,9.053000,-69.221000,-34.153000,29.42
2.186691,2.177000,0.377000,0.892000,-12.687000,-24.885000,-68.443000,29.38
2.196768,2.003000,1.418000,1.267000,-99.221000,22.763000,-94.397000,29.47
2.206698,1.398000,0.873000,0.741000,-70.748000,64.794000,-95.267000,29.33
2.216836,1.236000,-0.736000,-1.546000,-5.542000,80.931000,-77.588000,29.42
2.226884,0.819000,-1.777000,-2.085000,-12.458000,46.351000,-44.840000,29.47
2.236795,-0.228000,-2.188000,-0.566000,-40.794000,34.260000,-50.656000,29.47
2.246932,0.075000,-1.067000,-0.202000,-18.153000,91.557000,-34.244000,29.42
2.256818,0.958000,0.266000,-1.298000,3.893000,129.802000,-32.061000,29.42
2.266873,1.057000,1.191000,-2.137000,-4.153000,164.855000,-25.069000,29.47
2.276910,0.429000,0.998000,-1.525000,36.534000,82.229000,-42.275000,29.47
2.286951,0.424000,-0.047000,-1.152000,67.527000,89.496000,-40.641000,29.33
2.296846,0.655000,-0.758000,-1.016000,42.992000,109.496000,-23.450000,29.42
2.306970,0.844000,-0.568000,-1.149000,60.305000,90.641000,-22.947000,29.38
2.316915,0.642000,-0.120000,-1.232000,48.351000,105.084000,-15.115000,29.47
2.326965,0.672000,-0.532000,-0.948000,55.679000,78.183000,-8.885000,29.42
2.336760,0.621000,-0.828000,-0.688000,48.672000,65.954000,-4.015000,29.42
2.346832,0.648000,-0.610000,-1.020000,32.626000,45.969000,1.466000,29.38
2.356871,0.575000,-0.553000,-0.761000,28.550000,53.084000,1.298000,29.28
2.366958,0.504000,-0.656000,-0.882000,14.305000,34.992000,-1.298000,29.38
2.377029,0.521000,-0.774000,-0.680000,8.779000,32.275000,-6.214000,29.42
2.387105,0.390000,-0.582000,-0.710000,-3.985000,13.038000,-10.931000,29.42
2.396993,0.374000,-0.508000,-0.735000,-11.313000,8.061000,-16.015000,29.47
2.407035,0.410000,-0.467000,-0.739000,-20.260000,10.382000,-19.466000,29.38
2.417042,0.380000,-0.405000,-0.775000,-28.885000,15.206000,-23.908000,29.42
2.426953,0.376000,-0.387000,-0.728000,-34.275000,15.038000,-27.802000,29.33
2.437034,0.389000,-0.467000,-0.730000,-40.687000,17.588000,-30.992000,29.38
2.447155,0.470000,-0.406000,-0.931000,-48.748000,9.069000,-32.855000,29.47
2.456936,0.409000,-0.405000,-0.762000,-52.748000,33.588000,-34.550000,29.33
2.466947,0.424000,-0.476000,-0.714000,-52.885000,28.397000,-35.969000,29.33
2.477034,0.483000,-0.415000,-0.794000,-64.473000,35.649000,-38.305000,29.47
2.487063,0.477000,-0.448000,-0.781000,-69.481000,26.260000,-40.427000,29.38
2.496937,0.548000,-0.456000,-0.903000,-72.031000,38.031000,-39.817000,29.42
2.507070,0.234000,-0.274000,-0.635000,-61.924000,42.076000,-52.611000,29.38
2.517024,0.260000,-0.472000,-0.343000,-44.397000,32.794000,-31.313000,29.38
2.527019,0.523000,-0.343000,-0.938000,-46.977000,28.595000,-32.824000,29.38
2.537039,0.449000,-0.307000,-0.789000,-44.183000,24.733000,-33.924000,29.42
2.547125,0.587000,-0.256000,-0.941000,-45.527000,38.260000,-32.672000,29.42
2.557005,0.541000,-0.264000,-0.860000,-39.740000,31.695000,-30.763000,29.38
2.567148,0.507000,-0.205000,-0.824000,-37.710000,32.595000,-30.275000,29.47
2.577237,0.469000,-0.255000,-0.823000,-35.359000,43.954000,-30.244000,29.52
2.587165,0.536000,-0.208000,-0.848000,-29.496000,52.412000,-29.221000,29.33
2.597193,0.525000,-0.183000,-0.838000,-20.443000,61.786000,-27.313000,29.47
2.607159,0.490000,-0.218000,-0.828000,-11.695000,72.595000,-26.000000,29.38
2.617119,0.523000,-0.280000,-0.855000,-6.779000,84.458000,-24.000000,29.42
2.627187,0.519000,-0.250000,-0.843000,-8.779000,103.023000,-19.939000,29.42
2.637149,0.511000,-0.345000,-0.803000,-10.489000,115.695000,-20.595000,29.38
2.647118,0.456000,-0.298000,-0.834000,-16.427000,142.061000,-22.473000,29.47
2.657186,0.487000,-0.282000,-0.836000,-9.282000,158.427000,-28.916000,29.42
2.667195,0.520000,-0.309000,-0.758000,-11.893000,180.260000,-36.885000,29.47
2.677251,0.521000,-0.215000,-0.811000,-5.359000,190.214000,-44.321000,29.47
2.687126,0.567000,-0.252000,-0.755000,-0.580000,197.435000,-48.092000,29.38
2.696964,0.549000,-0.186000,-0.755000,-1.069000,221.313000,-51.206000,29.33
2.707152,0.608000,-0.150000,-0.819000,-4.382000,250.992000,-56.290000,29.42
2.717228,0.573000,-0.191000,-0.902000,-7.069000,274.260000,-63.756000,29.38
2.727062,0.750000,-0.285000,-0.973000,-12.290000,311.924000,-77.466000,29.47
2.737143,0.911000,-0.451000,-1.223000,-7.939000,348.122000,-91.511000,29.42
2.747059,1.028000,-0.652000,-1.307000,17.191000,364.000000,-100.458000,29.42
2.756985,1.579000,-0.671000,-1.727000,70.870000,387.634000,-93.511000,29.47
2.767219,2.087000,-0.667000,-1.836000,100.794000,391.160000,-106.962000,29.38
2.777104,2.046000,-0.449000,-1.871000,55.130000,394.962000,-143.893000,29.52
2.787258,1.987000,-0.731000,-2.142000,-13.160000,373.282000,-175.160000,29.33
2.797117,1.814000,-0.836000,-2.218000,-45.405000,313.740000,-179.985000,29.47
2.807201,0.007000,-2.056000,-3.067000,-54.122000,249.176000,-125.420000,29.47
2.817124,-0.086000,-4.000000,-3.514000,-127.130000,115.786000,30.977000,29.33
2.826993,0.759000,-3.139000,-4.000000,-258.092000,2.733000,54.840000,29.47
2.837167,-1.497000,-0.794000,-2.499000,-282.290000,-145.893000,55.954000,29.38
2.846992,-1.254000,0.668000,-2.788000,-194.229000,-192.748000,2.855000,29.47
2.856952,-0.650000,0.412000,-2.777000,-104.000000,-211.832000,-64.336000,29.42
2.867196,-0.557000,-0.441000,-2.203000,-71.298000,-246.137000,-114.626000,29.52
2.877115,-0.297000,-0.856000,-1.876000,-63.374000,-315.527000,-144.702000,29.47
2.887178,-0.051000,-0.664000,-1.434000,-39.191000,-368.076000,-158.153000,29.47
2.897081,0.189000,-0.556000,-1.181000,2.718000,-381.893000,-157.405000,29.33
2.907129,0.417000,-0.823000,-0.994000,47.710000,-373.023000,-140.855000,29.42
2.917078,0.668000,-1.067000,-0.740000,71.359000,-356.504000,-114.504000,29.38
2.927165,0.953000,-1.375000,-0.589000,74.351000,-336.916000,-70.519000,29.38
2.937138,1.148000,-1.516000,-0.566000,61.511000,-320.473000,-11.786000,29.47
2.947189,1.176000,-1.457000,-0.702000,55.145000,-303.176000,46.000000,29.33
2.956971,1.278000,-1.145000,-0.786000,66.565000,-287.450000,99.298000,29.52
2.967147,1.375000,-0.930000,-0.818000,83.939000,-272.076000,141.756000,29.38
2.977057,1.506000,-0.779000,-0.805000,87.893000,-256.962000,179.145000,29.47
2.987166,1.492000,-0.435000,-0.386000,-68.092000,-250.290000,192.443000,29.52
2.997094,2.291000,0.902000,-1.916000,71.496000,-195.115000,216.626000,29.42
3.007189,1.717000,0.237000,-0.991000,162.092000,-226.275000,248.840000,29.38
3.017151,1.682000,-0.837000,-0.434000,108.092000,-206.794000,223.313000,29.38
3.027209,1.957000,-0.500000,-0.615000,18.992000,-197.649000,204.931000,29.42
3.037017,1.897000,0.114000,-0.748000,-9.985000,-194.336000,179.466000,29.47
3.046998,1.918000,0.629000,-0.957000,30.992000,-206.305000,161.618000,29.47
3.057063,1.993000,0.701000,-0.941000,80.901000,-201.863000,137.237000,29.38
3.066909,1.997000,0.509000,-0.839000,104.229000,-189.481000,110.168000,29.42
3.076813,2.122000,0.411000,-0.772000,103.038000,-182.260000,81.099000,29.33
3.086699,2.077000,0.617000,-0.746000,99.985000,-177.603000,57.115000,29.38
3.096856,2.082000,0.697000,-0.584000,109.725000,-170.779000,39.908000,29.38
3.106700,2.113000,0.649000,-0.431000,119.847000,-160.779000,26.870000,29.52
3.116667,2.180000,0.569000,-0.359000,113.176000,-143.099000,19.359000,29.33
3.126759,2.215000,0.534000,-0.208000,100.412000,-125.313000,12.977000,29.38
3.136808,2.201000,0.632000,-0.024000,88.916000,-106.656000,4.550000,29.38
3.146885,2.027000,0.748000,0.172000,87.466000,-86.504000,-3.374000,29.52
3.156893,2.176000,1.209000,0.129000,64.122000,-17.282000,-7.435000,29.42
3.166835,2.050000,0.755000,0.056000,95.466000,-75.084000,-13.389000,29.47
3.176968,2.049000,0.566000,0.031000,71.206000,-26.870000,-0.702000,29.38
3.186979,1.995000,0.654000,0.090000,79.863000,-20.153000,-1.786000,29.42
3.196913,2.692000,0.042000,0.436000,-13.130000,32.122000,0.931000,29.47
3.206790,2.046000,1.034000,1.282000,-82.641000,63.405000,-25.389000,29.38
3.216982,0.367000,0.833000,-0.114000,-30.534000,129.389000,-14.305000,29.47
3.227011,1.421000,-0.106000,-2.421000,-13.282000,109.435000,-0.336000,29.42
3.236905,0.127000,-0.361000,-1.993000,-25.237000,48.382000,-19.695000,29.42
3.247166,-0.860000,-0.207000,-0.766000,-16.122000,67.740000,-61.267000,29.38
3.256906,0.159000,-0.429000,-0.677000,31.908000,73.939000,-66.534000,29.47
3.267025,0.965000,-0.242000,-1.262000,19.374000,136.962000,-55.771000,29.52
3.276988,0.806000,0.363000,-1.545000,18.641000,134.076000,-59.420000,29.42
3.286915,0.618000,0.497000,-1.606000,32.061000,122.763000,-75.344000,29.38
3.296777,0.728000,-0.102000,-1.329000,44.840000,108.031000,-73.282000,29.38
3.306868,0.743000,-1.104000,-1.349000,45.176000,142.427000,-55.664000,29.42
3.316967,0.673000,-0.965000,-0.742000,-16.504000,170.305000,-40.962000,29.42
3.326932,0.640000,-0.569000,-0.912000,1.359000,-5.496000,-38.748000,29.38
3.336925,0.623000,-0.506000,-0.959000,-27.130000,46.840000,-35.008000,29.47
3.347070,0.664000,-0.701000,-0.835000,-37.664000,55.023000,-33.038000,29.42
3.356946,0.655000,-0.655000,-0.852000,-45.634000,51.939000,-31.038000,29.42
3.367008,0.465000,-0.403000,-0.877000,-49.191000,37.450000,-30.519000,29.38
3.377013,0.373000,-0.421000,-0.865000,-45.649000,5.802000,-31.084000,29.38
3.387061,0.327000,-0.502000,-0.784000,-52.000000,11.893000,-30.137000,29.42
3.397092,0.299000,-0.400000,-0.779000,-62.641000,32.397000,-32.595000,29.52
3.406983,0.332000,-0.326000,-0.828000,-70.000000,52.076000,-34.550000,29.38
3.417020,0.436000,-0.349000,-0.863000,-71.695000,48.382000,-35.893000,29.47
3.426894,0.478000,-0.326000,-0.926000,-69.389000,39.710000,-35.496000,29.47
3.436933,0.511000,-0.300000,-0.934000,-61.817000,33.160000,-34.916000,29.33
3.446895,0.518000,-0.335000,-0.889000,-53.466000,33.847000,-33.267000,29.42
3.457030,0.604000,-0.222000,-0.974000,-39.359000,27.649000,-29.160000,29.57
3.466958,0.492000,-0.377000,-0.818000,-34.977000,25.176000,-29.221000,29.38
3.477036,0.495000,-0.307000,-0.834000,-33.008000,21.313000,-30.000000,29.42
3.487022,0.489000,-0.260000,-0.856000,-30.702000,22.534000,-29.237000,29.42
3.496991,0.494000,-0.200000,-0.876000,-29.008000,25.786000,-28.229000,29.38
3.507011,0.522000,-0.178000,-0.877000,-23.328000,25.985000,-25.771000,29.38
3.516991,0.494000,-0.206000,-0.856000,-21.542000,27.847000,-23.817000,29.42
3.527180,0.505000,-0.216000,-0.854000,-19.649000,29.023000,-22.977000,29.42
3.536918,0.513000,-0.231000,-0.834000,-18.702000,31.237000,-22.901000,29.38
3.546963,0.508000,-0.246000,-0.841000,-19.084000,36.748000,-22.656000,29.38
3.556938,0.524000,-0.260000,-0.824000,-18.260000,43.130000,-22.550000,29.42
3.566968,0.500000,-0.226000,-0.841000,-18.962000,46.031000,-23.832000,29.47
3.577067,0.337000,-0.474000,-0.734000,-0.977000,45.389000,-26.916000,29.47
3.587110,0.497000,-0.044000,-0.849000,-8.580000,56.397000,-26.855000,29.38
3.596893,0.519000,-0.231000,-0.792000,-3.282000,66.718000,-25.252000,29.42
3.607044,0.491000,-0.174000,-0.856000,-8.534000,79.649000,-25.053000,29.42
3.617029,0.474000,-0.314000,-0.870000,-12.809000,93.603000,-25.008000,29.47
3.626995,0.545000,-0.200000,-0.873000,-13.405000,112.855000,-23.924000,29.47
3.637050,0.499000,-0.235000,-0.819000,-11.344000,134.397000,-25.573000,29.42
3.647011,0.497000,-0.236000,-0.814000,-14.244000,157.435000,-30.794000,29.42
3.657005,0.493000,-0.114000,-0.839000,-13.542000,184.168000,-40.672000,29.47
3.666959,0.509000,-0.136000,-0.780000,-14.214000,208.519000,-46.321000,29.38
3.677056,0.513000,-0.127000,-0.809000,-7.023000,214.031000,-47.527000,29.42
3.687003,0.508000,-0.122000,-0.781000,-4.504000,228.565000,-48.687000,29.42
3.697043,0.569000,-0.121000,-0.741000,-14.779000,246.061000,-53.954000,29.47
3.707005,0.680000,-0.200000,-0.831000,-22.321000,257.069000,-61.267000,29.47
3.716981,0.569000,-0.299000,-0.855000,-34.550000,278.901000,-77.939000,29.42
3.727053,0.872000,-0.398000,-0.949000,-44.122000,304.198000,-96.153000,29.42
3.737066,0.885000,-0.528000,-1.029000,-46.397000,339.145000,-116.290000,29.47
3.746983,1.132000,-0.455000,-1.304000,-41.634000,382.321000,-129.496000,29.47
3.757015,1.676000,-0.564000,-1.484000,-1.786000,463.588000,-129.786000,29.42
3.766908,2.481000,-0.773000,-2.321000,87.893000,429.191000,-113.557000,29.42
3.776906,2.195000,-0.490000,-1.851000,86.153000,413.832000,-135.939000,29.47
3.786862,1.873000,-0.519000,-2.229000,25.710000,388.794000,-165.191000,29.38
3.796871,1.285000,-0.670000,-2.373000,-37.618000,347.023000,-178.550000,29.38
3.806757,0.872000,-1.703000,-2.772000,-65.496000,277.038000,-142.748000,29.42
3.816743,-1.847000,-2.940000,-3.586000,0.977000,72.015000,-35.420000,29.52
3.826794,2.744000,-3.566000,-4.000000,-41.038000,72.504000,51.038000,29.47
3.836943,-0.909000,-1.991000,-2.132000,-132.733000,-177.237000,84.153000,29.47
3.846885,-1.141000,-1.137000,-1.663000,-118.031000,-199.374000,109.725000,29.33
3.857006,-0.611000,-0.608000,-1.825000,-78.382000,-215.084000,107.710000,29.33
3.866930,-0.634000,-0.598000,-1.543000,-46.275000,-154.473000,95.756000,29.38
3.876954,-0.449000,-0.625000,-1.573000,-41.954000,-179.374000,70.000000,29.47
3.886837,-0.188000,-0.432000,-1.619000,-53.832000,-206.656000,33.756000,29.42
3.896901,0.108000,-0.271000,-1.603000,-51.695000,-253.710000,-0.397000,29.52
3.906878,0.380000,-0.159000,-1.438000,-16.580000,-289.252000,-32.656000,29.47
3.916906,0.472000,-0.113000,-1.489000,0.534000,-319.985000,-55.145000,29.47
3.927006,0.654000,-0.168000,-1.342000,25.466000,-353.435000,-71.695000,29.42
3.937031,0.799000,-0.308000,-1.138000,60.198000,-382.626000,-76.992000,29.47
3.947129,0.917000,-0.562000,-0.896000,74.870000,-388.687000,-70.321000,29.47
3.957052,0.963000,-0.726000,-0.802000,74.046000,-374.351000,-54.336000,29.38
3.967015,1.015000,-0.806000,-0.820000,68.595000,-341.985000,-29.008000,29.42
3.977093,1.077000,-0.817000,-0.903000,75.634000,-324.015000,3.832000,29.52
3.986882,1.109000,-0.723000,-0.981000,93.771000,-310.351000,39.466000,29.47
3.996955,1.172000,-0.653000,-0.990000,113.405000,-301.817000,74.122000,29.47
4.007060,1.214000,-0.639000,-1.000000,121.481000,-283.817000,100.244000,29.42
4.016974,1.290000,-0.601000,-1.085000,119.145000,-262.122000,119.527000,29.42
4.027096,1.317000,-0.462000,-1.143000,117.679000,-244.931000,135.863000,29.47
4.036939,1.418000,-0.364000,-1.265000,122.901000,-231.511000,149.252000,29.38
4.047114,1.608000,-0.236000,-1.329000,127.496000,-221.740000,160.427000,29.42
4.056965,1.763000,-0.132000,-1.294000,128.809000,-210.580000,167.053000,29.42
4.067478,1.945000,-0.008000,-1.325000,128.214000,-200.901000,168.336000,29.47
4.077962,2.249000,0.188000,-1.339000,132.656000,-188.916000,167.176000,29.38
4.086966,2.455000,0.345000,-1.264000,141.298000,-199.542000,159.481000,29.42
4.096888,2.630000,0.549000,-1.238000,146.198000,-205.328000,144.824000,29.42
4.106974,2.849000,0.792000,-0.996000,153.069000,-211.405000,128.122000,29.47
4.116925,2.978000,1.056000,-0.691000,167.084000,-210.870000,110.137000,29.47
4.127065,2.941000,1.163000,-0.376000,179.634000,-198.336000,98.992000,29.42
4.136821,3.026000,1.351000,0.199000,178.198000,-162.443000,84.748000,29.42
4.147118,2.961000,1.222000,0.578000,156.122000,-129.725000,68.840000,29.38
4.157034,2.140000,0.284000,1.304000,-290.290000,269.099000,254.366000,29.47
4.166907,3.122000,1.454000,0.915000,82.214000,-179.221000,4.214000,29.42
4.176958,2.944000,1.447000,0.839000,-7.160000,-22.840000,-5.969000,29.42
4.187042,1.822000,0.973000,0.543000,-0.183000,-56.809000,-12.427000,29.38
4.197245,2.917000,1.283000,1.440000,-141.237000,57.878000,-72.107000,29.38
4.207093,-0.452000,1.229000,0.048000,-107.954000,103.435000,-81.466000,29.42
4.217138,1.309000,-0.497000,-3.104000,-110.519000,80.641000,-57.786000,29.42
4.227208,-0.523000,-1.159000,-1.937000,-76.977000,32.137000,-54.137000,29.38
4.237208,-0.773000,-1.102000,0.012000,-77.206000,66.489000,-85.038000,29.47
4.247033,0.338000,-0.410000,-0.201000,-33.282000,145.130000,-84.137000,29.42
4.257034,1.359000,0.379000,-1.520000,-9.023000,193.817000,-59.756000,29.42
4.267012,0.922000,0.971000,-2.172000,5.511000,166.779000,-73.954000,29.38
4.277009,0.182000,1.129000,-2.884000,21.511000,217.160000,-95.847000,29.38
4.287006,0.851000,-0.261000,-1.415000,44.534000,198.489000,-93.145000,29.42
4.296867,1.095000,-0.988000,-1.039000,43.344000,147.588000,-76.947000,29.42
4.306856,1.008000,-1.264000,-0.908000,15.954000,121.908000,-56.931000,29.47
4.316982,0.767000,-0.123000,-1.445000,-15.969000,68.840000,-51.328000,29.47
4.327140,0.969000,-0.425000,-1.180000,-28.687000,100.733000,-35.115000,29.28
4.343185,0.677000,-0.611000,-0.873000,-20.992000,-11.099000,-27.160000,29.42
4.348048,0.611000,-0.734000,-0.893000,-34.504000,2.595000,-19.908000,29.42
4.357420,0.398000,-0.422000,-0.835000,-43.557000,30.275000,-20.214000,29.38
4.366588,0.377000,-0.479000,-0.841000,-50.473000,57.496000,-23.817000,29.47
4.376536,0.333000,-0.465000,-0.711000,-50.351000,50.229000,-28.718000,29.33
4.386363,0.291000,-0.323000,-0.759000,-47.466000,30.611000,-31.908000,29.52
4.396557,0.213000,-0.249000,-0.771000,-55.359000,22.977000,-36.824000,29.38
4.406391,0.389000,-0.436000,-0.860000,-66.214000,35.924000,-38.824000,29.38
4.416504,0.487000,-0.406000,-0.910000,-68.107000,50.641000,-37.115000,29.52
4.426424,0.471000,-0.364000,-0.898000,-64.275000,48.412000,-36.168000,29.52
4.436373,0.562000,-0.448000,-0.964000,-58.092000,40.763000,-36.565000,29.38
4.446400,0.499000,-0.330000,-0.838000,-49.603000,29.634000,-37.496000,29.38
4.459059,0.528000,-0.440000,-0.848000,-49.557000,27.954000,-39.939000,29.42
4.466327,0.516000,-0.308000,-0.872000,-51.084000,33.771000,-41.115000,29.47
4.476334,0.520000,-0.192000,-0.849000,-43.344000,23.847000,-39.160000,29.47
4.486661,0.499000,-0.206000,-0.863000,-40.046000,25.740000,-36.992000,29.28
4.496631,0.508000,-0.204000,-0.890000,-38.504000,26.321000,-36.214000,29.42
4.506518,0.424000,-0.248000,-0.873000,-37.130000,23.618000,-32.626000,29.52
4.516543,0.505000,-0.213000,-0.883000,-36.565000,30.092000,-32.794000,29.38
4.526590,0.537000,-0.216000,-0.875000,-34.183000,38.046000,-31.985000,29.38
4.536584,0.375000,-0.007000,-0.939000,-22.901000,34.473000,-38.779000,29.42
4.546706,0.439000,-0.195000,-0.818000,-22.885000,50.412000,-32.534000,29.52
4.556713,0.546000,-0.227000,-0.844000,-18.305000,57.359000,-31.405000,29.47
4.566666,0.509000,-0.195000,-0.813000,-20.885000,68.595000,-30.092000,29.47
4.576737,0.637000,-0.170000,-0.892000,-21.099000,82.656000,-25.985000,29.42
4.586685,0.494000,-0.111000,-0.838000,-15.679000,86.779000,-23.542000,29.42
4.596831,0.530000,-0.221000,-0.839000,-15.496000,101.863000,-18.763000,29.42
4.606649,0.490000,-0.173000,-0.869000,-14.122000,117.740000,-19.985000,29.38
4.616673,0.532000,-0.191000,-0.838000,-12.626000,143.649000,-19.908000,29.47
4.626595,0.504000,-0.191000,-0.859000,-11.053000,164.458000,-22.168000,29.42
4.636811,0.412000,-0.226000,-0.800000,-10.427000,192.672000,-32.275000,29.42
4.647049,0.466000,-0.189000,-0.774000,-13.725000,214.855000,-43.603000,29.47
4.656861,0.519000,-0.148000,-0.809000,-10.092000,222.351000,-49.130000,29.47
4.666924,0.473000,-0.134000,-0.734000,-9.649000,238.901000,-54.305000,29.42
4.676680,0.648000,-0.128000,-0.750000,-16.992000,256.748000,-61.145000,29.38
4.686519,0.530000,-0.142000,-0.802000,-26.733000,273.527000,-70.229000,29.47
4.696840,0.739000,-0.313000,-0.816000,-51.176000,295.542000,-84.931000,29.38
4.706689,0.931000,-0.369000,-1.048000,-58.015000,321.603000,-100.733000,29.42
4.717326,1.014000,-0.493000,-1.063000,-64.214000,367.450000,-115.664000,29.42
4.727151,1.326000,-0.462000,-1.275000,-47.679000,429.557000,-131.725000,29.38
4.737211,1.878000,-0.321000,-1.636000,-46.809000,500.260000,-141.618000,29.38
4.747171,2.676000,-0.408000,-2.135000,-27.542000,500.260000,-139.786000,29.42
4.757177,2.850000,-0.971000,-2.382000,88.519000,477.527000,-139.038000,29.42
4.767065,2.224000,-0.794000,-2.741000,52.656000,455.496000,-153.527000,29.47
4.777311,1.298000,-1.005000,-2.363000,-37.450000,382.519000,-194.122000,29.38
4.787085,1.193000,-1.447000,-3.026000,-78.718000,337.573000,-185.802000,29.42
4.797158,-1.204000,-0.927000,-4.000000,-74.412000,145.511000,-94.198000,29.52
4.807027,4.000000,-3.395000,-4.000000,-8.122000,97.053000,41.863000,29.38
4.817097,0.438000,-2.522000,-3.429000,-101.176000,-237.450000,66.931000,29.47
4.826992,-1.278000,-1.583000,-1.715000,-121.695000,-278.137000,69.847000,29.33
4.836818,-0.747000,-0.760000,-1.666000,-86.260000,-274.550000,83.389000,29.38
4.846616,-0.433000,-0.846000,-1.538000,-29.954000,-219.710000,92.275000,29.38
4.856564,-0.326000,-0.987000,-1.539000,-16.305000,-191.237000,98.901000,29.38
4.867311,-0.133000,-0.735000,-1.517000,-10.885000,-227.939000,86.229000,29.52
4.876558,0.054000,-0.640000,-1.412000,-24.641000,-281.542000,66.061000,29.42
4.886599,0.209000,-0.442000,-1.401000,-32.870000,-308.901000,35.695000,29.47
4.898447,0.504000,-0.033000,-1.445000,-19.893000,-306.183000,4.351000,29.38
4.908032,0.878000,0.030000,-1.553000,28.519000,-354.321000,-14.382000,29.42
4.916393,1.083000,-0.084000,-1.433000,80.580000,-400.870000,-22.443000,29.33
4.926358,1.064000,-0.282000,-1.186000,109.511000,-421.527000,-29.786000,29.47
4.936482,1.190000,-0.431000,-0.971000,120.748000,-415.053000,-32.443000,29.38
4.951038,1.244000,-0.553000,-0.864000,118.061000,-401.756000,-23.969000,29.33
4.956326,1.209000,-0.483000,-0.856000,125.450000,-389.374000,-6.977000,29.42
4.967089,1.293000,-0.369000,-0.962000,144.382000,-369.160000,19.237000,29.47
4.976435,1.317000,-0.274000,-0.979000,169.115000,-345.176000,46.336000,29.38
4.986354,1.447000,-0.399000,-1.075000,183.221000,-319.725000,70.443000,29.42
4.996727,1.569000,-0.429000,-1.120000,177.511000,-303.603000,97.115000,29.38
5.006510,1.582000,-0.344000,-1.176000,160.427000,-289.527000,118.260000,29.38
5.018485,1.635000,-0.160000,-1.207000,147.420000,-268.611000,138.183000,29.38
5.026867,1.731000,0.028000,-1.287000,140.000000,-249.176000,154.244000,29.42
5.037166,1.895000,0.194000,-1.392000,132.626000,-230.763000,164.702000,29.52
5.047287,2.061000,0.357000,-1.396000,126.153000,-219.908000,169.740000,29.38
5.057164,2.273000,0.545000,-1.409000,120.794000,-219.069000,170.046000,29.47
5.067201,2.484000,0.670000,-1.296000,115.252000,-214.733000,170.809000,29.42
5.077163,2.629000,0.729000,-1.098000,101.481000,-212.000000,169.588000,29.33
5.087162,2.766000,0.781000,-0.823000,79.817000,-207.328000,163.267000,29.47
5.096982,2.898000,0.948000,-0.508000,64.015000,-195.420000,153.847000,29.47
5.113694,2.837000,1.275000,-0.089000,69.695000,-172.534000,137.542000,29.33
5.116686,2.940000,1.726000,0.208000,100.168000,-139.969000,118.244000,29.42
5.126715,3.229000,1.814000,0.485000,123.374000,-105.450000,88.092000,29.38
5.136904,3.291000,1.647000,0.829000,102.168000,-73.527000,56.397000,29.28
5.147331,3.452000,3.316000,1.881000,-50.947000,130.565000,133.756000,29.42
5.159620,3.358000,1.420000,1.109000,24.626000,-108.672000,-29.496000,29.42
5.166661,3.798000,1.391000,0.766000,-94.214000,85.359000,-43.099000,29.47
5.176551,1.900000,0.451000,1.370000,-28.046000,55.618000,-92.031000,29.47
5.186654,2.101000,-1.077000,-2.113000,-51.008000,132.076000,-56.992000,29.42
5.196970,-0.010000,-1.587000,-2.133000,-43.740000,53.863000,-32.672000,29.52
5.206612,-0.906000,-1.632000,0.099000,-59.023000,79.893000,-49.542000,29.47
5.216770,0.206000,0.384000,-0.157000,-29.023000,199.878000,-64.687000,29.47
5.226756,1.495000,0.906000,-2.720000,4.031000,234.443000,-79.832000,29.33
5.236749,1.550000,1.613000,-3.031000,27.313000,177.237000,-98.366000,29.42
5.246884,0.846000,0.883000,-2.036000,40.397000,179.374000,-112.275000,29.38
5.256845,0.875000,-0.914000,-0.994000,116.382000,123.374000,-101.099000,29.47
5.266935,1.162000,-1.477000,-1.020000,60.656000,96.641000,-77.649000,29.47
5.276922,0.537000,-0.711000,-0.692000,11.527000,138.626000,-61.252000,29.33
5.286951,0.895000,-0.955000,-0.773000,-39.053000,239.328000,-52.916000,29.42
5.296982,0.741000,-0.664000,-0.706000,-27.450000,-0.977000,-49.191000,29.38
5.306961,0.716000,-0.805000,-0.833000,-60.137000,7.466000,-42.183000,29.47
5.317034,0.473000,-0.633000,-0.660000,-98.275000,31.282000,-47.695000,29.42
5.327027,0.427000,-0.753000,-0.630000,-128.351000,63.038000,-59.359000,29.42
5.337089,0.571000,-0.727000,-1.050000,-126.565000,58.000000,-63.466000,29.38
5.347018,0.519000,-0.147000,-1.225000,-107.878000,40.580000,-59.282000,29.38
5.357064,0.582000,-0.137000,-1.218000,-83.679000,36.214000,-48.305000,29.42
5.367067,0.630000,-0.101000,-1.063000,-52.168000,33.298000,-34.458000,29.38
5.377122,0.496000,-0.047000,-0.996000,-31.374000,34.931000,-23.511000,29.38
5.387150,0.530000,-0.356000,-0.877000,-18.321000,35.237000,-18.382000,29.47
5.397105,0.525000,-0.346000,-0.863000,-14.977000,35.328000,-17.832000,29.33
5.406961,0.527000,-0.354000,-0.812000,-13.908000,27.878000,-18.214000,29.33
5.417006,0.505000,-0.386000,-0.794000,-15.405000,24.321000,-19.954000,29.47
5.426952,0.495000,-0.365000,-0.799000,-19.527000,20.534000,-23.069000,29.38
5.437224,0.508000,-0.327000,-0.860000,-21.725000,20.931000,-24.824000,29.42
5.446850,0.482000,-0.301000,-0.801000,-22.763000,15.359000,-26.702000,29.52
5.457092,0.458000,-0.297000,-0.828000,-26.107000,12.901000,-28.809000,29.47
5.467056,0.475000,-0.254000,-0.822000,-25.359000,13.634000,-29.786000,29.38
5.476937,0.450000,-0.206000,-0.842000,-25.069000,16.168000,-28.107000,29.42
5.487129,0.480000,-0.226000,-0.855000,-26.794000,25.313000,-26.504000,29.42
5.496857,0.457000,-0.264000,-0.836000,-28.397000,25.924000,-27.725000,29.38
5.506802,0.495000,-0.263000,-0.841000,-31.832000,30.885000,-29.298000,29.47
5.516978,0.506000,-0.242000,-0.829000,-31.511000,32.443000,-31.023000,29.42
5.527288,0.599000,-0.286000,-0.750000,-31.237000,40.198000,-28.779000,29.42
5.536894,0.482000,-0.186000,-0.782000,-21.450000,41.664000,-29.298000,29.38
5.546776,0.437000,-0.235000,-0.803000,-24.534000,52.809000,-27.649000,29.38
5.557071,0.485000,-0.156000,-0.840000,-19.420000,57.664000,-28.443000,29.42
5.566945,0.474000,-0.124000,-0.853000,-20.244000,71.023000,-24.015000,29.42
5.577024,0.537000,-0.143000,-0.859000,-13.893000,80.885000,-18.366000,29.57
5.587078,0.496000,-0.177000,-0.872000,-12.443000,99.679000,-14.641000,29.38
5.597150,0.538000,-0.248000,-0.848000,-12.183000,114.840000,-15.023000,29.42
5.607064,0.550000,-0.233000,-0.827000,-11.924000,141.450000,-18.153000,29.42
5.616603,0.480000,-0.214000,-0.822000,-11.374000,164.702000,-25.603000,29.28
5.626902,0.457000,-0.188000,-0.805000,-9.450000,186.382000,-36.092000,29.38
5.636856,0.536000,-0.139000,-0.822000,-10.153000,205.405000,-39.511000,29.42
5.646977,0.489000,-0.152000,-0.783000,-4.687000,214.611000,-43.237000,29.33
5.656775,0.470000,-0.126000,-0.752000,-13.282000,238.870000,-48.977000,29.42
5.666847,0.615000,-0.153000,-0.842000,-22.519000,266.626000,-57.939000,29.38
5.677053,0.447000,-0.247000,-0.850000,-37.954000,285.191000,-75.420000,29.38
5.687031,0.726000,-0.466000,-0.943000,-69.038000,327.420000,-100.382000,29.42
5.696724,1.011000,-0.587000,-1.110000,-68.779000,349.924000,-128.137000,29.33
5.706796,1.211000,-0.669000,-1.305000,-29.145000,385.099000,-150.412000,29.38
5.716869,1.862000,-0.949000,-1.874000,70.565000,417.267000,-156.427000,29.38
5.726935,2.308000,-0.670000,-2.446000,26.137000,440.534000,-167.985000,29.42
5.736943,2.269000,-0.024000,-2.167000,-27.466000,479.542000,-229.573000,29.38
5.746878,2.877000,-1.323000,-2.965000,-72.626000,457.328000,-258.183000,29.38
5.756884,2.057000,-1.602000,-2.906000,-120.412000,338.763000,-233.252000,29.47
5.766880,-1.680000,-3.407000,-3.782000,-73.115000,184.351000,-97.374000,29.42
5.776990,2.365000,-3.535000,-4.000000,-63.176000,-107.679000,5.832000,29.42
5.787011,-0.535000,-2.505000,-2.827000,-157.053000,-145.191000,53.359000,29.47
5.796851,-0.936000,-1.209000,-2.124000,-143.863000,-181.084000,64.794000,29.47
5.806518,-0.659000,-0.670000,-2.138000,-88.595000,-197.252000,72.550000,29.42
5.816975,-0.710000,-0.801000,-2.043000,-56.244000,-143.008000,62.931000,29.42
5.826889,-0.601000,-0.792000,-1.752000,-46.916000,-194.198000,38.489000,29.47
5.836718,-0.541000,-0.713000,-1.478000,-55.679000,-262.061000,8.534000,29.38
5.846802,-0.376000,-0.320000,-1.320000,-40.168000,-307.954000,-21.496000,29.42
5.856555,-0.112000,-0.172000,-1.320000,-0.122000,-304.427000,-40.656000,29.42
5.866906,0.100000,-0.281000,-1.252000,50.061000,-314.748000,-46.794000,29.47
5.876910,0.357000,-0.517000,-1.088000,80.824000,-339.038000,-45.069000,29.38
5.886925,0.524000,-0.784000,-0.896000,79.939000,-346.382000,-35.008000,29.33
5.896786,0.647000,-0.828000,-0.821000,76.229000,-330.305000,-17.023000,29.42
5.906693,0.760000,-0.802000,-0.893000,82.992000,-321.389000,7.985000,29.38
5.916659,0.905000,-0.735000,-0.901000,101.298000,-320.840000,40.076000,29.38
5.926666,0.946000,-0.723000,-0.933000,119.634000,-308.519000,71.359000,29.47
5.936614,1.035000,-0.709000,-0.950000,132.626000,-283.710000,102.947000,29.42
5.946644,1.142000,-0.655000,-1.022000,134.840000,-263.618000,129.618000,29.47
5.956486,1.037000,-0.230000,-1.020000,117.832000,-255.023000,139.969000,29.47
5.966423,1.437000,-0.247000,-1.394000,138.824000,-231.954000,172.336000,29.38
5.976451,1.542000,-0.211000,-1.384000,144.534000,-233.298000,172.458000,29.42
5.986383,1.776000,-0.238000,-1.420000,137.282000,-227.023000,173.954000,29.42
5.996432,2.065000,-0.126000,-1.493000,121.176000,-226.718000,180.305000,29.38
6.006365,2.217000,0.014000,-1.371000,106.534000,-227.313000,185.069000,29.47
6.016440,2.383000,0.270000,-1.205000,102.427000,-225.863000,184.977000,29.33
6.026352,2.502000,0.500000,-0.995000,107.573000,-215.527000,175.038000,29.33
6.036391,2.630000,0.679000,-0.861000,118.168000,-194.611000,160.916000,29.47
6.046397,2.890000,0.787000,-0.822000,129.023000,-185.206000,145.603000,29.47
6.056342,3.134000,0.843000,-0.709000,132.794000,-178.229000,132.885000,29.42
6.066352,3.174000,1.052000,-0.474000,133.985000,-176.702000,123.649000,29.42
6.076361,3.065000,1.204000,-0.082000,136.427000,-158.107000,117.878000,29.38
6.086354,2.954000,1.313000,0.375000,136.534000,-130.947000,108.656000,29.38
6.096429,2.902000,1.314000,0.632000,126.046000,-86.260000,95.008000,29.42
6.106369,3.110000,1.285000,0.629000,83.634000,-41.908000,73.908000,29.42
6.116369,3.989000,1.386000,1.326000,-10.458000,29.908000,22.672000,29.42
6.126388,2.685000,1.251000,0.583000,-3.496000,-180.977000,3.557000,29.47
6.136437,3.299000,1.736000,2.054000,-152.198000,45.084000,-45.344000,29.47
6.146552,1.280000,2.042000,1.463000,-88.198000,40.702000,-86.031000,29.52
6.156472,1.543000,0.333000,-2.376000,-60.794000,124.748000,-69.008000,29.47
6.166526,-0.038000,-1.181000,-3.142000,-130.794000,-9.832000,-28.901000,29.38
6.176522,-1.146000,-0.851000,-0.393000,-17.008000,125.252000,-95.969000,29.47
6.186510,-0.697000,-0.463000,0.864000,6.901000,343.405000,-92.748000,29.33
6.196663,1.559000,0.213000,-1.509000,-4.504000,239.282000,-82.840000,29.52
6.206651,1.277000,0.837000,-1.846000,-3.969000,177.740000,-67.771000,29.38
6.216688,0.466000,0.881000,-1.718000,-3.878000,171.435000,-87.420000,29.47
6.226672,0.912000,-0.279000,-1.549000,32.580000,170.519000,-86.672000,29.42
6.236644,1.579000,-1.343000,-1.407000,57.069000,-89.053000,-74.168000,29.42
6.246790,0.926000,-0.918000,-0.885000,-0.916000,140.489000,-41.756000,29.38
6.256721,0.903000,-0.574000,-1.251000,-4.061000,91.511000,-31.344000,29.47
6.266617,0.759000,-0.480000,-1.007000,-10.137000,82.366000,-27.221000,29.33
6.276572,0.604000,-0.721000,-0.823000,-12.366000,75.817000,-21.389000,29.42
6.286634,0.419000,-0.601000,-0.773000,-16.763000,78.473000,-22.183000,29.38
6.296978,0.382000,-0.483000,-0.936000,-19.634000,44.443000,-28.656000,29.57
6.306715,0.491000,-0.477000,-0.893000,-26.061000,37.649000,-32.870000,29.42
6.316770,0.489000,-0.553000,-0.740000,-33.939000,47.359000,-31.664000,29.42
6.326832,0.478000,-0.241000,-0.938000,-38.351000,0.107000,-29.725000,29.33
6.336704,0.373000,-0.218000,-0.828000,-46.504000,18.412000,-28.092000,29.38
6.347061,0.404000,-0.333000,-0.816000,-54.244000,47.771000,-28.107000,29.47
6.360641,0.508000,-0.327000,-0.945000,-50.458000,47.786000,-27.084000,29.42
6.366506,0.606000,-0.276000,-1.015000,-36.000000,34.015000,-23.176000,29.38
6.376380,0.551000,-0.291000,-0.901000,-20.702000,17.817000,-20.244000,29.38
6.386386,0.440000,-0.371000,-0.798000,-24.702000,6.458000,-23.084000,29.47
6.396408,0.428000,-0.401000,-0.840000,-28.534000,16.000000,-27.252000,29.42
6.406381,0.442000,-0.454000,-0.753000,-36.504000,14.305000,-32.962000,29.33
6.416439,0.488000,-0.371000,-0.783000,-42.351000,11.985000,-36.229000,29.38
6.426440,0.476000,-0.271000,-0.902000,-47.313000,16.794000,-36.687000,29.38
6.436455,1.713000,-1.087000,-0.054000,-63.084000,67.450000,-39.313000,29.33
6.446457,-0.508000,0.034000,0.451000,-39.282000,13.740000,-33.985000,29.33
6.456517,0.361000,-0.127000,-0.901000,-43.939000,19.939000,-32.885000,29.38
6.466555,0.587000,-0.175000,-0.993000,-41.038000,18.962000,-35.664000,29.38
6.476517,0.564000,-0.193000,-0.906000,-38.214000,32.458000,-32.962000,29.42
6.486525,0.508000,-0.141000,-0.952000,-31.863000,28.092000,-31.359000,29.42
6.496711,0.681000,-0.338000,-0.842000,-32.153000,40.153000,-28.244000,29.47
6.506704,0.542000,-0.131000,-0.887000,-17.313000,46.687000,-30.595000,29.47
6.516663,0.526000,-0.217000,-0.848000,-20.198000,57.053000,-28.763000,29.42
6.526700,0.494000,-0.181000,-0.851000,-18.702000,65.176000,-28.443000,29.42
6.536647,0.455000,-0.170000,-0.861000,-18.382000,76.855000,-26.092000,29.38
6.546798,0.497000,-0.197000,-0.825000,-15.359000,90.794000,-22.595000,29.47
6.556789,0.488000,-0.238000,-0.874000,-16.687000,114.473000,-21.466000,29.42
6.566790,0.514000,-0.239000,-0.857000,-18.870000,138.534000,-24.015000,29.42
6.576844,0.534000,-0.224000,-0.834000,-19.710000,167.359000,-28.336000,29.38
6.586871,0.451000,-0.156000,-0.831000,-18.290000,199.603000,-37.863000,29.47
6.597207,0.448000,-0.163000,-0.799000,-17.191000,225.313000,-46.092000,29.38
6.606902,0.537000,-0.103000,-0.842000,-17.832000,245.359000,-47.939000,29.33
6.616951,0.502000,-0.101000,-0.771000,-19.679000,260.962000,-50.351000,29.42
6.626963,0.560000,-0.109000,-0.749000,-25.511000,279.725000,-60.412000,29.38
6.637019,0.511000,-0.148000,-0.858000,-30.550000,299.008000,-72.046000,29.47
6.646949,0.314000,-0.307000,-0.717000,-42.061000,275.389000,-94.931000,29.42
6.656928,0.884000,-0.347000,-0.977000,-53.863000,309.557000,-115.985000,29.42
6.666893,1.076000,-0.431000,-0.971000,-49.832000,338.687000,-135.985000,29.38
6.676957,1.403000,-0.491000,-1.311000,-35.695000,432.855000,-141.420000,29.38
6.686791,2.017000,-0.544000,-1.817000,4.153000,489.634000,-138.885000,29.33
6.697185,2.789000,-0.618000,-2.530000,49.328000,440.275000,-130.580000,29.42
6.707034,2.595000,-0.478000,-2.019000,35.817000,449.466000,-158.519000,29.28
6.717142,2.647000,-0.741000,-2.856000,-43.206000,435.038000,-179.313000,29.47
6.727094,1.574000,-1.040000,-2.822000,-77.954000,325.008000,-176.534000,29.42
6.737080,0.486000,-1.856000,-3.767000,-76.061000,152.137000,-94.397000,29.52
6.747119,1.826000,-3.012000,-4.000000,-13.008000,82.763000,-0.977000,29.38
6.757109,0.672000,-2.250000,-3.997000,-148.122000,-162.336000,5.359000,29.47
6.767107,-1.475000,-1.549000,-0.354000,-114.260000,-182.046000,16.244000,29.47
6.777215,-0.343000,-1.377000,-2.310000,-108.672000,-330.473000,11.878000,29.33
6.787031,-0.769000,-0.678000,-1.817000,-80.412000,-414.153000,33.160000,29.47
6.797188,-0.736000,-1.052000,-1.332000,-21.496000,-214.290000,35.771000,29.38
6.807012,-0.171000,-0.750000,-1.475000,-27.817000,-283.771000,23.328000,29.47
6.817056,-0.234000,-0.580000,-1.179000,-47.374000,-266.107000,2.275000,29.42
6.827127,-0.133000,-0.400000,-0.984000,-33.328000,-283.573000,-17.282000,29.42
6.837138,0.094000,-0.352000,-0.991000,-5.176000,-290.321000,-32.107000,29.47
6.847111,0.345000,-0.457000,-1.191000,33.420000,-307.008000,-31.221000,29.38
6.857203,0.606000,-0.562000,-1.218000,66.458000,-324.626000,-21.450000,29.42
6.867029,0.679000,-0.672000,-1.095000,90.702000,-328.672000,-6.351000,29.42
6.877280,0.834000,-0.656000,-1.022000,100.290000,-341.435000,12.947000,29.47
6.887325,0.977000,-0.669000,-0.908000,104.656000,-335.511000,36.794000,29.47
6.897041,1.046000,-0.542000,-0.953000,103.664000,-304.809000,60.672000,29.52
6.907227,1.114000,-0.344000,-1.020000,120.824000,-297.878000,81.038000,29.52
6.917113,1.112000,-0.181000,-1.078000,138.519000,-291.145000,92.672000,29.52
6.927153,1.119000,-0.014000,-1.160000,151.420000,-281.695000,93.176000,29.38
6.937086,1.186000,0.017000,-1.237000,154.168000,-274.443000,90.183000,29.38
6.947017,1.226000,0.022000,-1.238000,152.672000,-260.336000,86.336000,29.52
6.957024,1.431000,0.039000,-1.416000,153.817000,-245.908000,80.977000,29.42
6.967057,1.804000,-0.104000,-1.541000,162.962000,-229.786000,83.695000,29.28
6.977085,2.164000,0.028000,-1.650000,166.672000,-217.634000,89.160000,29.47
6.987115,2.465000,0.157000,-1.494000,170.504000,-246.473000,103.267000,29.33
6.997250,2.437000,0.134000,-1.107000,157.802000,-239.420000,120.061000,29.38
7.008967,2.441000,0.431000,-0.869000,139.450000,-236.718000,130.321000,29.38
7.016504,2.756000,1.031000,-1.151000,118.626000,-198.947000,130.275000,29.47
7.029349,2.558000,0.794000,-0.727000,130.595000,-178.092000,134.382000,29.33
7.037409,2.828000,1.083000,-0.657000,137.084000,-171.771000,131.832000,29.42
7.047061,2.904000,1.150000,-0.386000,141.786000,-155.695000,126.504000,29.38
7.056381,2.773000,1.116000,0.092000,122.458000,-133.893000,119.023000,29.38
7.066389,2.406000,-0.950000,0.550000,-237.802000,29.282000,391.725000,29.47
7.076362,3.029000,1.220000,0.606000,77.389000,-139.298000,80.855000,29.42
7.086375,2.648000,1.241000,0.748000,45.618000,-33.099000,60.122000,29.42
7.096418,2.724000,1.235000,0.577000,15.847000,-9.450000,50.794000,29.47
7.106398,2.611000,0.914000,0.510000,61.573000,-8.443000,18.901000,29.47
7.116422,2.351000,0.767000,0.475000,-38.351000,66.122000,37.237000,29.42
7.126410,2.030000,0.544000,0.194000,-62.305000,86.626000,31.099000,29.61
7.136504,0.253000,-0.323000,-0.104000,7.634000,158.687000,19.038000,29.38
7.146626,1.031000,-1.011000,-1.656000,-64.290000,143.206000,-21.466000,29.38
7.156553,-0.443000,-0.366000,-1.386000,-74.412000,69.954000,-42.885000,29.42
7.166614,-0.618000,-0.688000,-0.574000,-64.198000,-124.198000,-54.137000,29.42
7.176661,-0.165000,0.255000,-0.134000,4.840000,64.565000,-55.481000,29.38
7.186634,0.618000,0.483000,-1.714000,41.481000,233.618000,-66.214000,29.38
7.196590,1.326000,1.034000,-2.811000,45.206000,335.206000,-85.573000,29.52
7.206732,1.113000,0.841000,-2.252000,41.176000,336.458000,-98.519000,29.38
7.216770,1.385000,-0.349000,-1.546000,150.107000,162.992000,-105.557000,29.57
7.226737,1.424000,-1.400000,-0.713000,27.756000,314.794000,-47.511000,29.38
7.236706,0.695000,-1.006000,-0.636000,50.962000,0.321000,-46.366000,29.52
7.246786,0.774000,-0.539000,-0.967000,19.344000,60.977000,-35.863000,29.42
7.256660,0.803000,-0.660000,-0.815000,-7.038000,76.580000,-36.519000,29.47
7.266807,0.797000,-0.912000,-0.707000,-25.298000,74.397000,-36.076000,29.38
7.276747,0.506000,-0.738000,-0.718000,-41.450000,64.260000,-43.038000,29.52
7.286769,0.538000,-0.701000,-0.749000,-52.168000,5.130000,-55.389000,29.42
7.296656,0.335000,-0.595000,-0.591000,-82.718000,61.115000,-65.542000,29.38
7.306770,0.428000,-0.371000,-0.753000,-93.954000,-134.626000,-67.588000,29.47
7.316789,0.296000,-0.501000,-0.939000,-135.435000,2.626000,-70.076000,29.42
7.326519,0.550000,-0.287000,-1.006000,-132.000000,42.229000,-64.260000,29.42
7.336528,0.622000,-0.079000,-1.065000,-114.443000,44.885000,-54.092000,29.47
7.346584,0.590000,0.094000,-1.175000,-83.053000,10.153000,-44.015000,29.47
7.356509,0.486000,-0.353000,-0.863000,-72.076000,32.260000,-39.466000,29.42
7.366529,0.518000,-0.303000,-0.871000,-59.802000,17.542000,-42.305000,29.38
7.376551,0.533000,-0.291000,-0.921000,-51.435000,19.099000,-40.763000,29.38
7.386561,0.549000,-0.244000,-0.848000,-43.878000,8.565000,-38.885000,29.47
7.396615,0.514000,-0.248000,-0.834000,-41.298000,9.985000,-37.603000,29.42
7.406607,0.517000,-0.212000,-0.839000,-37.939000,8.534000,-35.863000,29.42
7.416753,0.519000,-0.197000,-0.841000,-37.542000,11.191000,-33.893000,29.38
7.426605,0.603000,-0.837000,-0.281000,-39.924000,21.389000,-53.969000,29.47
7.436655,-0.183000,0.193000,-0.839000,-37.985000,-16.412000,-32.122000,29.33
7.446628,0.351000,-0.230000,-0.787000,-25.649000,13.878000,-24.168000,29.52
7.456693,0.550000,-0.179000,-0.823000,-23.679000,20.626000,-22.992000,29.38
7.466811,0.477000,-0.128000,-0.886000,-21.282000,24.473000,-22.000000,29.47
7.476784,0.470000,-0.174000,-0.844000,-18.351000,32.137000,-23.160000,29.42
7.486619,0.387000,0.025000,-0.986000,-12.916000,37.053000,-32.321000,29.42
7.496778,0.526000,-0.246000,-0.844000,-20.580000,47.359000,-24.137000,29.52
7.506921,0.463000,-0.141000,-0.795000,-13.832000,51.817000,-22.916000,29.38
7.516856,0.456000,-0.089000,-0.887000,-12.458000,60.885000,-19.924000,29.47
7.526984,0.509000,-0.152000,-0.906000,-13.588000,79.374000,-19.176000,29.42
7.536987,0.493000,-0.117000,-0.896000,-12.763000,89.527000,-18.351000,29.33
7.546858,0.555000,-0.179000,-0.916000,-12.489000,95.481000,-16.412000,29.38
7.556829,0.514000,-0.234000,-0.844000,-19.069000,133.573000,-16.382000,29.38
7.566909,0.495000,-0.203000,-0.867000,-18.992000,158.733000,-23.588000,29.42
7.576970,0.428000,-0.167000,-0.879000,-29.511000,204.947000,-32.015000,29.38
7.586900,0.384000,-0.124000,-0.797000,-24.794000,217.206000,-47.908000,29.38
7.596832,0.473000,-0.042000,-0.844000,-29.786000,243.008000,-54.489000,29.47
7.606899,0.547000,-0.011000,-0.824000,-23.542000,258.870000,-57.634000,29.52
7.616861,0.478000,-0.108000,-0.868000,-17.634000,281.954000,-69.084000,29.42
7.626824,0.540000,-0.086000,-0.852000,-42.580000,313.252000,-83.863000,29.38
7.636986,0.619000,-0.117000,-0.812000,-62.458000,341.710000,-99.267000,29.38
7.647055,0.938000,-0.314000,-0.983000,-79.084000,372.183000,-117.954000,29.33
7.656912,1.020000,-0.421000,-0.978000,-73.405000,395.985000,-140.779000,29.52
7.666932,1.437000,-0.433000,-1.153000,-83.618000,371.405000,-149.328000,29.42
7.676934,1.633000,-0.281000,-1.153000,-96.382000,454.931000,-152.870000,29.47
7.686972,2.130000,-0.201000,-1.742000,-113.053000,487.908000,-148.061000,29.38
7.697056,2.283000,-0.049000,-1.529000,-101.893000,500.260000,-154.519000,29.42
7.706913,2.437000,-0.323000,-1.831000,-82.748000,468.962000,-144.275000,29.42
7.716906,1.812000,-0.919000,-1.979000,-24.611000,391.466000,-112.382000,29.47
7.726868,1.033000,-0.918000,-2.003000,-25.206000,319.817000,-132.382000,29.38
7.736926,1.063000,-1.290000,-2.033000,-153.649000,267.939000,-178.443000,29.52
7.746939,0.333000,-1.510000,-2.158000,-219.664000,173.939000,-141.618000,29.42
7.756666,3.869000,-2.990000,-4.000000,-95.985000,181.832000,110.809000,29.38
7.766795,2.228000,-2.289000,-3.627000,-184.733000,-7.435000,158.153000,29.38
7.776940,0.126000,-1.560000,-2.367000,-86.305000,-500.275000,176.885000,29.42
7.786912,-0.411000,-0.259000,-1.340000,-84.427000,-377.817000,177.725000,29.38
7.796749,-0.631000,0.056000,-0.896000,-25.771000,-334.687000,162.916000,29.47
7.806783,-0.584000,-0.109000,-1.094000,16.870000,-221.710000,135.511000,29.28
7.816847,-0.177000,-0.211000,-1.254000,36.779000,-223.267000,93.389000,29.42
7.826871,0.109000,-0.406000,-1.429000,19.374000,-270.702000,49.008000,29.52
7.836835,0.448000,-0.211000,-1.578000,-3.405000,-323.679000,0.092000,29.38
7.846855,0.658000,0.019000,-1.620000,1.588000,-370.321000,-42.840000,29.47
7.856649,0.840000,0.102000,-1.489000,37.267000,-398.427000,-70.824000,29.42
7.866748,0.932000,-0.093000,-1.175000,79.008000,-408.122000,-84.885000,29.42
7.876834,0.916000,-0.160000,-0.842000,87.298000,-372.412000,-101.939000,29.47
7.886885,1.144000,-0.476000,-0.795000,116.198000,-478.473000,-102.443000,29.38
7.896812,1.056000,-0.520000,-0.670000,121.237000,-418.550000,-84.015000,29.42
7.906868,1.063000,-0.634000,-0.713000,142.046000,-399.664000,-54.366000,29.42
7.916884,1.103000,-0.597000,-0.775000,159.176000,-350.824000,-9.832000,29.42
7.926869,1.137000,-0.626000,-0.882000,172.718000,-315.725000,34.809000,29.47
7.936869,1.149000,-0.618000,-0.998000,177.053000,-295.053000,70.427000,29.47
7.946717,1.232000,-0.577000,-1.100000,171.649000,-280.427000,94.137000,29.33
7.956869,1.320000,-0.420000,-1.126000,165.695000,-264.901000,110.076000,29.42
7.966867,1.456000,-0.262000,-1.245000,170.626000,-236.000000,118.260000,29.38
7.976856,1.646000,-0.114000,-1.285000,186.840000,-213.527000,127.145000,29.38
7.986832,1.793000,-0.074000,-1.163000,188.489000,-171.038000,135.847000,29.33
7.996998,2.081000,0.099000,-1.097000,194.534000,-201.832000,142.015000,29.38
8.006875,2.285000,0.329000,-1.042000,203.053000,-184.672000,151.603000,29.38
8.016591,2.424000,0.634000,-1.114000,223.221000,-158.443000,157.084000,29.47
8.026526,2.663000,0.854000,-1.235000,229.496000,-128.473000,167.939000,29.42
8.036519,2.859000,0.971000,-1.187000,225.496000,-118.748000,182.809000,29.52
8.046752,3.196000,0.843000,-0.727000,203.344000,-135.679000,192.687000,29.47
8.056617,3.311000,0.624000,0.026000,142.015000,-151.924000,192.153000,29.47
8.066554,3.295000,0.531000,0.769000,53.405000,-118.473000,175.542000,29.42
8.076535,3.153000,0.883000,1.020000,-17.008000,-69.115000,158.763000,29.33
8.086570,3.192000,1.345000,1.150000,-26.962000,-32.870000,160.107000,29.38
8.096753,3.143000,1.530000,1.211000,-17.695000,33.771000,170.458000,29.47
8.106775,-0.391000,-1.641000,-1.813000,-500.275000,241.313000,500.260000,29.33
8.116758,2.779000,1.551000,0.586000,-54.351000,-24.198000,144.992000,29.42
8.126679,2.384000,2.272000,1.915000,-90.168000,108.321000,-4.351000,29.47
8.136712,0.844000,0.622000,-2.193000,-105.802000,173.038000,-75.817000,29.47
8.146799,0.219000,0.398000,-4.000000,-211.267000,-11.832000,-84.931000,29.42
8.156778,-0.863000,-0.694000,-1.756000,-30.427000,-64.855000,-97.573000,29.52
8.166760,-0.488000,-0.083000,1.188000,36.947000,22.473000,-141.664000,29.42
8.176908,2.967000,-0.125000,-2.469000,33.817000,159.206000,-131.832000,29.38
8.186876,2.550000,0.276000,-2.559000,-15.557000,280.504000,-111.023000,29.47
8.197032,1.674000,0.510000,-1.998000,-36.000000,140.916000,-114.672000,29.33
8.206880,1.350000,-0.933000,-1.033000,-16.229000,176.947000,-70.595000,29.47
8.216767,0.747000,-0.428000,-0.971000,-50.519000,254.962000,-41.588000,29.57
8.226912,0.756000,-0.214000,-1.227000,-64.763000,187.618000,-30.412000,29.47
8.236841,0.756000,-0.556000,-0.723000,-27.771000,56.855000,-34.763000,29.42
8.246823,0.702000,-0.776000,-0.703000,-39.130000,64.962000,-29.939000,29.52
8.256683,0.507000,-0.491000,-0.848000,-52.733000,53.084000,-33.740000,29.38
8.266888,0.753000,-1.016000,-0.749000,-57.908000,32.672000,-41.038000,29.47
8.276821,0.666000,-0.609000,-0.883000,-72.458000,38.611000,-38.290000,29.42
8.286873,0.434000,-0.329000,-0.905000,-65.878000,-39.374000,-35.649000,29.42
8.296872,0.480000,-0.291000,-0.940000,-75.389000,13.954000,-34.824000,29.38
8.306810,0.605000,-0.215000,-1.075000,-71.603000,52.351000,-30.534000,29.47
8.316747,0.559000,-0.058000,-1.033000,-39.634000,27.389000,-23.221000,29.42
8.326864,0.560000,-0.288000,-0.908000,-23.252000,10.046000,-17.588000,29.42
8.336827,0.508000,-0.272000,-0.883000,-16.061000,4.260000,-16.366000,29.47
8.346742,0.478000,-0.286000,-0.839000,-18.000000,8.641000,-17.908000,29.38
8.356791,0.494000,-0.325000,-0.816000,-21.115000,21.557000,-19.908000,29.42
8.366877,0.499000,-0.323000,-0.804000,-22.870000,1.740000,-23.634000,29.38
8.376783,0.493000,-0.330000,-0.768000,-23.832000,-4.916000,-27.435000,29.47
8.386819,0.480000,-0.341000,-0.768000,-29.557000,8.321000,-31.069000,29.38
8.396872,0.468000,-0.295000,-0.830000,-34.565000,12.336000,-33.924000,29.42
8.406800,0.491000,-0.292000,-0.807000,-37.160000,10.534000,-35.206000,29.42
8.416855,0.482000,-0.225000,-0.839000,-39.969000,10.687000,-37.832000,29.47
8.426809,1.198000,-0.461000,-1.113000,-24.702000,23.023000,-7.435000,29.38
8.436779,0.688000,-0.535000,-1.293000,-41.893000,16.718000,-34.260000,29.42
8.446737,0.512000,-0.106000,-0.972000,-27.969000,20.611000,-27.374000,29.42
8.456670,0.364000,0.116000,-0.948000,-14.260000,26.061000,-34.733000,29.47
8.466852,0.429000,-0.080000,-0.823000,-17.069000,39.008000,-25.359000,29.47
8.476794,0.479000,-0.188000,-0.814000,-11.573000,39.069000,-25.267000,29.42
8.486787,0.503000,-0.190000,-0.815000,-16.427000,50.382000,-22.427000,29.42
8.496793,0.543000,-0.115000,-0.766000,-12.168000,57.145000,-19.618000,29.38
8.506785,0.516000,-0.099000,-0.832000,-7.160000,54.061000,-15.664000,29.38
8.516777,0.503000,-0.112000,-0.832000,-6.672000,66.198000,-13.282000,29.42
8.526764,0.545000,-0.168000,-0.830000,-2.595000,69.603000,-9.847000,29.47
8.536857,0.532000,-0.212000,-0.857000,-3.359000,79.557000,-10.931000,29.38
8.546755,0.519000,-0.267000,-0.839000,-6.061000,103.542000,-13.145000,29.47
8.556951,0.553000,-0.239000,-0.827000,-7.221000,122.794000,-18.229000,29.42
8.566816,0.530000,-0.229000,-0.841000,-11.634000,153.817000,-27.084000,29.42
8.576918,0.421000,-0.195000,-0.806000,-13.267000,172.595000,-36.534000,29.47
8.586831,0.447000,-0.106000,-0.812000,-14.183000,198.229000,-44.992000,29.47
8.596867,0.489000,-0.110000,-0.784000,-7.817000,212.702000,-46.580000,29.47
8.606503,0.466000,-0.056000,-0.784000,-3.191000,228.290000,-52.168000,29.33
8.616738,0.618000,-0.090000,-0.792000,-12.626000,250.534000,-56.901000,29.52
8.626601,0.464000,-0.071000,-0.873000,-23.038000,267.328000,-61.573000,29.38
8.636686,0.735000,-0.301000,-0.825000,-42.702000,288.748000,-73.756000,29.38
8.646749,0.989000,-0.415000,-1.133000,-42.672000,318.656000,-82.458000,29.33
8.656851,1.080000,-0.402000,-1.278000,-23.863000,371.435000,-96.000000,29.42
8.666907,1.448000,-0.442000,-1.759000,20.031000,452.076000,-87.679000,29.47
8.676860,2.061000,-0.535000,-2.297000,88.275000,500.260000,-83.527000,29.47
8.686962,2.667000,-0.419000,-1.938000,138.412000,500.260000,-86.992000,29.42
8.696765,2.409000,-0.273000,-2.290000,109.969000,500.260000,-117.435000,29.42
8.706712,2.069000,-0.344000,-2.661000,29.405000,436.565000,-155.099000,29.47
8.716822,0.802000,-1.282000,-3.258000,28.244000,339.985000,-127.130000,29.47
8.726926,-0.587000,-0.786000,-3.148000,-30.779000,134.076000,-118.137000,29.33
8.736858,1.483000,-2.832000,-4.000000,1.695000,39.389000,-76.611000,29.47
8.746893,0.010000,-1.659000,-3.407000,-102.611000,-169.084000,-74.977000,29.28
8.756887,-1.192000,-1.549000,-1.769000,-116.855000,-270.855000,-76.092000,29.47
8.766873,-0.613000,-0.892000,-1.724000,-116.580000,-285.160000,-72.351000,29.42
8.776854,-0.540000,-0.719000,-1.746000,-66.305000,-230.305000,-59.481000,29.52
8.786865,-0.322000,-0.717000,-1.518000,-11.160000,-237.084000,-45.115000,29.47
8.796689,-0.145000,-0.862000,-1.300000,22.702000,-265.863000,-38.947000,29.47
8.806831,0.204000,-0.923000,-1.236000,29.511000,-308.092000,-37.664000,29.52
8.816903,0.433000,-0.949000,-1.055000,24.565000,-323.542000,-36.214000,29.42
8.826699,0.569000,-0.829000,-0.886000,30.458000,-317.008000,-30.779000,29.38
8.836637,0.721000,-0.539000,-0.970000,44.076000,-315.496000,-26.290000,29.47
8.846799,0.801000,-0.453000,-0.882000,83.954000,-345.344000,-16.672000,29.42
8.856382,0.867000,-0.407000,-0.859000,115.191000,-342.061000,-9.511000,29.42
8.866493,0.949000,-0.401000,-0.867000,137.664000,-320.931000,-4.519000,29.38
8.876498,1.043000,-0.433000,-0.898000,148.687000,-305.786000,0.824000,29.47
8.886582,1.640000,-0.091000,-0.942000,156.107000,-284.443000,21.191000,29.42
8.896406,1.370000,-0.287000,-1.070000,167.053000,-294.275000,35.298000,29.33
8.906347,1.335000,-0.213000,-0.798000,149.802000,-259.099000,50.076000,29.38
8.916335,1.263000,-0.173000,-0.843000,150.397000,-277.481000,60.015000,29.47
8.926316,1.024000,-0.266000,-1.088000,150.015000,-263.130000,68.702000,29.33
8.936338,1.646000,-0.264000,-1.195000,164.137000,-228.534000,95.481000,29.42
8.946414,1.407000,-0.281000,-1.016000,155.527000,-218.733000,112.198000,29.38
8.956362,1.397000,-0.264000,-0.935000,147.328000,-199.878000,126.519000,29.47
8.967178,1.522000,-0.094000,-0.957000,141.893000,-188.809000,139.267000,29.38
8.976347,1.610000,0.075000,-0.938000,140.626000,-159.405000,150.198000,29.33
8.987151,1.720000,0.272000,-0.872000,146.260000,-127.802000,158.840000,29.33
8.997301,1.900000,0.442000,-0.882000,157.145000,-108.183000,165.359000,29.38
9.007138,2.128000,0.573000,-0.935000,157.969000,-90.351000,170.580000,29.38
9.017227,2.405000,0.689000,-0.961000,150.672000,-76.092000,170.916000,29.42
9.027200,2.747000,0.702000,-1.052000,127.069000,-74.458000,170.183000,29.33
9.036953,3.025000,0.796000,-0.982000,101.450000,-95.786000,161.435000,29.38
9.047059,3.099000,0.946000,-0.665000,75.527000,-130.443000,147.038000,29.47
9.056564,2.847000,1.175000,-0.046000,67.374000,-144.885000,128.626000,29.42
9.066477,2.582000,1.464000,0.589000,71.282000,-124.947000,106.260000,29.42
9.076668,2.431000,1.484000,0.865000,65.603000,-89.435000,78.092000,29.38
9.086687,2.469000,1.432000,0.945000,27.634000,-51.893000,53.221000,29.38
9.097279,1.108000,1.189000,-0.873000,-313.802000,133.405000,202.519000,29.52
9.108064,3.190000,1.612000,0.589000,-130.870000,-78.061000,-5.389000,29.47
9.116615,2.878000,2.402000,2.157000,-181.511000,94.840000,-30.519000,29.38
9.126638,-0.070000,1.460000,-0.062000,-60.244000,201.374000,-16.947000,29.38
9.137176,0.788000,0.132000,-3.275000,-58.473000,145.664000,-53.206000,29.52
9.146967,0.375000,-0.310000,-2.938000,-3.313000,136.733000,-77.878000,29.42
9.157016,-0.295000,0.049000,-0.382000,18.137000,140.931000,-110.336000,29.47
9.166980,1.417000,0.118000,-0.644000,35.817000,224.733000,-141.496000,29.47
9.176650,3.291000,-0.806000,-3.448000,-47.802000,122.504000,-115.527000,29.52
9.186671,1.446000,0.213000,-1.642000,-71.496000,68.947000,-78.351000,29.42
9.196889,0.643000,-0.490000,-1.054000,-54.962000,98.870000,-52.397000,29.47
9.206621,0.740000,-0.328000,-1.180000,-47.588000,74.336000,-34.473000,29.47
9.216780,0.855000,-0.552000,-1.259000,-64.504000,159.374000,-24.595000,29.52
9.226736,0.735000,-0.584000,-0.660000,-35.496000,51.466000,-24.565000,29.52
9.237151,0.172000,-0.327000,-0.618000,-16.260000,71.664000,-26.489000,29.47
9.247088,0.382000,-0.490000,-0.794000,-54.504000,28.107000,-28.626000,29.47
9.256518,0.512000,-0.564000,-0.859000,-47.252000,-21.435000,-31.511000,29.42
9.267150,0.454000,-0.321000,-0.910000,-56.092000,-3.069000,-32.366000,29.47
9.277032,0.433000,-0.222000,-0.979000,-56.336000,13.206000,-33.542000,29.38
9.286979,0.454000,-0.177000,-0.890000,-49.695000,22.534000,-32.000000,29.57
9.296814,0.460000,-0.215000,-0.907000,-40.824000,22.427000,-30.672000,29.42
9.306849,0.446000,-0.225000,-0.895000,-36.687000,14.473000,-29.740000,29.42
9.316946,0.506000,-0.229000,-0.894000,-31.924000,11.527000,-28.733000,29.38
9.326893,0.541000,-0.149000,-0.922000,-28.229000,9.313000,-27.863000,29.38
9.336974,0.531000,-0.274000,-0.897000,-21.176000,11.145000,-27.542000,29.42
9.346957,0.317000,0.006000,-0.721000,-26.763000,2.260000,-33.527000,29.42
9.356938,0.721000,-0.214000,-0.943000,-12.458000,-49.191000,-29.115000,29.38
9.366878,0.431000,-0.172000,-0.813000,-28.076000,-26.366000,-22.855000,29.47
9.376909,0.427000,-0.172000,-0.827000,-33.664000,-0.336000,-20.824000,29.52
9.386884,0.451000,-0.181000,-0.863000,-31.878000,11.969000,-20.779000,29.42
9.396957,0.451000,-0.181000,-0.878000,-27.511000,0.458000,-20.443000,29.42
9.406854,0.448000,-0.169000,-0.880000,-22.885000,-0.931000,-20.412000,29.38
9.416995,0.437000,-0.137000,-0.866000,-21.802000,-0.656000,-21.450000,29.38
9.426856,0.468000,-0.175000,-0.867000,-19.206000,11.252000,-21.832000,29.42
9.436823,0.464000,-0.150000,-0.865000,-18.962000,18.244000,-22.122000,29.42
9.446679,0.468000,-0.116000,-0.852000,-20.458000,21.466000,-20.473000,29.38
9.456824,0.515000,-0.145000,-0.860000,-16.901000,19.237000,-19.634000,29.47
9.466512,0.484000,-0.117000,-0.861000,-14.489000,23.588000,-18.290000,29.42
9.476488,0.492000,-0.119000,-0.862000,-12.718000,29.954000,-19.115000,29.57
9.486455,0.424000,0.072000,-0.961000,-8.382000,29.191000,-23.115000,29.57
9.496594,0.459000,-0.110000,-0.810000,-12.504000,34.168000,-18.489000,29.38
9.506567,0.461000,-0.195000,-0.824000,-12.122000,40.214000,-18.504000,29.42
9.516566,0.445000,-0.169000,-0.878000,-13.908000,43.359000,-20.794000,29.42
9.526564,0.480000,-0.175000,-0.874000,-15.099000,47.847000,-22.489000,29.47
9.536567,0.472000,-0.167000,-0.878000,-16.901000,57.985000,-23.145000,29.47
9.546670,0.479000,-0.163000,-0.898000,-18.290000,74.885000,-23.038000,29.42
9.556683,0.487000,-0.197000,-0.919000,-20.107000,85.313000,-22.962000,29.42
9.566658,0.511000,-0.171000,-0.930000,-23.115000,107.893000,-25.588000,29.47
9.576801,0.497000,-0.148000,-0.888000,-26.244000,132.107000,-28.824000,29.38
9.586786,0.474000,-0.142000,-0.868000,-29.771000,157.008000,-35.420000,29.52
9.596844,0.340000,-0.093000,-0.832000,-33.466000,181.634000,-49.634000,29.42
9.606741,0.471000,-0.045000,-0.888000,-32.076000,206.000000,-60.580000,29.28
9.617001,0.434000,-0.052000,-0.896000,-38.870000,229.527000,-69.405000,29.47
9.626857,0.509000,0.023000,-0.876000,-40.748000,247.557000,-81.267000,29.33
9.637068,0.478000,-0.005000,-0.910000,-37.206000,275.588000,-94.275000,29.42
9.646999,0.528000,-0.121000,-0.760000,-56.626000,301.221000,-120.198000,29.42
9.656923,0.441000,-0.049000,-0.932000,-54.931000,325.603000,-149.908000,29.38
9.666891,0.834000,-0.293000,-0.932000,-95.038000,391.756000,-172.702000,29.47
9.681687,1.267000,-0.334000,-1.197000,-100.916000,397.710000,-184.733000,29.42
9.687442,1.760000,-0.691000,-1.676000,-69.863000,446.550000,-176.763000,29.38
9.697233,2.062000,-0.721000,-2.252000,-23.634000,400.473000,-165.542000,29.38
9.707190,2.510000,-0.463000,-1.972000,-36.901000,387.527000,-183.893000,29.38
9.716350,2.637000,-0.382000,-2.129000,-77.328000,374.275000,-198.947000,29.42
9.726329,2.297000,-0.771000,-2.551000,-87.878000,300.733000,-195.924000,29.42
9.736340,0.832000,-1.093000,-3.265000,-106.611000,198.672000,-166.809000,29.47
9.746393,-0.523000,-2.256000,-3.731000,-16.885000,78.183000,-39.099000,29.38
9.756346,1.690000,-2.565000,-4.000000,-24.229000,-29.374000,21.145000,29.52
9.766364,-0.771000,-2.406000,-1.614000,-96.641000,-176.214000,29.313000,29.42
9.776429,-0.512000,-1.578000,-1.256000,-144.916000,-204.763000,44.626000,29.47
9.786445,-0.348000,-1.028000,-1.659000,-119.023000,-195.527000,56.076000,29.38
9.796508,-0.260000,-0.801000,-1.573000,-52.763000,-182.580000,79.359000,29.42
9.806458,-0.257000,-0.911000,-1.307000,-6.229000,-192.229000,88.733000,29.52
9.816479,-0.109000,-0.946000,-1.168000,4.076000,-219.893000,86.718000,29.38
9.826477,0.062000,-0.849000,-1.001000,3.008000,-239.191000,78.519000,29.38
9.836530,0.229000,-0.588000,-1.076000,11.328000,-247.053000,73.588000,29.42
9.846516,0.389000,-0.350000,-1.113000,38.870000,-251.176000,73.924000,29.38
9.856672,0.573000,-0.223000,-1.042000,80.336000,-268.290000,73.557000,29.38
9.866649,0.601000,-0.200000,-1.031000,114.336000,-289.802000,70.351000,29.47
9.876606,0.664000,-0.207000,-1.027000,133.893000,-291.878000,61.450000,29.42
9.886681,0.760000,-0.202000,-1.036000,139.832000,-288.580000,52.672000,29.52
9.896637,0.825000,-0.138000,-1.079000,148.519000,-282.153000,45.435000,29.47
9.906720,1.316000,0.023000,-1.325000,180.885000,-279.634000,49.099000,29.47
9.916700,1.230000,0.055000,-1.195000,201.664000,-290.092000,52.458000,29.33
9.926711,1.291000,0.140000,-0.932000,204.397000,-283.267000,48.794000,29.42
9.936757,1.101000,0.092000,-0.996000,202.458000,-276.061000,42.702000,29.47
9.946694,1.203000,-0.037000,-1.105000,206.901000,-256.870000,50.275000,29.47
9.956766,1.041000,-0.053000,-1.102000,212.244000,-229.527000,53.786000,29.42
9.966817,1.757000,-0.103000,-1.144000,219.481000,-204.656000,84.550000,29.52
9.976884,1.481000,-0.078000,-0.942000,203.466000,-181.038000,103.008000,29.47
9.986795,1.646000,0.156000,-1.041000,189.511000,-161.359000,117.542000,29.38
9.996807,1.805000,0.495000,-1.117000,184.840000,-139.237000,126.687000,29.42
10.006904,1.961000,0.842000,-1.168000,193.832000,-121.115000,130.534000,29.38
