# Gait Analysis Data - MPU6050 IMU
# Duration: 10 seconds
# Format: timestamp(s),ax(g),ay(g),az(g),gx(deg/s),gy(deg/s),gz(deg/s),temp(C)
# Note: Document sensor placement (ankle/wrist) separately
timestamp,ax,ay,az,gx,gy,gz,temp
0.001474,0.857000,-0.184000,-0.940000,31.802000,187.176000,-27.450000,29.52
0.002697,0.804000,-0.208000,-0.823000,31.832000,208.534000,-30.244000,29.42
0.003829,1.014000,-0.245000,-0.957000,31.725000,222.489000,-35.771000,29.47
0.004942,1.223000,-0.267000,-1.049000,42.962000,227.191000,-42.779000,29.47
0.005872,1.158000,-0.340000,-1.496000,45.038000,266.947000,-48.229000,29.52
0.006798,1.660000,-0.403000,-1.564000,34.595000,245.374000,-73.206000,29.47
0.007709,1.386000,-0.441000,-1.421000,26.656000,234.076000,-85.603000,29.38
0.008734,1.181000,-0.490000,-1.844000,30.214000,152.626000,-94.916000,29.47
0.009625,0.824000,-0.995000,-1.136000,24.672000,69.099000,-80.611000,29.42
0.010524,-0.324000,-2.807000,-3.160000,-24.641000,63.832000,-17.511000,29.42
0.011368,-0.007000,-1.506000,-1.613000,-81.145000,-27.679000,-9.725000,29.47
0.012172,-1.219000,-0.356000,-1.284000,-76.092000,-42.153000,-21.527000,29.57
0.012959,-0.362000,0.026000,-1.399000,12.687000,-41.496000,-46.595000,29.52
0.013768,-0.025000,-0.354000,-1.225000,49.084000,-116.046000,-53.069000,29.52
0.014550,-0.056000,-0.714000,-1.349000,42.763000,-161.405000,-69.053000,29.47
0.015335,-0.077000,-0.382000,-1.166000,31.008000,-200.168000,-90.214000,29.57
0.016128,-0.001000,-0.149000,-0.968000,45.038000,-219.420000,-103.527000,29.52
0.016912,0.123000,-0.100000,-0.838000,72.107000,-230.244000,-108.168000,29.33
0.017698,0.188000,-0.208000,-0.737000,92.885000,-227.298000,-105.603000,29.42
0.018575,0.228000,-0.323000,-0.693000,104.641000,-223.099000,-96.076000,29.47
0.019871,0.253000,-0.382000,-0.803000,109.099000,-201.832000,-77.450000,29.38
0.021634,0.386000,-0.396000,-0.814000,114.931000,-199.939000,-49.038000,29.42
0.023245,0.457000,-0.398000,-0.902000,109.969000,-184.168000,-18.855000,29.33
0.024390,0.720000,-0.242000,-0.795000,115.252000,-260.076000,13.145000,29.47
0.025277,0.601000,0.233000,-0.070000,118.611000,-137.313000,39.115000,29.47
0.026217,1.138000,0.263000,-0.957000,116.855000,-213.985000,60.977000,29.42
0.027661,1.104000,0.209000,-1.125000,100.656000,-148.809000,78.382000,29.38
0.028389,1.312000,0.280000,-1.109000,80.550000,-172.336000,89.618000,29.57
0.029038,1.393000,0.422000,-0.964000,60.046000,-162.687000,88.137000,29.38
0.029685,1.427000,0.562000,-0.785000,44.626000,-164.229000,77.160000,29.42
0.030310,1.569000,0.673000,-0.608000,37.969000,-163.038000,57.359000,29.52
0.030940,1.666000,0.674000,-0.402000,37.313000,-155.710000,39.267000,29.47
0.031604,1.840000,0.603000,-0.227000,38.519000,-134.489000,27.130000,29.38
0.032270,1.815000,0.491000,-0.071000,45.206000,-121.374000,24.412000,29.42
0.033030,1.795000,0.476000,0.039000,42.305000,-84.611000,23.053000,29.42
0.033740,1.775000,0.390000,0.080000,45.359000,-55.969000,21.115000,29.47
0.034527,1.750000,0.382000,0.105000,48.626000,-28.992000,20.168000,29.57
0.035174,1.796000,0.405000,0.122000,5.588000,70.153000,33.267000,29.52
0.036282,1.863000,0.385000,0.064000,45.130000,47.450000,31.359000,29.52
0.037047,1.790000,0.412000,0.004000,59.099000,41.389000,38.031000,29.38
0.037750,1.728000,0.452000,0.020000,78.183000,20.595000,39.282000,29.47
0.038609,2.091000,0.376000,-0.083000,38.977000,5.145000,3.664000,29.52
0.039408,1.530000,0.687000,0.258000,-21.603000,-5.695000,-37.878000,29.47
0.040089,1.609000,1.178000,0.204000,-61.053000,-9.557000,-75.771000,29.57
0.040691,1.883000,1.416000,0.329000,-70.702000,-6.992000,-122.580000,29.47
0.041292,1.192000,-0.136000,-0.328000,-59.618000,-28.427000,-98.641000,29.42
0.041888,2.249000,-1.191000,-1.087000,-82.992000,-54.565000,-23.695000,29.52
0.042480,0.242000,0.128000,-0.678000,-60.916000,-51.374000,-10.504000,29.47
0.043061,-0.456000,0.318000,-1.528000,-53.832000,5.649000,-20.870000,29.38
0.043686,0.217000,0.082000,-1.302000,-14.061000,-27.832000,-22.046000,29.42
0.044883,0.485000,-0.505000,-0.701000,-26.840000,-10.687000,-27.450000,29.42
0.045654,0.781000,-0.184000,-0.859000,-26.305000,-16.595000,-26.779000,29.47
0.046318,0.835000,0.108000,-1.100000,-15.542000,32.092000,-16.748000,29.47
0.046857,0.602000,0.097000,-0.812000,10.061000,19.710000,-3.145000,29.42
0.047383,0.497000,-0.088000,-0.898000,12.779000,12.550000,0.015000,29.42
0.047916,0.625000,-0.238000,-0.841000,19.832000,-28.641000,-2.137000,29.47
0.048499,0.616000,-0.215000,-0.832000,15.069000,4.275000,-4.626000,29.57
0.049145,0.593000,-0.185000,-0.804000,9.435000,8.763000,-5.099000,29.52
0.049731,0.616000,-0.181000,-0.814000,8.550000,3.298000,-5.344000,29.42
0.050375,0.603000,-0.160000,-0.819000,6.046000,-1.496000,-4.473000,29.47
0.050943,0.580000,-0.174000,-0.790000,5.145000,-8.397000,-4.412000,29.47
0.051633,0.552000,-0.174000,-0.812000,1.389000,-9.954000,-4.305000,29.52
0.052491,0.560000,-0.166000,-0.815000,2.260000,-8.504000,-4.656000,29.42
0.053194,0.560000,-0.146000,-0.834000,2.718000,-8.534000,-4.321000,29.47
0.053750,0.544000,-0.146000,-0.827000,3.634000,-5.115000,-4.137000,29.47
0.054249,0.548000,-0.157000,-0.833000,4.977000,-3.053000,-4.260000,29.42
0.054724,0.542000,-0.153000,-0.832000,5.038000,-0.015000,-3.802000,29.52
0.055183,0.547000,-0.146000,-0.847000,4.153000,3.267000,-3.496000,29.47
0.055642,0.553000,-0.138000,-0.843000,3.588000,4.244000,-2.595000,29.38
0.056112,0.549000,-0.129000,-0.838000,3.802000,4.855000,-1.603000,29.52
0.056575,0.514000,-0.116000,-0.796000,8.321000,9.481000,-1.145000,29.42
0.057040,0.551000,-0.148000,-0.843000,5.985000,6.076000,-0.214000,29.47
0.057494,0.531000,-0.156000,-0.825000,5.450000,5.313000,0.183000,29.38
0.057932,0.556000,-0.173000,-0.834000,3.115000,1.756000,0.000000,29.52
0.058374,0.555000,-0.175000,-0.823000,2.397000,1.405000,-0.550000,29.52
0.058943,0.543000,-0.179000,-0.813000,2.351000,1.893000,-1.130000,29.47
0.059611,0.558000,-0.164000,-0.804000,1.863000,0.611000,-1.420000,29.47
0.060164,0.552000,-0.162000,-0.830000,-1.771000,0.885000,-0.763000,29.57
0.060675,0.554000,-0.157000,-0.818000,0.473000,0.809000,-0.580000,29.42
0.061222,0.532000,-0.150000,-0.810000,2.198000,1.664000,0.000000,29.57
0.061697,0.534000,-0.149000,-0.820000,2.580000,2.779000,0.198000,29.47
0.062150,0.546000,-0.152000,-0.809000,1.893000,2.076000,1.053000,29.47
0.062599,0.536000,-0.149000,-0.827000,2.366000,2.000000,1.878000,29.61
0.063046,0.547000,-0.153000,-0.824000,2.519000,1.267000,2.183000,29.52
0.063480,0.542000,-0.168000,-0.834000,2.534000,1.496000,2.534000,29.47
0.063912,0.548000,-0.167000,-0.825000,2.183000,1.328000,2.824000,29.47
0.064349,0.552000,-0.172000,-0.823000,2.046000,1.985000,2.779000,29.52
0.064775,0.547000,-0.170000,-0.823000,1.176000,2.351000,2.855000,29.42
0.065202,0.551000,-0.166000,-0.827000,1.053000,2.061000,2.840000,29.57
0.065619,0.543000,-0.175000,-0.824000,0.962000,1.863000,2.809000,29.47
0.066054,0.543000,-0.175000,-0.821000,0.504000,1.710000,2.763000,29.42
0.066491,0.544000,-0.180000,-0.817000,0.122000,1.771000,2.626000,29.52
0.066927,0.534000,-0.182000,-0.822000,-0.092000,1.542000,2.153000,29.38
0.067362,0.534000,-0.181000,-0.827000,-1.374000,1.176000,2.046000,29.47
0.067794,0.547000,-0.187000,-0.828000,-1.695000,0.855000,1.344000,29.52
0.068233,0.541000,-0.174000,-0.825000,-2.092000,1.099000,1.023000,29.52
0.068654,0.536000,-0.178000,-0.811000,-0.885000,-0.458000,0.779000,29.47
0.069082,0.542000,-0.168000,-0.802000,0.870000,0.504000,0.443000,29.47
0.069657,0.533000,-0.168000,-0.811000,1.237000,0.931000,0.458000,29.42
0.070287,0.546000,-0.167000,-0.858000,-4.748000,2.382000,1.466000,29.42
0.070736,0.546000,-0.177000,-0.862000,-1.878000,0.504000,1.069000,29.47
0.071246,0.542000,-0.178000,-0.827000,0.260000,0.855000,0.947000,29.47
0.071809,0.535000,-0.172000,-0.828000,0.260000,0.397000,0.855000,29.42
0.072359,0.537000,-0.177000,-0.820000,-0.290000,-0.458000,0.809000,29.52
0.072818,0.537000,-0.174000,-0.822000,-0.229000,-0.412000,0.840000,29.47
0.073261,0.529000,-0.177000,-0.825000,-0.519000,-0.779000,0.595000,29.47
0.073711,0.536000,-0.176000,-0.835000,-0.733000,-1.160000,0.626000,29.57
0.074149,0.541000,-0.177000,-0.825000,-1.389000,-1.145000,0.427000,29.42
0.074649,0.538000,-0.176000,-0.822000,-1.771000,-1.450000,0.321000,29.42
0.075100,0.532000,-0.178000,-0.824000,-1.786000,-1.496000,-0.046000,29.47
0.075559,0.542000,-0.181000,-0.828000,-2.534000,-2.000000,-0.168000,29.38
0.076021,0.527000,-0.188000,-0.822000,-3.420000,-2.504000,-0.672000,29.52
0.076474,0.521000,-0.183000,-0.817000,-5.221000,-3.099000,-1.542000,29.52
0.076917,0.516000,-0.190000,-0.823000,-7.771000,-3.206000,-2.611000,29.47
0.077425,0.527000,-0.192000,-0.825000,-9.328000,-3.481000,-4.168000,29.47
0.077931,0.527000,-0.196000,-0.833000,-11.145000,-3.527000,-5.008000,29.42
0.078378,0.525000,-0.184000,-0.831000,-12.229000,-4.046000,-5.924000,29.38
0.078838,0.500000,-0.192000,-0.821000,-13.771000,-3.786000,-7.084000,29.47
0.079298,0.509000,-0.185000,-0.818000,-16.031000,-3.618000,-8.519000,29.47
0.079752,0.521000,-0.191000,-0.830000,-18.748000,-4.687000,-10.244000,29.52
0.080219,0.530000,-0.188000,-0.832000,-19.328000,-5.130000,-10.962000,29.42
0.080687,0.528000,-0.161000,-0.839000,-18.504000,-5.496000,-10.855000,29.57
0.081135,0.531000,-0.155000,-0.846000,-18.168000,-6.305000,-10.565000,29.47
0.081674,0.515000,-0.151000,-0.833000,-17.771000,-6.351000,-11.008000,29.42
0.082264,0.516000,-0.160000,-0.842000,-19.740000,-6.580000,-11.756000,29.42
0.082728,0.523000,-0.159000,-0.836000,-20.733000,-6.977000,-12.336000,29.47
0.083191,0.517000,-0.148000,-0.825000,-18.992000,-5.939000,-12.473000,29.47
0.083643,0.517000,-0.132000,-0.850000,-20.809000,-6.244000,-11.924000,29.42
0.084099,0.515000,-0.121000,-0.850000,-20.183000,-6.397000,-11.817000,29.42
0.084550,0.526000,-0.131000,-0.845000,-20.275000,-6.977000,-11.282000,29.47
0.085071,0.517000,-0.125000,-0.851000,-20.244000,-6.855000,-10.977000,29.38
0.085640,0.498000,-0.129000,-0.852000,-20.931000,-6.107000,-10.947000,29.42
0.086192,0.519000,-0.135000,-0.852000,-21.176000,-5.359000,-11.420000,29.42
0.086675,0.499000,-0.118000,-0.851000,-21.466000,-6.092000,-11.511000,29.38
0.087140,0.494000,-0.130000,-0.857000,-21.863000,-5.802000,-11.557000,29.47
0.087592,0.490000,-0.121000,-0.857000,-22.321000,-5.206000,-12.229000,29.52
0.088030,0.519000,-0.116000,-0.855000,-22.305000,-5.282000,-12.382000,29.42
0.088477,0.508000,-0.106000,-0.861000,-22.321000,-5.878000,-12.229000,29.38
0.088905,0.516000,-0.098000,-0.861000,-22.748000,-6.519000,-12.427000,29.47
0.089343,0.512000,-0.104000,-0.863000,-23.603000,-6.931000,-12.336000,29.47
0.089769,0.505000,-0.097000,-0.870000,-23.649000,-7.344000,-11.786000,29.52
0.090197,0.515000,-0.078000,-0.860000,-23.481000,-7.344000,-11.481000,29.52
0.090629,0.518000,-0.067000,-0.854000,-21.725000,-7.237000,-10.229000,29.47
0.091069,0.496000,-0.066000,-0.866000,-21.099000,-7.313000,-9.908000,29.57
0.091648,0.499000,-0.079000,-0.872000,-21.252000,-7.084000,-9.603000,29.52
0.092254,0.505000,-0.057000,-0.872000,-21.084000,-7.206000,-9.282000,29.42
0.092736,0.500000,-0.052000,-0.885000,-21.664000,-6.702000,-8.122000,29.47
0.093196,0.515000,-0.055000,-0.879000,-20.473000,-7.435000,-8.107000,29.47
0.093695,0.507000,-0.055000,-0.880000,-20.733000,-7.420000,-7.985000,29.52
0.094284,0.499000,-0.080000,-0.887000,-22.137000,-8.626000,-8.489000,29.52
0.094848,0.500000,-0.075000,-0.894000,-22.656000,-9.160000,-8.901000,29.47
0.095312,0.504000,-0.063000,-0.890000,-23.634000,-9.023000,-9.740000,29.47
0.095770,0.489000,-0.044000,-0.888000,-23.634000,-8.992000,-9.420000,29.52
0.096221,0.494000,-0.041000,-0.884000,-24.244000,-8.275000,-9.298000,29.47
0.096671,0.495000,-0.031000,-0.887000,-24.550000,-7.588000,-9.252000,29.57
0.097124,0.494000,-0.039000,-0.877000,-23.313000,-6.458000,-9.160000,29.38
0.097572,0.468000,-0.017000,-0.867000,-21.298000,-5.511000,-8.733000,29.52
0.098012,0.446000,0.044000,-0.876000,-15.130000,-3.435000,-6.092000,29.52
0.098447,0.423000,0.065000,-0.848000,-5.450000,0.901000,-2.260000,29.57
0.098867,0.404000,0.099000,-0.850000,6.962000,5.084000,2.519000,29.47
0.099283,0.413000,0.103000,-0.852000,16.779000,8.580000,6.947000,29.42
0.099723,0.443000,0.062000,-0.867000,21.634000,10.718000,9.191000,29.52
0.100171,0.462000,-0.002000,-0.869000,23.588000,11.466000,10.061000,29.47
0.100638,0.478000,-0.009000,-0.894000,18.962000,9.298000,8.824000,29.47
0.101076,0.462000,-0.053000,-0.891000,14.947000,8.809000,7.420000,29.52
0.101527,0.487000,-0.047000,-0.882000,13.237000,9.450000,6.550000,29.52
0.102131,0.484000,-0.032000,-0.880000,13.176000,10.229000,6.626000,29.42
0.102609,0.479000,-0.016000,-0.871000,14.580000,11.130000,7.618000,29.47
0.103063,0.480000,-0.015000,-0.864000,17.359000,11.878000,8.885000,29.57
0.103507,0.481000,-0.023000,-0.869000,20.427000,12.260000,10.443000,29.42
0.103947,0.506000,-0.047000,-0.869000,22.763000,12.443000,11.420000,29.42
0.104382,0.516000,-0.084000,-0.850000,23.038000,12.229000,12.260000,29.47
0.104819,0.517000,-0.112000,-0.863000,23.588000,13.221000,12.916000,29.57
0.105258,0.476000,-0.022000,-0.876000,21.756000,12.534000,12.870000,29.42
0.105701,0.477000,-0.026000,-0.875000,22.779000,13.298000,12.763000,29.47
0.106150,0.483000,-0.135000,-0.855000,20.931000,12.702000,10.992000,29.47
0.106594,0.486000,-0.129000,-0.861000,17.298000,11.588000,8.519000,29.47
0.107044,0.484000,-0.102000,-0.860000,15.115000,10.931000,7.008000,29.52
0.107480,0.475000,-0.081000,-0.868000,14.443000,9.603000,5.817000,29.52
0.107921,0.456000,-0.074000,-0.875000,12.687000,11.237000,5.695000,29.38
0.108371,0.472000,-0.016000,-0.876000,15.863000,12.824000,6.046000,29.47
0.108815,0.475000,0.017000,-0.878000,23.267000,14.733000,8.809000,29.52
0.109283,0.505000,-0.036000,-0.888000,27.099000,17.740000,11.832000,29.42
0.109749,0.512000,-0.085000,-0.859000,31.649000,19.008000,14.214000,29.47
0.110210,0.530000,-0.143000,-0.868000,29.298000,19.679000,14.794000,29.57
0.110816,0.557000,-0.149000,-0.861000,30.901000,15.420000,14.092000,29.42
0.111515,0.529000,-0.176000,-0.823000,26.992000,15.359000,13.649000,29.42
0.112049,0.529000,-0.169000,-0.819000,24.473000,10.611000,12.458000,29.47
0.112510,0.501000,-0.182000,-0.852000,22.427000,12.107000,11.511000,29.47
0.112964,0.520000,-0.194000,-0.840000,20.305000,6.504000,11.405000,29.52
0.113429,0.505000,-0.147000,-0.835000,19.710000,4.855000,10.947000,29.52
0.113884,0.502000,-0.161000,-0.830000,21.481000,2.748000,10.733000,29.52
0.114319,0.492000,-0.151000,-0.813000,22.748000,4.504000,11.237000,29.57
0.114760,0.479000,-0.129000,-0.869000,23.924000,6.137000,11.389000,29.47
0.115219,0.509000,-0.127000,-0.850000,25.344000,5.634000,12.611000,29.42
0.115657,0.516000,-0.124000,-0.867000,27.008000,6.382000,14.565000,29.57
0.116089,0.526000,-0.141000,-0.865000,29.496000,7.954000,16.305000,29.57
0.116527,0.535000,-0.172000,-0.872000,31.206000,8.977000,18.107000,29.47
0.116976,0.521000,-0.186000,-0.848000,31.420000,10.092000,19.145000,29.42
0.117415,0.530000,-0.206000,-0.850000,30.702000,9.481000,18.992000,29.52
0.117859,0.507000,-0.255000,-0.831000,28.046000,9.069000,17.985000,29.47
0.118309,0.523000,-0.287000,-0.812000,25.573000,8.031000,15.695000,29.47
0.118759,0.519000,-0.275000,-0.801000,21.710000,7.603000,13.557000,29.42
0.119210,0.486000,-0.296000,-0.797000,13.344000,7.206000,9.527000,29.42
0.119657,0.490000,-0.357000,-0.778000,6.855000,7.252000,5.084000,29.47
0.120083,0.516000,-0.321000,-0.812000,2.534000,7.160000,2.046000,29.47
0.120519,0.527000,-0.293000,-0.811000,-0.748000,7.359000,0.214000,29.52
0.120960,0.530000,-0.289000,-0.801000,-2.565000,7.145000,-1.145000,29.42
0.121495,0.521000,-0.241000,-0.821000,-3.588000,6.290000,-1.405000,29.47
0.122092,0.527000,-0.229000,-0.816000,-2.550000,6.733000,-1.328000,29.38
0.122565,0.528000,-0.205000,-0.835000,-1.908000,7.450000,-0.687000,29.52
0.122993,0.519000,-0.199000,-0.815000,1.466000,7.344000,0.565000,29.47
0.123440,0.499000,-0.165000,-0.803000,0.656000,12.412000,2.824000,29.47
0.123863,0.548000,-0.178000,-0.836000,5.878000,7.496000,5.252000,29.57
0.124294,0.545000,-0.151000,-0.865000,11.771000,4.183000,8.061000,29.52
0.124728,0.535000,-0.171000,-0.858000,15.786000,5.267000,11.542000,29.42
0.125160,0.530000,-0.188000,-0.848000,18.565000,7.176000,13.160000,29.57
0.125587,0.529000,-0.208000,-0.839000,21.038000,7.573000,13.344000,29.47
0.126025,0.537000,-0.246000,-0.846000,23.802000,7.679000,12.611000,29.42
0.126511,0.549000,-0.241000,-0.826000,27.191000,8.122000,12.366000,29.42
0.126945,0.564000,-0.277000,-0.846000,30.718000,7.802000,12.656000,29.47
0.127376,0.590000,-0.289000,-0.905000,36.443000,5.863000,14.473000,29.47
0.127819,0.552000,-0.306000,-0.839000,38.382000,4.809000,15.664000,29.42
0.128257,0.516000,-0.311000,-0.815000,36.489000,4.198000,14.580000,29.52
0.128687,0.536000,-0.353000,-0.809000,35.481000,1.252000,14.412000,29.47
0.129099,0.552000,-0.343000,-0.844000,33.374000,-0.198000,13.221000,29.47
0.129521,0.573000,-0.376000,-0.814000,30.351000,-3.466000,13.115000,29.42
0.129937,0.548000,-0.409000,-0.784000,24.336000,-6.901000,11.496000,29.57
0.130351,0.534000,-0.375000,-0.763000,18.794000,-11.679000,9.740000,29.47
0.130768,0.512000,-0.363000,-0.760000,13.450000,-12.901000,8.397000,29.47
0.131174,0.502000,-0.369000,-0.752000,8.565000,-13.817000,7.023000,29.52
0.131706,0.479000,-0.345000,-0.747000,4.031000,-13.771000,5.511000,29.61
0.132341,0.479000,-0.308000,-0.768000,0.275000,-12.977000,3.695000,29.47
0.132825,0.495000,-0.290000,-0.789000,-3.908000,-10.290000,2.412000,29.47
0.133263,0.508000,-0.298000,-0.821000,-6.137000,-6.336000,2.153000,29.42
0.133705,0.502000,-0.283000,-0.831000,-6.031000,-7.573000,2.046000,29.42
0.134145,0.506000,-0.230000,-0.849000,-5.847000,-7.847000,1.038000,29.47
0.134584,0.508000,-0.205000,-0.860000,-5.710000,-10.504000,-0.519000,29.57
0.135032,0.499000,-0.173000,-0.871000,-2.519000,-15.435000,-4.534000,29.42
0.135512,0.500000,-0.085000,-0.841000,-2.366000,-17.939000,-13.053000,29.42
0.136051,0.542000,0.028000,-0.883000,0.809000,-20.046000,-30.641000,29.47
0.136600,0.564000,0.326000,-0.924000,9.496000,-27.344000,-63.878000,29.47
0.137101,0.628000,0.843000,-1.069000,23.069000,-46.702000,-116.046000,29.42
0.137577,0.787000,0.901000,-1.190000,37.924000,-68.061000,-167.557000,29.52
0.138169,0.799000,0.750000,-0.950000,55.969000,-81.557000,-208.107000,29.57
0.138675,0.781000,0.606000,-0.782000,67.802000,-89.802000,-243.786000,29.47
0.139154,0.807000,0.499000,-0.711000,80.260000,-89.573000,-271.908000,29.47
0.139603,0.895000,0.348000,-0.726000,93.664000,-88.855000,-294.427000,29.52
0.140064,1.003000,0.189000,-0.769000,104.290000,-91.115000,-308.260000,29.47
0.140531,0.990000,-0.137000,-0.750000,112.168000,-89.969000,-303.374000,29.57
0.140994,0.948000,-0.250000,-0.648000,119.237000,-72.305000,-292.626000,29.47
0.141469,0.806000,-0.361000,-0.681000,121.176000,-63.282000,-270.672000,29.52
0.141954,0.762000,-0.400000,-0.611000,128.489000,-74.290000,-249.420000,29.52
0.142426,0.660000,-0.392000,-0.642000,126.168000,-67.756000,-230.656000,29.47
0.143068,0.684000,-0.352000,-0.693000,124.275000,-70.733000,-217.450000,29.47
0.144221,0.668000,-0.266000,-0.690000,117.145000,-71.115000,-212.061000,29.42
0.144767,0.678000,-0.207000,-0.737000,111.099000,-67.130000,-210.931000,29.52
0.145241,0.670000,-0.080000,-0.724000,109.847000,-63.008000,-213.863000,29.38
0.145712,0.683000,-0.043000,-0.699000,110.305000,-58.458000,-218.718000,29.38
0.146175,0.756000,-0.025000,-0.684000,111.786000,-55.527000,-225.603000,29.42
0.146618,0.859000,-0.057000,-0.747000,113.298000,-56.015000,-232.534000,29.42
0.147072,0.912000,-0.066000,-0.767000,115.466000,-58.779000,-235.435000,29.38
0.147525,0.902000,-0.065000,-0.736000,121.908000,-64.550000,-237.008000,29.47
0.147977,0.835000,-0.098000,-0.668000,124.443000,-70.382000,-238.931000,29.52
0.148425,0.792000,-0.101000,-0.630000,123.985000,-71.725000,-241.817000,29.38
0.148879,0.812000,-0.147000,-0.631000,124.397000,-71.573000,-245.557000,29.47
0.149337,0.807000,-0.166000,-0.655000,123.344000,-66.565000,-247.710000,29.47
0.149789,0.813000,-0.169000,-0.670000,123.053000,-61.084000,-247.756000,29.42
0.150247,0.805000,-0.188000,-0.611000,128.443000,-61.817000,-248.519000,29.52
0.150705,0.773000,-0.191000,-0.603000,127.160000,-59.084000,-249.237000,29.57
0.151160,0.778000,-0.160000,-0.665000,128.412000,-60.489000,-248.947000,29.47
0.151602,0.777000,-0.164000,-0.681000,126.840000,-51.985000,-248.336000,29.52
0.152054,0.814000,-0.168000,-0.606000,128.947000,-55.786000,-248.840000,29.42
0.152567,0.797000,-0.169000,-0.617000,129.802000,-48.748000,-247.359000,29.47
0.153186,0.817000,-0.191000,-0.629000,131.237000,-51.603000,-244.092000,29.47
0.153713,0.813000,-0.206000,-0.619000,129.649000,-50.275000,-240.626000,29.52
0.154325,0.533000,-0.250000,-0.770000,119.527000,-26.580000,-237.557000,29.42
0.154806,0.799000,-0.219000,-0.646000,131.817000,-51.740000,-236.824000,29.47
0.155265,0.818000,-0.258000,-0.659000,132.748000,-53.313000,-232.489000,29.47
0.155723,0.794000,-0.282000,-0.662000,132.260000,-51.221000,-226.931000,29.42
0.156175,0.856000,-0.317000,-0.545000,133.573000,-68.473000,-222.107000,29.52
0.156625,0.727000,-0.352000,-0.591000,128.031000,-52.183000,-217.374000,29.52
0.157086,0.693000,-0.390000,-0.581000,124.702000,-45.038000,-212.947000,29.47
0.157540,0.666000,-0.490000,-0.654000,117.389000,-39.420000,-207.664000,29.47
0.158002,0.622000,-0.590000,-0.641000,113.145000,-35.969000,-198.397000,29.52
0.158466,0.584000,-0.688000,-0.624000,108.244000,-32.611000,-185.191000,29.57
0.158917,0.554000,-0.837000,-0.616000,102.840000,-27.481000,-166.885000,29.38
0.159358,0.530000,-0.948000,-0.636000,94.229000,-20.672000,-144.107000,29.47
0.159874,0.518000,-1.063000,-0.572000,84.595000,-12.443000,-116.992000,29.61
0.160409,0.483000,-1.124000,-0.530000,73.511000,-2.550000,-88.198000,29.42
0.160885,0.500000,-1.195000,-0.526000,62.504000,7.588000,-56.580000,29.47
0.161359,0.545000,-1.230000,-0.514000,47.802000,16.870000,-25.802000,29.47
0.161801,0.500000,-1.183000,-0.554000,32.626000,34.489000,-0.763000,29.52
0.162230,0.510000,-0.935000,-0.543000,9.450000,41.130000,9.771000,29.42
0.162663,0.533000,-0.453000,-0.762000,-3.450000,34.382000,9.389000,29.47
0.163102,0.545000,-0.163000,-0.925000,-12.122000,23.176000,-2.107000,29.47
0.163538,0.488000,0.052000,-0.929000,-22.183000,3.466000,-11.939000,29.52
0.164087,0.448000,-0.216000,-0.759000,-21.557000,-6.947000,-13.282000,29.42
0.164690,0.379000,-0.413000,-0.692000,-36.534000,-10.458000,-21.435000,29.47
0.165244,0.410000,-0.347000,-0.766000,-45.557000,0.000000,-25.405000,29.47
0.165745,0.492000,-0.217000,-0.908000,-54.214000,4.519000,-30.733000,29.42
0.166201,0.576000,-0.209000,-0.878000,-54.107000,5.542000,-31.588000,29.57
0.166653,0.760000,-0.298000,-0.886000,-53.710000,12.092000,-30.458000,29.47
0.167105,0.723000,-0.165000,-0.963000,-41.191000,6.977000,-24.443000,29.47
0.167577,0.597000,0.034000,-0.921000,-26.534000,4.290000,-17.802000,29.52
0.168031,0.491000,-0.047000,-0.860000,-45.328000,76.962000,-9.863000,29.42
0.168497,0.513000,-0.108000,-0.845000,-13.771000,18.687000,-11.786000,29.47
0.168969,0.525000,-0.079000,-0.925000,-5.832000,-5.725000,-10.443000,29.57
0.169439,0.532000,-0.083000,-0.892000,0.626000,-10.733000,-8.427000,29.52
0.169956,0.516000,-0.141000,-0.828000,-0.031000,-0.412000,-6.183000,29.42
0.170431,0.507000,-0.124000,-0.868000,2.824000,3.252000,-4.870000,29.57
0.170869,0.377000,-0.253000,-0.633000,18.519000,16.672000,-2.412000,29.47
0.171297,0.491000,-0.097000,-0.801000,5.924000,5.771000,-1.389000,29.42
0.171722,0.487000,-0.199000,-0.856000,5.069000,15.527000,0.489000,29.52
0.172149,0.549000,-0.181000,-0.864000,8.718000,-2.168000,-0.443000,29.47
0.172573,0.532000,-0.206000,-0.827000,7.389000,4.168000,-0.809000,29.47
0.173002,0.557000,-0.219000,-0.827000,4.901000,5.099000,-1.282000,29.52
0.173430,0.540000,-0.214000,-0.828000,2.763000,2.107000,-2.046000,29.47
0.173939,0.546000,-0.216000,-0.814000,2.534000,-0.748000,-3.221000,29.57
0.174512,0.510000,-0.198000,-0.828000,-0.076000,1.511000,-4.611000,29.38
0.175007,0.511000,-0.173000,-0.834000,-1.435000,2.489000,-4.565000,29.52
0.175487,0.531000,-0.164000,-0.844000,-2.015000,2.626000,-4.061000,29.52
0.175934,0.519000,-0.169000,-0.848000,-1.099000,3.221000,-3.389000,29.47
0.176388,0.520000,-0.181000,-0.848000,-0.718000,3.908000,-2.947000,29.47
0.176826,0.527000,-0.194000,-0.835000,-0.885000,4.901000,-2.733000,29.52
0.177270,0.526000,-0.189000,-0.829000,-1.328000,4.168000,-2.855000,29.52
0.177711,0.538000,-0.170000,-0.855000,-1.176000,5.557000,-2.443000,29.57
0.178159,0.529000,-0.199000,-0.831000,-1.237000,4.458000,-2.458000,29.47
0.178639,0.536000,-0.203000,-0.826000,-1.893000,4.672000,-3.008000,29.52
0.179072,0.526000,-0.197000,-0.833000,-3.252000,4.275000,-3.756000,29.42
0.179496,0.533000,-0.183000,-0.828000,-4.351000,3.450000,-3.847000,29.47
0.179964,0.524000,-0.178000,-0.831000,-4.702000,2.275000,-4.244000,29.47
0.180423,0.536000,-0.167000,-0.837000,-4.366000,1.481000,-4.198000,29.42
0.180860,0.536000,-0.167000,-0.838000,-3.924000,1.130000,-3.847000,29.47
0.181300,0.523000,-0.169000,-0.833000,-3.206000,0.992000,-3.863000,29.57
0.181734,0.530000,-0.165000,-0.831000,-3.053000,1.359000,-3.802000,29.42
0.182153,0.521000,-0.157000,-0.842000,-2.550000,1.740000,-3.374000,29.52
0.182574,0.526000,-0.155000,-0.838000,-1.511000,1.878000,-2.702000,29.47
0.183003,0.524000,-0.157000,-0.832000,-0.336000,1.924000,-1.985000,29.57
0.183418,0.531000,-0.163000,-0.832000,0.168000,1.664000,-1.359000,29.52
0.183834,0.526000,-0.162000,-0.836000,1.023000,1.420000,-0.504000,29.52
0.184383,0.529000,-0.161000,-0.834000,1.771000,1.115000,0.122000,29.57
0.184995,0.528000,-0.176000,-0.838000,1.893000,0.931000,0.382000,29.57
0.185499,0.552000,-0.177000,-0.854000,4.427000,0.305000,0.153000,29.52
0.186055,0.512000,-0.181000,-0.817000,3.221000,3.099000,0.992000,29.52
0.186494,0.531000,-0.161000,-0.847000,3.252000,4.122000,1.237000,29.47
0.186931,0.521000,-0.170000,-0.829000,2.992000,-5.588000,1.802000,29.47
0.187354,0.525000,-0.170000,-0.844000,4.000000,-3.038000,2.290000,29.61
0.187787,0.521000,-0.189000,-0.830000,3.969000,0.046000,2.198000,29.52
0.188234,0.520000,-0.195000,-0.842000,4.061000,0.550000,1.740000,29.57
0.188653,0.528000,-0.194000,-0.842000,3.282000,2.611000,1.756000,29.47
0.189093,0.529000,-0.191000,-0.837000,2.916000,2.412000,1.389000,29.52
0.189835,0.525000,-0.194000,-0.836000,2.336000,1.237000,1.725000,29.52
0.190347,0.523000,-0.206000,-0.835000,1.802000,1.237000,1.466000,29.47
0.190826,0.518000,-0.197000,-0.830000,1.359000,2.153000,0.702000,29.47
0.191282,0.505000,-0.210000,-0.825000,0.076000,1.084000,0.427000,29.42
0.191732,0.518000,-0.205000,-0.830000,-1.038000,0.672000,-0.366000,29.52
0.192160,0.510000,-0.206000,-0.826000,-1.603000,2.107000,-0.840000,29.47
0.192584,0.522000,-0.197000,-0.831000,-2.214000,3.557000,-1.099000,29.47
0.193011,0.518000,-0.198000,-0.842000,-2.519000,4.656000,-1.023000,29.47
0.193438,0.514000,-0.183000,-0.847000,-2.305000,5.557000,-1.053000,29.42
0.193863,0.510000,-0.204000,-0.833000,-2.916000,5.954000,-1.084000,29.42
0.194309,0.518000,-0.209000,-0.827000,-4.000000,5.618000,-1.756000,29.57
0.194756,0.525000,-0.194000,-0.829000,-4.733000,5.115000,-1.863000,29.57
0.195181,0.525000,-0.192000,-0.833000,-4.534000,5.481000,-2.046000,29.52
0.195601,0.534000,-0.196000,-0.840000,-4.779000,3.313000,-2.244000,29.47
0.196037,0.536000,-0.191000,-0.853000,-5.267000,2.458000,-2.046000,29.47
0.196473,0.539000,-0.170000,-0.846000,-5.115000,5.237000,-1.420000,29.47
0.196896,0.542000,-0.153000,-0.847000,-3.618000,6.992000,-0.137000,29.61
0.197320,0.534000,-0.158000,-0.846000,-2.931000,6.351000,1.023000,29.52
0.197736,0.540000,-0.171000,-0.840000,-0.916000,4.290000,1.908000,29.47
0.198153,0.555000,-0.165000,-0.840000,2.000000,3.603000,2.718000,29.57
0.198581,0.546000,-0.180000,-0.839000,1.511000,6.183000,3.450000,29.42
0.198998,0.547000,-0.195000,-0.853000,2.611000,7.099000,3.832000,29.52
0.199406,0.567000,-0.177000,-0.849000,3.084000,8.626000,4.870000,29.47
0.199845,0.562000,-0.173000,-0.844000,5.649000,6.321000,5.878000,29.57
0.200261,0.543000,-0.175000,-0.834000,7.450000,7.771000,6.198000,29.52
0.200678,0.546000,-0.165000,-0.853000,9.053000,7.176000,6.656000,29.52
0.201108,0.546000,-0.165000,-0.839000,9.740000,7.679000,7.176000,29.47
0.201546,0.546000,-0.171000,-0.845000,13.038000,7.618000,7.802000,29.47
0.201987,0.537000,-0.205000,-0.825000,13.573000,7.756000,7.313000,29.42
0.202424,0.540000,-0.216000,-0.833000,14.794000,8.565000,7.466000,29.47
0.202838,0.536000,-0.204000,-0.833000,15.511000,9.725000,6.992000,29.57
0.203254,0.554000,-0.226000,-0.841000,14.794000,8.397000,7.618000,29.57
0.203672,0.546000,-0.213000,-0.785000,15.756000,9.634000,8.107000,29.42
0.204128,0.533000,-0.211000,-0.823000,12.000000,8.122000,7.298000,29.52
0.204542,0.525000,-0.212000,-0.819000,9.160000,7.557000,7.695000,29.47
0.204961,0.524000,-0.198000,-0.828000,8.412000,7.008000,5.649000,29.47
0.205385,0.530000,-0.190000,-0.834000,6.702000,6.580000,3.893000,29.52
0.205916,0.554000,-0.179000,-0.797000,6.763000,2.427000,-1.573000,29.42
0.206508,0.562000,-0.053000,-0.790000,6.397000,-0.916000,-14.458000,29.47
0.206987,0.584000,0.113000,-0.841000,8.214000,-12.122000,-36.687000,29.57
0.207450,0.604000,0.297000,-0.853000,12.153000,-18.595000,-67.328000,29.52
0.207909,0.648000,0.563000,-0.850000,18.382000,-22.718000,-108.901000,29.52
0.208357,0.728000,0.557000,-0.795000,26.672000,-36.305000,-151.847000,29.47
0.208815,0.736000,0.502000,-0.792000,38.870000,-43.603000,-190.718000,29.47
0.209274,0.703000,0.308000,-0.698000,41.115000,-52.382000,-222.305000,29.42
0.209772,0.754000,0.248000,-0.650000,55.420000,-48.855000,-243.527000,29.47
0.210306,0.846000,0.208000,-0.509000,72.458000,-38.550000,-258.244000,29.47
0.210791,0.922000,0.239000,-0.269000,109.695000,-24.305000,-267.557000,29.57
0.211273,0.792000,-0.137000,-0.116000,148.565000,4.748000,-258.718000,29.52
0.211735,1.160000,-0.554000,-0.711000,187.924000,4.641000,-235.817000,29.52
0.212188,0.934000,-1.376000,-1.007000,183.099000,-24.122000,-196.870000,29.47
0.212633,0.755000,-2.017000,-0.421000,89.573000,65.359000,-164.626000,29.57
0.213075,0.167000,-1.080000,-0.476000,61.298000,-48.931000,-134.779000,29.42
0.213507,0.079000,-0.671000,-0.874000,63.435000,1.847000,-108.046000,29.42
0.213939,0.343000,-0.470000,-1.571000,48.565000,-20.382000,-80.656000,29.47
0.214372,0.147000,-0.334000,-1.135000,33.893000,-40.137000,-72.107000,29.57
0.214811,0.194000,-0.271000,-0.696000,27.496000,-40.779000,-61.389000,29.52
0.215247,0.483000,-0.363000,-0.914000,16.718000,-28.198000,-46.290000,29.52
0.215705,0.606000,-0.369000,-0.791000,-2.046000,-16.244000,-25.832000,29.47
0.216232,0.539000,-0.139000,-0.738000,-14.366000,-4.672000,-5.069000,29.57
0.216685,0.443000,0.278000,-0.850000,2.244000,21.802000,3.817000,29.52
0.217125,0.606000,0.295000,-0.956000,18.870000,-10.092000,7.740000,29.47
0.217582,0.572000,-0.091000,-0.799000,25.374000,-12.168000,11.985000,29.57
0.218043,0.540000,-0.228000,-0.799000,21.679000,-12.504000,14.198000,29.47
0.218595,0.510000,-0.165000,-0.864000,17.267000,-22.962000,10.443000,29.52
0.219167,0.507000,-0.157000,-0.826000,19.389000,-19.420000,8.397000,29.52
0.219693,0.492000,-0.223000,-0.809000,16.763000,-8.168000,7.420000,29.47
0.220169,0.519000,-0.225000,-0.834000,16.153000,-1.649000,6.275000,29.57
0.220640,0.526000,-0.255000,-0.818000,13.603000,1.084000,4.427000,29.52
0.221102,0.537000,-0.255000,-0.819000,10.458000,2.153000,2.870000,29.52
0.221560,0.539000,-0.255000,-0.826000,7.252000,1.557000,1.221000,29.47
0.222022,0.538000,-0.234000,-0.852000,3.618000,1.115000,-0.275000,29.57
0.222484,0.530000,-0.211000,-0.839000,1.252000,-0.046000,-0.870000,29.42
0.222936,0.513000,-0.194000,-0.821000,-0.229000,-1.130000,-1.618000,29.52
0.223496,0.530000,-0.181000,-0.838000,-1.115000,-3.008000,-2.122000,29.47
0.224004,0.516000,-0.162000,-0.816000,-1.466000,-2.351000,-2.260000,29.57
0.224477,0.524000,-0.159000,-0.848000,-0.458000,-5.511000,-1.832000,29.52
0.224927,0.505000,-0.156000,-0.847000,-0.137000,-0.748000,-1.527000,29.52
0.225376,0.517000,-0.160000,-0.852000,0.473000,1.847000,-1.191000,29.47
0.225958,0.512000,-0.161000,-0.828000,1.130000,2.947000,-1.191000,29.57
0.226405,0.511000,-0.160000,-0.833000,2.122000,3.893000,-0.977000,29.42
0.226850,0.513000,-0.153000,-0.828000,3.527000,4.733000,-0.702000,29.52
0.227322,0.510000,-0.152000,-0.825000,4.687000,5.374000,-0.458000,29.57
0.227884,0.494000,-0.165000,-0.805000,6.076000,6.229000,-0.382000,29.57
0.228367,0.500000,-0.178000,-0.820000,6.748000,6.565000,-1.252000,29.57
0.228833,0.507000,-0.186000,-0.832000,7.038000,6.611000,-2.198000,29.52
0.229285,0.524000,-0.183000,-0.820000,6.779000,7.267000,-2.427000,29.52
0.229745,0.546000,-0.177000,-0.820000,7.176000,5.649000,-2.061000,29.57
0.230246,0.537000,-0.179000,-0.825000,8.061000,5.221000,-1.344000,29.47
0.230685,0.544000,-0.182000,-0.830000,8.122000,5.191000,-0.763000,29.52
0.231136,0.543000,-0.184000,-0.832000,8.214000,3.847000,0.046000,29.52
0.231595,0.525000,-0.169000,-0.822000,8.763000,2.427000,0.153000,29.47
0.232018,0.529000,-0.170000,-0.835000,9.374000,1.573000,0.687000,29.47
0.232437,0.532000,-0.191000,-0.828000,9.557000,0.366000,0.977000,29.52
0.232858,0.521000,-0.197000,-0.828000,9.511000,-0.672000,1.221000,29.42
0.233277,0.523000,-0.193000,-0.831000,9.450000,-1.069000,1.527000,29.47
0.233695,0.533000,-0.189000,-0.837000,9.649000,-1.084000,1.954000,29.57
0.234103,0.536000,-0.203000,-0.829000,9.466000,-0.855000,2.672000,29.42
0.234530,0.528000,-0.211000,-0.831000,9.221000,-0.137000,2.595000,29.47
0.234946,0.516000,-0.231000,-0.836000,7.817000,1.328000,2.198000,29.47
0.235355,0.521000,-0.235000,-0.836000,5.954000,2.305000,1.496000,29.47
0.235791,0.524000,-0.248000,-0.822000,3.511000,2.672000,0.076000,29.52
0.236234,0.531000,-0.252000,-0.820000,0.702000,2.611000,-1.252000,29.42
0.236666,0.536000,-0.231000,-0.821000,-1.023000,2.595000,-2.092000,29.47
0.237191,0.568000,-0.180000,-0.818000,-1.206000,-0.656000,-3.603000,29.47
0.237770,0.526000,-0.202000,-0.819000,-4.412000,8.275000,-2.901000,29.52
0.238240,0.524000,-0.214000,-0.834000,-3.176000,2.107000,-3.282000,29.52
0.238693,0.519000,-0.204000,-0.842000,-3.573000,1.481000,-3.130000,29.47
0.239137,0.521000,-0.194000,-0.842000,-3.557000,2.458000,-2.916000,29.47
0.239571,0.525000,-0.200000,-0.835000,-4.168000,4.275000,-2.382000,29.42
0.240051,0.521000,-0.201000,-0.831000,-4.382000,6.702000,-2.382000,29.52
0.240491,0.533000,-0.196000,-0.833000,-4.489000,7.435000,-1.985000,29.47
0.240925,0.579000,-0.193000,-0.829000,-10.718000,24.061000,-1.344000,29.47
0.241339,0.531000,-0.179000,-0.830000,-5.542000,9.084000,-0.687000,29.52
0.241855,0.536000,-0.197000,-0.808000,3.511000,-4.840000,-0.840000,29.47
0.242342,0.547000,-0.202000,-0.809000,-0.794000,-6.351000,-1.069000,29.47
0.242788,0.557000,-0.154000,-0.847000,2.870000,0.595000,-0.656000,29.47
0.243227,0.505000,-0.226000,-0.814000,2.336000,-1.939000,-0.412000,29.52
0.243708,0.519000,-0.188000,-0.834000,0.275000,-1.466000,-0.427000,29.52
0.244211,0.520000,-0.186000,-0.824000,-0.122000,0.244000,0.153000,29.57
0.244692,0.522000,-0.194000,-0.825000,0.443000,0.382000,0.779000,29.47
0.245121,0.522000,-0.195000,-0.824000,1.267000,1.069000,0.809000,29.52
0.245539,0.521000,-0.197000,-0.826000,1.206000,3.695000,0.870000,29.61
0.245969,0.520000,-0.211000,-0.820000,1.527000,3.847000,0.947000,29.47
0.246407,0.514000,-0.215000,-0.807000,-1.786000,7.374000,1.389000,29.47
0.246817,0.527000,-0.202000,-0.840000,0.641000,5.954000,1.145000,29.52
0.247229,0.530000,-0.220000,-0.819000,1.221000,4.229000,1.191000,29.52
0.247651,0.524000,-0.206000,-0.834000,2.321000,4.000000,1.298000,29.47
0.248068,0.531000,-0.229000,-0.833000,1.817000,5.695000,1.405000,29.57
0.248475,0.514000,-0.246000,-0.807000,0.107000,5.588000,0.519000,29.52
0.248890,0.535000,-0.245000,-0.820000,-2.534000,6.458000,-0.916000,29.47
0.249305,0.526000,-0.231000,-0.805000,-3.740000,3.649000,-1.679000,29.47
0.249720,0.510000,-0.246000,-0.818000,-5.282000,0.473000,-3.069000,29.57
0.250134,0.522000,-0.242000,-0.811000,-8.092000,2.443000,-4.504000,29.42
0.250549,0.533000,-0.222000,-0.821000,-9.435000,2.947000,-5.389000,29.61
0.250978,0.531000,-0.216000,-0.833000,-10.458000,3.420000,-5.878000,29.57
0.251414,0.523000,-0.187000,-0.824000,-10.153000,3.359000,-5.603000,29.57
0.251915,0.531000,-0.181000,-0.836000,-9.527000,3.435000,-4.824000,29.52
0.252376,0.527000,-0.166000,-0.834000,-7.954000,3.725000,-3.786000,29.52
0.252815,0.526000,-0.175000,-0.842000,-6.611000,4.519000,-2.656000,29.57
0.253244,0.526000,-0.179000,-0.833000,-5.634000,4.992000,-1.649000,29.57
0.253669,0.529000,-0.182000,-0.828000,-5.023000,5.344000,-0.962000,29.52
0.254096,0.527000,-0.194000,-0.824000,-4.718000,5.939000,-0.870000,29.52
0.254515,0.528000,-0.188000,-0.828000,-4.916000,5.496000,-1.023000,29.47
0.254977,0.527000,-0.201000,-0.812000,-5.038000,5.573000,-1.023000,29.47
0.255456,0.515000,-0.205000,-0.815000,-5.618000,5.038000,-1.756000,29.42
0.255903,0.522000,-0.198000,-0.824000,-6.214000,4.351000,-2.122000,29.47
0.256340,0.515000,-0.195000,-0.823000,-6.550000,4.015000,-2.443000,29.47
0.256771,0.514000,-0.201000,-0.819000,-6.992000,4.061000,-3.176000,29.47
0.257212,0.531000,-0.198000,-0.829000,-6.992000,4.458000,-3.603000,29.52
0.257640,0.526000,-0.190000,-0.826000,-6.962000,4.489000,-3.496000,29.52
0.258072,0.519000,-0.185000,-0.821000,-6.290000,4.168000,-3.313000,29.47
0.258496,0.532000,-0.181000,-0.828000,-5.664000,4.382000,-2.824000,29.57
0.258937,0.524000,-0.167000,-0.827000,-5.023000,4.107000,-2.412000,29.52
0.259388,0.524000,-0.170000,-0.828000,-4.153000,4.427000,-2.015000,29.42
0.259809,0.522000,-0.177000,-0.817000,-3.206000,4.840000,-2.000000,29.47
0.260235,0.524000,-0.181000,-0.824000,-3.313000,4.855000,-1.740000,29.47
0.260669,0.526000,-0.191000,-0.821000,-3.817000,4.885000,-2.244000,29.52
0.261383,0.524000,-0.204000,-0.814000,-4.550000,5.191000,-2.885000,29.52
0.261950,0.522000,-0.207000,-0.821000,-5.863000,4.626000,-3.710000,29.47
0.262428,0.513000,-0.205000,-0.803000,-8.504000,4.687000,-5.130000,29.47
0.262901,0.517000,-0.213000,-0.818000,-10.443000,4.702000,-6.550000,29.42
0.263610,0.526000,-0.199000,-0.812000,-12.718000,4.519000,-8.229000,29.57
0.264103,0.537000,-0.200000,-0.818000,-13.130000,4.611000,-8.626000,29.57
0.264571,0.543000,-0.164000,-0.828000,-12.198000,3.985000,-8.305000,29.57
0.265069,0.538000,-0.170000,-0.821000,-11.374000,4.305000,-7.802000,29.52
0.265529,0.529000,-0.162000,-0.832000,-10.244000,4.550000,-7.145000,29.52
0.265977,0.545000,-0.152000,-0.840000,-9.359000,4.687000,-6.290000,29.57
0.266411,0.532000,-0.162000,-0.829000,-8.183000,5.099000,-6.107000,29.57
0.266887,0.530000,-0.162000,-0.825000,-7.740000,5.985000,-5.481000,29.52
0.267344,0.539000,-0.151000,-0.835000,-7.053000,5.588000,-5.115000,29.52
0.267781,0.552000,-0.132000,-0.837000,-5.450000,3.298000,-4.397000,29.47
0.268229,0.557000,-0.160000,-0.848000,-5.695000,5.954000,-3.374000,29.47
0.268670,0.542000,-0.169000,-0.823000,-4.351000,5.908000,-3.176000,29.52
0.269141,0.770000,-0.233000,-0.982000,-16.641000,9.008000,-3.389000,29.52
0.269712,0.579000,-0.118000,-0.889000,-4.351000,6.443000,-3.191000,29.47
0.270197,0.573000,-0.173000,-0.858000,-4.687000,0.015000,-3.069000,29.47
0.270650,0.542000,-0.170000,-0.826000,-6.137000,4.626000,-3.038000,29.52
0.271099,0.541000,-0.163000,-0.808000,-8.824000,8.580000,-2.794000,29.47
0.271554,0.540000,-0.148000,-0.803000,-9.130000,14.901000,-2.244000,29.57
0.272002,0.541000,-0.153000,-0.826000,-5.802000,6.214000,-2.824000,29.66
0.272457,0.588000,-0.161000,-0.991000,-4.061000,-18.718000,-3.466000,29.52
0.272894,0.509000,-0.150000,-0.908000,-8.992000,10.947000,-1.298000,29.52
0.273375,0.541000,-0.162000,-0.805000,1.740000,-8.824000,-2.443000,29.57
0.274114,0.552000,-0.133000,-0.831000,5.771000,14.595000,-3.252000,29.57
0.274644,0.872000,0.048000,-0.928000,2.000000,-22.244000,-8.870000,29.52
0.275126,0.606000,-0.107000,-0.957000,-0.718000,-6.656000,-4.061000,29.52
0.275577,0.535000,-0.160000,-0.871000,-0.351000,-2.275000,-1.924000,29.57
0.276022,0.586000,-0.100000,-0.867000,0.947000,-5.023000,-1.847000,29.47
0.276472,0.511000,-0.197000,-0.817000,-0.229000,-2.168000,-1.573000,29.52
0.276918,0.587000,-0.146000,-0.825000,-1.069000,0.336000,-3.145000,29.42
0.277421,0.551000,-0.159000,-0.831000,-2.061000,2.107000,-2.901000,29.57
0.278096,0.556000,-0.148000,-0.839000,-2.733000,4.565000,-2.870000,29.57
0.278572,0.542000,-0.144000,-0.812000,-2.779000,6.626000,-2.824000,29.52
0.279037,0.539000,-0.138000,-0.832000,-2.076000,7.221000,-3.053000,29.57
0.279481,0.556000,-0.133000,-0.822000,-2.382000,8.412000,-3.664000,29.47
0.279932,0.548000,-0.155000,-0.833000,-0.733000,7.542000,-2.382000,29.66
0.280385,0.627000,-0.146000,-0.903000,-3.969000,-1.573000,-3.053000,29.52
0.280844,0.561000,-0.143000,-0.857000,-1.740000,-0.947000,-3.099000,29.42
0.281304,0.566000,-0.131000,-0.818000,-1.435000,9.221000,-2.244000,29.57
0.282034,0.565000,-0.147000,-0.817000,0.641000,2.824000,-2.565000,29.57
0.282555,0.564000,-0.144000,-0.843000,-2.183000,7.893000,-1.985000,29.52
0.283039,0.486000,-0.149000,-0.853000,-2.748000,17.267000,-1.527000,29.52
0.283504,0.562000,-0.147000,-0.819000,-0.489000,7.466000,-1.863000,29.47
0.283959,0.554000,-0.152000,-0.802000,-0.611000,3.221000,-1.542000,29.57
0.284527,0.546000,-0.177000,-0.764000,-3.863000,8.382000,-1.160000,29.61
0.285046,0.542000,-0.147000,-0.790000,-3.099000,18.672000,-2.076000,29.52
0.285890,0.583000,-0.150000,-0.839000,-6.183000,10.687000,-1.939000,29.66
0.286421,0.579000,-0.130000,-0.862000,-5.053000,9.802000,-1.191000,29.57
0.287057,0.570000,-0.146000,-0.888000,-6.550000,11.725000,-0.992000,29.52
0.287578,0.565000,-0.142000,-0.820000,-2.733000,14.321000,-1.130000,29.47
0.288037,0.575000,-0.170000,-0.919000,-14.779000,11.603000,0.565000,29.47
0.288562,0.564000,-0.152000,-0.807000,-3.252000,9.344000,-0.824000,29.57
0.289190,0.535000,-0.148000,-0.764000,2.534000,6.489000,-0.977000,29.52
0.289719,0.558000,-0.131000,-0.813000,0.687000,-1.206000,-0.076000,29.52
0.290178,0.585000,-0.143000,-0.857000,3.725000,-9.221000,0.366000,29.47
0.290638,0.551000,-0.153000,-0.817000,5.298000,-10.214000,-0.122000,29.57
0.291108,0.551000,-0.165000,-0.778000,2.748000,-9.847000,-0.061000,29.61
0.291608,0.560000,-0.148000,-0.800000,-1.069000,-1.344000,-0.351000,29.42
0.292218,0.542000,-0.155000,-0.751000,-3.176000,2.580000,-0.229000,29.57
0.292910,0.740000,-0.304000,-1.084000,-30.626000,-17.771000,1.466000,29.47
0.293793,0.521000,-0.135000,-0.698000,-3.664000,7.878000,-0.656000,29.52
0.294363,0.569000,-0.144000,-0.817000,-1.969000,6.855000,-1.221000,29.57
0.294836,0.560000,-0.165000,-0.839000,-6.076000,0.458000,-0.305000,29.47
0.295289,0.515000,-0.112000,-0.785000,3.985000,16.962000,-0.656000,29.52
0.295738,0.560000,-0.155000,-0.911000,-13.191000,-2.840000,1.282000,29.52
0.296181,0.470000,-0.135000,-0.850000,23.099000,1.466000,-3.252000,29.57
0.296635,0.536000,-0.145000,-0.733000,3.893000,1.985000,-1.328000,29.57
0.297094,0.571000,-0.147000,-0.824000,-1.389000,5.130000,-0.870000,29.42
0.297538,0.650000,-0.114000,-0.682000,3.420000,12.366000,-1.588000,29.61
0.297980,0.569000,-0.134000,-0.789000,-3.603000,5.405000,0.504000,29.38
0.298429,0.576000,-0.157000,-0.847000,-3.160000,4.336000,0.672000,29.57
0.298874,0.544000,-0.138000,-0.738000,6.122000,-0.305000,-0.656000,29.61
0.299301,0.544000,-0.139000,-0.755000,3.542000,3.908000,0.092000,29.52
0.299737,0.565000,-0.157000,-0.832000,-2.794000,0.962000,0.794000,29.47
0.300155,0.574000,-0.169000,-0.898000,-4.260000,1.802000,1.328000,29.47
0.300594,0.505000,-0.177000,-0.772000,-3.389000,10.000000,0.840000,29.52
0.301017,0.552000,-0.147000,-0.804000,-2.229000,4.122000,0.504000,29.52
0.301440,0.492000,-0.210000,-0.957000,-14.504000,23.771000,1.954000,29.57
0.301857,0.557000,-0.162000,-0.804000,-4.198000,6.046000,0.214000,29.57
0.302288,0.552000,-0.157000,-0.808000,-2.656000,7.435000,0.046000,29.52
0.302738,0.550000,-0.162000,-0.813000,-1.832000,4.351000,-0.336000,29.52
0.303218,0.541000,-0.153000,-0.856000,-4.260000,13.099000,0.000000,29.47
0.303782,0.557000,-0.159000,-0.801000,-1.115000,6.412000,-0.580000,29.47
0.304359,0.555000,-0.159000,-0.810000,-1.160000,6.611000,-0.473000,29.61
0.304822,0.563000,-0.151000,-0.821000,0.290000,4.458000,-0.366000,29.61
0.305267,0.566000,-0.150000,-0.801000,-0.611000,3.435000,0.122000,29.47
0.305711,0.571000,-0.164000,-0.792000,-2.427000,7.954000,0.382000,29.47
0.306153,0.585000,-0.142000,-0.824000,4.580000,-4.443000,-0.489000,29.52
0.306650,0.564000,-0.154000,-0.806000,-5.252000,7.374000,0.718000,29.61
0.307106,0.572000,-0.152000,-0.813000,-0.977000,3.069000,0.687000,29.47
0.307534,0.561000,-0.163000,-0.808000,-2.718000,-2.840000,1.069000,29.47
0.307976,0.565000,-0.168000,-0.836000,-4.214000,-0.473000,0.824000,29.57
0.308406,0.563000,-0.176000,-0.843000,-3.573000,1.847000,1.237000,29.61
0.308824,0.554000,-0.153000,-0.800000,1.664000,0.901000,0.382000,29.42
0.309282,0.569000,-0.151000,-0.827000,13.038000,-10.168000,-0.565000,29.57
0.309711,0.553000,-0.163000,-0.767000,2.809000,4.809000,0.809000,29.57
0.310169,0.541000,-0.154000,-0.833000,0.748000,7.221000,1.115000,29.42
0.310610,0.563000,-0.161000,-0.824000,2.687000,1.481000,1.344000,29.57
0.311054,0.561000,-0.153000,-0.813000,2.336000,2.183000,1.771000,29.47
0.311508,0.556000,-0.154000,-0.805000,2.015000,-0.015000,2.198000,29.57
0.311952,0.551000,-0.164000,-0.830000,1.420000,-3.710000,2.382000,29.52
0.312377,0.559000,-0.161000,-0.826000,0.718000,-1.298000,1.863000,29.42
0.312815,0.554000,-0.162000,-0.819000,0.214000,-1.252000,2.015000,29.57
0.313240,0.552000,-0.156000,-0.818000,3.160000,2.244000,3.252000,29.47
0.313762,0.541000,-0.171000,-0.811000,4.107000,1.374000,1.924000,29.61
0.314371,0.550000,-0.173000,-0.808000,2.443000,6.107000,1.115000,29.61
0.314810,0.553000,-0.182000,-0.818000,0.718000,4.947000,0.626000,29.57
0.315225,0.549000,-0.180000,-0.810000,-0.519000,0.977000,0.550000,29.47
0.315644,0.555000,-0.163000,-0.829000,-1.328000,2.962000,0.305000,29.52
0.316063,0.547000,-0.159000,-0.821000,-0.641000,4.000000,0.489000,29.52
0.316482,0.551000,-0.152000,-0.804000,-0.061000,7.466000,0.718000,29.57
0.316894,0.546000,-0.173000,-0.810000,0.214000,6.885000,0.656000,29.57
0.317315,0.550000,-0.174000,-0.806000,0.214000,6.504000,0.351000,29.42
0.317753,0.551000,-0.177000,-0.814000,0.046000,5.695000,-0.153000,29.57
0.318186,0.559000,-0.165000,-0.811000,0.519000,5.069000,-0.046000,29.57
0.318622,0.549000,-0.166000,-0.798000,0.901000,3.282000,0.046000,29.57
0.319055,0.557000,-0.178000,-0.811000,0.595000,2.595000,-0.275000,29.52
0.319490,0.548000,-0.199000,-0.803000,-1.511000,3.099000,-1.206000,29.42
0.319911,0.550000,-0.179000,-0.800000,-3.237000,4.977000,-1.756000,29.57
0.320328,0.551000,-0.167000,-0.807000,-2.763000,6.534000,-1.710000,29.57
0.320753,0.550000,-0.170000,-0.807000,-3.176000,10.168000,-1.939000,29.52
0.321177,0.575000,-0.183000,-0.821000,-1.908000,5.282000,-2.473000,29.52
0.321603,0.579000,-0.178000,-0.820000,-1.511000,9.130000,-1.832000,29.57
0.322022,0.566000,-0.167000,-0.810000,-1.969000,7.588000,-1.863000,29.47
0.322448,0.533000,-0.213000,-0.773000,-1.603000,5.176000,-1.969000,29.52
0.322888,0.570000,-0.137000,-0.837000,-1.710000,3.985000,-1.481000,29.52
0.323337,0.568000,-0.154000,-0.840000,2.687000,-3.588000,-0.718000,29.47
0.323865,0.558000,-0.176000,-0.796000,2.656000,0.153000,-0.519000,29.57
0.324448,0.557000,-0.174000,-0.806000,1.420000,2.641000,-1.206000,29.52
0.324910,0.570000,-0.165000,-0.817000,0.382000,-0.855000,-1.405000,29.47
0.325366,0.540000,-0.192000,-0.791000,-0.351000,-1.863000,-0.916000,29.47
0.325843,0.557000,-0.183000,-0.826000,-1.511000,5.084000,-0.443000,29.47
0.326321,0.579000,-0.150000,-0.818000,-0.046000,0.763000,-1.115000,29.52
0.326757,0.524000,-0.160000,-0.745000,1.511000,-4.061000,-0.504000,29.52
0.327186,0.571000,-0.175000,-0.817000,-0.092000,-0.275000,0.458000,29.57
0.327642,0.549000,-0.179000,-0.811000,1.695000,-5.145000,-0.061000,29.66
0.328097,0.553000,-0.180000,-0.802000,0.916000,-0.183000,-0.427000,29.52
0.328544,0.543000,-0.176000,-0.812000,0.626000,2.366000,-0.580000,29.52
0.328971,0.544000,-0.198000,-0.800000,-0.947000,3.328000,-1.115000,29.47
0.329393,0.541000,-0.188000,-0.801000,-2.168000,5.969000,-1.267000,29.47
0.329821,0.554000,-0.174000,-0.804000,-2.626000,5.786000,-1.725000,29.52
0.330244,0.567000,-0.161000,-0.825000,-1.954000,4.824000,-1.435000,29.61
0.330669,0.583000,-0.149000,-0.826000,-1.145000,2.061000,-1.145000,29.57
0.331111,0.555000,-0.161000,-0.813000,-0.947000,1.573000,-0.794000,29.57
0.331563,0.541000,-0.187000,-0.797000,-1.389000,1.725000,-0.962000,29.52
0.331987,0.542000,-0.192000,-0.808000,-2.519000,0.931000,-1.267000,29.57
0.332413,0.550000,-0.185000,-0.809000,-1.618000,0.412000,-1.832000,29.47
0.332995,0.556000,-0.175000,-0.808000,-0.534000,1.374000,-2.092000,29.57
0.333585,0.556000,-0.174000,-0.808000,-0.137000,2.779000,-1.786000,29.61
0.334073,0.562000,-0.162000,-0.819000,-0.824000,2.855000,-1.542000,29.61
0.334544,0.566000,-0.156000,-0.817000,-0.153000,2.122000,-0.321000,29.57
0.334982,0.570000,-0.160000,-0.838000,-2.504000,-0.702000,-0.580000,29.47
0.335440,0.553000,-0.180000,-0.812000,-2.290000,2.840000,-0.794000,29.61
0.335977,0.563000,-0.154000,-0.815000,-2.489000,8.412000,-0.473000,29.52
0.336530,0.576000,-0.150000,-0.821000,-0.550000,4.000000,0.336000,29.57
0.336983,0.562000,-0.167000,-0.812000,-1.221000,6.290000,-0.122000,29.57
0.337414,0.539000,-0.175000,-0.779000,-1.695000,8.870000,-0.107000,29.61
0.337875,0.569000,-0.155000,-0.806000,-1.573000,4.534000,-0.733000,29.61
0.338313,0.559000,-0.164000,-0.809000,-0.198000,1.679000,-0.366000,29.57
0.338728,0.554000,-0.171000,-0.817000,-0.290000,2.626000,0.397000,29.57
0.339133,0.569000,-0.175000,-0.814000,-0.656000,2.336000,0.260000,29.61
0.339553,0.558000,-0.190000,-0.805000,-2.611000,2.977000,0.092000,29.52
0.340022,0.542000,-0.194000,-0.816000,-3.679000,1.878000,-0.214000,29.57
0.340450,0.583000,-0.172000,-0.817000,-4.015000,1.389000,-0.702000,29.57
0.340865,0.530000,-0.179000,-0.805000,-3.618000,4.000000,-0.534000,29.61
0.341284,0.552000,-0.181000,-0.815000,-2.336000,2.397000,-0.046000,29.52
0.341701,0.569000,-0.182000,-0.810000,-1.450000,0.687000,-0.229000,29.57
0.342133,0.559000,-0.177000,-0.817000,-1.282000,0.794000,-0.580000,29.57
0.342558,0.577000,-0.167000,-0.804000,0.000000,0.870000,-0.641000,29.38
0.342992,0.569000,-0.171000,-0.809000,0.107000,-2.656000,0.031000,29.61
0.343440,0.622000,-0.146000,-0.852000,-1.542000,-7.298000,-5.206000,29.61
0.343876,0.578000,-0.150000,-0.804000,-4.137000,7.191000,0.412000,29.57
0.344297,0.531000,-0.180000,-0.766000,1.954000,0.855000,0.061000,29.57
0.344715,0.549000,-0.192000,-0.806000,-0.321000,3.084000,-0.351000,29.61
0.345127,0.552000,-0.182000,-0.806000,-1.832000,1.771000,-0.809000,29.61
0.345539,0.547000,-0.174000,-0.804000,-3.023000,4.015000,-0.931000,29.57
0.345954,0.548000,-0.181000,-0.798000,-2.672000,6.305000,-0.748000,29.57
0.346469,0.549000,-0.169000,-0.832000,-2.351000,8.718000,-1.053000,29.61
0.347041,0.560000,-0.160000,-0.815000,-1.481000,5.282000,-1.008000,29.52
0.347484,0.534000,-0.226000,-0.780000,-1.908000,6.061000,-1.099000,29.57
0.347966,0.552000,-0.173000,-0.806000,-0.489000,5.099000,-0.168000,29.47
0.348427,0.490000,-0.198000,-0.811000,2.290000,0.504000,1.908000,29.52
0.348844,0.595000,-0.191000,-0.862000,-1.221000,5.374000,0.183000,29.57
0.349260,0.573000,-0.151000,-0.788000,1.634000,-1.221000,-0.015000,29.57
0.349671,0.548000,-0.157000,-0.819000,-1.115000,3.710000,0.656000,29.47
0.350081,0.544000,-0.176000,-0.817000,0.443000,2.718000,1.053000,29.61
0.350491,0.592000,-0.153000,-0.810000,0.794000,0.840000,0.321000,29.52
0.350897,0.517000,-0.210000,-0.788000,0.397000,8.260000,2.489000,29.47
0.351303,0.563000,-0.156000,-0.815000,0.473000,4.855000,1.084000,29.66
0.351721,0.550000,-0.194000,-0.790000,-0.046000,3.313000,0.931000,29.52
0.352140,0.544000,-0.175000,-0.806000,-0.122000,0.427000,0.275000,29.52
0.352583,0.550000,-0.193000,-0.805000,-0.183000,-2.290000,-0.382000,29.57
0.353018,0.556000,-0.185000,-0.817000,-0.748000,-2.550000,-0.687000,29.57
0.353449,0.551000,-0.192000,-0.819000,-1.573000,-1.832000,-0.626000,29.52
0.353864,0.552000,-0.177000,-0.812000,-1.466000,-0.305000,-0.702000,29.52
0.354276,0.550000,-0.178000,-0.817000,-1.160000,1.389000,-0.504000,29.57
0.354683,0.540000,-0.195000,-0.824000,-1.481000,3.160000,0.733000,29.47
0.355088,0.558000,-0.179000,-0.821000,-1.557000,3.405000,-1.160000,29.52
0.355500,0.571000,-0.228000,-0.830000,-4.443000,2.427000,-1.206000,29.52
0.355924,0.519000,-0.183000,-0.803000,-5.206000,6.519000,-0.763000,29.57
0.356454,0.550000,-0.190000,-0.804000,-4.702000,7.359000,-0.916000,29.57
0.356872,0.557000,-0.169000,-0.815000,-3.634000,3.328000,-1.115000,29.52
0.357289,0.554000,-0.185000,-0.800000,-2.489000,1.511000,-0.809000,29.52
0.357706,0.584000,-0.147000,-0.771000,-1.176000,-4.580000,-1.221000,29.57
0.358137,0.600000,-0.159000,-0.859000,-1.481000,-3.298000,-0.992000,29.47
0.358560,0.562000,-0.194000,-0.815000,-0.931000,3.435000,-0.489000,29.52
0.359000,0.556000,-0.182000,-0.804000,-1.908000,5.160000,-1.130000,29.52
0.359426,0.562000,-0.163000,-0.822000,-2.366000,4.611000,-0.794000,29.57
0.359850,0.599000,-0.200000,-0.776000,-2.611000,0.198000,-0.061000,29.57
0.360412,0.572000,-0.105000,-0.842000,-4.321000,7.420000,-0.763000,29.52
0.360840,0.492000,-0.168000,-0.804000,-2.779000,10.458000,1.298000,29.52
0.361268,0.558000,-0.192000,-0.806000,-0.870000,5.634000,1.130000,29.57
0.361689,0.629000,-0.113000,-0.807000,-1.038000,4.626000,-0.779000,29.47
0.362097,0.488000,-0.219000,-0.767000,-0.198000,5.954000,0.718000,29.52
0.362511,0.536000,-0.219000,-0.807000,1.313000,-0.183000,1.435000,29.52
0.362942,0.547000,-0.163000,-0.808000,2.656000,-0.137000,1.679000,29.66
0.363365,0.560000,-0.176000,-0.815000,3.649000,-1.466000,1.878000,29.57
0.363795,0.548000,-0.197000,-0.809000,3.130000,-4.397000,2.000000,29.52
0.364229,0.562000,-0.208000,-0.820000,-0.183000,-8.840000,1.008000,29.52
0.364656,0.522000,-0.207000,-0.804000,-2.015000,-0.733000,1.573000,29.47
0.365102,0.556000,-0.182000,-0.811000,-0.992000,-4.687000,0.473000,29.47
0.365578,0.520000,-0.198000,-0.816000,-1.344000,-1.771000,0.504000,29.52
0.366007,0.529000,-0.195000,-0.795000,-1.969000,5.374000,0.412000,29.52
0.366582,0.536000,-0.196000,-0.802000,-2.321000,6.076000,-0.260000,29.57
0.367265,0.549000,-0.194000,-0.814000,-2.702000,6.840000,-0.244000,29.47
0.367745,0.542000,-0.184000,-0.808000,-2.443000,5.481000,-0.122000,29.66
0.368199,0.552000,-0.181000,-0.822000,-2.595000,4.550000,-0.412000,29.52
0.368653,0.540000,-0.180000,-0.808000,-1.847000,4.336000,0.504000,29.61
0.369169,0.510000,-0.230000,-0.797000,-2.595000,4.718000,0.198000,29.47
0.369648,0.559000,-0.184000,-0.825000,-1.588000,0.290000,-0.137000,29.57
0.370107,0.550000,-0.177000,-0.816000,-1.603000,1.038000,-0.214000,29.52
0.370555,0.567000,-0.174000,-0.819000,-1.908000,2.305000,-1.160000,29.52
0.370974,0.529000,-0.160000,-0.828000,-0.962000,1.237000,-1.038000,29.57
0.371393,0.326000,-0.328000,-0.728000,-0.153000,13.023000,5.924000,29.47
0.371812,0.632000,-0.143000,-0.868000,-1.786000,4.366000,-0.504000,29.61
0.372223,0.526000,-0.146000,-0.811000,0.794000,3.740000,1.038000,29.57
0.372660,0.538000,-0.215000,-0.801000,-1.374000,7.618000,0.412000,29.57
0.373113,0.552000,-0.191000,-0.819000,-2.809000,6.260000,-1.542000,29.57
0.373566,0.572000,-0.169000,-0.821000,-3.374000,2.962000,-1.985000,29.52
0.374015,0.557000,-0.174000,-0.813000,-4.718000,1.542000,-2.153000,29.52
0.374437,0.560000,-0.187000,-0.815000,-4.321000,-0.672000,-1.924000,29.47
0.374856,0.540000,-0.190000,-0.807000,-4.076000,0.214000,-1.573000,29.47
0.375266,0.547000,-0.194000,-0.800000,-4.351000,1.237000,-1.710000,29.52
0.375705,0.544000,-0.186000,-0.814000,-4.504000,1.847000,-1.939000,29.52
0.376128,0.557000,-0.180000,-0.818000,-4.840000,2.595000,-2.015000,29.57
0.376692,0.544000,-0.179000,-0.807000,-4.321000,4.473000,-1.969000,29.66
0.377354,0.553000,-0.184000,-0.805000,-4.626000,4.595000,-2.046000,29.42
0.377805,0.550000,-0.177000,-0.815000,-4.824000,4.183000,-1.847000,29.52
0.378230,0.546000,-0.210000,-0.802000,-4.733000,3.481000,-2.244000,29.57
0.378642,0.742000,-0.000000,-0.950000,-5.511000,1.252000,-1.359000,29.57
0.379064,0.025000,-0.411000,-0.655000,-4.015000,45.756000,5.679000,29.52
0.379480,0.675000,-0.072000,-0.898000,5.298000,-9.939000,0.748000,29.57
0.379890,0.396000,-0.313000,-0.707000,-2.473000,8.977000,1.145000,29.47
0.380304,0.605000,-0.224000,-0.839000,-5.298000,4.183000,-2.290000,29.66
0.380724,0.503000,-0.161000,-0.783000,-5.832000,15.542000,-0.458000,29.61
0.381141,0.589000,-0.155000,-0.822000,-4.107000,12.183000,-1.191000,29.52
0.381563,0.563000,-0.122000,-0.810000,-3.725000,13.176000,-1.008000,29.57
0.381973,0.537000,-0.100000,-0.815000,0.321000,2.031000,1.542000,29.57
0.382393,0.593000,-0.120000,-0.826000,1.420000,2.107000,-1.908000,29.52
0.382827,0.610000,-0.177000,-0.815000,0.473000,-10.397000,-0.992000,29.42
0.383245,0.481000,-0.176000,-0.838000,0.901000,0.229000,1.420000,29.57
0.383658,0.543000,-0.201000,-0.789000,-0.504000,8.107000,0.534000,29.57
0.384083,0.479000,-0.277000,-0.790000,-2.305000,-0.443000,0.550000,29.57
0.384512,0.625000,-0.161000,-0.842000,-4.534000,-1.771000,-2.275000,29.52
0.384926,0.507000,-0.344000,-0.685000,-4.351000,2.855000,-0.366000,29.61
0.385380,0.530000,-0.241000,-0.775000,-7.252000,6.855000,-2.565000,29.47
0.385823,0.558000,-0.086000,-0.836000,-4.504000,3.817000,-1.847000,29.57
0.386318,0.528000,-0.214000,-0.790000,-4.794000,6.992000,-0.260000,29.61
0.386757,0.544000,-0.187000,-0.817000,-4.122000,-0.061000,-1.145000,29.52
0.387180,0.473000,-0.242000,-0.792000,-3.069000,3.176000,2.061000,29.57
0.387602,0.664000,-0.148000,-0.848000,-4.626000,3.527000,-2.763000,29.57
0.388038,0.546000,-0.203000,-0.762000,-5.588000,5.359000,-1.053000,29.61
0.388483,0.603000,-0.167000,-0.841000,-0.366000,-2.260000,-1.221000,29.47
0.388915,0.545000,-0.194000,-0.801000,-3.069000,4.351000,-1.344000,29.57
0.389358,0.562000,-0.170000,-0.812000,-3.664000,5.405000,-1.588000,29.57
0.389804,0.556000,-0.182000,-0.810000,-3.603000,2.489000,-1.588000,29.61
0.390246,0.586000,-0.164000,-0.823000,-7.038000,7.786000,-1.313000,29.61
0.390672,0.605000,-0.122000,-0.862000,-4.366000,-3.374000,-2.580000,29.57
0.391096,0.532000,-0.162000,-0.796000,-0.275000,-0.733000,-1.237000,29.47
0.391520,0.587000,-0.202000,-0.839000,-4.794000,8.443000,-1.359000,29.42
0.391940,0.574000,-0.167000,-0.818000,-4.702000,-1.847000,-3.115000,29.61
0.392362,0.560000,-0.148000,-0.822000,-3.328000,1.099000,-2.458000,29.57
0.392801,0.554000,-0.141000,-0.830000,0.336000,-2.733000,-1.435000,29.57
0.393250,0.536000,-0.178000,-0.793000,-1.115000,-0.061000,-1.252000,29.61
0.393698,0.537000,-0.166000,-0.805000,0.443000,1.069000,-0.336000,29.52
0.394147,0.570000,-0.174000,-0.833000,-0.702000,1.176000,-2.031000,29.57
0.394582,0.529000,-0.194000,-0.823000,0.794000,-3.603000,-0.687000,29.57
0.395005,0.544000,-0.179000,-0.835000,-1.145000,-1.847000,-0.809000,29.66
0.395426,0.577000,-0.174000,-0.825000,-0.672000,-3.847000,-1.634000,29.42
0.395845,0.542000,-0.168000,-0.795000,-1.985000,1.863000,-1.344000,29.61
0.396397,0.584000,-0.123000,-0.850000,-2.656000,3.282000,-0.260000,29.57
0.397048,0.534000,-0.190000,-0.851000,-5.328000,8.458000,0.931000,29.47
0.397531,0.523000,-0.161000,-0.836000,0.397000,2.595000,1.282000,29.52
0.398026,0.548000,-0.164000,-0.798000,0.061000,11.420000,2.305000,29.66
0.398487,0.581000,-0.184000,-0.824000,-1.893000,12.397000,1.115000,29.57
0.398905,0.556000,-0.168000,-0.810000,-2.397000,5.008000,0.107000,29.47
0.399336,0.572000,-0.147000,-0.824000,-0.580000,-3.603000,-0.748000,29.52
0.399749,0.547000,-0.154000,-0.816000,0.321000,-2.321000,-0.580000,29.52
0.400168,0.548000,-0.176000,-0.802000,-0.137000,1.527000,-0.458000,29.47
0.400587,0.548000,-0.173000,-0.806000,-1.313000,3.252000,-0.504000,29.57
0.401000,0.557000,-0.185000,-0.812000,-1.252000,0.626000,-0.672000,29.61
0.401419,0.545000,-0.167000,-0.820000,-0.947000,-0.092000,-0.229000,29.52
0.401838,0.549000,-0.159000,-0.812000,-0.733000,1.405000,-0.122000,29.47
0.402278,0.569000,-0.163000,-0.795000,-0.885000,4.855000,0.901000,29.57
0.402704,0.540000,-0.178000,-0.814000,-1.298000,4.260000,2.214000,29.52
0.403136,0.569000,-0.164000,-0.827000,-0.565000,3.115000,1.069000,29.52
0.403560,0.555000,-0.195000,-0.804000,-2.473000,3.679000,0.336000,29.57
0.403987,0.554000,-0.203000,-0.818000,-3.939000,5.023000,-0.214000,29.57
0.404409,0.545000,-0.191000,-0.778000,-8.947000,9.893000,-0.489000,29.52
0.404829,0.567000,-0.203000,-0.810000,-11.573000,12.748000,-3.008000,29.57
0.405249,0.551000,-0.161000,-0.826000,-10.809000,9.450000,-0.916000,29.47
0.405675,0.576000,-0.168000,-0.825000,-10.046000,9.160000,-1.206000,29.57
0.406205,0.522000,-0.184000,-0.809000,-8.305000,10.489000,-0.031000,29.52
0.406800,0.581000,-0.160000,-0.804000,-7.924000,9.237000,-0.702000,29.42
0.407271,0.592000,-0.170000,-0.835000,-11.115000,9.664000,-0.443000,29.57
0.407732,0.549000,-0.169000,-0.696000,-12.397000,14.565000,-0.321000,29.47
0.408244,0.514000,-0.132000,-0.794000,-7.740000,6.656000,-0.489000,29.61
0.408698,0.534000,-0.128000,-0.699000,-7.221000,23.954000,-0.626000,29.52
0.409125,0.586000,-0.085000,-0.961000,-6.015000,0.489000,-1.221000,29.47
0.409546,0.536000,-0.125000,-0.802000,-5.313000,4.107000,-0.595000,29.57
0.409977,0.562000,-0.156000,-0.812000,-2.702000,1.756000,-0.397000,29.52
0.410427,0.574000,-0.156000,-0.818000,-1.084000,-2.947000,-0.962000,29.52
0.410861,0.548000,-0.207000,-0.810000,3.649000,0.916000,1.282000,29.57
0.411308,0.593000,-0.156000,-0.823000,1.328000,-1.542000,-2.489000,29.57
0.411721,0.447000,-0.221000,-0.696000,3.420000,7.603000,0.458000,29.52
0.412149,0.580000,-0.221000,-0.827000,0.885000,0.565000,-0.183000,29.52
0.412565,0.572000,-0.163000,-0.809000,0.733000,-1.160000,-1.328000,29.57
0.413008,0.554000,-0.178000,-0.835000,-0.641000,-3.710000,-0.198000,29.47
0.413448,0.561000,-0.164000,-0.830000,-2.336000,-0.336000,-1.145000,29.52
0.413875,0.544000,-0.147000,-0.779000,-0.229000,2.229000,-0.824000,29.61
0.414295,0.565000,-0.167000,-0.841000,-2.305000,-2.565000,-0.702000,29.57
0.414719,0.563000,-0.154000,-0.763000,-2.595000,2.198000,-0.168000,29.57
0.415162,0.557000,-0.166000,-0.890000,1.664000,1.038000,-0.901000,29.47
0.415585,0.518000,-0.145000,-0.884000,4.183000,2.702000,-0.244000,29.61
0.416090,0.531000,-0.162000,-0.801000,3.664000,-1.115000,0.809000,29.61
0.416720,0.581000,-0.176000,-0.830000,3.863000,-1.435000,-0.015000,29.47
0.417226,0.634000,-0.187000,-0.665000,-6.427000,-7.252000,0.061000,29.57
0.417699,0.573000,-0.203000,-0.860000,-4.382000,8.153000,-1.252000,29.61
0.418185,0.573000,-0.142000,-0.799000,-4.641000,5.450000,-1.939000,29.61
0.418639,0.566000,-0.184000,-0.827000,-5.603000,7.008000,-1.069000,29.47
0.419089,0.544000,-0.179000,-0.793000,-6.595000,3.725000,-1.008000,29.47
0.419565,0.562000,-0.168000,-0.819000,-4.931000,1.664000,-0.901000,29.61
0.420014,0.562000,-0.165000,-0.809000,-5.450000,3.542000,-0.916000,29.52
0.420442,0.559000,-0.163000,-0.803000,-5.557000,5.237000,-0.824000,29.57
0.420865,0.553000,-0.160000,-0.825000,-4.977000,5.145000,-0.702000,29.57
0.421289,0.564000,-0.193000,-0.810000,-6.656000,5.069000,-1.038000,29.52
0.421707,0.555000,-0.160000,-0.817000,-6.794000,2.824000,-1.359000,29.57
0.422142,0.559000,-0.143000,-0.803000,-5.573000,1.740000,-1.588000,29.57
0.422589,0.555000,-0.160000,-0.809000,-5.389000,2.076000,-1.664000,29.57
0.423026,0.557000,-0.147000,-0.810000,-6.046000,3.466000,-1.863000,29.61
0.423456,0.541000,-0.140000,-0.813000,-5.344000,3.191000,-1.450000,29.61
0.423896,0.553000,-0.123000,-0.809000,-2.656000,1.985000,-1.527000,29.47
0.424321,0.564000,-0.137000,-0.807000,0.122000,0.779000,-1.145000,29.47
0.424747,0.554000,-0.151000,-0.808000,1.511000,0.641000,-0.214000,29.57
0.425162,0.559000,-0.149000,-0.816000,1.542000,1.313000,-0.031000,29.52
0.425585,0.556000,-0.146000,-0.819000,1.924000,0.519000,-0.198000,29.52
0.426000,0.565000,-0.151000,-0.817000,2.702000,0.183000,0.198000,29.57
0.426593,0.551000,-0.160000,-0.812000,2.824000,0.641000,0.550000,29.47
0.427127,0.555000,-0.177000,-0.813000,2.779000,1.481000,0.458000,29.61
0.427647,0.556000,-0.175000,-0.809000,1.649000,1.985000,-0.336000,29.61
0.428133,0.552000,-0.175000,-0.815000,1.618000,1.985000,-0.901000,29.57
0.428582,0.560000,-0.156000,-0.811000,1.969000,0.565000,-1.450000,29.57
0.429013,0.560000,-0.153000,-0.806000,3.267000,-0.748000,-1.374000,29.52
0.429447,0.564000,-0.164000,-0.808000,5.649000,-0.718000,-0.397000,29.61
0.429872,0.554000,-0.157000,-0.807000,5.389000,-0.183000,-0.351000,29.57
0.430295,0.555000,-0.168000,-0.818000,4.763000,-0.870000,-0.443000,29.57
0.430735,0.564000,-0.172000,-0.804000,2.183000,-2.244000,-0.595000,29.52
0.431183,0.645000,0.355000,-0.565000,8.046000,-15.878000,-2.840000,29.61
0.431603,0.570000,-0.319000,-0.697000,0.947000,1.191000,-1.710000,29.57
0.432029,0.400000,-0.171000,-0.691000,3.130000,17.740000,5.832000,29.66
0.432477,0.465000,-0.080000,-0.738000,-3.282000,-0.137000,-4.183000,29.52
0.432964,0.458000,-0.171000,-0.816000,-0.580000,-3.740000,-2.397000,29.61
0.433411,0.522000,-0.214000,-0.795000,-1.786000,0.244000,-1.695000,29.57
0.433838,0.544000,-0.156000,-0.830000,-1.359000,-0.656000,-1.298000,29.47
0.434255,0.543000,-0.185000,-0.821000,-2.336000,0.000000,-0.992000,29.57
0.434676,0.524000,-0.426000,-0.892000,-15.664000,3.176000,0.519000,29.52
0.435095,0.547000,-0.112000,-0.794000,-5.435000,4.962000,-1.878000,29.61
0.435552,0.537000,-0.078000,-0.855000,-5.954000,2.855000,-1.176000,29.57
0.435988,0.541000,-0.150000,-0.805000,-7.756000,7.466000,-1.725000,29.47
0.436422,0.583000,-0.163000,-0.829000,-3.573000,4.153000,-2.092000,29.52
0.436843,0.557000,-0.173000,-0.813000,-4.626000,3.099000,-2.092000,29.52
0.437260,0.542000,-0.130000,-0.822000,-2.916000,-0.244000,-1.420000,29.57
0.437670,0.562000,-0.161000,-0.814000,-1.145000,-0.626000,-0.443000,29.57
0.438126,0.541000,-0.172000,-0.829000,-0.626000,1.511000,0.290000,29.52
0.438563,0.520000,-0.267000,-0.838000,-0.061000,7.023000,1.359000,29.52
0.438976,0.544000,-0.172000,-0.815000,-1.878000,4.458000,0.702000,29.66
0.439404,0.544000,-0.169000,-0.818000,-1.832000,3.588000,0.809000,29.47
0.439847,0.545000,-0.185000,-0.823000,-2.443000,4.443000,0.504000,29.61
0.440272,0.541000,-0.147000,-0.801000,-2.840000,6.611000,1.008000,29.57
0.440690,0.577000,-0.172000,-0.814000,-5.588000,5.908000,-1.176000,29.57
0.441098,0.541000,-0.146000,-0.812000,-1.344000,3.573000,-0.977000,29.57
0.441510,0.531000,-0.153000,-0.795000,-1.328000,5.634000,-0.443000,29.52
0.441936,0.557000,-0.173000,-0.835000,-0.550000,3.221000,-0.824000,29.61
0.442353,0.537000,-0.174000,-0.804000,-0.198000,2.962000,-0.611000,29.57
0.442795,0.531000,-0.167000,-0.827000,-1.069000,3.634000,-0.931000,29.57
0.443224,0.541000,-0.182000,-0.818000,-1.771000,4.504000,-1.573000,29.52
0.443637,0.546000,-0.154000,-0.819000,-1.344000,6.458000,-1.695000,29.52
0.444071,0.555000,-0.138000,-0.808000,1.542000,6.885000,-1.374000,29.57
0.444500,0.551000,-0.156000,-0.821000,2.366000,5.695000,-0.901000,29.66
0.444930,0.538000,-0.183000,-0.811000,1.145000,5.176000,-0.992000,29.52
0.445340,0.554000,-0.170000,-0.820000,0.947000,4.443000,-1.267000,29.52
0.445772,0.555000,-0.160000,-0.816000,1.252000,4.504000,-0.947000,29.57
0.446179,0.547000,-0.165000,-0.815000,1.298000,5.008000,-0.305000,29.57
0.446589,0.559000,-0.170000,-0.816000,1.252000,5.069000,-0.336000,29.61
0.447002,0.564000,-0.168000,-0.810000,0.763000,4.977000,-0.351000,29.61
0.447409,0.545000,-0.177000,-0.809000,0.412000,4.962000,-0.626000,29.57
0.447898,0.559000,-0.169000,-0.819000,0.031000,5.176000,-0.824000,29.47
0.448355,0.569000,-0.164000,-0.820000,0.198000,3.985000,-1.008000,29.47
0.448786,0.557000,-0.167000,-0.817000,0.504000,2.962000,-0.855000,29.52
0.449210,0.558000,-0.177000,-0.822000,0.168000,2.824000,-0.916000,29.57
0.449647,0.557000,-0.179000,-0.813000,-0.885000,3.130000,-0.947000,29.57
0.450070,0.549000,-0.163000,-0.809000,-1.282000,3.634000,-1.221000,29.47
0.450487,0.551000,-0.166000,-0.825000,-0.870000,3.237000,-1.130000,29.61
0.450897,0.562000,-0.167000,-0.814000,0.046000,3.130000,-0.870000,29.61
0.451312,0.549000,-0.169000,-0.810000,0.336000,3.908000,-1.008000,29.66
0.451729,0.552000,-0.172000,-0.813000,0.351000,3.893000,-0.901000,29.47
0.452146,0.551000,-0.166000,-0.812000,0.855000,4.397000,-0.672000,29.52
0.452580,0.559000,-0.166000,-0.810000,0.214000,2.626000,-1.221000,29.52
0.453021,0.552000,-0.155000,-0.830000,-0.092000,4.137000,-1.466000,29.57
0.453463,0.543000,-0.181000,-0.816000,0.412000,3.435000,-1.405000,29.57
0.453900,0.561000,-0.177000,-0.815000,0.702000,3.191000,-1.863000,29.52
0.454323,0.531000,-0.195000,-0.799000,-0.580000,2.153000,-1.511000,29.61
0.454743,0.562000,-0.191000,-0.821000,-0.061000,2.443000,-1.374000,29.47
0.455158,0.560000,-0.183000,-0.813000,-0.153000,4.229000,-1.679000,29.66
0.455574,0.557000,-0.179000,-0.813000,-1.237000,5.725000,-1.740000,29.52
0.455991,0.550000,-0.160000,-0.802000,-1.344000,5.374000,-1.420000,29.66
0.456424,0.554000,-0.165000,-0.805000,-1.252000,4.275000,-0.931000,29.57
0.456846,0.557000,-0.166000,-0.819000,-1.206000,2.947000,-0.992000,29.57
0.457260,0.553000,-0.176000,-0.809000,-1.282000,2.840000,-0.931000,29.52
0.457675,0.553000,-0.169000,-0.811000,-1.389000,3.038000,-0.885000,29.61
0.458208,0.555000,-0.169000,-0.808000,-1.313000,3.802000,-0.748000,29.57
0.458838,0.561000,-0.170000,-0.807000,-1.206000,3.817000,-0.763000,29.57
0.459316,0.561000,-0.175000,-0.805000,-1.145000,3.985000,-0.702000,29.61
0.459760,0.552000,-0.171000,-0.812000,-1.084000,3.130000,-0.489000,29.61
0.460204,0.551000,-0.175000,-0.818000,-1.389000,2.977000,-0.687000,29.57
0.460645,0.557000,-0.170000,-0.806000,-1.267000,2.901000,-0.687000,29.57
0.461079,0.555000,-0.178000,-0.812000,-1.450000,3.084000,-0.870000,29.57
0.461605,0.554000,-0.171000,-0.808000,-1.481000,3.237000,-0.855000,29.52
0.462184,0.553000,-0.175000,-0.806000,-1.435000,3.206000,-0.748000,29.61
0.462645,0.560000,-0.176000,-0.804000,-1.557000,2.931000,-0.901000,29.57
0.463092,0.561000,-0.167000,-0.815000,-1.588000,2.794000,-1.099000,29.57
0.463538,0.560000,-0.176000,-0.810000,-1.603000,2.656000,-0.916000,29.61
0.464014,0.562000,-0.177000,-0.809000,-1.588000,2.397000,-1.038000,29.61
0.464462,0.559000,-0.174000,-0.808000,-1.649000,2.443000,-0.977000,29.47
0.465005,0.558000,-0.175000,-0.814000,-1.863000,2.626000,-1.160000,29.57
0.465455,0.554000,-0.177000,-0.814000,-1.985000,2.412000,-1.160000,29.52
0.465869,0.554000,-0.172000,-0.806000,-2.214000,2.473000,-1.298000,29.57
0.466293,0.550000,-0.174000,-0.816000,-1.985000,2.702000,-1.191000,29.57
0.466707,0.554000,-0.173000,-0.802000,-2.031000,3.008000,-1.374000,29.66
0.467120,0.554000,-0.175000,-0.809000,-2.137000,3.023000,-1.527000,29.61
0.467530,0.529000,-0.235000,-0.784000,-3.282000,6.336000,-1.664000,29.52
0.467944,0.558000,-0.187000,-0.812000,-2.260000,5.466000,-0.504000,29.57
0.468379,0.584000,-0.173000,-0.803000,0.092000,12.244000,0.794000,29.57
0.468841,0.533000,-0.189000,-0.749000,-1.832000,23.634000,-0.962000,29.61
0.469281,0.596000,-0.091000,-0.835000,-0.336000,4.901000,-2.718000,29.61
0.469704,0.552000,-0.096000,-0.813000,0.656000,0.168000,-1.557000,29.57
0.470137,0.559000,-0.141000,-0.796000,-0.733000,0.687000,-1.053000,29.57
0.470551,0.570000,-0.181000,-0.805000,-3.496000,2.992000,-1.191000,29.61
0.470960,0.552000,-0.168000,-0.806000,-3.603000,3.710000,-0.901000,29.61
0.471369,0.557000,-0.176000,-0.801000,-3.053000,4.229000,-0.916000,29.57
0.471903,0.555000,-0.166000,-0.812000,-0.931000,2.763000,-0.489000,29.57
0.472478,0.563000,-0.149000,-0.813000,0.260000,3.511000,-0.550000,29.52
0.472973,0.560000,-0.171000,-0.807000,-0.015000,2.870000,-0.412000,29.52
0.473414,0.551000,-0.186000,-0.806000,-0.733000,0.870000,-0.534000,29.61
0.473841,0.557000,-0.184000,-0.815000,-1.985000,1.634000,-0.611000,29.57
0.474256,0.559000,-0.183000,-0.800000,-2.855000,3.252000,-0.855000,29.57
0.474667,0.564000,-0.178000,-0.805000,-2.718000,3.771000,-0.992000,29.52
0.475075,0.566000,-0.165000,-0.811000,-2.046000,3.466000,-0.977000,29.57
0.475492,0.564000,-0.158000,-0.814000,-1.588000,2.458000,-0.702000,29.57
0.475903,0.573000,-0.164000,-0.819000,-0.977000,0.443000,-0.580000,29.61
0.476318,0.566000,-0.168000,-0.817000,-0.702000,-0.458000,-0.153000,29.61
0.476732,0.553000,-0.153000,-0.818000,-0.443000,-0.229000,0.153000,29.57
0.477147,0.558000,-0.156000,-0.810000,0.321000,0.580000,0.794000,29.57
0.477573,0.561000,-0.166000,-0.815000,0.397000,0.366000,1.252000,29.52
0.478003,0.548000,-0.195000,-0.816000,0.763000,0.489000,1.725000,29.61
0.478412,0.552000,-0.180000,-0.816000,1.038000,-0.046000,1.496000,29.47
0.478838,0.563000,-0.162000,-0.818000,1.389000,-1.008000,1.435000,29.57
0.479258,0.557000,-0.181000,-0.812000,0.794000,0.443000,1.359000,29.71
0.479666,0.550000,-0.203000,-0.795000,0.290000,1.924000,1.115000,29.61
0.480078,0.548000,-0.196000,-0.797000,-0.427000,3.145000,0.382000,29.61
0.480492,0.556000,-0.209000,-0.803000,-1.084000,3.420000,-0.366000,29.47
0.480921,0.556000,-0.190000,-0.773000,-2.702000,5.145000,-1.130000,29.66
0.481337,0.550000,-0.160000,-0.801000,-3.756000,4.168000,-0.855000,29.61
0.481851,0.551000,-0.180000,-0.804000,-3.511000,3.985000,-0.305000,29.57
0.482403,0.560000,-0.187000,-0.804000,-3.267000,3.206000,-0.534000,29.57
0.482855,0.554000,-0.177000,-0.803000,-3.252000,3.603000,-0.656000,29.66
0.483297,0.559000,-0.194000,-0.797000,-3.420000,4.336000,-0.931000,29.61
0.483739,0.569000,-0.169000,-0.806000,-2.443000,3.603000,-1.450000,29.61
0.484219,0.566000,-0.164000,-0.807000,-1.252000,1.832000,-1.588000,29.47
0.484737,0.561000,-0.165000,-0.812000,-0.229000,-0.763000,-2.122000,29.47
0.485221,0.552000,-0.162000,-0.810000,-0.901000,-1.084000,-2.626000,29.61
0.485722,0.544000,-0.163000,-0.816000,-1.985000,0.412000,-2.183000,29.61
0.486233,0.535000,-0.151000,-0.809000,-2.351000,2.336000,-1.893000,29.57
0.486676,0.544000,-0.164000,-0.816000,-2.351000,3.511000,-1.496000,29.57
0.487104,0.551000,-0.160000,-0.808000,-1.985000,3.863000,-0.824000,29.52
0.487531,0.561000,-0.160000,-0.808000,-0.733000,4.794000,-0.260000,29.61
0.487949,0.556000,-0.167000,-0.810000,0.901000,4.076000,0.504000,29.57
0.488387,0.561000,-0.195000,-0.811000,0.763000,2.198000,0.947000,29.66
0.488825,0.553000,-0.180000,-0.801000,0.244000,0.748000,-0.305000,29.52
0.489257,0.573000,-0.162000,-0.820000,-1.252000,-1.725000,-2.107000,29.52
0.489669,0.541000,-0.237000,-0.777000,-2.153000,3.344000,-1.863000,29.47
0.490099,0.584000,-0.119000,-0.857000,-5.282000,5.939000,-2.046000,29.57
0.490529,0.544000,-0.167000,-0.800000,-1.115000,5.573000,-1.206000,29.52
0.490948,0.561000,-0.184000,-0.806000,-1.511000,4.046000,-1.206000,29.52
0.491358,0.553000,-0.175000,-0.805000,-1.832000,2.611000,-1.252000,29.66
0.491914,0.550000,-0.178000,-0.813000,-1.985000,2.855000,-1.176000,29.66
0.492508,0.549000,-0.184000,-0.810000,-1.664000,3.176000,-1.298000,29.61
0.492976,0.554000,-0.173000,-0.804000,-1.664000,4.473000,-1.130000,29.52
0.493428,0.554000,-0.171000,-0.814000,-1.359000,4.626000,-1.160000,29.57
0.493978,0.554000,-0.176000,-0.801000,-1.618000,4.733000,-1.435000,29.57
0.494460,0.557000,-0.174000,-0.806000,-1.160000,2.763000,-1.252000,29.52
0.494947,0.556000,-0.173000,-0.807000,-1.527000,3.496000,-1.282000,29.52
0.495390,0.571000,-0.280000,-0.748000,-5.679000,2.000000,-1.130000,29.57
0.495806,0.542000,-0.236000,-0.789000,-1.053000,5.496000,1.557000,29.57
0.496222,0.546000,-0.149000,-0.804000,-0.382000,4.015000,0.916000,29.52
0.496633,0.540000,-0.169000,-0.786000,0.107000,3.802000,0.550000,29.52
0.497048,0.550000,-0.107000,-0.818000,0.641000,3.908000,-0.901000,29.57
0.497477,0.543000,-0.157000,-0.810000,0.153000,4.489000,-0.687000,29.47
0.497906,0.563000,-0.202000,-0.799000,0.137000,4.855000,-0.092000,29.52
0.498344,0.560000,-0.196000,-0.796000,0.397000,4.733000,-0.092000,29.52
0.498783,0.546000,-0.159000,-0.803000,0.214000,5.298000,-0.229000,29.47
0.499205,0.549000,-0.128000,-0.812000,1.008000,5.450000,-1.038000,29.47
0.499631,0.548000,-0.120000,-0.818000,1.389000,6.046000,-1.802000,29.66
0.500059,0.559000,-0.161000,-0.813000,1.603000,6.107000,-1.649000,29.52
0.500486,0.558000,-0.172000,-0.817000,1.588000,5.893000,-1.908000,29.52
0.500895,0.560000,-0.178000,-0.811000,0.748000,5.573000,-2.107000,29.57
0.501308,0.566000,-0.176000,-0.799000,0.137000,5.191000,-2.229000,29.57
0.501919,0.560000,-0.174000,-0.803000,0.290000,4.565000,-2.061000,29.61
0.502363,0.563000,-0.193000,-0.809000,-0.076000,5.313000,-1.817000,29.61
0.502787,0.567000,-0.213000,-0.817000,-1.466000,3.527000,-1.527000,29.57
0.503213,0.561000,-0.184000,-0.808000,-1.649000,4.168000,-1.740000,29.66
0.503636,0.602000,-0.208000,-0.852000,-0.626000,5.939000,-2.351000,29.52
0.504072,0.452000,-0.274000,-0.566000,-0.550000,11.832000,-0.565000,29.52
0.504493,0.572000,-0.126000,-0.833000,-1.069000,3.573000,-1.038000,29.47
0.504924,0.578000,-0.194000,-0.803000,-0.916000,4.397000,-0.137000,29.57
0.505341,0.558000,-0.172000,-0.796000,-0.519000,1.924000,-0.046000,29.52
0.505755,0.557000,-0.184000,-0.808000,-0.748000,2.824000,-0.015000,29.57
0.506165,0.550000,-0.182000,-0.804000,-0.977000,2.977000,-0.137000,29.57
0.506587,0.559000,-0.181000,-0.799000,-1.221000,2.504000,-0.351000,29.47
0.507018,0.465000,-0.223000,-0.571000,-2.870000,7.145000,-0.809000,29.61
0.507437,0.664000,-0.335000,-0.851000,-7.481000,-8.672000,-0.305000,29.61
0.507848,0.518000,-0.021000,-0.894000,1.832000,-7.313000,-0.870000,29.57
0.508268,0.520000,-0.047000,-0.786000,-3.313000,-1.298000,-2.092000,29.57
0.508681,0.613000,-0.259000,-0.873000,2.061000,5.664000,-0.473000,29.61
0.509121,0.617000,-0.213000,-0.889000,2.214000,0.626000,-1.542000,29.52
0.509549,0.564000,-0.219000,-0.787000,-0.901000,2.153000,-2.412000,29.57
0.510003,0.564000,-0.167000,-0.809000,0.061000,-4.641000,-2.137000,29.57
0.510450,0.565000,-0.190000,-0.812000,0.275000,-3.511000,-0.992000,29.52
0.510895,0.559000,-0.192000,-0.795000,-1.435000,4.214000,-0.595000,29.42
0.511331,0.558000,-0.216000,-0.745000,-1.679000,6.779000,-0.718000,29.47
0.511874,0.549000,-0.186000,-0.791000,-1.878000,6.168000,-1.359000,29.57
0.512496,0.561000,-0.182000,-0.806000,-1.786000,2.977000,-1.511000,29.61
0.512964,0.564000,-0.187000,-0.807000,-2.824000,1.847000,-1.389000,29.52
0.513418,0.561000,-0.175000,-0.808000,-3.374000,0.855000,-1.863000,29.52
0.513912,0.563000,-0.174000,-0.809000,-3.160000,0.473000,-1.740000,29.57
0.514355,0.560000,-0.180000,-0.803000,-2.733000,1.511000,-1.740000,29.57
0.514775,0.564000,-0.177000,-0.806000,-3.008000,2.977000,-1.511000,29.42
0.515216,0.552000,-0.180000,-0.809000,-3.008000,2.992000,-1.618000,29.57
0.515631,0.552000,-0.180000,-0.802000,-2.824000,2.076000,-1.588000,29.57
0.516047,0.554000,-0.182000,-0.812000,-2.962000,1.863000,-1.878000,29.57
0.516466,0.564000,-0.178000,-0.806000,-2.977000,1.969000,-1.817000,29.52
0.516884,0.559000,-0.181000,-0.811000,-2.855000,2.137000,-1.817000,29.61
0.517297,0.563000,-0.170000,-0.802000,-2.794000,2.183000,-1.603000,29.57
0.517714,0.566000,-0.176000,-0.803000,-2.656000,2.641000,-1.603000,29.57
0.518130,0.563000,-0.176000,-0.802000,-2.885000,2.443000,-1.664000,29.52
0.518545,0.566000,-0.185000,-0.803000,-3.221000,2.534000,-1.664000,29.52
0.518996,0.552000,-0.173000,-0.809000,-2.992000,1.771000,-1.496000,29.57
0.519455,0.555000,-0.176000,-0.803000,-3.099000,1.115000,-1.588000,29.57
0.519907,0.557000,-0.179000,-0.812000,-2.733000,0.901000,-1.542000,29.61
0.520344,0.563000,-0.177000,-0.818000,-2.748000,1.008000,-1.496000,29.61
0.520769,0.565000,-0.172000,-0.807000,-2.626000,1.344000,-1.313000,29.57
0.521185,0.567000,-0.168000,-0.811000,-2.794000,1.237000,-0.992000,29.57
0.521607,0.563000,-0.177000,-0.807000,-2.443000,1.115000,-0.855000,29.52
0.522157,0.566000,-0.169000,-0.814000,-2.519000,0.550000,-0.824000,29.47
0.522765,0.565000,-0.173000,-0.808000,-2.611000,0.382000,-0.718000,29.57
0.523277,0.558000,-0.174000,-0.808000,-2.458000,0.107000,-0.565000,29.57
0.523749,0.562000,-0.173000,-0.816000,-2.580000,-0.214000,-0.656000,29.61
0.524202,0.560000,-0.178000,-0.817000,-2.916000,-0.168000,-0.504000,29.52
0.524632,0.561000,-0.175000,-0.812000,-2.916000,-0.107000,-0.290000,29.57
0.525053,0.563000,-0.165000,-0.807000,-2.733000,-0.595000,-0.061000,29.57
0.525471,0.557000,-0.170000,-0.811000,-2.595000,-0.412000,0.122000,29.61
0.525891,0.550000,-0.167000,-0.813000,-2.443000,-0.504000,0.275000,29.52
0.526322,0.544000,-0.177000,-0.814000,-1.954000,-0.275000,0.351000,29.57
0.526733,0.542000,-0.182000,-0.809000,-1.954000,0.626000,0.305000,29.57
0.527171,0.552000,-0.181000,-0.816000,-2.229000,0.702000,-0.107000,29.71
0.527630,0.558000,-0.181000,-0.809000,-2.351000,1.130000,-0.092000,29.52
0.528077,0.558000,-0.183000,-0.822000,-2.275000,1.130000,0.061000,29.57
0.528521,0.551000,-0.183000,-0.809000,-2.702000,0.916000,-0.031000,29.57
0.528956,0.561000,-0.181000,-0.811000,-2.534000,0.702000,0.015000,29.61
0.529403,0.552000,-0.172000,-0.814000,-2.183000,0.534000,0.107000,29.61
0.529822,0.554000,-0.176000,-0.811000,-2.351000,0.427000,0.504000,29.47
0.530232,0.543000,-0.176000,-0.823000,-1.618000,0.534000,0.626000,29.47
0.530646,0.545000,-0.176000,-0.810000,-1.435000,1.099000,0.366000,29.61
0.531059,0.540000,-0.184000,-0.809000,-1.664000,1.679000,0.260000,29.52
0.531475,0.540000,-0.177000,-0.818000,-1.313000,1.878000,0.031000,29.66
0.532005,0.546000,-0.183000,-0.820000,-1.573000,2.229000,-0.198000,29.47
0.532614,0.546000,-0.179000,-0.807000,-1.679000,2.366000,-0.229000,29.61
0.533074,0.548000,-0.172000,-0.818000,-1.649000,2.534000,-0.198000,29.52
0.533527,0.546000,-0.183000,-0.809000,-1.679000,2.534000,-0.565000,29.47
0.534052,0.547000,-0.183000,-0.812000,-2.092000,2.580000,-0.626000,29.66
0.534523,0.544000,-0.174000,-0.820000,-2.351000,2.672000,-0.656000,29.61
0.534975,0.548000,-0.178000,-0.819000,-2.397000,2.275000,-0.595000,29.71
0.535650,0.550000,-0.183000,-0.818000,-2.229000,2.015000,-0.580000,29.57
0.536100,0.546000,-0.183000,-0.820000,-2.534000,1.985000,-0.870000,29.47
0.536543,0.548000,-0.171000,-0.812000,-2.290000,1.603000,-0.962000,29.57
0.536971,0.555000,-0.177000,-0.812000,-2.656000,1.405000,-0.931000,29.52
0.537389,0.552000,-0.177000,-0.811000,-2.336000,1.145000,-0.794000,29.61
0.537810,0.547000,-0.166000,-0.824000,-2.214000,0.870000,-0.489000,29.66
0.538221,0.543000,-0.169000,-0.816000,-1.939000,0.916000,-0.412000,29.66
0.538640,0.526000,-0.176000,-0.817000,-1.450000,1.618000,-0.534000,29.61
0.539067,0.519000,-0.190000,-0.810000,-1.573000,2.489000,-1.084000,29.57
0.539492,0.542000,-0.187000,-0.807000,-2.122000,3.023000,-1.710000,29.57
0.539915,0.550000,-0.173000,-0.827000,-2.336000,3.069000,-1.985000,29.57
0.540334,0.544000,-0.184000,-0.816000,-2.260000,3.389000,-2.000000,29.52
0.540773,0.539000,-0.178000,-0.817000,-2.244000,2.992000,-2.046000,29.61
0.541188,0.544000,-0.174000,-0.820000,-1.954000,3.206000,-1.924000,29.57
0.541597,0.545000,-0.173000,-0.821000,-1.969000,3.160000,-1.985000,29.57
0.542011,0.544000,-0.181000,-0.815000,-1.664000,2.901000,-2.153000,29.61
0.542423,0.544000,-0.180000,-0.814000,-1.298000,2.794000,-2.107000,29.61
0.542835,0.536000,-0.173000,-0.808000,-1.481000,3.099000,-2.473000,29.57
0.543276,0.545000,-0.183000,-0.825000,-1.221000,3.191000,-2.443000,29.57
0.543698,0.555000,-0.173000,-0.818000,-1.206000,3.664000,-2.458000,29.47
0.544165,0.540000,-0.167000,-0.824000,-0.733000,3.389000,-2.153000,29.52
0.544640,0.544000,-0.175000,-0.824000,-0.168000,3.466000,-2.076000,29.71
0.545087,0.538000,-0.177000,-0.816000,0.107000,3.542000,-2.443000,29.66
0.545634,0.544000,-0.176000,-0.809000,0.290000,3.573000,-2.626000,29.57
0.546239,0.542000,-0.177000,-0.812000,0.794000,3.725000,-2.870000,29.61
0.546700,0.545000,-0.174000,-0.819000,0.702000,4.107000,-2.870000,29.52
0.547140,0.541000,-0.183000,-0.864000,1.069000,2.336000,-2.763000,29.57
0.547577,0.568000,-0.189000,-0.834000,1.267000,4.183000,-2.733000,29.57
0.548040,0.557000,-0.176000,-0.819000,1.252000,3.527000,-2.718000,29.61
0.548483,0.552000,-0.176000,-0.812000,2.290000,4.168000,-2.168000,29.57
0.548906,0.555000,-0.174000,-0.833000,2.489000,3.786000,-1.893000,29.57
0.549325,0.557000,-0.171000,-0.823000,3.221000,4.611000,-1.466000,29.47
0.549732,0.554000,-0.177000,-0.821000,3.634000,4.382000,-1.038000,29.61
0.550141,0.552000,-0.175000,-0.808000,4.397000,4.382000,-0.916000,29.61
0.550571,0.552000,-0.168000,-0.817000,4.962000,4.656000,-0.534000,29.57
0.551003,0.557000,-0.176000,-0.810000,5.573000,4.748000,-0.061000,29.66
0.551422,0.543000,-0.176000,-0.814000,6.153000,5.328000,0.076000,29.52
0.551832,0.554000,-0.185000,-0.814000,5.939000,5.359000,0.031000,29.52
0.552252,0.559000,-0.180000,-0.811000,5.817000,5.038000,0.198000,29.57
0.552683,0.554000,-0.180000,-0.810000,5.725000,5.191000,0.183000,29.47
0.553118,0.553000,-0.187000,-0.817000,5.053000,4.977000,0.198000,29.61
0.553542,0.555000,-0.182000,-0.813000,5.023000,4.824000,0.733000,29.52
0.553956,0.551000,-0.189000,-0.806000,4.702000,4.824000,0.672000,29.57
0.554368,0.559000,-0.190000,-0.819000,4.321000,4.519000,0.947000,29.57
0.554770,0.556000,-0.190000,-0.816000,4.107000,4.504000,0.763000,29.52
0.555172,0.560000,-0.194000,-0.810000,3.847000,4.290000,1.267000,29.52
0.555688,0.559000,-0.198000,-0.816000,3.649000,4.412000,1.237000,29.52
0.556295,0.553000,-0.200000,-0.797000,3.206000,4.153000,1.206000,29.57
0.556754,0.554000,-0.203000,-0.806000,2.427000,4.336000,0.702000,29.57
0.557201,0.554000,-0.201000,-0.820000,2.061000,4.198000,0.321000,29.52
0.557630,0.555000,-0.197000,-0.800000,1.481000,3.725000,0.122000,29.47
0.558066,0.552000,-0.201000,-0.806000,1.038000,3.725000,-0.107000,29.57
0.558508,0.551000,-0.204000,-0.805000,0.153000,3.695000,-0.351000,29.57
0.559001,0.553000,-0.197000,-0.811000,-0.076000,3.634000,-0.794000,29.52
0.559433,0.552000,-0.207000,-0.799000,-0.656000,3.420000,-1.115000,29.57
0.559845,0.547000,-0.216000,-0.806000,-1.511000,3.542000,-1.939000,29.57
0.560255,0.555000,-0.211000,-0.794000,-2.000000,3.298000,-2.321000,29.52
0.560723,0.552000,-0.212000,-0.806000,-2.305000,3.359000,-2.901000,29.61
0.561157,0.552000,-0.212000,-0.804000,-2.885000,3.511000,-3.405000,29.52
0.561595,0.548000,-0.204000,-0.805000,-3.023000,3.847000,-3.557000,29.57
0.562007,0.562000,-0.204000,-0.806000,-2.901000,3.863000,-3.695000,29.57
0.562417,0.559000,-0.192000,-0.799000,-3.267000,3.832000,-3.496000,29.52
0.562824,0.559000,-0.198000,-0.815000,-2.870000,3.603000,-3.084000,29.61
0.563233,0.556000,-0.192000,-0.801000,-2.885000,3.466000,-2.870000,29.57
0.563643,0.552000,-0.191000,-0.798000,-2.733000,3.542000,-2.779000,29.66
0.564071,0.548000,-0.194000,-0.805000,-2.855000,3.282000,-2.718000,29.61
0.564504,0.559000,-0.190000,-0.811000,-2.916000,3.405000,-2.840000,29.66
0.564920,0.568000,-0.190000,-0.815000,-2.733000,3.435000,-2.763000,29.57
0.565436,0.559000,-0.184000,-0.802000,-2.931000,3.573000,-2.718000,29.57
0.566006,0.561000,-0.198000,-0.799000,-2.595000,3.573000,-2.763000,29.52
0.566455,0.556000,-0.186000,-0.807000,-2.626000,3.557000,-2.595000,29.71
0.566889,0.553000,-0.195000,-0.807000,-2.931000,3.359000,-2.641000,29.57
0.567369,0.558000,-0.199000,-0.808000,-3.237000,3.160000,-2.733000,29.57
0.567835,0.558000,-0.181000,-0.806000,-3.145000,3.191000,-2.718000,29.52
0.568258,0.551000,-0.186000,-0.810000,-3.237000,3.435000,-2.656000,29.61
0.568668,0.560000,-0.189000,-0.807000,-3.359000,3.649000,-2.687000,29.47
0.569245,0.558000,-0.189000,-0.801000,-3.267000,3.725000,-2.626000,29.57
0.569720,0.560000,-0.191000,-0.804000,-3.145000,3.618000,-2.473000,29.52
0.570152,0.556000,-0.197000,-0.811000,-3.466000,3.756000,-2.626000,29.42
0.570565,0.558000,-0.186000,-0.806000,-3.542000,3.145000,-2.565000,29.47
0.570984,0.551000,-0.197000,-0.792000,-3.771000,3.466000,-2.718000,29.47
0.571399,0.555000,-0.198000,-0.803000,-3.817000,2.855000,-2.947000,29.57
0.571814,0.555000,-0.191000,-0.812000,-3.908000,2.458000,-3.206000,29.52
0.572230,0.558000,-0.195000,-0.811000,-4.122000,2.229000,-3.267000,29.52
0.572642,0.557000,-0.191000,-0.811000,-4.015000,1.649000,-3.557000,29.57
0.573081,0.556000,-0.189000,-0.815000,-4.443000,2.122000,-3.649000,29.66
0.573522,0.556000,-0.163000,-0.823000,-3.160000,0.916000,-3.725000,29.61
0.573961,0.555000,-0.196000,-0.807000,-5.115000,2.931000,-3.817000,29.57
0.574381,0.548000,-0.190000,-0.802000,-4.824000,2.092000,-4.031000,29.66
0.574795,0.559000,-0.187000,-0.814000,-5.359000,2.229000,-4.137000,29.57
0.575212,0.568000,-0.181000,-0.804000,-5.206000,0.748000,-4.443000,29.61
0.575746,0.557000,-0.186000,-0.803000,-5.557000,2.076000,-4.473000,29.61
0.576327,0.559000,-0.182000,-0.807000,-5.160000,1.924000,-4.336000,29.66
0.576863,0.562000,-0.179000,-0.808000,-5.435000,2.061000,-4.305000,29.57
0.577332,0.562000,-0.180000,-0.813000,-5.573000,1.420000,-3.985000,29.61
0.577905,0.561000,-0.179000,-0.815000,-5.573000,1.191000,-3.832000,29.52
0.578375,0.562000,-0.178000,-0.804000,-5.649000,1.221000,-3.802000,29.66
0.578892,0.563000,-0.170000,-0.806000,-5.511000,1.038000,-3.435000,29.66
0.579360,0.559000,-0.168000,-0.806000,-5.511000,1.313000,-3.328000,29.61
0.579804,0.559000,-0.171000,-0.815000,-5.130000,1.282000,-3.053000,29.52
0.580216,0.560000,-0.167000,-0.817000,-5.267000,1.267000,-2.992000,29.57
0.580633,0.547000,-0.177000,-0.805000,-4.931000,1.405000,-3.008000,29.57
0.581073,0.559000,-0.179000,-0.820000,-4.809000,1.221000,-2.870000,29.61
0.581495,0.565000,-0.164000,-0.810000,-4.580000,1.420000,-2.580000,29.61
0.581918,0.551000,-0.167000,-0.813000,-4.000000,1.771000,-2.198000,29.52
0.582334,0.552000,-0.172000,-0.815000,-3.939000,1.878000,-2.122000,29.47
0.582747,0.560000,-0.172000,-0.812000,-3.969000,1.802000,-2.183000,29.47
0.583162,0.549000,-0.173000,-0.805000,-4.244000,1.908000,-2.214000,29.61
0.583586,0.554000,-0.177000,-0.815000,-4.321000,1.695000,-2.580000,29.66
0.584025,0.562000,-0.169000,-0.808000,-4.870000,1.771000,-2.916000,29.57
0.584468,0.561000,-0.171000,-0.806000,-4.885000,1.786000,-2.916000,29.47
0.584897,0.558000,-0.167000,-0.817000,-4.794000,1.527000,-2.550000,29.61
0.585318,0.560000,-0.170000,-0.817000,-4.412000,1.221000,-2.641000,29.61
0.585802,0.553000,-0.163000,-0.814000,-4.107000,1.420000,-2.336000,29.57
0.586247,0.547000,-0.174000,-0.814000,-4.229000,1.130000,-2.092000,29.57
0.586672,0.562000,-0.171000,-0.812000,-4.427000,1.710000,-2.168000,29.61
0.587095,0.550000,-0.165000,-0.822000,-3.893000,1.954000,-1.939000,29.61
0.587644,0.561000,-0.159000,-0.820000,-3.053000,2.046000,-1.420000,29.57
0.588254,0.553000,-0.171000,-0.808000,-2.763000,1.985000,-1.252000,29.57
0.588744,0.549000,-0.168000,-0.818000,-2.718000,2.092000,-0.870000,29.61
0.589275,0.563000,-0.172000,-0.814000,-2.641000,1.756000,-0.916000,29.52
0.589743,0.559000,-0.165000,-0.811000,-2.901000,1.771000,-0.672000,29.66
0.590188,0.553000,-0.177000,-0.802000,-3.588000,1.466000,-1.237000,29.57
0.590615,0.546000,-0.170000,-0.828000,-3.771000,1.237000,-1.649000,29.61
0.591048,0.554000,-0.174000,-0.818000,-3.939000,1.237000,-1.695000,29.57
0.591472,0.554000,-0.162000,-0.815000,-4.275000,0.641000,-1.969000,29.47
0.591897,0.561000,-0.160000,-0.817000,-4.183000,0.198000,-1.725000,29.57
0.592328,0.564000,-0.163000,-0.816000,-4.366000,-0.351000,-1.466000,29.61
0.592857,0.567000,-0.148000,-0.826000,-4.366000,-1.344000,-1.145000,29.71
0.593419,0.557000,-0.158000,-0.818000,-4.183000,-1.924000,-0.855000,29.57
0.593884,0.539000,-0.157000,-0.811000,-3.954000,-2.214000,-1.069000,29.57
0.594386,0.521000,-0.177000,-0.802000,-3.496000,-1.130000,-1.679000,29.61
0.594841,0.528000,-0.185000,-0.819000,-4.061000,0.275000,-2.489000,29.61
0.595268,0.538000,-0.190000,-0.808000,-4.947000,1.115000,-3.786000,29.57
0.595683,0.536000,-0.195000,-0.823000,-5.786000,1.618000,-4.611000,29.66
0.596097,0.544000,-0.184000,-0.801000,-6.794000,1.786000,-5.527000,29.61
0.596512,0.581000,-0.155000,-0.833000,-7.618000,1.252000,-6.580000,29.52
0.596921,0.550000,-0.158000,-0.811000,-10.931000,8.397000,-6.489000,29.57
0.597340,0.571000,-0.154000,-0.818000,-5.328000,-13.420000,-7.527000,29.57
0.597825,0.558000,-0.174000,-0.830000,-10.687000,2.290000,-7.771000,29.57
0.598389,0.522000,-0.145000,-0.804000,-9.450000,5.389000,-7.771000,29.52
0.598839,0.533000,-0.157000,-0.814000,-8.962000,0.443000,-8.656000,29.52
0.599316,0.548000,-0.151000,-0.816000,-10.168000,2.992000,-8.748000,29.57
0.599829,0.556000,-0.134000,-0.830000,-9.008000,2.595000,-8.229000,29.47
0.600266,0.559000,-0.127000,-0.834000,-7.908000,4.198000,-7.466000,29.61
0.600683,0.573000,-0.123000,-0.826000,-6.931000,4.718000,-6.504000,29.47
0.601119,0.586000,-0.102000,-0.814000,-5.725000,3.115000,-5.084000,29.57
0.601536,0.586000,-0.099000,-0.820000,-4.107000,0.855000,-3.053000,29.47
0.601959,0.575000,-0.097000,-0.809000,-2.000000,-1.252000,-1.191000,29.52
0.602396,0.557000,-0.114000,-0.816000,-1.191000,-2.901000,-0.229000,29.61
0.602837,0.550000,-0.121000,-0.811000,-0.916000,-3.695000,-0.031000,29.57
0.603265,0.535000,-0.155000,-0.830000,-0.840000,-4.107000,-0.290000,29.57
0.603681,0.527000,-0.154000,-0.809000,-1.802000,-3.954000,-0.870000,29.61
0.604096,0.524000,-0.169000,-0.819000,-2.718000,-2.656000,-1.771000,29.52
0.604516,0.534000,-0.173000,-0.837000,-3.756000,-1.542000,-3.160000,29.57
0.604946,0.532000,-0.156000,-0.817000,-4.626000,-0.519000,-3.985000,29.57
0.605372,0.528000,-0.146000,-0.829000,-4.840000,0.244000,-4.443000,29.61
0.605810,0.539000,-0.150000,-0.825000,-5.206000,-0.290000,-4.748000,29.52
0.606230,0.528000,-0.159000,-0.838000,-6.519000,0.489000,-5.725000,29.57
0.606669,0.540000,-0.162000,-0.844000,-8.214000,1.130000,-6.779000,29.57
0.607084,0.542000,-0.156000,-0.834000,-9.344000,2.733000,-7.511000,29.52
0.607496,0.545000,-0.130000,-0.831000,-9.863000,4.122000,-7.511000,29.52
0.608042,0.531000,-0.124000,-0.827000,-8.595000,4.687000,-7.023000,29.57
0.608644,0.542000,-0.134000,-0.818000,-8.214000,5.496000,-6.305000,29.57
0.609147,0.550000,-0.106000,-0.829000,-7.863000,6.687000,-5.634000,29.52
0.609566,0.557000,-0.099000,-0.831000,-6.122000,5.954000,-4.458000,29.61
0.609991,0.562000,-0.099000,-0.818000,-4.076000,5.267000,-3.298000,29.57
0.610444,0.557000,-0.098000,-0.827000,-2.382000,5.237000,-2.229000,29.57
0.610886,0.554000,-0.098000,-0.820000,-0.672000,5.435000,-1.389000,29.47
0.611365,0.604000,-0.072000,-0.837000,2.519000,5.405000,-0.092000,29.61
0.611798,0.620000,-0.045000,-0.832000,8.244000,4.779000,3.817000,29.52
0.612239,0.597000,-0.025000,-0.823000,17.420000,1.863000,9.099000,29.66
0.612725,0.551000,-0.073000,-0.800000,23.359000,-1.069000,13.130000,29.57
0.613222,0.494000,-0.118000,-0.796000,25.176000,-0.397000,13.695000,29.61
0.613660,0.493000,-0.240000,-0.815000,21.817000,0.916000,10.198000,29.61
0.614114,0.507000,-0.271000,-0.811000,13.069000,0.076000,6.275000,29.66
0.614570,0.501000,-0.203000,-0.837000,8.137000,1.710000,2.473000,29.57
0.615077,0.511000,-0.221000,-0.819000,2.321000,1.359000,-0.977000,29.61
0.615538,0.510000,-0.206000,-0.819000,-3.176000,1.374000,-4.397000,29.52
0.615967,0.505000,-0.192000,-0.831000,-7.908000,2.718000,-7.420000,29.57
0.616398,0.495000,-0.182000,-0.822000,-12.137000,4.321000,-10.901000,29.66
0.617011,0.506000,-0.206000,-0.827000,-18.229000,4.962000,-14.107000,29.61
0.617662,0.505000,-0.187000,-0.843000,-22.473000,7.374000,-16.198000,29.57
0.618180,0.535000,-0.183000,-0.837000,-23.725000,7.588000,-18.183000,29.57
0.618666,0.596000,-0.145000,-0.834000,-21.496000,8.870000,-16.580000,29.57
0.619206,0.544000,-0.142000,-0.818000,-18.977000,10.763000,-15.542000,29.61
0.619689,0.536000,-0.196000,-0.837000,-20.885000,12.595000,-16.641000,29.61
0.620154,0.542000,-0.184000,-0.827000,-24.183000,13.252000,-18.153000,29.66
0.620627,0.592000,-0.109000,-0.872000,-25.450000,14.763000,-18.382000,29.66
0.621088,0.570000,-0.124000,-0.848000,-25.267000,14.794000,-18.351000,29.61
0.621532,0.576000,-0.170000,-0.821000,-25.053000,15.115000,-17.160000,29.61
0.621976,0.588000,-0.033000,-0.799000,-18.840000,12.046000,-15.298000,29.57
0.622434,0.607000,0.000000,-0.792000,-11.969000,7.542000,-11.710000,29.57
0.622884,0.602000,0.066000,-0.769000,-4.275000,2.061000,-6.336000,29.61
0.623316,0.563000,0.088000,-0.773000,3.542000,0.809000,-0.275000,29.52
0.623754,0.572000,0.036000,-0.769000,10.061000,-0.031000,4.885000,29.57
0.624228,0.579000,-0.006000,-0.790000,13.893000,-1.802000,8.076000,29.57
0.624711,0.617000,-0.024000,-0.811000,20.351000,-1.557000,12.748000,29.61
0.625408,0.650000,-0.023000,-0.825000,29.405000,-1.450000,19.679000,29.61
0.625968,0.638000,-0.070000,-0.841000,40.046000,-5.313000,29.496000,29.57
0.626428,0.555000,-0.126000,-0.841000,47.221000,-4.305000,34.168000,29.57
0.626954,0.584000,-0.199000,-0.896000,48.733000,-4.489000,35.435000,29.66
0.627409,0.588000,-0.318000,-0.899000,45.328000,-0.748000,34.351000,29.52
0.627930,0.544000,-0.469000,-0.874000,36.931000,0.382000,28.611000,29.57
0.628427,0.448000,-0.576000,-0.814000,20.748000,-0.458000,17.863000,29.66
0.628880,0.381000,-0.612000,-0.867000,1.038000,5.405000,2.153000,29.57
0.629338,0.242000,-0.612000,-0.847000,-17.053000,21.466000,-16.809000,29.61
0.629797,0.391000,-0.724000,-0.963000,-40.977000,43.435000,-33.053000,29.61
0.630251,0.504000,-0.577000,-1.077000,-28.718000,82.916000,-62.656000,29.66
0.630770,0.483000,-0.761000,-1.318000,-46.992000,79.908000,-91.359000,29.57
0.632203,0.784000,-1.396000,-1.495000,-82.885000,79.802000,-108.443000,29.61
0.633008,-0.068000,-2.663000,-1.701000,-116.321000,64.809000,-6.733000,29.61
0.633632,0.563000,-2.492000,-1.302000,-88.595000,79.008000,93.756000,29.47
0.634144,-0.618000,-1.771000,-1.097000,-64.656000,78.855000,154.779000,29.57
0.634711,-0.859000,-1.021000,-1.027000,-33.588000,97.038000,169.771000,29.52
0.635191,-0.883000,-0.522000,-1.359000,-7.069000,76.336000,152.122000,29.52
0.635679,-0.954000,-0.125000,-1.335000,12.916000,46.504000,118.412000,29.57
0.636133,-1.097000,0.129000,-1.072000,9.084000,35.221000,65.237000,29.57
0.636582,-0.888000,0.139000,-1.242000,1.023000,24.565000,11.573000,29.61
0.637034,-0.532000,-0.044000,-1.518000,7.130000,-9.924000,-22.061000,29.66
0.637476,-0.114000,-0.242000,-1.728000,29.008000,-62.977000,-32.321000,29.57
0.637923,0.081000,-0.476000,-1.533000,38.504000,-89.603000,-24.015000,29.66
0.638387,0.128000,-0.633000,-1.190000,31.374000,-97.603000,-5.237000,29.61
0.638847,0.219000,-0.647000,-0.985000,24.992000,-109.221000,19.863000,29.61
0.639360,0.408000,-0.646000,-0.971000,24.855000,-103.725000,54.137000,29.57
0.639812,0.574000,-0.620000,-0.970000,23.969000,-97.924000,94.275000,29.57
0.640271,0.619000,-0.477000,-0.868000,17.389000,-86.092000,128.718000,29.71
0.640721,0.627000,-0.196000,-0.786000,8.137000,-68.397000,149.450000,29.61
0.641161,0.647000,0.082000,-0.807000,1.115000,-54.550000,153.939000,29.52
0.641593,0.663000,0.312000,-0.840000,-5.679000,-47.725000,142.595000,29.57
0.642029,0.599000,0.518000,-0.767000,-13.603000,-46.992000,117.053000,29.66
0.642463,0.572000,0.552000,-0.726000,-20.626000,-34.000000,80.779000,29.61
0.643019,0.733000,0.472000,-0.902000,-22.351000,-29.481000,45.466000,29.52
0.643605,0.925000,0.322000,-1.057000,-11.863000,-35.145000,21.008000,29.57
0.644056,1.082000,0.164000,-1.155000,3.313000,-47.771000,8.382000,29.57
0.644521,1.049000,0.007000,-0.959000,14.641000,-58.687000,1.008000,29.61
0.645007,0.999000,-0.125000,-0.708000,18.733000,-61.298000,-1.908000,29.61
0.645461,0.958000,-0.171000,-0.504000,19.618000,-53.359000,0.672000,29.57
0.645881,0.952000,-0.172000,-0.377000,23.374000,-41.237000,8.611000,29.47
0.646308,0.964000,-0.177000,-0.323000,28.427000,-23.160000,18.840000,29.61
0.646731,1.045000,-0.161000,-0.398000,31.985000,-6.733000,30.611000,29.57
0.647149,1.091000,-0.137000,-0.454000,32.718000,3.023000,41.893000,29.57
0.647584,1.067000,-0.121000,-0.480000,32.397000,8.641000,50.931000,29.57
0.648065,1.078000,-0.064000,-0.535000,32.550000,8.229000,56.809000,29.52
0.648559,1.153000,-0.013000,-0.633000,29.664000,-1.679000,59.756000,29.61
0.649004,1.144000,-0.038000,-0.661000,20.519000,-17.817000,56.153000,29.57
0.649444,1.116000,0.035000,-0.603000,4.290000,-36.885000,47.023000,29.47
0.649910,1.032000,0.061000,-0.492000,-9.740000,-52.840000,34.840000,29.52
0.650376,0.990000,0.048000,-0.352000,-20.183000,-64.229000,23.756000,29.61
0.650857,0.969000,-0.007000,-0.218000,-24.931000,-69.954000,18.550000,29.57
0.651352,2.180000,0.450000,0.763000,-51.038000,-29.267000,-17.374000,29.57
0.651848,1.855000,0.453000,2.088000,-23.344000,44.305000,-13.160000,29.52
0.652512,1.219000,-0.417000,1.076000,-6.763000,127.847000,6.794000,29.61
0.653078,1.828000,-0.552000,-2.092000,-13.130000,112.031000,28.443000,29.52
0.653561,0.817000,0.566000,-2.343000,3.023000,63.740000,16.122000,29.47
0.654033,-0.434000,0.995000,-1.581000,11.420000,54.504000,-40.275000,29.66
0.654506,-0.032000,-0.287000,-0.782000,-43.679000,146.565000,-41.344000,29.52
0.654971,1.073000,-0.989000,-0.892000,8.962000,55.221000,-52.931000,29.61
0.655427,0.802000,-0.480000,-0.937000,-7.069000,50.733000,-39.389000,29.57
0.655871,0.627000,0.285000,-1.182000,-0.870000,73.618000,-31.756000,29.57
0.656727,0.741000,0.231000,-1.170000,14.534000,46.840000,-19.374000,29.52
0.662000,0.786000,-0.606000,-0.784000,18.122000,38.687000,-5.603000,29.57
0.671950,0.573000,-0.788000,-0.726000,8.183000,47.664000,-3.389000,29.57
0.682007,0.535000,-0.453000,-0.882000,-4.229000,49.359000,-10.168000,29.66
0.692025,0.532000,-0.458000,-0.796000,-20.824000,40.473000,-17.191000,29.61
0.702023,0.532000,-0.597000,-0.632000,-37.802000,30.031000,-22.947000,29.61
0.712034,0.520000,-0.560000,-0.699000,-54.763000,26.794000,-29.725000,29.57
0.722050,0.486000,-0.505000,-0.782000,-63.771000,25.664000,-35.328000,29.57
0.732030,0.545000,-0.463000,-0.811000,-68.840000,21.695000,-40.122000,29.61
0.742506,0.566000,-0.396000,-0.961000,-73.771000,27.618000,-45.069000,29.61
0.753191,0.550000,-0.221000,-0.866000,-65.817000,14.412000,-45.969000,29.57
0.767778,0.599000,-0.422000,-0.831000,-66.992000,10.321000,-48.122000,29.57
0.772017,0.637000,-0.190000,-0.992000,-59.160000,5.756000,-47.466000,29.52
0.783619,0.655000,-0.112000,-0.919000,-45.542000,0.351000,-41.313000,29.61
0.792014,0.558000,-0.142000,-0.833000,-35.618000,-0.260000,-36.641000,29.57
0.802019,0.516000,-0.201000,-0.830000,-32.870000,2.244000,-35.710000,29.57
0.812009,0.553000,-0.189000,-0.836000,-32.366000,5.695000,-35.435000,29.61
0.822050,0.536000,-0.171000,-0.825000,-31.939000,10.580000,-34.534000,29.61
0.832043,0.521000,-0.169000,-0.817000,-31.344000,12.779000,-33.618000,29.57
0.842062,0.525000,-0.159000,-0.828000,-29.664000,16.397000,-34.733000,29.57
0.852171,0.493000,-0.188000,-0.821000,-29.282000,24.366000,-32.626000,29.61
0.862070,0.571000,-0.098000,-0.830000,-24.901000,29.969000,-31.221000,29.61
0.872057,0.577000,-0.108000,-0.812000,-20.840000,34.595000,-30.977000,29.57
0.882085,0.446000,0.096000,-0.921000,-12.000000,37.221000,-40.489000,29.57
0.892134,0.561000,-0.277000,-0.798000,-25.282000,49.771000,-30.947000,29.47
0.902116,0.563000,-0.170000,-0.830000,-20.137000,54.137000,-30.870000,29.52
0.912194,0.541000,-0.063000,-0.877000,-21.985000,68.000000,-27.756000,29.61
0.922207,0.564000,-0.067000,-0.842000,-15.252000,80.626000,-23.511000,29.57
0.932125,0.491000,-0.038000,-1.256000,-34.840000,69.969000,-15.588000,29.66
0.942327,0.608000,-0.094000,-0.912000,-25.282000,119.588000,-14.137000,29.52
0.952168,0.557000,-0.080000,-0.846000,-14.641000,113.160000,-13.863000,29.61
0.962273,0.705000,0.223000,-0.856000,-26.489000,154.794000,-14.305000,29.57
0.972241,0.534000,-0.246000,-0.780000,-25.878000,174.931000,-18.855000,29.57
0.982389,0.558000,-0.082000,-0.773000,-17.802000,187.405000,-25.756000,29.61
0.992293,0.653000,-0.239000,-0.772000,-42.443000,199.252000,-33.176000,29.61
1.002481,0.620000,-0.023000,-0.749000,-23.603000,225.954000,-43.618000,29.66
1.012134,0.718000,-0.161000,-0.755000,-30.198000,214.733000,-48.031000,29.57
1.022191,0.672000,-0.029000,-0.734000,-10.626000,233.237000,-59.939000,29.61
1.032215,0.688000,-0.123000,-0.660000,-20.901000,260.916000,-69.603000,29.57
1.042078,0.767000,-0.063000,-0.743000,-19.145000,279.023000,-72.687000,29.57
1.052010,1.035000,-0.109000,-0.833000,8.168000,285.221000,-62.748000,29.57
1.062043,1.146000,-0.192000,-0.891000,54.046000,274.763000,-47.084000,29.61
1.072016,1.260000,-0.157000,-0.998000,95.802000,269.405000,-34.656000,29.61
1.082031,1.563000,-0.101000,-1.197000,130.305000,277.344000,-22.122000,29.66
1.092007,1.834000,-0.144000,-1.538000,145.954000,299.053000,-28.290000,29.66
1.102091,1.669000,-0.318000,-1.423000,127.130000,305.634000,-52.443000,29.57
1.112107,1.833000,-0.434000,-1.875000,103.237000,301.603000,-84.947000,29.61
1.122157,2.028000,-0.568000,-2.511000,91.023000,267.053000,-113.557000,29.61
1.132081,1.267000,-1.056000,-2.623000,97.908000,253.374000,-109.038000,29.57
1.142090,-0.842000,-3.878000,-3.180000,64.351000,116.550000,-48.122000,29.57
1.152063,1.536000,-3.471000,-3.774000,-96.916000,-42.870000,-9.618000,29.52
1.162066,-0.558000,-1.967000,-2.308000,-208.947000,-136.061000,-13.695000,29.61
1.172023,-0.742000,-0.554000,-1.831000,-193.954000,-158.779000,-47.496000,29.57
1.181989,-0.584000,0.027000,-1.947000,-112.718000,-187.740000,-71.664000,29.75
1.191995,-0.607000,0.184000,-1.488000,-7.237000,-211.893000,-90.031000,29.52
1.202173,-0.896000,0.017000,-0.388000,96.076000,-199.435000,-110.260000,29.61
1.212103,-0.504000,-0.302000,-0.491000,152.321000,-142.031000,-133.420000,29.57
1.222055,-0.008000,-1.023000,-0.563000,149.176000,-122.473000,-134.687000,29.66
1.232068,0.420000,-1.393000,-0.706000,118.260000,-138.626000,-117.237000,29.61
1.242160,0.374000,-1.321000,-0.581000,79.527000,-124.351000,-90.321000,29.61
1.252205,0.623000,-1.362000,-0.719000,71.527000,-84.550000,-58.794000,29.47
1.262187,1.068000,-1.084000,-1.143000,93.450000,-103.679000,1.542000,29.57
1.272265,1.161000,-1.122000,-1.163000,111.496000,-128.275000,62.214000,29.66
1.282094,0.981000,-1.152000,-0.950000,105.038000,-148.901000,113.435000,29.52
1.292178,1.079000,-1.134000,-0.908000,71.618000,-165.817000,151.679000,29.57
1.302160,1.246000,-1.051000,-0.935000,16.580000,-179.817000,186.626000,29.57
1.312152,1.949000,-0.296000,-0.731000,-25.878000,-183.466000,213.954000,29.57
1.322180,1.366000,0.093000,-1.099000,-33.710000,-232.153000,227.725000,29.52
1.332126,0.902000,0.333000,-0.704000,-27.588000,-236.107000,233.740000,29.61
1.342288,1.186000,0.550000,-0.703000,-18.015000,-221.053000,212.748000,29.57
1.352288,0.927000,0.665000,-0.886000,-7.802000,-226.321000,183.496000,29.66
1.362271,1.147000,0.609000,-1.070000,7.267000,-230.504000,156.321000,29.61
1.372311,1.284000,0.427000,-1.124000,20.092000,-244.046000,131.939000,29.61
1.382303,1.330000,0.207000,-1.036000,25.084000,-254.611000,111.130000,29.57
1.392316,1.480000,-0.015000,-0.884000,24.718000,-255.985000,94.275000,29.66
1.402380,1.669000,-0.174000,-0.659000,24.611000,-252.473000,85.603000,29.71
1.412410,1.766000,-0.279000,-0.423000,28.382000,-240.718000,86.122000,29.52
1.422489,1.872000,-0.278000,-0.226000,36.611000,-217.328000,93.740000,29.57
1.432464,1.924000,-0.127000,-0.170000,52.137000,-185.160000,107.695000,29.57
1.442563,1.951000,0.156000,-0.152000,78.351000,-148.107000,126.137000,29.66
1.452562,2.000000,0.403000,-0.229000,101.603000,-108.076000,139.542000,29.61
1.462409,2.197000,0.625000,-0.413000,113.084000,-78.107000,146.168000,29.61
1.472455,2.439000,0.785000,-0.611000,109.710000,-68.916000,142.275000,29.47
1.482504,2.605000,0.944000,-0.686000,86.504000,-84.550000,120.947000,29.57
1.492521,2.545000,1.140000,-0.544000,53.740000,-110.275000,79.740000,29.61
1.502478,2.328000,1.323000,-0.352000,30.397000,-137.802000,24.351000,29.57
1.512496,2.107000,1.316000,-0.001000,17.130000,-137.863000,-25.969000,29.57
1.522439,2.206000,1.024000,0.315000,27.786000,-147.038000,-71.786000,29.66
1.532357,2.068000,0.650000,0.554000,-3.115000,-128.305000,-89.634000,29.52
1.542408,2.324000,0.567000,0.752000,-55.176000,-84.580000,-88.947000,29.61
1.552293,1.990000,0.662000,1.409000,-80.718000,-42.565000,-54.656000,29.66
1.562271,2.292000,0.950000,1.841000,-73.863000,54.611000,-19.817000,29.57
1.572191,0.706000,0.654000,0.566000,-28.046000,133.756000,15.115000,29.61
1.582285,1.154000,0.369000,-2.386000,-20.031000,114.489000,25.542000,29.52
1.592311,0.365000,0.069000,-2.414000,-10.977000,116.565000,-18.137000,29.57
1.602365,-0.271000,0.004000,-1.056000,5.435000,14.305000,-72.687000,29.66
1.612361,0.836000,-0.442000,-0.764000,18.458000,120.168000,-64.366000,29.61
1.622282,1.305000,-0.281000,-1.399000,34.122000,127.130000,-33.160000,29.61
1.632779,0.626000,0.281000,-1.232000,25.908000,112.076000,-38.794000,29.66
1.642159,0.525000,0.305000,-1.258000,36.076000,102.214000,-46.641000,29.57
1.652309,0.970000,-0.442000,-1.122000,30.031000,90.656000,-41.176000,29.61
1.662022,0.955000,-0.787000,-0.840000,16.748000,67.267000,-23.679000,29.61
1.672024,0.770000,-0.593000,-0.897000,2.840000,78.840000,-17.802000,29.57
1.681974,0.683000,-0.272000,-0.967000,0.931000,41.466000,-19.282000,29.57
1.692000,0.654000,-0.464000,-0.861000,-16.153000,49.725000,-18.198000,29.52
1.702058,0.437000,-0.575000,-0.615000,-30.519000,53.511000,-21.069000,29.61
1.711989,0.352000,-0.449000,-0.708000,-47.221000,57.298000,-28.137000,29.57
1.722032,0.424000,-0.370000,-0.816000,-64.183000,56.641000,-37.847000,29.57
1.731996,0.513000,-0.452000,-0.916000,-74.275000,59.176000,-41.313000,29.66
1.741981,0.594000,-0.300000,-0.996000,-70.687000,56.382000,-38.931000,29.61
1.751999,0.722000,-0.158000,-1.067000,-56.580000,48.443000,-32.870000,29.61
1.761998,0.689000,0.024000,-1.005000,-32.809000,33.145000,-21.557000,29.57
1.772098,0.668000,-0.245000,-0.891000,-19.832000,33.267000,-15.206000,29.57
1.782638,0.602000,-0.220000,-0.847000,-14.595000,30.015000,-13.710000,29.61
1.792010,0.586000,-0.240000,-0.811000,-12.809000,26.718000,-13.115000,29.61
1.802669,0.585000,-0.282000,-0.815000,-13.176000,24.611000,-14.183000,29.57
1.812053,0.537000,-0.256000,-0.794000,-14.336000,21.405000,-16.718000,29.66
1.822107,0.555000,-0.314000,-0.776000,-17.481000,17.939000,-20.275000,29.52
1.832100,0.552000,-0.314000,-0.783000,-21.771000,15.481000,-24.733000,29.61
1.842257,0.554000,-0.286000,-0.784000,-23.344000,15.420000,-27.618000,29.57
1.854858,0.562000,-0.241000,-0.794000,-24.687000,16.092000,-28.458000,29.66
1.862922,0.525000,-0.219000,-0.832000,-25.160000,20.107000,-27.985000,29.52
1.872587,0.561000,-0.220000,-0.822000,-24.672000,24.107000,-28.137000,29.71
1.882396,0.576000,-0.197000,-0.824000,-24.351000,28.779000,-27.954000,29.61
1.892308,0.584000,-0.126000,-0.812000,-22.290000,33.389000,-26.901000,29.66
1.902203,0.345000,0.372000,-0.925000,-1.954000,30.931000,-36.763000,29.57
1.913899,0.478000,-0.120000,-0.797000,-12.687000,44.733000,-29.053000,29.71
1.924969,0.520000,-0.169000,-0.775000,-7.450000,52.153000,-29.176000,29.57
1.932901,0.514000,-0.190000,-0.794000,-12.397000,58.198000,-26.794000,29.57
1.942330,0.590000,-0.194000,-0.821000,-12.840000,69.481000,-25.481000,29.57
1.952884,0.558000,-0.185000,-0.841000,-15.771000,80.718000,-23.832000,29.52
1.962489,0.594000,-0.178000,-0.798000,-17.924000,96.412000,-20.656000,29.61
1.972616,0.567000,-0.208000,-0.823000,-18.183000,114.885000,-20.992000,29.57
1.982482,0.586000,-0.216000,-0.789000,-20.000000,135.527000,-23.817000,29.66
1.992625,0.578000,-0.135000,-0.799000,-19.389000,160.061000,-28.672000,29.61
2.002669,0.545000,-0.098000,-0.757000,-15.298000,182.885000,-32.321000,29.52
2.012471,0.594000,-0.053000,-0.765000,-11.084000,198.534000,-32.092000,29.57
2.022220,0.626000,-0.088000,-0.774000,-4.672000,210.275000,-31.038000,29.66
2.032225,0.583000,-0.084000,-0.740000,-3.099000,229.511000,-32.641000,29.52
2.042224,0.632000,-0.088000,-0.728000,-8.565000,249.359000,-37.649000,29.52
2.052370,0.684000,-0.137000,-0.762000,-12.702000,267.496000,-43.573000,29.57
2.062235,0.631000,-0.197000,-0.773000,-20.244000,289.313000,-52.122000,29.57
2.072138,0.968000,-0.260000,-0.855000,-18.779000,312.992000,-60.733000,29.61
2.082188,1.031000,-0.371000,-0.962000,-4.458000,343.282000,-66.015000,29.52
2.092148,1.308000,-0.377000,-1.243000,27.344000,378.916000,-67.802000,29.57
2.102416,1.644000,-0.498000,-1.457000,78.931000,400.565000,-57.053000,29.57
2.112319,2.260000,-0.601000,-1.639000,120.763000,390.321000,-53.130000,29.66
2.122479,2.165000,-0.312000,-1.560000,140.076000,384.702000,-72.550000,29.61
2.132441,2.077000,-0.162000,-1.929000,119.267000,390.824000,-99.878000,29.66
2.142318,2.156000,0.064000,-2.763000,126.931000,336.061000,-107.160000,29.66
2.152484,0.960000,-0.950000,-2.972000,175.603000,258.473000,-79.313000,29.57
2.162483,-0.898000,-4.000000,-4.000000,93.267000,67.237000,-6.076000,29.61
2.172495,0.979000,-2.710000,-4.000000,-120.870000,-139.313000,-20.519000,29.61
2.182426,-1.871000,-1.135000,-1.806000,-136.885000,-98.061000,-21.053000,29.66
2.192546,-0.540000,-0.612000,-2.333000,-70.076000,-146.748000,-23.099000,29.57
2.202574,-0.201000,-0.890000,-2.653000,-10.718000,-206.046000,-20.489000,29.61
2.212439,-0.016000,-1.136000,-2.320000,-4.718000,-279.267000,-34.137000,29.52
2.222594,0.087000,-1.064000,-1.906000,-24.229000,-334.137000,-57.664000,29.57
2.232437,0.258000,-0.785000,-1.542000,-21.695000,-357.115000,-76.748000,29.57
2.242481,0.502000,-0.633000,-1.289000,9.634000,-364.748000,-76.336000,29.61
2.252558,0.734000,-0.727000,-1.102000,43.969000,-371.863000,-60.168000,29.61
2.262583,0.934000,-0.823000,-0.976000,61.435000,-374.168000,-39.374000,29.57
2.272390,1.063000,-0.808000,-0.834000,69.053000,-372.809000,-17.313000,29.57
2.282508,1.091000,-0.620000,-0.588000,77.084000,-360.260000,1.359000,29.71
2.292470,1.163000,-0.398000,-0.503000,93.374000,-335.252000,20.855000,29.57
2.302554,1.091000,-0.292000,-0.431000,113.511000,-306.809000,41.084000,29.66
2.312494,1.154000,-0.304000,-0.586000,128.626000,-273.405000,62.489000,29.57
2.322439,1.350000,-0.291000,-0.799000,135.099000,-248.733000,86.168000,29.61
2.332472,1.435000,-0.229000,-0.965000,132.809000,-233.954000,101.405000,29.61
2.342574,1.510000,-0.208000,-1.055000,125.939000,-228.382000,106.855000,29.57
2.352595,1.588000,-0.132000,-0.984000,119.557000,-224.458000,111.298000,29.57
2.362563,1.646000,-0.118000,-0.961000,114.748000,-218.427000,115.832000,29.71
2.372683,1.736000,-0.004000,-0.871000,114.366000,-210.824000,124.015000,29.61
2.382458,1.762000,0.086000,-0.801000,114.244000,-201.740000,126.000000,29.71
2.392469,1.860000,0.171000,-0.851000,112.824000,-195.985000,127.145000,29.57
2.402422,1.938000,0.319000,-0.815000,108.519000,-187.191000,126.412000,29.66
2.412348,1.910000,0.506000,-0.740000,108.366000,-178.244000,121.053000,29.61
2.422209,1.851000,0.790000,-0.665000,114.504000,-166.901000,107.908000,29.52
2.432211,1.807000,1.114000,-0.634000,131.221000,-154.351000,85.466000,29.66
2.442153,1.945000,1.309000,-0.791000,154.260000,-150.550000,61.282000,29.66
2.452187,2.015000,1.322000,-0.823000,163.725000,-147.802000,43.466000,29.71
2.462226,2.045000,1.146000,-0.723000,157.863000,-149.511000,33.863000,29.61
2.472289,2.000000,0.962000,-0.415000,134.412000,-143.374000,38.595000,29.66
2.482239,1.929000,0.742000,-0.203000,91.191000,-123.542000,46.947000,29.57
2.492254,1.999000,0.602000,-0.062000,36.687000,-105.496000,58.534000,29.52
2.502372,2.046000,0.562000,0.034000,-16.366000,-89.191000,69.924000,29.66
2.512335,2.092000,0.723000,0.116000,-49.328000,-68.565000,81.542000,29.57
2.522526,2.010000,0.823000,0.242000,-65.481000,-39.191000,88.061000,29.57
2.532385,1.925000,0.842000,0.329000,-75.206000,-5.252000,86.824000,29.61
2.542642,1.910000,0.815000,0.204000,-82.718000,26.000000,79.710000,29.52
2.552564,1.885000,0.779000,0.028000,-86.427000,48.718000,69.221000,29.47
2.562374,1.147000,1.408000,0.481000,-38.977000,136.183000,29.389000,29.66
2.572342,-0.775000,-0.421000,-0.126000,-6.504000,75.725000,11.756000,29.61
2.582395,1.417000,-0.738000,-1.827000,-39.008000,55.710000,-32.198000,29.61
2.592386,0.147000,-0.677000,-1.379000,-63.374000,10.916000,-30.412000,29.66
2.602431,-0.359000,-0.955000,-0.153000,-35.145000,3.435000,-42.611000,29.57
2.612462,-0.329000,-0.517000,-0.568000,-40.015000,67.374000,-28.916000,29.61
2.622437,0.563000,0.262000,-1.190000,-10.824000,107.374000,-14.824000,29.61
2.632507,0.835000,1.105000,-1.908000,5.038000,129.496000,-34.763000,29.66
2.642464,0.628000,1.283000,-1.990000,19.863000,132.718000,-64.305000,29.66
2.652497,0.564000,0.509000,-1.551000,51.817000,120.229000,-73.573000,29.61
2.662334,0.629000,-0.292000,-1.066000,82.397000,112.168000,-62.397000,29.52
2.672647,0.651000,-0.686000,-0.837000,75.634000,131.908000,-44.565000,29.57
2.682474,0.680000,-0.697000,-0.779000,63.374000,122.000000,-43.298000,29.57
2.692548,0.978000,-0.999000,-0.868000,37.084000,93.771000,-44.427000,29.61
2.702359,0.956000,-1.024000,-0.721000,11.786000,71.481000,-36.260000,29.61
2.712386,0.936000,-0.910000,-0.908000,-11.878000,59.603000,-31.099000,29.57
2.722537,0.755000,-0.634000,-0.921000,-28.748000,44.214000,-28.244000,29.57
2.732428,0.607000,-0.541000,-0.896000,-38.015000,31.282000,-27.237000,29.61
2.742551,0.533000,-0.436000,-0.910000,-44.092000,22.366000,-26.305000,29.61
2.752596,0.469000,-0.332000,-0.931000,-42.672000,20.565000,-24.718000,29.61
2.762430,0.412000,-0.197000,-0.876000,-37.237000,24.534000,-22.504000,29.57
2.772544,0.355000,-0.188000,-0.871000,-30.641000,34.351000,-21.008000,29.57
2.782579,0.321000,-0.198000,-0.826000,-23.603000,42.473000,-19.985000,29.61
2.792662,0.360000,-0.314000,-0.778000,-21.954000,47.817000,-20.595000,29.61
2.802523,0.400000,-0.399000,-0.709000,-28.718000,51.863000,-23.740000,29.57
2.812428,0.391000,-0.493000,-0.651000,-41.588000,53.725000,-29.405000,29.57
2.822632,0.444000,-0.630000,-0.656000,-57.313000,56.687000,-36.015000,29.61
2.832559,0.623000,-0.571000,-0.796000,-70.656000,55.588000,-40.092000,29.71
2.842499,0.611000,-0.391000,-0.850000,-74.947000,49.374000,-41.405000,29.57
2.852431,0.564000,-0.379000,-0.799000,-75.130000,38.366000,-41.679000,29.66
2.862523,0.565000,-0.357000,-0.814000,-75.557000,32.351000,-42.107000,29.61
2.872452,0.578000,-0.059000,-0.926000,-66.687000,25.573000,-40.229000,29.57
2.884433,0.540000,-0.318000,-0.857000,-61.664000,24.672000,-41.282000,29.57
2.892548,0.544000,-0.180000,-0.884000,-53.496000,26.870000,-41.573000,29.47
2.902264,0.557000,-0.083000,-0.906000,-40.092000,24.183000,-38.092000,29.61
2.912336,0.557000,-0.232000,-0.847000,-34.763000,24.656000,-37.176000,29.61
2.922332,0.514000,-0.289000,-0.817000,-35.389000,27.237000,-41.649000,29.66
2.932076,0.515000,-0.270000,-0.859000,-33.084000,30.000000,-44.427000,29.66
2.942455,0.493000,-0.315000,-0.828000,-34.214000,37.038000,-43.832000,29.61
2.952203,0.626000,-0.153000,-0.847000,-34.107000,42.168000,-44.168000,29.61
2.962000,0.542000,-0.171000,-0.731000,-41.557000,71.878000,-40.046000,29.66
2.972199,0.644000,-0.531000,-0.735000,-37.008000,56.061000,-46.763000,29.57
2.982003,0.626000,-0.358000,-0.868000,-33.008000,66.183000,-52.672000,29.61
2.992040,0.477000,-0.212000,-0.890000,-50.550000,88.321000,-51.389000,29.61
3.002078,0.589000,-0.124000,-0.833000,-49.221000,113.298000,-46.198000,29.66
3.011998,0.644000,-0.154000,-0.871000,-56.244000,132.321000,-41.924000,29.66
3.022860,0.663000,-0.131000,-0.836000,-51.740000,150.931000,-43.695000,29.61
3.032056,0.596000,-0.080000,-0.781000,-48.351000,158.290000,-42.992000,29.66
3.041965,0.517000,-0.008000,-0.775000,-35.130000,182.504000,-46.992000,29.57
3.052008,0.557000,-0.010000,-0.863000,-24.718000,205.878000,-48.107000,29.57
3.062083,0.534000,0.009000,-0.778000,-16.336000,235.557000,-49.924000,29.61
3.072043,0.561000,-0.036000,-0.842000,-15.939000,265.832000,-59.099000,29.61
3.082061,0.686000,-0.237000,-0.917000,-17.893000,297.328000,-77.237000,29.66
3.093555,0.562000,-0.306000,-0.905000,-18.198000,318.290000,-101.878000,29.66
3.101989,0.907000,-0.367000,-0.962000,-12.656000,334.336000,-118.763000,29.61
3.112035,1.194000,-0.357000,-0.969000,1.634000,336.794000,-135.481000,29.71
3.121969,1.448000,-0.353000,-1.159000,10.504000,351.420000,-137.802000,29.52
3.131996,1.941000,-0.225000,-1.456000,35.832000,369.298000,-135.511000,29.57
3.142310,2.359000,-0.207000,-1.929000,56.229000,362.779000,-138.244000,29.66
3.152093,2.542000,-0.578000,-1.955000,70.611000,309.740000,-163.557000,29.61
3.162069,1.876000,-0.488000,-2.382000,62.290000,289.985000,-152.626000,29.61
3.172044,-0.415000,-1.845000,-3.440000,107.420000,179.435000,-77.374000,29.66
3.182010,0.614000,-4.000000,-3.323000,73.420000,70.275000,57.038000,29.57
3.191998,0.120000,-3.253000,-3.184000,-88.779000,-80.412000,82.397000,29.71
3.204032,-0.852000,-1.930000,-1.870000,-163.634000,-95.328000,111.893000,29.52
3.212054,-0.868000,-0.681000,-2.033000,-167.099000,-146.702000,95.328000,29.47
3.222003,-0.690000,0.100000,-2.239000,-94.809000,-169.466000,78.397000,29.57
3.232068,-0.573000,0.069000,-2.017000,-47.496000,-205.908000,33.511000,29.66
3.242018,-0.598000,-0.097000,-1.590000,-30.931000,-244.489000,-23.954000,29.61
3.252103,-0.469000,-0.196000,-1.418000,-31.206000,-248.504000,-71.053000,29.61
3.262059,0.203000,-0.181000,-1.550000,2.595000,-273.771000,-98.015000,29.57
3.272076,0.424000,-0.424000,-1.505000,34.672000,-276.412000,-90.702000,29.66
3.282016,0.707000,-0.656000,-1.427000,63.267000,-286.061000,-71.649000,29.71
3.292027,0.777000,-0.796000,-1.198000,68.412000,-280.046000,-42.977000,29.57
3.302108,0.915000,-0.882000,-1.075000,66.168000,-278.534000,-13.969000,29.66
3.312000,1.123000,-0.757000,-1.122000,64.366000,-288.000000,12.458000,29.57
3.321968,1.221000,-0.668000,-1.111000,64.076000,-283.832000,33.908000,29.61
3.332053,1.283000,-0.673000,-1.125000,68.504000,-288.046000,56.824000,29.61
3.342049,1.338000,-0.673000,-1.066000,66.534000,-294.229000,78.290000,29.57
3.352058,1.330000,-0.586000,-0.990000,65.863000,-292.916000,100.107000,29.57
3.362006,1.288000,-0.403000,-0.911000,75.740000,-275.359000,121.786000,29.61
3.372046,1.250000,-0.260000,-0.927000,89.252000,-246.443000,144.397000,29.52
3.382032,1.270000,-0.218000,-0.984000,95.053000,-222.275000,160.824000,29.57
3.392003,1.252000,-0.085000,-0.976000,93.344000,-202.977000,167.603000,29.57
3.402079,1.300000,0.142000,-1.073000,96.794000,-185.328000,164.275000,29.61
3.412027,1.453000,0.230000,-1.139000,104.916000,-174.763000,154.992000,29.61
3.422018,1.572000,0.222000,-1.095000,112.855000,-165.695000,143.160000,29.61
3.432053,1.777000,0.242000,-1.121000,120.626000,-157.267000,132.092000,29.66
3.442003,2.008000,0.418000,-1.192000,132.901000,-154.962000,124.656000,29.57
3.452030,2.042000,0.619000,-1.072000,153.252000,-157.206000,120.534000,29.61
3.462171,2.158000,0.797000,-0.940000,174.916000,-178.916000,116.443000,29.61
3.472331,2.345000,0.945000,-0.757000,203.237000,-154.427000,123.725000,29.57
3.482245,2.515000,0.858000,-0.459000,213.466000,-160.137000,132.122000,29.66
3.492295,2.589000,0.772000,0.093000,188.733000,-132.840000,132.244000,29.52
3.502131,2.748000,0.751000,0.317000,137.847000,-140.611000,112.366000,29.57
3.512417,2.669000,0.878000,0.586000,42.489000,-111.634000,85.954000,29.57
3.522141,2.621000,1.139000,0.576000,-22.458000,-86.275000,68.687000,29.57
3.532260,2.777000,1.275000,0.571000,-44.916000,-58.809000,73.695000,29.61
3.542460,2.652000,1.323000,0.757000,-67.313000,-31.649000,91.389000,29.71
3.552335,3.072000,1.900000,1.066000,-57.145000,51.542000,55.176000,29.66
3.562303,3.105000,2.176000,1.729000,-72.244000,113.725000,20.962000,29.57
3.572257,0.194000,0.872000,0.251000,-45.053000,142.534000,-25.511000,29.61
3.582582,1.755000,0.334000,-3.229000,-67.924000,129.130000,-70.824000,29.61
3.592322,-0.104000,-0.748000,-2.567000,-52.076000,53.359000,-77.511000,29.66
3.602509,-0.732000,-1.177000,-0.529000,-21.084000,21.969000,-108.534000,29.57
3.612436,0.546000,-1.029000,0.047000,-13.756000,158.794000,-80.092000,29.61
3.622392,1.574000,-0.357000,-1.552000,-13.924000,190.015000,-37.038000,29.61
3.632471,0.955000,0.991000,-1.932000,-28.718000,172.641000,-38.824000,29.57
3.642443,0.357000,1.394000,-1.563000,12.626000,149.237000,-71.466000,29.66
3.652628,0.717000,0.406000,-1.426000,67.634000,113.252000,-81.237000,29.61
3.662687,0.898000,-0.762000,-0.855000,71.450000,94.153000,-62.168000,29.52
3.672190,1.011000,-1.486000,-0.872000,31.328000,98.046000,-44.733000,29.57
3.682244,0.903000,-0.677000,-0.929000,8.305000,85.863000,-33.878000,29.57
3.692291,0.889000,-0.251000,-1.143000,-9.267000,72.275000,-32.733000,29.61
3.702749,0.839000,-0.452000,-0.976000,-16.443000,53.847000,-26.015000,29.61
3.712643,0.757000,-0.722000,-0.821000,-22.168000,44.244000,-17.420000,29.57
3.722786,0.585000,-0.479000,-0.868000,-30.595000,31.221000,-17.389000,29.57
3.732807,0.470000,-0.358000,-0.845000,-37.695000,30.031000,-18.962000,29.66
3.742738,0.373000,-0.388000,-0.804000,-41.282000,23.817000,-21.237000,29.61
3.752657,0.288000,-0.297000,-0.825000,-45.557000,25.969000,-24.168000,29.52
3.762742,0.347000,-0.244000,-0.816000,-48.275000,30.076000,-27.176000,29.57
3.772743,0.518000,-0.363000,-0.883000,-49.298000,39.908000,-27.969000,29.66
3.782755,0.615000,-0.355000,-0.911000,-45.954000,41.344000,-25.053000,29.61
3.792393,0.557000,-0.324000,-0.865000,-40.824000,38.763000,-22.748000,29.52
3.802268,0.552000,-0.392000,-0.828000,-38.641000,34.504000,-22.550000,29.66
3.812218,0.501000,-0.400000,-0.803000,-40.977000,30.931000,-24.809000,29.66
3.822256,0.524000,-0.390000,-0.787000,-43.084000,27.725000,-28.855000,29.71
3.832297,0.583000,-0.368000,-0.870000,-40.901000,24.534000,-30.351000,29.52
3.842274,0.528000,-0.311000,-0.808000,-40.748000,20.076000,-31.954000,29.57
3.852360,0.486000,-0.285000,-0.812000,-41.664000,18.076000,-34.183000,29.57
3.862374,0.486000,-0.281000,-0.819000,-43.481000,18.351000,-36.290000,29.61
3.872373,0.556000,-0.197000,-0.952000,-40.244000,16.855000,-36.641000,29.57
3.882422,0.584000,-0.163000,-0.929000,-34.641000,17.817000,-34.718000,29.57
3.892349,0.567000,-0.154000,-0.855000,-28.122000,18.870000,-30.885000,29.66
3.902548,0.553000,-0.109000,-0.844000,-21.985000,21.771000,-26.550000,29.61
3.912362,0.562000,-0.163000,-0.857000,-16.137000,26.626000,-23.359000,29.61
3.922375,0.555000,-0.183000,-0.823000,-14.489000,31.176000,-22.198000,29.66
3.932434,0.543000,-0.182000,-0.846000,-14.427000,38.992000,-21.481000,29.66
3.942393,0.565000,-0.205000,-0.814000,-14.137000,43.389000,-21.588000,29.66
3.952433,0.550000,-0.173000,-0.825000,-12.397000,46.702000,-22.519000,29.61
3.962289,0.359000,-0.519000,-0.734000,-7.634000,58.412000,-23.282000,29.61
3.972483,0.526000,-0.095000,-0.856000,-8.229000,64.015000,-28.183000,29.47
3.982444,0.561000,-0.351000,-0.835000,-12.962000,74.305000,-28.855000,29.57
3.992551,0.522000,-0.275000,-0.854000,-17.679000,91.267000,-32.260000,29.61
4.002453,0.633000,-0.205000,-0.825000,-25.634000,111.420000,-29.924000,29.61
4.012755,0.628000,-0.192000,-0.836000,-22.947000,124.626000,-30.916000,29.66
4.022470,0.570000,-0.187000,-0.840000,-22.718000,141.725000,-32.031000,29.66
4.032592,0.566000,-0.137000,-0.843000,-35.435000,169.954000,-29.450000,29.61
4.042612,0.529000,-0.048000,-0.798000,-26.427000,191.588000,-33.511000,29.61
4.052729,0.538000,-0.032000,-0.830000,-10.412000,215.496000,-36.611000,29.52
4.062341,0.568000,-0.044000,-0.854000,-1.710000,233.298000,-38.031000,29.57
4.072446,0.558000,-0.149000,-0.806000,0.000000,261.664000,-42.763000,29.57
4.082511,0.632000,-0.173000,-0.778000,-9.008000,277.618000,-52.824000,29.52
4.093177,0.822000,-0.245000,-0.875000,-16.122000,296.916000,-65.603000,29.61
4.102891,0.697000,-0.425000,-0.944000,-27.863000,312.534000,-86.366000,29.66
4.115471,1.017000,-0.394000,-0.924000,-22.626000,330.092000,-100.382000,29.66
4.122652,1.263000,-0.438000,-1.044000,-5.756000,357.878000,-110.687000,29.52
4.132085,1.648000,-0.505000,-1.477000,11.527000,389.038000,-111.328000,29.57
4.142017,2.169000,-0.493000,-2.012000,18.412000,409.328000,-114.458000,29.66
4.152129,2.254000,-0.304000,-1.741000,23.740000,396.321000,-132.641000,29.66
4.162048,2.094000,-0.573000,-1.908000,8.962000,362.947000,-159.740000,29.61
4.172124,1.871000,-0.749000,-2.177000,-41.573000,303.389000,-175.771000,29.71
4.182096,1.138000,-0.964000,-1.482000,-80.992000,238.641000,-177.985000,29.66
4.192119,-0.948000,-2.574000,-4.000000,12.382000,138.092000,-56.046000,29.57
4.202123,2.127000,-2.549000,-4.000000,-20.962000,15.053000,16.015000,29.57
4.212121,-0.371000,-2.126000,-2.861000,-103.817000,-116.626000,9.038000,29.61
4.222099,-1.003000,-1.164000,-2.170000,-121.420000,-137.237000,5.267000,29.61
4.232072,-0.399000,-0.595000,-2.085000,-90.672000,-165.008000,0.198000,29.57
4.242201,-0.366000,-0.458000,-1.894000,-49.115000,-208.092000,-11.221000,29.66
4.252336,-0.121000,-0.546000,-1.837000,-18.641000,-244.992000,-23.771000,29.52
4.262218,0.141000,-0.575000,-1.722000,-11.389000,-280.718000,-40.840000,29.61
4.272177,0.305000,-0.473000,-1.523000,-6.427000,-299.237000,-55.466000,29.66
4.282141,0.445000,-0.361000,-1.313000,8.656000,-315.695000,-64.992000,29.66
4.292144,0.592000,-0.283000,-1.088000,35.282000,-326.321000,-66.489000,29.52
4.302209,0.660000,-0.289000,-0.913000,65.771000,-326.702000,-59.282000,29.71
4.312133,0.779000,-0.393000,-0.813000,93.298000,-319.008000,-43.160000,29.57
4.322123,0.871000,-0.512000,-0.766000,110.443000,-308.718000,-20.076000,29.66
4.332066,0.907000,-0.608000,-0.781000,117.802000,-296.534000,7.176000,29.61
4.342038,1.040000,-0.606000,-0.824000,117.740000,-281.832000,38.855000,29.61
4.352266,1.084000,-0.539000,-0.866000,112.305000,-269.145000,69.115000,29.66
4.361982,1.142000,-0.365000,-0.996000,114.718000,-256.916000,93.206000,29.57
4.372032,1.240000,-0.193000,-1.065000,121.634000,-250.550000,109.908000,29.61
4.381977,1.328000,-0.196000,-1.139000,129.527000,-244.519000,120.122000,29.61
4.391998,1.479000,-0.146000,-1.212000,135.679000,-241.924000,132.580000,29.57
4.402467,1.608000,-0.145000,-1.210000,135.282000,-237.389000,146.809000,29.66
4.411972,1.757000,-0.105000,-1.148000,129.740000,-235.405000,160.947000,29.66
4.421954,1.911000,-0.020000,-1.026000,118.168000,-231.771000,172.947000,29.61
4.431930,2.031000,0.131000,-0.891000,107.771000,-228.672000,179.328000,29.61
4.441979,2.109000,0.312000,-0.787000,99.817000,-215.221000,177.786000,29.66
4.451988,2.278000,0.532000,-0.759000,102.076000,-199.267000,169.252000,29.57
4.461977,2.491000,0.707000,-0.791000,112.229000,-195.466000,159.191000,29.71
4.471946,2.651000,0.827000,-0.702000,122.427000,-190.885000,151.008000,29.61
4.481980,2.760000,0.880000,-0.655000,115.756000,-183.374000,148.748000,29.47
4.491991,2.806000,0.878000,-0.284000,128.321000,-186.718000,141.405000,29.66
4.504592,2.817000,0.917000,0.196000,108.656000,-169.313000,141.374000,29.61
4.512003,2.744000,0.935000,0.486000,88.031000,-136.244000,141.053000,29.71
4.526190,2.708000,0.962000,0.754000,72.366000,-98.794000,134.489000,29.66
4.531991,2.659000,1.071000,0.889000,52.595000,-59.832000,118.824000,29.57
4.542016,2.538000,1.100000,1.076000,27.664000,-32.550000,96.122000,29.57
4.551951,2.436000,1.148000,0.932000,-14.504000,4.244000,73.145000,29.61
4.561966,3.060000,1.433000,1.050000,-32.885000,73.008000,36.641000,29.61
4.572504,2.123000,1.574000,1.440000,-58.076000,105.786000,-0.519000,29.57
4.581969,0.829000,0.199000,-0.814000,-22.031000,145.115000,-24.351000,29.57
4.592036,1.086000,-0.377000,-2.886000,-63.298000,87.282000,-42.489000,29.61
4.601998,-0.388000,-0.601000,-1.664000,-44.947000,31.435000,-52.107000,29.57
4.611989,-0.696000,-0.922000,0.073000,-30.840000,32.794000,-83.115000,29.57
4.621985,0.410000,-0.458000,-0.325000,-4.656000,166.168000,-53.740000,29.66
4.640302,1.278000,0.008000,-1.584000,0.092000,179.053000,-29.908000,29.52
4.641937,0.982000,0.870000,-1.946000,-2.031000,165.115000,-46.794000,29.61
4.652005,0.640000,0.920000,-1.671000,32.763000,129.374000,-77.481000,29.57
4.661979,0.834000,0.131000,-1.392000,67.313000,122.244000,-78.137000,29.66
4.671955,0.758000,-0.623000,-0.865000,71.221000,114.580000,-63.023000,29.61
4.681967,1.051000,-1.160000,-0.954000,32.183000,110.000000,-51.206000,29.61
4.691943,0.994000,-0.677000,-0.943000,14.092000,90.015000,-40.076000,29.57
4.704899,0.992000,-0.601000,-1.006000,-1.756000,76.947000,-31.832000,29.57
4.713045,0.733000,-0.618000,-0.836000,-12.748000,63.634000,-25.710000,29.52
4.722764,0.798000,-0.725000,-0.857000,-21.481000,38.824000,-21.450000,29.71
4.732750,0.666000,-0.536000,-0.884000,-30.489000,31.603000,-19.542000,29.66
4.742003,0.499000,-0.443000,-0.840000,-34.580000,23.527000,-20.168000,29.66
4.752046,0.414000,-0.458000,-0.783000,-40.122000,20.901000,-23.603000,29.61
4.761974,0.425000,-0.393000,-0.801000,-47.099000,22.382000,-26.595000,29.61
4.771934,0.353000,-0.252000,-0.773000,-50.626000,24.626000,-28.748000,29.66
4.781969,0.397000,-0.260000,-0.770000,-53.679000,31.695000,-30.550000,29.66
4.791941,0.574000,-0.378000,-0.896000,-53.206000,39.267000,-28.870000,29.47
4.802034,0.583000,-0.298000,-0.893000,-46.809000,40.885000,-23.832000,29.61
4.811947,0.515000,-0.301000,-0.854000,-40.763000,40.427000,-21.588000,29.66
4.826730,0.531000,-0.365000,-0.833000,-37.725000,38.000000,-21.908000,29.66
4.831959,0.536000,-0.357000,-0.800000,-36.855000,35.160000,-23.420000,29.57
4.841948,0.526000,-0.378000,-0.784000,-39.176000,31.557000,-26.718000,29.61
4.852000,0.551000,-0.379000,-0.801000,-43.847000,27.160000,-30.321000,29.61
4.861992,0.561000,-0.248000,-0.823000,-40.519000,16.489000,-30.901000,29.57
4.872744,0.513000,-0.354000,-0.778000,-42.443000,14.992000,-33.786000,29.66
4.882000,0.519000,-0.281000,-0.799000,-44.855000,14.489000,-35.832000,29.71
4.891968,0.535000,-0.237000,-0.832000,-45.252000,15.084000,-37.160000,29.52
4.901963,0.547000,-0.134000,-0.849000,-39.557000,13.435000,-36.198000,29.47
4.914615,0.573000,-0.160000,-0.852000,-34.733000,17.603000,-34.611000,29.57
4.922423,0.573000,-0.180000,-0.846000,-30.382000,20.412000,-32.718000,29.71
4.931936,0.544000,-0.153000,-0.828000,-25.847000,23.237000,-30.534000,29.52
4.942399,0.589000,-0.148000,-0.843000,-22.550000,25.771000,-28.763000,29.57
4.951996,0.568000,-0.160000,-0.818000,-20.183000,31.008000,-26.534000,29.57
4.966356,0.565000,-0.208000,-0.805000,-19.847000,34.290000,-26.443000,29.61
4.971928,0.533000,-0.201000,-0.818000,-19.588000,38.595000,-27.954000,29.61
4.982031,0.308000,0.260000,-0.988000,-5.481000,41.038000,-42.244000,29.57
4.992971,0.475000,-0.152000,-0.782000,-12.840000,53.252000,-34.153000,29.57
5.002191,0.588000,-0.340000,-0.806000,-14.107000,64.412000,-33.740000,29.61
5.013283,0.549000,-0.194000,-0.880000,-19.878000,81.038000,-33.328000,29.61
5.021940,0.559000,-0.223000,-0.858000,-25.847000,100.626000,-30.504000,29.57
5.031992,0.609000,-0.131000,-0.868000,-24.397000,124.153000,-23.786000,29.66
5.042020,0.516000,-0.001000,-0.844000,-16.260000,156.443000,-19.557000,29.61
5.052122,0.600000,-0.142000,-0.852000,-38.137000,149.313000,-18.779000,29.71
5.062208,0.500000,0.037000,-0.824000,-6.916000,189.511000,-23.985000,29.61
5.071990,0.524000,-0.030000,-0.799000,-10.366000,229.954000,-23.008000,29.66
5.090519,0.613000,-0.018000,-0.836000,-2.305000,251.313000,-21.756000,29.66
5.092118,0.456000,-0.192000,-0.790000,-0.824000,275.191000,-26.962000,29.61
5.102168,0.592000,-0.184000,-0.804000,-6.748000,289.466000,-44.382000,29.61
5.112053,0.711000,-0.265000,-0.810000,-13.145000,313.664000,-59.786000,29.66
5.122021,0.737000,-0.339000,-0.877000,-25.832000,332.427000,-76.397000,29.57
5.131970,1.200000,-0.506000,-1.115000,-9.252000,346.290000,-88.992000,29.61
5.142010,1.187000,-0.569000,-1.164000,16.412000,356.458000,-90.947000,29.52
5.151990,1.713000,-0.448000,-1.499000,42.214000,381.053000,-89.206000,29.57
5.161991,2.260000,-0.482000,-1.613000,50.412000,395.405000,-91.481000,29.66
5.172041,2.511000,-0.330000,-1.748000,52.458000,373.557000,-112.748000,29.61
5.181986,2.231000,-0.441000,-1.777000,32.855000,352.336000,-134.702000,29.66
5.206180,1.961000,-0.523000,-2.331000,-3.725000,315.725000,-143.863000,29.57
5.206996,0.098000,-1.687000,-3.075000,-8.046000,211.634000,-106.565000,29.57
5.211942,-0.062000,-4.000000,-3.229000,-41.359000,71.160000,17.939000,29.61
5.221980,1.140000,-2.819000,-4.000000,-175.618000,-87.328000,18.198000,29.61
5.231973,-1.233000,-1.287000,-2.171000,-239.771000,-141.038000,-2.824000,29.66
5.241975,-0.826000,-0.393000,-2.125000,-206.351000,-164.855000,-28.443000,29.57
5.251981,-0.344000,-0.034000,-2.325000,-134.336000,-216.183000,-52.382000,29.66
5.265188,-0.336000,-0.382000,-2.000000,-61.038000,-263.817000,-65.893000,29.61
5.271951,-0.228000,-0.631000,-1.681000,-25.466000,-298.519000,-86.489000,29.52
5.281990,0.195000,-0.543000,-1.416000,-7.374000,-325.878000,-104.809000,29.47
5.291997,0.172000,-0.531000,-1.054000,17.466000,-313.573000,-111.130000,29.66
5.306082,0.440000,-0.559000,-0.930000,51.405000,-330.244000,-103.847000,29.61
5.312067,0.632000,-0.674000,-0.869000,74.183000,-324.595000,-83.710000,29.61
5.321965,0.784000,-0.828000,-0.787000,85.496000,-309.282000,-57.649000,29.57
5.331970,0.923000,-0.919000,-0.791000,86.336000,-293.695000,-24.382000,29.57
5.343392,0.945000,-0.914000,-0.816000,86.763000,-276.977000,10.687000,29.61
5.351940,1.070000,-0.858000,-0.898000,87.221000,-262.290000,45.924000,29.61
5.361953,1.171000,-0.813000,-0.950000,88.794000,-254.824000,82.641000,29.66
5.386949,1.268000,-0.792000,-0.955000,82.748000,-250.992000,118.137000,29.57
5.387722,1.382000,-0.687000,-0.979000,75.924000,-249.817000,149.924000,29.61
5.391996,1.384000,-0.559000,-0.974000,65.878000,-241.664000,176.763000,29.57
5.402091,1.312000,-0.380000,-1.009000,58.962000,-228.351000,196.183000,29.57
5.411985,1.296000,-0.214000,-1.065000,56.809000,-212.916000,208.046000,29.57
5.421966,1.311000,-0.024000,-1.139000,62.122000,-202.733000,212.748000,29.61
5.434371,1.410000,0.106000,-1.243000,72.031000,-193.481000,210.473000,29.71
5.442344,1.573000,0.159000,-1.234000,78.351000,-187.969000,202.076000,29.66
5.452447,1.769000,0.148000,-1.159000,77.038000,-180.656000,188.397000,29.66
5.473665,1.991000,0.150000,-1.046000,71.939000,-178.092000,170.870000,29.71
5.474316,2.276000,0.142000,-1.024000,65.893000,-177.740000,150.565000,29.61
5.482086,2.546000,0.180000,-0.964000,70.275000,-188.275000,132.000000,29.57
5.492110,2.847000,0.264000,-0.708000,86.992000,-186.427000,120.321000,29.66
5.502260,2.705000,0.460000,-0.323000,98.489000,-195.206000,103.664000,29.61
5.512080,2.762000,0.662000,-0.230000,118.168000,-193.603000,90.397000,29.61
5.521990,2.695000,0.953000,0.459000,110.809000,-165.374000,88.443000,29.71
5.534310,2.585000,1.225000,0.525000,171.863000,-153.817000,58.443000,29.57
5.542656,2.634000,1.288000,0.645000,162.794000,-121.786000,31.634000,29.57
5.551971,2.825000,1.241000,0.667000,123.863000,-107.328000,1.176000,29.52
5.561943,2.699000,1.320000,0.743000,75.908000,-75.863000,-29.435000,29.52
5.572113,2.587000,1.292000,0.849000,34.580000,-61.313000,-53.328000,29.57
5.585666,0.543000,-0.002000,1.199000,11.725000,-7.847000,-36.641000,29.66
5.593131,2.306000,0.139000,1.615000,-106.702000,44.412000,-55.863000,29.61
5.601985,0.165000,0.818000,0.395000,-112.748000,101.710000,-28.046000,29.66
5.611981,1.364000,0.171000,-2.661000,-43.802000,150.260000,15.145000,29.57
5.621992,-0.242000,-0.619000,-2.128000,-62.198000,70.977000,-10.687000,29.75
5.631982,-0.549000,-0.108000,-1.089000,-54.000000,53.237000,-72.595000,29.71
5.641960,-0.069000,0.279000,-0.480000,-8.672000,127.450000,-80.214000,29.61
5.651990,0.941000,0.194000,-0.884000,7.725000,193.069000,-65.435000,29.66
5.662002,1.447000,0.051000,-1.945000,22.290000,168.412000,-59.985000,29.66
5.672288,0.847000,0.182000,-1.354000,35.679000,142.885000,-66.046000,29.61
5.682609,0.711000,-0.016000,-1.129000,56.870000,130.702000,-76.458000,29.61
5.698366,0.961000,-0.512000,-1.120000,45.847000,115.588000,-66.473000,29.66
5.702193,1.034000,-0.954000,-0.894000,16.931000,132.427000,-63.847000,29.57
5.712104,1.016000,-0.712000,-0.949000,-10.031000,67.573000,-52.061000,29.61
5.722734,0.881000,-0.443000,-1.036000,-22.931000,48.244000,-43.908000,29.61
5.732862,0.751000,-0.358000,-1.016000,-29.756000,27.771000,-36.137000,29.61
5.742251,0.759000,-0.590000,-0.933000,-34.427000,20.122000,-28.656000,29.57
5.755058,0.643000,-0.522000,-0.878000,-39.908000,18.137000,-24.427000,29.66
5.762134,0.539000,-0.313000,-0.940000,-40.702000,19.374000,-22.397000,29.71
5.772490,0.496000,-0.269000,-0.916000,-39.924000,17.481000,-21.115000,29.61
5.782479,0.414000,-0.339000,-0.832000,-40.092000,17.176000,-21.664000,29.66
5.792253,0.367000,-0.354000,-0.817000,-41.435000,19.756000,-22.748000,29.57
5.802371,0.387000,-0.306000,-0.825000,-42.794000,25.725000,-23.435000,29.61
5.812151,0.403000,-0.289000,-0.816000,-45.221000,31.298000,-23.527000,29.66
5.822170,0.460000,-0.341000,-0.813000,-50.794000,34.748000,-24.443000,29.57
5.832299,0.472000,-0.379000,-0.813000,-55.130000,36.397000,-26.504000,29.66
5.842234,0.484000,-0.343000,-0.812000,-59.115000,34.870000,-29.664000,29.61
5.852083,0.533000,-0.315000,-0.877000,-61.878000,32.702000,-32.214000,29.52
5.862001,0.587000,-0.191000,-0.884000,-54.504000,22.794000,-31.664000,29.66
5.872074,0.541000,-0.343000,-0.816000,-50.611000,20.336000,-32.168000,29.57
5.882085,0.546000,-0.265000,-0.840000,-48.153000,16.885000,-33.908000,29.52
5.898305,0.530000,-0.146000,-0.866000,-40.412000,13.756000,-32.137000,29.52
5.902027,0.572000,-0.219000,-0.832000,-34.641000,18.885000,-27.679000,29.66
5.912094,0.510000,-0.115000,-0.879000,-31.267000,19.374000,-24.870000,29.66
5.922033,0.510000,-0.158000,-0.859000,-28.977000,18.916000,-23.771000,29.61
5.931976,0.480000,-0.168000,-0.864000,-28.000000,22.382000,-22.718000,29.71
5.942391,0.523000,-0.143000,-0.866000,-24.916000,23.649000,-21.511000,29.66
5.952666,0.550000,-0.135000,-0.835000,-20.122000,24.779000,-19.802000,29.66
5.962056,0.572000,-0.118000,-0.843000,-15.756000,26.947000,-17.496000,29.71
5.972630,0.562000,-0.115000,-0.794000,-11.924000,31.115000,-14.229000,29.66
5.982382,0.471000,-0.373000,-1.260000,-77.130000,47.802000,0.168000,29.66
5.992084,0.573000,-0.090000,-0.890000,-2.519000,21.679000,-10.641000,29.57
6.002440,0.502000,-0.113000,-0.843000,1.985000,45.924000,-10.443000,29.61
6.012385,0.422000,-0.262000,-0.799000,-10.534000,56.168000,-12.351000,29.61
6.022147,0.433000,-0.099000,-0.898000,-8.351000,67.710000,-31.756000,29.57
6.032154,0.519000,-0.527000,-0.852000,-23.008000,76.427000,-30.168000,29.57
6.042068,0.627000,-0.296000,-0.870000,-15.817000,97.893000,-35.756000,29.61
6.052059,0.444000,-0.234000,-0.896000,-38.916000,125.176000,-36.107000,29.61
6.062051,0.517000,-0.288000,-0.871000,-30.718000,135.115000,-44.824000,29.57
6.072030,0.492000,-0.155000,-0.817000,-31.053000,163.206000,-49.725000,29.66
6.082010,0.591000,0.034000,-0.838000,-14.351000,192.473000,-46.366000,29.66
6.092020,0.519000,0.102000,-0.903000,-0.473000,225.099000,-35.847000,29.52
6.102148,0.474000,-0.018000,-0.969000,21.252000,263.023000,-30.809000,29.61
6.112055,0.451000,-0.225000,-1.065000,36.473000,283.664000,-44.061000,29.66
6.122063,0.607000,-0.295000,-1.005000,26.809000,320.763000,-72.504000,29.66
6.132045,0.738000,-0.434000,-1.179000,9.969000,344.733000,-105.115000,29.61
6.142087,1.110000,-0.490000,-1.432000,-0.519000,364.427000,-124.244000,29.61
6.152114,1.471000,-0.560000,-1.554000,0.397000,381.695000,-144.733000,29.57
6.162247,2.134000,-0.654000,-2.055000,12.779000,396.733000,-155.466000,29.66
6.172216,2.708000,-0.609000,-2.645000,3.038000,370.641000,-180.076000,29.61
6.182231,2.291000,-1.001000,-2.880000,2.168000,320.305000,-184.916000,29.57
6.192276,-0.968000,-2.612000,-4.000000,31.084000,171.405000,-94.260000,29.66
6.202263,0.927000,-3.113000,-4.000000,-7.664000,0.580000,-35.313000,29.57
6.212242,-0.290000,-2.342000,-3.510000,-130.183000,-135.069000,-40.061000,29.61
6.222402,-0.895000,-1.302000,-2.502000,-137.252000,-180.153000,-52.290000,29.61
6.232529,-0.822000,-0.558000,-2.219000,-89.771000,-259.344000,-73.634000,29.57
6.242310,-0.771000,-0.577000,-1.709000,-22.061000,-286.076000,-86.290000,29.47
6.252457,-0.806000,-0.990000,-0.967000,7.023000,-303.588000,-98.840000,29.61
6.262258,-0.685000,-1.160000,-0.592000,14.672000,-287.298000,-93.954000,29.61
6.272356,-0.375000,-1.139000,-0.594000,30.504000,-271.344000,-69.328000,29.66
6.282426,-0.119000,-1.058000,-0.670000,64.779000,-246.519000,-27.450000,29.57
6.292320,0.067000,-1.081000,-0.704000,91.679000,-229.496000,13.527000,29.61
6.302439,0.115000,-1.033000,-0.764000,96.519000,-213.527000,51.466000,29.61
6.312361,0.218000,-0.762000,-0.875000,98.046000,-193.924000,80.748000,29.61
6.322444,0.297000,-0.546000,-1.069000,98.550000,-165.649000,105.069000,29.66
6.332305,0.472000,-0.317000,-1.242000,102.137000,-154.198000,119.176000,29.66
6.342490,0.623000,-0.170000,-1.374000,107.481000,-162.718000,127.389000,29.61
6.352397,0.742000,0.023000,-1.551000,114.031000,-177.847000,129.649000,29.61
6.362388,0.778000,0.252000,-1.589000,122.153000,-199.588000,125.618000,29.57
6.372457,0.844000,0.429000,-1.609000,134.351000,-221.817000,112.733000,29.57
6.382427,0.875000,0.558000,-1.629000,149.282000,-233.344000,93.939000,29.71
6.392482,0.935000,0.498000,-1.659000,162.473000,-242.046000,70.076000,29.66
6.402465,1.205000,0.309000,-1.604000,165.557000,-249.023000,53.053000,29.47
6.412415,1.404000,0.097000,-1.417000,170.672000,-247.649000,48.000000,29.66
6.424670,1.685000,-0.084000,-1.189000,165.359000,-237.588000,60.687000,29.61
6.432493,1.834000,-0.238000,-0.850000,147.695000,-215.603000,88.122000,29.61
6.442297,1.925000,-0.180000,-0.720000,126.153000,-185.313000,124.275000,29.47
6.452330,2.030000,0.143000,-0.770000,110.519000,-153.679000,158.168000,29.66
6.462397,2.254000,0.453000,-0.960000,102.794000,-129.359000,182.718000,29.61
6.472376,2.536000,0.761000,-1.015000,102.351000,-116.153000,197.466000,29.71
6.482484,2.695000,0.881000,-0.921000,81.740000,-116.137000,195.466000,29.57
6.492230,2.756000,1.030000,-0.607000,49.664000,-121.817000,179.985000,29.57
6.502211,2.610000,1.121000,-0.105000,19.863000,-113.450000,155.664000,29.61
6.512141,2.599000,1.146000,0.339000,-3.252000,-85.664000,136.336000,29.61
6.522085,2.671000,1.241000,0.929000,45.328000,-67.313000,108.885000,29.66
6.531967,2.641000,1.046000,0.641000,16.076000,-27.450000,107.145000,29.57
6.541975,2.658000,1.004000,0.692000,15.023000,-5.908000,99.328000,29.61
6.551912,2.483000,0.904000,0.616000,8.229000,25.557000,83.771000,29.61
6.561980,2.929000,1.109000,0.784000,-17.405000,80.168000,42.244000,29.57
6.571943,2.681000,1.190000,0.507000,-41.847000,97.420000,-6.183000,29.66
6.581965,0.515000,0.258000,-0.546000,-14.427000,66.702000,-40.534000,29.61
6.591948,0.788000,-0.359000,-2.057000,-47.389000,36.718000,-66.641000,29.61
6.601999,-0.369000,-0.894000,-1.213000,-25.252000,-17.389000,-86.397000,29.66
6.612034,-0.287000,-1.571000,-0.101000,-45.267000,51.344000,-81.664000,29.66
6.622032,0.840000,-0.997000,-0.604000,-14.412000,138.382000,-35.191000,29.66
6.631948,1.228000,-0.144000,-1.389000,-4.870000,163.069000,-9.069000,29.52
6.642032,0.900000,0.785000,-2.226000,-2.458000,129.924000,-25.435000,29.61
6.651979,0.520000,1.034000,-1.894000,30.534000,104.779000,-53.221000,29.66
6.661991,0.587000,0.295000,-1.366000,68.031000,88.718000,-56.611000,29.66
6.672017,0.509000,-0.349000,-0.912000,83.206000,109.450000,-42.275000,29.61
6.681980,0.480000,-0.404000,-0.828000,88.641000,116.550000,-30.015000,29.61
6.691979,0.536000,-0.268000,-0.908000,90.855000,113.328000,-29.634000,29.66
6.701984,0.872000,-0.729000,-1.025000,71.634000,80.092000,-32.565000,29.66
6.711987,0.884000,-0.961000,-0.772000,51.176000,65.099000,-24.809000,29.61
6.721995,0.867000,-1.139000,-0.675000,24.015000,58.397000,-14.122000,29.61
6.732732,0.461000,-0.683000,-0.635000,0.290000,55.634000,-18.000000,29.75
6.742532,0.333000,-0.511000,-0.680000,-20.534000,41.908000,-28.031000,29.66
6.752556,0.135000,-0.531000,-0.404000,-50.534000,36.015000,-41.939000,29.61
6.762219,0.209000,-0.708000,-0.503000,-86.702000,56.458000,-56.611000,29.57
6.772581,0.667000,-0.622000,-1.055000,-103.237000,65.878000,-58.092000,29.57
6.782122,0.675000,-0.383000,-1.135000,-90.122000,64.901000,-47.145000,29.66
6.792763,0.516000,-0.326000,-0.958000,-75.435000,68.809000,-39.420000,29.61
6.802960,0.604000,-0.352000,-0.961000,-59.756000,66.702000,-31.985000,29.52
6.812215,0.597000,-0.287000,-0.962000,-46.595000,61.221000,-26.626000,29.66
6.822869,0.535000,-0.347000,-0.856000,-37.008000,57.328000,-24.779000,29.66
6.832189,0.567000,-0.433000,-0.835000,-34.153000,54.092000,-25.099000,29.61
6.842787,0.551000,-0.362000,-0.787000,-32.534000,51.542000,-26.153000,29.61
6.852688,0.580000,-0.380000,-0.819000,-34.015000,47.405000,-27.450000,29.66
6.864449,0.580000,-0.291000,-0.806000,-32.519000,35.328000,-27.634000,29.66
6.872177,0.555000,-0.397000,-0.750000,-33.389000,30.763000,-29.557000,29.57
6.882273,0.563000,-0.327000,-0.784000,-35.435000,24.641000,-33.603000,29.61
6.892542,0.529000,-0.330000,-0.768000,-38.977000,21.344000,-36.595000,29.61
6.902786,0.541000,-0.334000,-0.794000,-41.069000,21.084000,-39.145000,29.57
6.912661,0.585000,-0.277000,-0.876000,-38.458000,21.405000,-38.626000,29.66
6.922339,0.554000,-0.177000,-0.806000,-34.198000,24.183000,-34.641000,29.61
6.932805,0.604000,-0.167000,-0.834000,-29.450000,26.748000,-31.771000,29.61
6.943077,0.550000,-0.267000,-0.799000,-28.137000,31.832000,-30.305000,29.66
6.953176,0.564000,-0.245000,-0.817000,-28.061000,35.176000,-31.466000,29.66
6.962848,0.504000,0.192000,-0.905000,-0.565000,37.802000,-36.061000,29.61
6.972665,0.522000,-0.230000,-0.782000,-16.260000,45.511000,-34.824000,29.66
6.982682,0.544000,-0.188000,-0.770000,-13.786000,52.168000,-32.107000,29.47
6.992542,0.531000,-0.211000,-0.808000,-9.481000,63.359000,-30.672000,29.75
7.002710,0.509000,-0.210000,-0.812000,-12.275000,72.855000,-28.870000,29.52
7.012526,0.582000,-0.265000,-0.789000,-14.809000,88.885000,-26.611000,29.61
7.022739,0.349000,-0.068000,-0.776000,-21.634000,148.916000,-20.260000,29.66
7.032772,0.588000,-0.283000,-0.896000,-20.718000,116.229000,-20.290000,29.57
7.042755,0.583000,-0.170000,-0.774000,-2.931000,144.412000,-24.321000,29.61
7.052566,0.543000,-0.205000,-0.751000,-19.237000,182.046000,-23.359000,29.71
7.062411,0.623000,-0.107000,-0.731000,-15.863000,202.244000,-25.817000,29.66
7.072649,0.652000,-0.144000,-0.750000,-3.023000,208.916000,-25.191000,29.66
7.082709,0.589000,-0.128000,-0.732000,3.847000,222.061000,-26.702000,29.57
7.092616,0.652000,-0.195000,-0.729000,4.840000,236.885000,-31.221000,29.61
7.102648,0.672000,-0.172000,-0.814000,-2.382000,264.992000,-37.863000,29.61
7.112484,0.659000,-0.287000,-0.889000,-7.511000,294.626000,-49.664000,29.66
7.122609,0.841000,-0.368000,-0.895000,-12.427000,321.145000,-63.130000,29.57
7.132520,1.077000,-0.446000,-1.068000,2.534000,349.435000,-73.740000,29.61
7.142606,1.229000,-0.561000,-1.261000,21.450000,383.847000,-80.870000,29.71
7.152508,1.733000,-0.515000,-1.667000,73.237000,403.985000,-65.573000,29.57
7.162558,2.264000,-0.669000,-1.726000,106.412000,387.282000,-68.641000,29.57
7.172494,2.195000,-0.244000,-1.598000,95.450000,359.344000,-100.656000,29.61
7.182448,2.087000,-0.398000,-1.824000,54.718000,360.947000,-124.992000,29.57
7.192570,1.882000,-0.173000,-2.205000,38.092000,324.565000,-134.931000,29.66
7.202734,0.826000,-0.938000,-2.653000,47.863000,258.092000,-102.183000,29.66
7.212521,-1.315000,-3.979000,-3.063000,11.740000,99.710000,-25.618000,29.61
7.222695,2.342000,-3.277000,-4.000000,-137.099000,-44.427000,17.481000,29.61
7.232612,-0.859000,-1.596000,-2.289000,-238.153000,-144.931000,10.076000,29.66
7.242517,-1.187000,-0.373000,-1.652000,-198.321000,-112.733000,6.183000,29.57
7.252568,-0.285000,-0.005000,-2.100000,-136.595000,-159.786000,-13.496000,29.57
7.262386,-0.269000,-0.284000,-1.886000,-73.802000,-195.740000,-33.542000,29.61
7.272427,-0.182000,-0.585000,-1.723000,-51.863000,-241.664000,-59.924000,29.61
7.282449,0.056000,-0.624000,-1.530000,-53.924000,-276.641000,-89.298000,29.66
7.292518,0.176000,-0.445000,-1.301000,-48.977000,-301.344000,-116.504000,29.66
7.302366,0.313000,-0.347000,-1.223000,-19.405000,-315.099000,-129.130000,29.61
7.312404,0.589000,-0.355000,-1.138000,25.160000,-334.870000,-128.595000,29.61
7.322322,0.698000,-0.520000,-0.915000,59.695000,-348.382000,-119.893000,29.57
7.332177,0.701000,-0.746000,-0.730000,78.489000,-347.466000,-103.756000,29.57
7.342373,0.757000,-0.860000,-0.671000,87.939000,-332.794000,-81.084000,29.71
7.352349,0.978000,-0.864000,-0.684000,93.160000,-318.000000,-46.305000,29.61
7.362223,0.952000,-0.819000,-0.662000,99.176000,-304.504000,-8.931000,29.57
7.372387,0.955000,-0.752000,-0.738000,110.122000,-289.725000,27.237000,29.57
7.382339,1.054000,-0.629000,-0.852000,125.710000,-283.939000,60.031000,29.61
7.392344,1.197000,-0.642000,-0.941000,136.046000,-276.885000,86.458000,29.61
7.402484,1.332000,-0.701000,-0.976000,131.450000,-269.206000,112.244000,29.66
7.412382,1.542000,-0.610000,-0.938000,122.824000,-249.527000,143.924000,29.57
7.422465,1.615000,-0.419000,-0.973000,116.870000,-233.069000,175.206000,29.61
7.432361,1.709000,-0.221000,-1.059000,114.382000,-221.588000,204.290000,29.61
7.442432,1.863000,-0.010000,-1.143000,112.443000,-212.550000,226.473000,29.57
7.452370,2.093000,0.285000,-1.183000,112.275000,-208.779000,237.557000,29.57
7.462315,2.265000,0.592000,-1.163000,107.954000,-202.092000,234.443000,29.57
7.472356,2.424000,0.833000,-1.191000,99.863000,-198.702000,214.519000,29.61
7.482342,2.641000,0.965000,-1.026000,93.725000,-205.282000,185.237000,29.61
7.492462,2.930000,0.908000,-0.840000,79.084000,-207.023000,151.053000,29.75
7.502513,3.217000,0.891000,-0.190000,41.939000,-192.366000,123.038000,29.66
7.512215,2.989000,0.920000,0.339000,61.954000,-196.382000,92.702000,29.61
7.522524,3.076000,1.034000,0.899000,65.740000,-182.458000,75.832000,29.71
7.532417,2.890000,1.148000,1.291000,54.580000,-114.244000,61.374000,29.47
7.542389,2.963000,1.352000,1.352000,47.588000,-59.481000,52.748000,29.66
7.552241,3.039000,1.402000,1.530000,26.931000,6.855000,41.496000,29.61
7.562244,3.233000,1.276000,1.855000,-21.496000,68.519000,13.038000,29.61
7.572214,3.384000,1.325000,2.168000,-93.023000,129.145000,-20.015000,29.66
7.582161,0.927000,0.271000,-0.989000,-11.206000,172.824000,-13.420000,29.57
7.592271,1.027000,-0.681000,-2.972000,-29.145000,101.374000,-16.687000,29.61
7.602291,-0.563000,-0.966000,-1.521000,-49.420000,62.137000,-32.137000,29.57
7.612301,-0.442000,-0.396000,-0.349000,-12.641000,81.588000,-72.046000,29.66
7.622326,0.610000,0.401000,-0.349000,-4.122000,202.061000,-54.275000,29.66
7.632292,1.377000,0.618000,-1.879000,14.840000,201.725000,-58.198000,29.71
7.642416,1.244000,0.857000,-2.042000,35.802000,167.420000,-68.168000,29.61
7.652474,1.021000,0.120000,-1.406000,62.351000,138.534000,-84.840000,29.66
7.662360,1.347000,-1.317000,-0.985000,44.198000,86.702000,-68.687000,29.47
7.672484,0.885000,-0.909000,-0.772000,-5.710000,103.924000,-41.618000,29.61
7.682492,0.685000,-0.247000,-1.095000,-7.573000,48.000000,-35.924000,29.61
7.692644,0.747000,-0.024000,-1.209000,-12.183000,33.252000,-32.076000,29.66
7.702729,0.851000,-0.628000,-0.893000,-15.786000,12.885000,-21.374000,29.66
7.712519,0.669000,-0.763000,-0.742000,-19.557000,7.756000,-15.679000,29.57
7.722670,0.552000,-0.433000,-0.732000,-36.534000,45.298000,-13.725000,29.61
7.732666,0.485000,-0.385000,-0.865000,-30.641000,33.466000,-16.992000,29.71
7.742720,0.475000,-0.498000,-0.789000,-30.183000,26.489000,-18.397000,29.66
7.752632,0.374000,-0.411000,-0.785000,-35.344000,23.389000,-22.595000,29.66
7.762569,0.414000,-0.323000,-0.856000,-40.718000,27.618000,-26.626000,29.71
7.772457,0.478000,-0.284000,-0.869000,-41.344000,30.763000,-27.435000,29.71
7.782697,0.413000,-0.245000,-0.828000,-41.328000,32.595000,-28.901000,29.57
7.792952,0.404000,-0.356000,-0.812000,-46.534000,33.527000,-33.664000,29.66
7.802405,0.512000,-0.371000,-0.818000,-51.435000,34.489000,-36.809000,29.52
7.812547,0.616000,-0.306000,-0.944000,-47.374000,32.962000,-35.649000,29.61
7.822669,0.542000,-0.306000,-0.818000,-42.153000,31.649000,-34.489000,29.66
7.832515,0.545000,-0.304000,-0.804000,-37.282000,30.840000,-33.405000,29.57
7.842599,0.562000,-0.265000,-0.835000,-35.420000,31.160000,-32.809000,29.71
7.852615,0.608000,-0.185000,-0.881000,-29.817000,26.412000,-30.794000,29.61
7.862484,0.598000,-0.219000,-0.830000,-25.573000,27.435000,-27.588000,29.57
7.872652,0.562000,-0.132000,-0.863000,-24.702000,26.947000,-24.534000,29.66
7.882587,0.557000,-0.186000,-0.825000,-14.763000,22.947000,-24.351000,29.66
7.892601,0.588000,-0.218000,-0.833000,-18.489000,23.679000,-22.947000,29.61
7.902569,0.584000,-0.255000,-0.799000,-20.198000,26.733000,-22.397000,29.61
7.912402,0.573000,-0.251000,-0.828000,-21.832000,30.122000,-23.649000,29.66
7.922708,0.535000,-0.193000,-0.844000,-20.702000,28.977000,-27.664000,29.66
7.932551,0.565000,-0.239000,-0.751000,-20.901000,31.282000,-27.313000,29.71
7.942630,0.549000,-0.128000,-0.803000,-17.130000,34.107000,-26.809000,29.61
7.952680,0.551000,-0.214000,-0.789000,-15.099000,40.153000,-27.969000,29.66
7.962687,0.513000,-0.200000,-0.804000,-18.122000,49.954000,-29.267000,29.66
7.972616,0.550000,-0.171000,-0.820000,-21.099000,59.618000,-26.061000,29.61
7.982435,0.476000,-0.181000,-0.851000,-21.099000,74.046000,-24.748000,29.71
7.992571,0.565000,-0.186000,-0.854000,-21.878000,81.435000,-23.527000,29.57
8.002531,0.587000,-0.224000,-0.828000,-23.496000,97.176000,-23.802000,29.66
8.012507,0.581000,-0.232000,-0.817000,-26.519000,113.099000,-24.855000,29.57
8.022562,0.600000,-0.112000,-0.817000,-28.153000,135.649000,-24.901000,29.61
8.032483,0.575000,-0.037000,-0.808000,-29.939000,162.397000,-24.641000,29.61
8.042524,0.535000,-0.047000,-0.784000,-27.191000,186.565000,-27.863000,29.66
8.052357,0.597000,-0.079000,-0.801000,-25.267000,204.916000,-29.817000,29.57
8.062113,0.525000,-0.325000,-0.880000,-100.794000,214.153000,-12.061000,29.61
8.072219,0.614000,-0.135000,-0.840000,-9.481000,231.466000,-41.603000,29.57
8.082360,0.645000,-0.228000,-0.720000,-14.550000,239.221000,-55.298000,29.57
8.092338,0.677000,-0.295000,-0.823000,-14.351000,274.718000,-75.298000,29.57
8.102373,0.858000,-0.416000,-0.813000,-20.107000,297.710000,-94.855000,29.61
8.112271,1.077000,-0.406000,-0.921000,1.099000,311.649000,-110.718000,29.71
8.122378,1.298000,-0.494000,-1.099000,34.351000,308.550000,-129.832000,29.57
8.132234,1.546000,-0.398000,-1.370000,35.771000,333.771000,-135.710000,29.66
8.142046,1.852000,-0.465000,-1.596000,27.099000,351.435000,-147.145000,29.61
8.152165,1.723000,-0.509000,-1.515000,5.664000,343.023000,-176.794000,29.61
8.162014,1.990000,-0.683000,-1.549000,-29.450000,313.176000,-203.267000,29.66
8.171971,1.959000,-0.692000,-1.805000,-64.916000,290.595000,-199.786000,29.57
8.181969,1.320000,-0.800000,-1.768000,-88.641000,184.000000,-181.786000,29.61
8.192464,-0.810000,-3.331000,-3.343000,-46.061000,134.534000,-19.252000,29.61
8.201978,1.544000,-3.680000,-3.302000,-80.076000,70.977000,127.267000,29.66
8.212004,-0.653000,-2.335000,-1.882000,-172.168000,-17.954000,162.962000,29.57
8.222003,-0.886000,-1.184000,-1.465000,-179.771000,-34.366000,164.809000,29.61
8.231955,-0.345000,-0.188000,-2.124000,-144.733000,-85.282000,146.947000,29.71
8.242006,-0.191000,0.306000,-2.263000,-87.893000,-123.389000,106.290000,29.61
8.251992,-0.128000,0.202000,-2.123000,-42.794000,-188.122000,54.244000,29.66
8.262065,-0.025000,0.077000,-1.846000,-25.618000,-241.176000,-3.679000,29.57
8.272004,0.122000,-0.073000,-1.499000,-17.130000,-282.046000,-52.000000,29.61
8.282034,0.300000,-0.076000,-1.289000,0.153000,-303.115000,-81.481000,29.57
8.292019,0.569000,-0.155000,-1.182000,27.481000,-319.145000,-92.351000,29.66
8.302086,0.745000,-0.182000,-1.036000,55.588000,-329.618000,-92.046000,29.57
8.312067,0.851000,-0.176000,-0.913000,99.740000,-351.542000,-89.786000,29.61
8.322156,0.855000,-0.251000,-0.755000,123.802000,-340.687000,-79.847000,29.61
8.332090,0.848000,-0.334000,-0.630000,137.649000,-328.901000,-66.260000,29.57
8.342129,0.875000,-0.408000,-0.650000,148.290000,-308.779000,-46.366000,29.66
8.352347,0.981000,-0.446000,-0.757000,154.992000,-292.275000,-22.656000,29.61
8.362112,1.159000,-0.523000,-0.909000,161.267000,-275.695000,6.885000,29.61
8.372185,1.248000,-0.575000,-0.981000,163.069000,-269.191000,38.641000,29.57
8.382236,1.273000,-0.610000,-1.001000,164.443000,-261.740000,72.443000,29.66
8.392301,1.364000,-0.661000,-0.963000,159.802000,-246.168000,112.718000,29.61
8.402296,1.462000,-0.443000,-0.860000,156.870000,-221.939000,156.107000,29.52
8.412333,1.478000,-0.184000,-0.854000,158.672000,-193.740000,186.229000,29.61
8.422389,1.634000,0.014000,-0.946000,161.847000,-170.641000,205.863000,29.66
8.432340,1.908000,0.109000,-1.114000,156.656000,-160.443000,215.649000,29.66
8.442419,2.179000,0.217000,-1.200000,142.427000,-163.237000,214.183000,29.61
8.452364,2.334000,0.427000,-1.194000,125.832000,-167.176000,201.679000,29.61
8.462323,2.467000,0.657000,-1.109000,118.305000,-179.237000,182.168000,29.66
8.474943,2.547000,0.571000,-0.423000,26.916000,-86.168000,190.275000,29.57
8.483122,2.540000,0.922000,-0.575000,148.977000,-198.107000,138.382000,29.61
8.493121,2.670000,0.899000,-0.125000,151.298000,-185.069000,127.603000,29.57
8.503148,2.695000,0.905000,0.214000,151.878000,-156.550000,113.435000,29.66
8.511965,2.733000,1.036000,0.460000,148.198000,-138.290000,99.191000,29.66
8.521921,2.580000,1.207000,0.757000,133.160000,-90.305000,82.198000,29.52
8.531910,2.566000,1.175000,0.598000,89.969000,-61.832000,63.817000,29.61
8.541931,2.619000,1.219000,0.810000,84.580000,-23.282000,35.069000,29.66
8.551944,2.818000,0.637000,1.103000,-51.634000,26.244000,5.023000,29.66
8.561971,2.636000,0.755000,1.155000,-198.214000,35.450000,-29.008000,29.66
8.572021,0.152000,0.923000,-0.946000,-190.748000,42.656000,-6.229000,29.61
8.581995,1.300000,-0.262000,-2.602000,-105.420000,78.214000,20.458000,29.61
8.591975,-0.950000,-0.594000,-1.651000,-97.893000,21.878000,6.366000,29.66
8.602090,-0.852000,0.435000,-0.608000,-77.786000,4.412000,-54.290000,29.66
8.612073,-0.034000,0.583000,-0.808000,-65.069000,69.725000,-77.450000,29.61
8.622103,0.969000,0.745000,-1.383000,-26.779000,130.122000,-53.740000,29.61
8.632070,0.824000,0.535000,-1.536000,5.023000,130.031000,-64.763000,29.66
8.642103,0.763000,0.152000,-1.577000,26.397000,112.382000,-80.702000,29.57
8.652306,0.750000,-0.399000,-1.107000,39.908000,108.153000,-76.275000,29.61
8.662147,0.842000,-0.624000,-1.077000,32.611000,110.641000,-62.947000,29.61
8.672123,0.757000,-0.565000,-1.069000,26.107000,107.832000,-55.252000,29.66
8.682168,0.825000,-0.584000,-1.047000,11.359000,81.664000,-54.580000,29.66
8.692235,0.794000,-0.524000,-0.915000,3.924000,63.893000,-48.702000,29.71
8.702229,0.827000,-0.642000,-0.959000,-7.969000,49.557000,-39.802000,29.57
8.712169,0.727000,-0.670000,-0.806000,-16.901000,44.290000,-30.992000,29.66
8.722261,0.612000,-0.529000,-0.865000,-25.878000,35.420000,-27.802000,29.57
8.732435,0.516000,-0.390000,-0.846000,-31.160000,28.611000,-27.542000,29.71
8.742435,0.440000,-0.352000,-0.783000,-38.046000,24.137000,-28.489000,29.61
8.752394,0.385000,-0.363000,-0.733000,-49.603000,21.145000,-30.687000,29.57
8.763871,0.273000,-0.328000,-0.635000,-69.511000,20.015000,-37.588000,29.57
8.772208,0.348000,-0.470000,-0.772000,-82.198000,29.237000,-43.344000,29.61
8.782239,0.675000,-0.655000,-1.142000,-68.718000,37.496000,-39.786000,29.61
8.792094,0.647000,-0.220000,-0.939000,-57.466000,37.359000,-31.511000,29.57
8.802111,0.511000,-0.243000,-0.934000,-48.015000,35.832000,-27.267000,29.66
8.812078,0.472000,-0.328000,-0.824000,-41.863000,36.321000,-25.160000,29.52
8.822119,0.495000,-0.315000,-0.856000,-40.855000,36.107000,-24.977000,29.71
8.832122,0.510000,-0.281000,-0.839000,-39.649000,32.046000,-25.817000,29.57
8.842119,0.454000,-0.356000,-0.761000,-44.031000,31.176000,-28.947000,29.57
8.852238,0.477000,-0.383000,-0.772000,-52.885000,31.466000,-34.046000,29.57
8.862210,0.593000,-0.236000,-0.899000,-52.580000,24.153000,-36.122000,29.61
8.872175,0.471000,-0.348000,-0.803000,-55.313000,20.107000,-39.557000,29.61
8.882193,0.516000,-0.311000,-0.803000,-54.550000,19.008000,-41.130000,29.66
8.892265,0.575000,-0.221000,-0.964000,-47.832000,18.107000,-40.321000,29.66
8.902328,0.563000,-0.108000,-0.890000,-39.267000,10.595000,-37.008000,29.61
8.912149,0.582000,-0.163000,-0.892000,-36.031000,18.992000,-34.046000,29.66
8.922360,0.562000,-0.137000,-0.885000,-31.878000,17.435000,-30.809000,29.57
8.932349,0.543000,-0.129000,-0.848000,-27.496000,20.183000,-27.924000,29.66
8.942501,0.533000,-0.153000,-0.843000,-23.145000,22.626000,-25.893000,29.71
8.952473,0.542000,-0.113000,-0.862000,-18.748000,25.710000,-24.336000,29.52
8.962566,0.539000,-0.160000,-0.842000,-14.901000,30.687000,-23.160000,29.57
8.972453,0.537000,-0.170000,-0.864000,-13.847000,37.298000,-21.985000,29.57
8.982492,0.531000,-0.248000,-0.837000,-15.450000,41.756000,-23.542000,29.61
8.992463,0.551000,-0.257000,-0.847000,-18.809000,46.718000,-26.702000,29.52
9.002516,0.656000,-0.386000,-0.819000,-24.733000,51.405000,-28.901000,29.57
9.012406,0.573000,-0.220000,-0.725000,-2.351000,67.832000,-34.534000,29.66
9.022503,0.547000,-0.311000,-0.880000,-29.359000,83.573000,-39.435000,29.66
9.032424,0.623000,-0.184000,-0.846000,-34.015000,99.420000,-37.160000,29.71
9.042555,0.602000,-0.097000,-0.892000,-38.214000,122.122000,-32.748000,29.71
9.052529,0.561000,-0.102000,-0.835000,-34.779000,143.664000,-26.260000,29.66
9.062459,0.524000,0.030000,-0.809000,-29.710000,177.176000,-25.344000,29.66
9.072591,0.399000,-0.036000,-0.853000,-24.092000,207.115000,-29.023000,29.61
9.082536,0.421000,-0.053000,-0.906000,-16.977000,251.863000,-37.344000,29.61
9.092542,0.515000,-0.050000,-0.863000,-21.557000,262.153000,-41.115000,29.66
9.102581,0.468000,-0.025000,-0.801000,-15.679000,289.374000,-50.687000,29.57
9.112473,0.600000,-0.102000,-0.821000,-16.137000,320.870000,-66.458000,29.61
9.122645,0.664000,-0.173000,-0.904000,-30.275000,342.397000,-85.847000,29.52
9.132530,0.877000,-0.325000,-0.932000,-46.779000,360.351000,-103.511000,29.66
9.142660,1.159000,-0.361000,-0.975000,-35.405000,373.435000,-110.840000,29.66
9.152429,1.399000,-0.451000,-1.294000,-13.206000,386.550000,-110.092000,29.66
9.162421,1.619000,-0.363000,-1.307000,-4.366000,409.130000,-108.855000,29.61
9.172490,2.226000,-0.438000,-1.675000,-10.107000,405.038000,-111.679000,29.57
9.182499,1.669000,-0.078000,-1.094000,-23.115000,392.947000,-127.802000,29.66
9.192471,1.531000,-0.079000,-1.043000,-60.718000,377.176000,-152.611000,29.57
9.202490,1.192000,-0.421000,-0.956000,-91.298000,350.931000,-153.420000,29.61
9.212397,1.113000,-0.574000,-1.228000,-101.542000,325.802000,-157.603000,29.52
9.222446,1.533000,-0.762000,-1.296000,-121.405000,267.649000,-161.863000,29.57
9.232569,0.014000,-1.420000,-2.502000,-128.107000,168.534000,-105.420000,29.57
9.242391,2.986000,-2.503000,-4.000000,-51.863000,53.191000,20.901000,29.61
9.252476,2.096000,-2.258000,-4.000000,-158.412000,-248.198000,38.809000,29.71
9.262414,-0.478000,-1.464000,-1.785000,-211.359000,-280.489000,15.496000,29.57
9.272682,-0.348000,-0.646000,-1.178000,-217.145000,-303.084000,-26.595000,29.57
9.282487,-0.380000,-0.011000,-0.855000,-157.908000,-305.679000,-43.496000,29.61
9.292597,-0.240000,-0.035000,-0.971000,-51.008000,-298.687000,-49.786000,29.71
9.302434,0.149000,-0.418000,-1.182000,43.695000,-303.328000,-47.099000,29.66
9.312439,0.479000,-0.756000,-1.329000,92.687000,-320.504000,-39.924000,29.57
9.322487,0.636000,-0.966000,-1.161000,103.374000,-336.870000,-31.313000,29.57
9.332447,0.698000,-1.107000,-0.936000,84.305000,-348.351000,-19.252000,29.52
9.342371,0.707000,-1.032000,-0.751000,67.053000,-350.702000,-2.641000,29.61
9.352382,0.930000,-0.808000,-0.659000,61.359000,-349.237000,19.511000,29.75
9.362474,0.861000,-0.563000,-0.665000,81.481000,-328.794000,38.962000,29.57
9.372281,0.927000,-0.340000,-0.785000,116.427000,-305.740000,55.878000,29.61
9.382429,1.012000,-0.275000,-0.868000,154.458000,-297.099000,70.550000,29.66
9.392422,1.026000,-0.297000,-0.911000,175.160000,-288.580000,79.450000,29.75
9.402441,1.191000,-0.242000,-0.938000,181.466000,-280.382000,84.229000,29.66
9.412455,1.285000,-0.141000,-0.946000,180.779000,-267.664000,84.321000,29.61
9.422528,1.327000,-0.054000,-0.972000,183.405000,-258.672000,84.000000,29.61
9.432440,1.349000,-0.024000,-1.020000,187.313000,-242.046000,88.336000,29.57
9.442416,1.345000,-0.151000,-1.053000,190.076000,-226.168000,96.412000,29.66
9.452373,1.464000,-0.211000,-1.112000,185.802000,-207.053000,110.427000,29.57
9.462459,1.649000,-0.244000,-1.135000,178.870000,-194.061000,124.534000,29.61
9.472571,1.867000,-0.141000,-1.103000,170.061000,-176.763000,137.115000,29.61
9.482453,2.058000,0.038000,-1.042000,164.748000,-170.687000,144.290000,29.66
9.492475,2.197000,0.326000,-0.965000,163.863000,-166.687000,146.214000,29.57
9.502427,2.222000,0.688000,-0.843000,174.000000,-163.649000,145.252000,29.61
9.512423,2.173000,0.887000,-0.868000,162.366000,-143.740000,147.863000,29.61
9.522484,2.284000,1.253000,-0.763000,201.527000,-151.481000,133.420000,29.66
9.532528,2.435000,1.384000,-0.681000,194.656000,-137.130000,126.244000,29.66
9.542539,2.687000,1.470000,-0.369000,181.573000,-137.863000,115.588000,29.61
9.552536,2.683000,1.454000,0.153000,165.084000,-137.389000,97.145000,29.52
9.562231,2.527000,1.405000,0.673000,138.824000,-112.901000,71.053000,29.66
9.572529,2.443000,1.254000,0.911000,96.519000,-79.802000,48.183000,29.66
9.582392,2.468000,1.191000,0.851000,67.115000,-39.618000,40.443000,29.61
9.592354,2.049000,-0.517000,1.335000,-32.076000,30.870000,68.580000,29.61
9.602441,2.889000,1.044000,1.371000,-171.237000,26.412000,17.557000,29.66
9.612333,-0.083000,1.274000,-0.242000,-189.908000,86.397000,11.603000,29.57
9.622483,0.918000,-0.209000,-2.658000,-83.023000,84.366000,0.183000,29.61
9.632327,-0.755000,-0.691000,-2.123000,-102.290000,-9.053000,-22.580000,29.61
9.642490,-0.761000,-0.065000,-0.559000,-82.992000,2.687000,-77.130000,29.57
9.652373,0.490000,0.447000,-0.668000,-43.878000,74.763000,-90.168000,29.66
9.662317,1.472000,0.412000,-1.598000,-27.389000,137.023000,-67.084000,29.71
9.672525,0.948000,0.399000,-1.835000,-22.382000,114.137000,-69.573000,29.71
9.682430,0.481000,0.329000,-1.394000,6.702000,115.008000,-81.664000,29.66
9.692469,0.666000,-0.003000,-1.317000,24.977000,112.565000,-78.214000,29.66
9.702458,0.747000,-0.381000,-1.031000,31.832000,111.344000,-67.145000,29.71
9.712332,0.732000,-0.708000,-0.958000,16.183000,103.740000,-58.840000,29.61
9.722454,0.750000,-0.571000,-0.811000,6.977000,91.863000,-52.412000,29.61
9.732377,0.975000,-0.757000,-0.951000,-4.580000,72.275000,-44.702000,29.57
9.742460,0.912000,-0.656000,-0.914000,-17.344000,61.450000,-32.840000,29.66
9.752465,0.804000,-0.566000,-0.915000,-25.328000,55.191000,-26.824000,29.61
9.762415,0.646000,-0.529000,-0.852000,-28.947000,39.176000,-24.458000,29.61
9.772523,0.515000,-0.553000,-0.779000,-33.710000,31.893000,-25.145000,29.66
9.782593,0.454000,-0.502000,-0.772000,-40.397000,22.122000,-28.794000,29.66
9.792522,0.430000,-0.385000,-0.811000,-46.687000,18.305000,-31.389000,29.71
9.802645,0.483000,-0.281000,-0.856000,-48.198000,17.008000,-29.588000,29.66
9.812422,0.523000,-0.213000,-0.941000,-45.084000,15.252000,-26.275000,29.66
9.822472,0.453000,-0.203000,-0.916000,-39.771000,15.725000,-23.084000,29.57
9.832487,0.460000,-0.290000,-0.856000,-37.664000,20.718000,-22.656000,29.61
9.842472,0.434000,-0.353000,-0.774000,-38.305000,24.870000,-24.336000,29.61
9.852504,0.417000,-0.392000,-0.748000,-42.733000,28.901000,-28.733000,29.66
9.862343,0.455000,-0.427000,-0.724000,-54.076000,30.794000,-35.221000,29.57
9.872497,0.479000,-0.458000,-0.699000,-64.763000,31.130000,-41.282000,29.61
9.882489,0.517000,-0.508000,-0.719000,-74.305000,28.656000,-46.565000,29.61
9.892530,0.688000,-0.396000,-0.949000,-72.183000,26.595000,-45.496000,29.57
9.902570,0.542000,-0.208000,-0.831000,-67.863000,23.588000,-44.977000,29.66
9.912482,0.552000,-0.260000,-0.832000,-61.649000,18.885000,-43.985000,29.71
9.922376,0.604000,-0.174000,-0.993000,-52.534000,20.122000,-41.099000,29.61
9.932526,0.584000,-0.097000,-0.981000,-41.588000,19.313000,-36.229000,29.57
9.942605,0.582000,-0.124000,-0.870000,-31.893000,19.985000,-29.817000,29.75
9.952504,0.579000,-0.097000,-0.892000,-24.641000,20.748000,-24.534000,29.61
9.962506,0.582000,-0.148000,-0.861000,-18.748000,21.573000,-20.305000,29.61
9.972482,0.563000,-0.184000,-0.832000,-15.863000,22.977000,-19.084000,29.57
9.982551,0.549000,-0.185000,-0.827000,-15.588000,26.260000,-19.252000,29.57
9.992571,0.559000,-0.182000,-0.826000,-16.092000,31.618000,-18.748000,29.61
10.002666,0.564000,-0.217000,-0.799000,-16.229000,33.664000,-19.130000,29.61
