# Gait Analysis Data - MPU6050 IMU
# Duration: 10 seconds
# Format: timestamp(s),ax(g),ay(g),az(g),gx(deg/s),gy(deg/s),gz(deg/s),temp(C)
# Note: Document sensor placement (ankle/wrist) separately
timestamp,ax,ay,az,gx,gy,gz,temp
0.001216,0.481000,-0.120000,-0.916000,-30.916000,29.634000,-28.305000,29.47
0.002364,0.419000,-0.193000,-0.880000,-27.069000,33.618000,-28.061000,29.57
0.003411,0.462000,-0.178000,-0.912000,-24.305000,40.901000,-29.191000,29.42
0.004501,0.467000,-0.239000,-0.869000,-23.908000,45.252000,-32.916000,29.52
0.005781,0.493000,-0.220000,-0.900000,-24.656000,49.359000,-37.160000,29.57
0.007096,0.564000,-0.202000,-0.927000,-26.794000,54.672000,-36.534000,29.47
0.008188,0.572000,-0.274000,-0.891000,-27.847000,47.389000,-38.855000,29.42
0.009326,0.362000,-0.616000,-0.677000,-17.679000,52.855000,-46.137000,29.42
0.010324,0.610000,-0.272000,-0.851000,-36.962000,81.649000,-46.122000,29.52
0.011316,0.544000,-0.303000,-0.915000,-41.679000,98.107000,-48.382000,29.47
0.012342,0.512000,-0.154000,-0.943000,-38.687000,113.634000,-47.969000,29.47
0.013327,0.574000,-0.149000,-0.881000,-39.771000,136.901000,-45.603000,29.52
0.014258,0.512000,-0.024000,-0.863000,-35.847000,161.053000,-44.489000,29.52
0.015180,0.428000,-0.037000,-0.882000,-35.802000,195.191000,-49.191000,29.47
0.015993,0.294000,-0.056000,-0.951000,-34.855000,232.977000,-52.626000,29.47
0.016799,0.544000,0.001000,-0.925000,-25.969000,245.832000,-57.099000,29.42
0.017612,0.480000,-0.103000,-0.891000,-9.832000,256.183000,-60.977000,29.52
0.018482,0.714000,-0.230000,-0.883000,-5.328000,272.519000,-69.008000,29.57
0.019433,0.533000,-0.220000,-0.909000,7.496000,276.229000,-83.023000,29.47
0.020304,0.845000,-0.396000,-0.933000,2.183000,303.725000,-107.786000,29.61
0.021157,1.184000,-0.440000,-1.198000,14.351000,303.435000,-125.588000,29.42
0.022023,1.332000,-0.520000,-1.357000,-0.687000,325.817000,-139.328000,29.47
0.023587,1.582000,-0.437000,-1.620000,2.809000,355.527000,-147.191000,29.47
0.024372,2.151000,-0.467000,-2.132000,-3.145000,367.710000,-159.206000,29.52
0.025110,2.471000,-0.560000,-2.132000,-2.885000,329.649000,-179.313000,29.42
0.025957,1.887000,-0.677000,-2.285000,2.824000,267.893000,-171.618000,29.47
0.026749,-0.755000,-1.793000,-2.826000,58.687000,132.046000,-112.702000,29.38
0.027477,0.544000,-3.262000,-3.395000,40.611000,4.489000,-26.687000,29.47
0.028183,-0.666000,-3.015000,-2.524000,-64.534000,-91.710000,3.511000,29.42
0.028900,-1.009000,-2.322000,-1.405000,-119.267000,-172.595000,45.603000,29.52
0.029620,-0.668000,-1.328000,-1.864000,-115.756000,-195.466000,57.908000,29.47
0.030455,-0.628000,-0.795000,-1.729000,-65.389000,-188.595000,73.466000,29.47
0.031427,-0.638000,-0.861000,-1.200000,-31.939000,-208.290000,67.679000,29.52
0.032250,-0.570000,-0.756000,-0.755000,-19.649000,-220.397000,49.710000,29.52
0.032767,-0.300000,-0.505000,-0.702000,-7.405000,-219.542000,34.580000,29.47
0.034157,0.064000,-0.495000,-0.863000,14.916000,-208.824000,33.817000,29.57
0.035243,0.364000,-0.628000,-0.948000,36.153000,-204.031000,42.779000,29.47
0.035833,0.491000,-0.650000,-0.980000,51.817000,-196.550000,57.389000,29.52
0.036319,0.639000,-0.498000,-1.037000,69.878000,-195.786000,75.496000,29.52
0.036800,0.810000,-0.295000,-1.003000,90.931000,-198.519000,92.580000,29.47
0.037284,0.933000,-0.136000,-0.990000,103.115000,-202.260000,103.099000,29.47
0.037768,1.052000,-0.043000,-0.962000,105.359000,-209.191000,106.565000,29.52
0.038237,1.109000,0.027000,-0.842000,96.489000,-209.985000,104.702000,29.52
0.038809,1.154000,0.154000,-0.837000,93.786000,-205.420000,102.489000,29.47
0.039383,1.281000,0.230000,-0.807000,105.374000,-186.947000,108.092000,29.57
0.039999,1.457000,0.264000,-0.908000,106.885000,-181.802000,114.168000,29.42
0.040609,1.712000,0.229000,-0.859000,103.420000,-184.733000,116.595000,29.57
0.041208,1.909000,0.244000,-0.701000,94.183000,-186.000000,113.802000,29.47
0.041821,2.041000,0.276000,-0.485000,76.107000,-168.061000,110.061000,29.47
0.042459,2.106000,0.300000,-0.214000,54.412000,-140.626000,105.344000,29.42
0.043568,2.103000,0.339000,0.032000,35.557000,-106.443000,99.389000,29.42
0.044424,1.997000,0.446000,0.237000,28.031000,-73.206000,90.687000,29.47
0.045147,2.018000,0.498000,0.171000,34.794000,-39.603000,77.237000,29.57
0.045760,2.025000,0.594000,0.029000,53.679000,-14.443000,62.595000,29.47
0.046346,2.021000,0.618000,-0.115000,74.916000,16.031000,46.382000,29.52
0.046922,2.008000,0.637000,-0.243000,95.679000,22.153000,30.718000,29.42
0.047509,1.976000,0.620000,-0.316000,104.702000,20.748000,14.443000,29.57
0.048088,1.830000,0.612000,-0.422000,108.550000,1.115000,-5.405000,29.47
0.048658,2.125000,0.813000,0.340000,72.687000,128.718000,-4.290000,29.42
0.049202,1.540000,0.833000,-0.526000,177.496000,-165.710000,-63.221000,29.42
0.049757,1.233000,0.823000,-0.213000,126.336000,-32.076000,-57.344000,29.47
0.050306,1.222000,0.756000,-0.368000,145.771000,-77.008000,-78.565000,29.47
0.051084,1.043000,0.607000,-0.320000,135.328000,-60.885000,-93.557000,29.52
0.051685,1.463000,0.055000,-0.333000,38.885000,-102.779000,-178.794000,29.42
0.052231,1.020000,1.134000,-0.309000,-41.695000,-87.328000,-207.710000,29.57
0.052792,1.382000,1.171000,-0.051000,-61.298000,-60.183000,-243.191000,29.47
0.053364,1.908000,1.043000,-0.170000,-88.397000,-42.504000,-252.718000,29.52
0.053927,2.217000,-0.955000,-0.171000,-121.328000,-134.305000,-191.450000,29.52
0.054492,0.529000,-0.825000,-0.103000,-75.374000,-60.260000,-51.832000,29.47
0.054991,-0.083000,1.684000,-1.878000,-72.702000,-49.374000,-44.565000,29.57
0.055464,0.329000,0.441000,-2.499000,-16.198000,-82.687000,-29.420000,29.57
0.055955,0.164000,-1.398000,-0.096000,-13.527000,-10.550000,-22.336000,29.52
0.056461,0.746000,-0.884000,-1.021000,-52.443000,32.809000,-38.198000,29.57
0.056942,0.328000,0.810000,-1.094000,-22.443000,21.740000,-32.458000,29.38
0.057391,0.861000,-0.246000,-0.844000,9.267000,31.725000,-15.481000,29.38
0.057842,0.646000,-0.275000,-0.726000,23.389000,10.702000,-9.160000,29.52
0.058293,0.516000,-0.254000,-0.812000,6.840000,12.397000,-10.183000,29.42
0.058754,0.666000,-0.412000,-0.818000,-1.282000,-11.359000,-10.840000,29.47
0.059379,0.552000,-0.255000,-0.821000,-5.359000,-24.977000,-11.511000,29.57
0.059954,0.479000,-0.204000,-0.834000,-6.122000,-15.802000,-10.962000,29.42
0.060443,0.494000,-0.219000,-0.842000,-12.290000,-3.023000,-11.282000,29.52
0.061041,0.500000,-0.206000,-0.850000,-14.244000,-0.901000,-11.450000,29.47
0.061548,0.468000,-0.206000,-0.874000,-14.748000,-1.435000,-12.046000,29.47
0.062029,0.498000,-0.228000,-0.857000,-15.649000,-0.977000,-12.565000,29.57
0.062624,0.530000,-0.192000,-0.858000,-17.359000,0.427000,-12.611000,29.52
0.063343,0.535000,-0.155000,-0.868000,-16.672000,1.557000,-10.855000,29.42
0.063899,0.532000,-0.132000,-0.862000,-13.435000,2.351000,-7.969000,29.47
0.064403,0.496000,-0.136000,-0.871000,-9.786000,4.534000,-4.962000,29.47
0.064876,0.506000,-0.153000,-0.857000,-7.099000,5.130000,-3.282000,29.52
0.065334,0.510000,-0.156000,-0.855000,-5.557000,5.603000,-2.229000,29.42
0.065801,0.522000,-0.155000,-0.845000,-4.321000,6.687000,-0.931000,29.57
0.066260,0.499000,-0.174000,-0.852000,-3.863000,7.405000,-0.137000,29.47
0.066707,0.517000,-0.162000,-0.856000,-3.664000,7.695000,0.015000,29.52
0.067156,0.511000,-0.181000,-0.844000,-3.756000,5.191000,0.046000,29.42
0.067613,0.502000,-0.177000,-0.849000,-3.420000,4.550000,0.122000,29.47
0.068067,0.501000,-0.194000,-0.854000,-3.420000,4.489000,0.550000,29.47
0.068532,0.551000,-0.184000,-0.876000,0.031000,-6.183000,-0.382000,29.57
0.068996,0.512000,-0.191000,-0.837000,-1.069000,0.733000,0.198000,29.42
0.069452,0.519000,-0.173000,-0.849000,-1.115000,0.031000,1.130000,29.57
0.069895,0.513000,-0.175000,-0.841000,-1.756000,3.038000,1.786000,29.47
0.070354,0.505000,-0.156000,-0.856000,-1.008000,1.359000,1.756000,29.47
0.070882,0.497000,-0.174000,-0.844000,0.229000,-0.443000,2.229000,29.52
0.071380,0.489000,-0.185000,-0.851000,0.473000,-1.557000,2.275000,29.42
0.071857,0.487000,-0.192000,-0.841000,-0.351000,-1.679000,1.969000,29.47
0.072338,0.492000,-0.196000,-0.854000,-0.611000,-0.550000,1.603000,29.47
0.072918,0.505000,-0.206000,-0.839000,-0.916000,0.397000,1.496000,29.42
0.073538,0.517000,-0.202000,-0.845000,-0.626000,0.519000,1.481000,29.42
0.074014,0.505000,-0.192000,-0.854000,1.008000,1.618000,1.969000,29.47
0.074481,0.521000,-0.187000,-0.864000,2.153000,3.435000,2.931000,29.47
0.074996,0.517000,-0.195000,-0.862000,2.565000,2.550000,3.847000,29.52
0.075485,0.510000,-0.184000,-0.865000,3.542000,2.000000,4.122000,29.52
0.076003,0.503000,-0.189000,-0.869000,6.092000,-0.870000,4.687000,29.47
0.076479,0.473000,-0.180000,-0.835000,6.992000,1.756000,5.618000,29.47
0.076949,0.482000,-0.166000,-0.847000,10.061000,1.527000,6.534000,29.42
0.077411,0.498000,-0.177000,-0.872000,10.366000,3.573000,7.679000,29.47
0.077867,0.490000,-0.195000,-0.871000,11.038000,3.313000,8.260000,29.47
0.078329,0.482000,-0.244000,-0.862000,7.160000,6.794000,7.756000,29.47
0.078793,0.467000,-0.292000,-0.820000,1.985000,7.191000,4.901000,29.42
0.079240,0.502000,-0.300000,-0.801000,-3.908000,9.542000,1.298000,29.42
0.079679,0.520000,-0.280000,-0.797000,-7.939000,7.282000,-0.962000,29.47
0.080133,0.506000,-0.283000,-0.783000,-11.817000,4.183000,-2.763000,29.47
0.080596,0.459000,-0.268000,-0.794000,-16.458000,2.641000,-5.206000,29.52
0.081050,0.472000,-0.264000,-0.804000,-20.794000,2.214000,-7.985000,29.42
0.081506,0.492000,-0.229000,-0.811000,-22.809000,2.137000,-9.420000,29.57
0.081966,0.491000,-0.188000,-0.824000,-23.618000,3.740000,-9.008000,29.47
0.082425,0.479000,-0.156000,-0.846000,-20.702000,2.656000,-7.527000,29.52
0.082982,0.446000,-0.092000,-0.896000,-18.168000,17.542000,-4.443000,29.52
0.083592,0.474000,-0.160000,-0.872000,-15.527000,9.908000,-6.489000,29.47
0.084082,0.459000,-0.170000,-0.850000,-11.099000,10.427000,-5.878000,29.47
0.084597,0.444000,-0.184000,-0.869000,-13.267000,18.656000,-7.053000,29.42
0.085146,0.447000,-0.181000,-0.869000,-16.977000,22.427000,-10.244000,29.47
0.085614,0.429000,-0.210000,-0.861000,-19.985000,25.863000,-15.863000,29.47
0.086062,0.423000,-0.222000,-0.876000,-20.397000,33.802000,-17.115000,29.57
0.086526,0.490000,-0.152000,-0.872000,-18.519000,38.962000,-20.794000,29.52
0.086976,0.388000,0.160000,-0.874000,-9.405000,39.130000,-36.427000,29.52
0.087429,0.563000,0.289000,-1.025000,46.718000,44.244000,-71.191000,29.47
0.087868,0.489000,-0.129000,-0.855000,64.947000,6.305000,-108.260000,29.57
0.088309,0.569000,-0.361000,-0.719000,86.458000,5.878000,-130.855000,29.52
0.088750,0.550000,-0.197000,-0.826000,94.260000,3.053000,-150.489000,29.42
0.089196,0.545000,-0.076000,-0.799000,103.740000,3.099000,-168.550000,29.47
0.089628,0.577000,-0.140000,-0.858000,119.069000,-0.031000,-187.481000,29.47
0.090060,0.597000,-0.206000,-0.792000,130.183000,-8.290000,-204.580000,29.52
0.090493,0.596000,-0.237000,-0.753000,141.924000,-15.176000,-219.191000,29.33
0.091040,0.632000,-0.217000,-0.769000,150.076000,-23.191000,-232.702000,29.47
0.091616,0.646000,-0.209000,-0.752000,157.206000,-29.038000,-246.122000,29.38
0.092117,0.657000,-0.218000,-0.725000,164.168000,-32.748000,-257.359000,29.42
0.092597,0.670000,-0.197000,-0.733000,172.565000,-38.000000,-266.901000,29.57
0.093119,0.674000,-0.193000,-0.730000,179.664000,-42.824000,-273.969000,29.38
0.093699,0.662000,-0.192000,-0.728000,183.725000,-45.832000,-279.710000,29.47
0.094221,0.658000,-0.190000,-0.719000,185.740000,-46.641000,-282.901000,29.52
0.094704,0.644000,-0.156000,-0.745000,188.656000,-47.817000,-284.229000,29.42
0.095167,0.630000,-0.136000,-0.765000,190.504000,-51.435000,-284.122000,29.47
0.095636,0.604000,-0.150000,-0.753000,191.710000,-52.397000,-281.786000,29.47
0.096153,0.605000,-0.153000,-0.780000,190.947000,-53.740000,-277.924000,29.42
0.096729,0.588000,-0.168000,-0.772000,187.954000,-53.847000,-272.870000,29.42
0.097199,0.592000,-0.176000,-0.796000,181.389000,-54.565000,-267.969000,29.38
0.097648,0.579000,-0.167000,-0.789000,175.328000,-56.412000,-261.924000,29.57
0.098098,0.567000,-0.122000,-0.794000,173.313000,-54.916000,-254.977000,29.52
0.098547,0.540000,-0.094000,-0.830000,171.634000,-53.573000,-248.534000,29.42
0.098996,0.525000,-0.107000,-0.826000,169.206000,-50.107000,-240.336000,29.47
0.099440,0.514000,-0.152000,-0.845000,165.176000,-47.832000,-230.580000,29.47
0.099934,0.505000,-0.177000,-0.852000,156.916000,-44.000000,-218.260000,29.42
0.100402,0.492000,-0.192000,-0.852000,146.611000,-43.420000,-204.290000,29.52
0.100844,0.481000,-0.178000,-0.859000,135.313000,-42.137000,-188.656000,29.47
0.101290,0.485000,-0.140000,-0.865000,124.412000,-40.550000,-171.191000,29.47
0.101751,0.496000,-0.129000,-0.871000,112.366000,-39.817000,-153.206000,29.52
0.102215,0.489000,-0.136000,-0.873000,98.260000,-40.366000,-133.802000,29.42
0.102660,0.503000,-0.137000,-0.857000,84.137000,-38.870000,-114.122000,29.38
0.103214,0.517000,-0.123000,-0.856000,70.534000,-38.351000,-93.252000,29.47
0.103826,0.529000,-0.090000,-0.845000,58.687000,-38.504000,-73.221000,29.42
0.104320,0.561000,-0.096000,-0.846000,45.389000,-39.099000,-52.626000,29.42
0.104880,0.565000,-0.106000,-0.815000,32.733000,-39.588000,-31.603000,29.52
0.105349,0.600000,-0.105000,-0.872000,23.282000,-41.237000,-10.382000,29.47
0.105783,0.496000,-0.063000,-0.779000,14.489000,-36.061000,10.458000,29.47
0.106205,0.540000,0.015000,-0.821000,26.916000,-32.351000,19.084000,29.42
0.106623,0.488000,0.015000,-0.958000,33.954000,-30.107000,23.466000,29.52
0.107066,0.448000,-0.274000,-0.855000,29.695000,-39.573000,15.053000,29.38
0.107512,0.453000,-0.469000,-0.790000,25.695000,-24.519000,13.573000,29.52
0.107942,0.379000,-0.462000,-0.751000,19.924000,-8.977000,9.099000,29.33
0.108351,0.400000,-0.344000,-0.813000,8.229000,5.695000,3.863000,29.42
0.108767,0.443000,-0.251000,-0.823000,3.802000,10.458000,1.771000,29.47
0.109178,0.522000,-0.150000,-0.854000,4.947000,7.634000,2.550000,29.47
0.109592,0.535000,-0.157000,-0.826000,7.160000,2.137000,5.466000,29.42
0.110004,0.514000,-0.226000,-0.814000,10.092000,0.260000,6.672000,29.47
0.110418,0.491000,-0.276000,-0.772000,7.191000,2.046000,6.000000,29.47
0.110829,0.490000,-0.328000,-0.778000,2.519000,1.649000,2.275000,29.38
0.111247,0.469000,-0.267000,-0.807000,-1.618000,5.115000,-0.809000,29.42
0.111690,0.464000,-0.196000,-0.840000,-1.084000,3.252000,-2.290000,29.52
0.112123,0.461000,-0.157000,-0.841000,3.176000,1.557000,-1.725000,29.47
0.112564,0.477000,-0.125000,-0.874000,6.046000,3.481000,-0.794000,29.47
0.113091,0.460000,-0.116000,-0.883000,9.374000,7.267000,-0.061000,29.52
0.113683,0.443000,-0.137000,-0.894000,12.198000,10.947000,0.580000,29.52
0.114151,0.502000,-0.163000,-0.874000,13.557000,12.305000,1.252000,29.47
0.114602,0.515000,-0.173000,-0.881000,14.779000,12.931000,2.885000,29.47
0.115046,0.521000,-0.188000,-0.851000,15.786000,13.496000,4.046000,29.42
0.115491,0.513000,-0.235000,-0.824000,15.969000,12.183000,4.305000,29.52
0.115930,0.512000,-0.264000,-0.820000,14.565000,12.473000,3.115000,29.38
0.116375,0.493000,-0.240000,-0.825000,12.351000,12.809000,1.603000,29.57
0.116863,0.500000,-0.235000,-0.831000,10.947000,14.153000,0.473000,29.52
0.117310,0.526000,-0.245000,-0.844000,9.206000,14.260000,-0.611000,29.52
0.117724,0.523000,-0.244000,-0.838000,8.107000,13.069000,-1.374000,29.38
0.118155,0.530000,-0.223000,-0.847000,6.763000,13.985000,-1.130000,29.38
0.118574,0.527000,-0.227000,-0.843000,7.084000,12.656000,-0.870000,29.47
0.118992,0.524000,-0.226000,-0.827000,6.611000,13.191000,-0.611000,29.52
0.119406,0.515000,-0.240000,-0.832000,5.405000,13.008000,-0.748000,29.47
0.119824,0.524000,-0.249000,-0.829000,4.244000,12.885000,-1.023000,29.47
0.120241,0.529000,-0.259000,-0.814000,2.702000,11.649000,-2.076000,29.47
0.120657,0.521000,-0.262000,-0.811000,0.672000,10.870000,-3.679000,29.42
0.121091,0.529000,-0.267000,-0.816000,-1.191000,9.557000,-5.435000,29.52
0.121535,0.524000,-0.263000,-0.813000,-3.084000,8.321000,-6.794000,29.47
0.122077,0.521000,-0.257000,-0.809000,-4.931000,6.153000,-8.443000,29.47
0.122550,0.540000,-0.247000,-0.811000,-6.275000,4.855000,-9.420000,29.52
0.123050,0.540000,-0.240000,-0.820000,-7.069000,3.908000,-9.618000,29.52
0.123647,0.543000,-0.229000,-0.803000,-7.115000,2.794000,-9.176000,29.47
0.124104,0.540000,-0.210000,-0.823000,-6.015000,2.443000,-8.092000,29.47
0.124552,0.528000,-0.213000,-0.826000,-5.069000,2.031000,-7.023000,29.52
0.125032,0.528000,-0.209000,-0.828000,-4.137000,2.672000,-6.076000,29.52
0.125468,0.538000,-0.206000,-0.836000,-3.710000,3.084000,-4.916000,29.47
0.125905,0.531000,-0.201000,-0.824000,-2.718000,3.282000,-3.817000,29.38
0.126344,0.538000,-0.210000,-0.828000,-2.183000,2.977000,-2.962000,29.52
0.126826,0.529000,-0.210000,-0.820000,-1.511000,2.504000,-2.229000,29.47
0.127266,0.535000,-0.218000,-0.804000,-2.336000,4.092000,-1.710000,29.47
0.127682,0.517000,-0.229000,-0.808000,-1.344000,3.344000,-1.985000,29.57
0.128109,0.542000,-0.225000,-0.823000,-1.252000,2.031000,-2.061000,29.52
0.128524,0.526000,-0.232000,-0.802000,-2.061000,3.221000,-2.229000,29.52
0.128932,0.537000,-0.218000,-0.820000,-3.023000,1.603000,-2.977000,29.47
0.129352,0.535000,-0.230000,-0.818000,-4.244000,0.198000,-2.824000,29.47
0.129792,0.526000,-0.224000,-0.816000,-4.931000,-3.176000,-2.992000,29.42
0.130225,0.536000,-0.215000,-0.823000,-5.206000,-2.046000,-2.901000,29.52
0.130649,0.534000,-0.213000,-0.823000,-5.023000,-1.023000,-2.733000,29.47
0.131066,0.536000,-0.212000,-0.815000,-3.740000,-1.802000,-1.786000,29.47
0.131481,0.528000,-0.207000,-0.821000,-2.885000,-1.145000,-0.885000,29.42
0.131909,0.522000,-0.215000,-0.822000,-1.511000,-1.511000,0.061000,29.52
0.132330,0.516000,-0.214000,-0.825000,-1.038000,0.748000,0.443000,29.57
0.132747,0.512000,-0.209000,-0.830000,-0.565000,2.214000,1.008000,29.47
0.133225,0.517000,-0.201000,-0.834000,0.153000,2.595000,1.405000,29.61
0.133748,0.526000,-0.201000,-0.844000,1.328000,3.786000,2.107000,29.38
0.134182,0.530000,-0.211000,-0.832000,1.908000,5.695000,3.053000,29.47
0.134620,0.531000,-0.228000,-0.849000,1.924000,6.809000,3.191000,29.38
0.135048,0.532000,-0.263000,-0.826000,0.336000,8.397000,2.611000,29.33
0.135487,0.547000,-0.266000,-0.810000,-1.740000,8.870000,1.863000,29.42
0.135913,0.555000,-0.242000,-0.826000,-3.115000,8.672000,1.908000,29.47
0.136346,0.553000,-0.240000,-0.831000,-4.519000,8.015000,2.260000,29.38
0.136837,0.545000,-0.232000,-0.821000,-5.924000,7.496000,2.641000,29.52
0.137311,0.525000,-0.229000,-0.805000,-4.840000,8.000000,3.237000,29.42
0.137752,0.507000,-0.235000,-0.798000,-4.397000,9.802000,2.885000,29.47
0.138200,0.492000,-0.230000,-0.797000,-3.664000,11.863000,2.840000,29.47
0.138672,0.492000,-0.240000,-0.836000,-3.908000,18.092000,3.099000,29.42
0.139128,0.519000,-0.228000,-0.835000,-4.260000,21.603000,2.611000,29.42
0.139545,0.515000,-0.258000,-0.776000,-0.351000,32.733000,2.153000,29.47
0.139961,0.490000,-0.249000,-0.870000,-3.359000,23.588000,-2.061000,29.47
0.140376,0.459000,-0.278000,-0.824000,-3.237000,39.160000,-3.069000,29.42
0.140789,0.547000,-0.256000,-0.954000,1.939000,41.145000,-3.786000,29.47
0.141208,0.526000,-0.266000,-0.928000,20.397000,48.076000,-7.237000,29.47
0.141623,0.495000,-0.221000,-0.925000,57.267000,48.015000,-16.504000,29.47
0.142060,0.459000,-0.177000,-1.025000,97.863000,29.664000,-35.863000,29.52
0.142492,0.356000,-0.457000,-0.905000,98.794000,23.527000,-46.275000,29.42
0.142966,0.382000,-0.148000,-0.946000,107.893000,10.992000,-60.489000,29.47
0.143472,0.374000,0.051000,-1.091000,124.534000,3.802000,-85.115000,29.38
0.143922,0.348000,0.067000,-1.179000,142.137000,0.855000,-108.351000,29.52
0.144376,0.330000,-0.036000,-1.114000,168.687000,-10.947000,-134.443000,29.52
0.144831,0.346000,-0.146000,-1.060000,187.893000,-41.771000,-158.382000,29.52
0.145285,0.471000,-0.135000,-0.982000,196.748000,-63.710000,-184.504000,29.47
0.145735,0.538000,-0.334000,-0.746000,202.275000,-78.305000,-201.939000,29.47
0.146188,0.547000,-0.516000,-0.644000,190.840000,-93.893000,-217.511000,29.42
0.146688,0.458000,-0.494000,-0.912000,149.023000,-110.412000,-230.611000,29.42
0.147172,0.122000,-0.269000,-0.969000,124.198000,-131.618000,-237.298000,29.38
0.147637,0.388000,-0.049000,-1.265000,101.221000,-151.023000,-253.282000,29.47
0.148081,0.218000,-0.244000,-1.042000,103.038000,-157.130000,-246.458000,29.52
0.148530,0.177000,-0.334000,-0.814000,100.534000,-169.053000,-238.046000,29.52
0.148971,0.124000,-0.372000,-0.698000,92.947000,-162.489000,-227.679000,29.47
0.149447,0.077000,-0.336000,-0.623000,81.832000,-142.366000,-219.542000,29.57
0.149885,0.144000,-0.311000,-0.668000,71.084000,-110.305000,-212.107000,29.52
0.150309,0.201000,-0.318000,-0.702000,66.916000,-95.191000,-204.031000,29.47
0.150740,0.327000,-0.341000,-0.801000,68.855000,-83.344000,-192.656000,29.47
0.151167,0.479000,-0.397000,-0.939000,79.023000,-80.015000,-174.000000,29.47
0.151597,0.605000,-0.408000,-0.988000,91.908000,-74.260000,-146.534000,29.42
0.152024,0.665000,-0.435000,-0.893000,103.405000,-66.473000,-114.840000,29.52
0.152452,0.636000,-0.450000,-0.726000,107.252000,-58.718000,-85.069000,29.57
0.152987,0.592000,-0.466000,-0.529000,98.595000,-44.214000,-60.076000,29.47
0.153546,0.582000,-0.392000,-0.425000,84.595000,-22.763000,-41.405000,29.52
0.153999,0.566000,-0.242000,-0.018000,-5.710000,25.389000,-49.023000,29.42
0.154445,0.944000,0.401000,-0.034000,-25.573000,40.305000,-36.290000,29.47
0.154921,1.730000,0.750000,-0.316000,-69.069000,54.580000,-62.550000,29.47
0.155373,1.752000,1.523000,-0.424000,-99.817000,50.916000,-84.504000,29.42
0.155804,1.355000,1.831000,-1.143000,-106.046000,27.740000,-76.137000,29.52
0.156214,1.808000,0.105000,-1.718000,-57.603000,8.550000,-5.313000,29.47
0.156644,0.746000,-0.385000,-0.907000,29.084000,-36.855000,36.855000,29.47
0.157073,-0.189000,-0.363000,-0.321000,-2.427000,-61.084000,10.336000,29.42
0.157502,0.466000,-0.455000,-1.261000,32.611000,-38.397000,-14.015000,29.42
0.157942,0.296000,-0.401000,-0.608000,1.679000,-5.557000,-11.527000,29.38
0.158390,0.641000,-0.390000,-0.807000,-1.053000,-13.603000,-20.779000,29.57
0.158815,0.627000,-0.035000,-0.924000,6.763000,-10.153000,-14.962000,29.52
0.159245,0.464000,0.019000,-0.920000,14.702000,-8.107000,-10.534000,29.52
0.159664,0.446000,-0.184000,-0.854000,17.985000,-0.748000,-8.183000,29.38
0.160084,0.573000,-0.311000,-0.828000,12.840000,6.672000,-10.153000,29.57
0.160501,0.565000,-0.179000,-0.853000,10.672000,8.031000,-9.985000,29.47
0.160916,0.531000,-0.102000,-0.885000,14.321000,3.328000,-7.649000,29.52
0.161332,0.537000,-0.176000,-0.864000,14.443000,3.710000,-5.008000,29.42
0.161744,0.513000,-0.163000,-0.861000,11.786000,9.145000,-2.947000,29.57
0.162167,0.495000,-0.176000,-0.853000,10.870000,14.565000,-2.137000,29.57
0.162586,0.503000,-0.216000,-0.831000,9.023000,16.489000,-2.214000,29.42
0.163094,0.521000,-0.215000,-0.837000,7.084000,15.969000,-3.038000,29.52
0.163538,0.509000,-0.221000,-0.821000,5.466000,14.565000,-4.244000,29.47
0.163965,0.524000,-0.243000,-0.826000,2.580000,12.519000,-6.137000,29.38
0.164385,0.538000,-0.226000,-0.834000,-0.840000,11.557000,-6.992000,29.52
0.164807,0.543000,-0.216000,-0.832000,-3.053000,10.305000,-7.130000,29.42
0.165222,0.541000,-0.192000,-0.831000,-4.489000,9.542000,-6.855000,29.47
0.165640,0.542000,-0.184000,-0.832000,-4.076000,8.855000,-6.611000,29.38
0.166059,0.551000,-0.147000,-0.840000,-4.092000,4.580000,-5.802000,29.61
0.166476,0.513000,-0.193000,-0.818000,-2.656000,12.595000,-5.023000,29.47
0.166885,0.543000,-0.186000,-0.832000,-0.137000,4.687000,-5.359000,29.57
0.167302,0.523000,-0.171000,-0.845000,-0.427000,4.916000,-5.420000,29.47
0.167735,0.559000,-0.173000,-0.836000,-1.542000,6.473000,-4.275000,29.42
0.168176,0.534000,-0.173000,-0.830000,-1.282000,3.710000,-3.817000,29.42
0.168600,0.533000,-0.187000,-0.828000,-1.908000,5.832000,-3.679000,29.47
0.169028,0.524000,-0.190000,-0.828000,-2.275000,7.420000,-3.557000,29.47
0.169452,0.532000,-0.182000,-0.815000,-1.282000,5.206000,-3.466000,29.42
0.169868,0.533000,-0.178000,-0.822000,-0.595000,3.847000,-3.542000,29.52
0.170281,0.525000,-0.195000,-0.817000,-1.466000,4.672000,-3.740000,29.47
0.170699,0.535000,-0.175000,-0.819000,-1.481000,3.817000,-3.817000,29.47
0.171114,0.533000,-0.173000,-0.825000,-1.771000,4.290000,-3.588000,29.61
0.171537,0.537000,-0.169000,-0.822000,-1.389000,3.863000,-2.901000,29.52
0.171973,0.532000,-0.167000,-0.828000,-1.145000,4.427000,-2.321000,29.47
0.172414,0.533000,-0.172000,-0.820000,-0.626000,5.282000,-1.740000,29.47
0.172852,0.527000,-0.169000,-0.821000,0.153000,5.893000,-1.145000,29.42
0.173388,0.524000,-0.165000,-0.831000,0.718000,6.595000,-0.580000,29.52
0.173995,0.541000,-0.176000,-0.828000,0.504000,8.000000,-0.061000,29.57
0.174452,0.535000,-0.176000,-0.815000,0.855000,6.962000,-0.092000,29.47
0.174941,0.545000,-0.186000,-0.816000,0.687000,7.008000,-0.336000,29.42
0.175395,0.535000,-0.183000,-0.822000,-0.290000,8.458000,0.046000,29.42
0.175845,0.540000,-0.198000,-0.826000,-0.366000,6.794000,-0.611000,29.57
0.176328,0.541000,-0.192000,-0.822000,-1.573000,6.473000,-0.809000,29.47
0.176769,0.545000,-0.195000,-0.824000,-2.244000,5.969000,-1.328000,29.52
0.177206,0.553000,-0.223000,-0.820000,-4.092000,5.191000,-2.412000,29.52
0.177655,0.551000,-0.198000,-0.827000,-5.282000,4.580000,-3.206000,29.47
0.178156,0.550000,-0.191000,-0.826000,-6.214000,4.031000,-3.527000,29.47
0.178637,0.560000,-0.201000,-0.821000,-7.344000,3.511000,-4.031000,29.47
0.179089,0.549000,-0.201000,-0.819000,-8.122000,2.473000,-4.351000,29.52
0.179537,0.553000,-0.195000,-0.823000,-9.145000,1.924000,-4.901000,29.52
0.179991,0.542000,-0.193000,-0.830000,-10.076000,1.557000,-5.115000,29.57
0.180488,0.540000,-0.189000,-0.820000,-10.672000,1.954000,-5.573000,29.47
0.180934,0.544000,-0.174000,-0.817000,-11.282000,2.366000,-5.725000,29.52
0.181356,0.542000,-0.159000,-0.812000,-11.252000,2.748000,-5.435000,29.42
0.181776,0.528000,-0.156000,-0.816000,-10.534000,3.282000,-4.992000,29.57
0.182197,0.537000,-0.154000,-0.828000,-10.061000,3.466000,-4.534000,29.47
0.182613,0.539000,-0.152000,-0.830000,-9.649000,3.557000,-3.863000,29.52
0.183041,0.544000,-0.155000,-0.823000,-9.099000,3.847000,-3.145000,29.47
0.183474,0.532000,-0.141000,-0.822000,-8.458000,3.557000,-2.473000,29.47
0.183893,0.539000,-0.158000,-0.820000,-8.092000,3.634000,-2.351000,29.57
0.184318,0.543000,-0.166000,-0.816000,-8.015000,2.992000,-2.366000,29.52
0.184737,0.548000,-0.164000,-0.817000,-8.443000,2.382000,-2.458000,29.42
0.185155,0.538000,-0.176000,-0.811000,-8.824000,1.405000,-3.130000,29.38
0.185575,0.544000,-0.165000,-0.822000,-9.267000,0.611000,-3.481000,29.42
0.185996,0.539000,-0.164000,-0.821000,-9.053000,0.031000,-3.313000,29.42
0.186514,0.535000,-0.153000,-0.821000,-9.099000,-0.290000,-3.664000,29.38
0.187088,0.534000,-0.158000,-0.818000,-8.931000,-0.137000,-3.435000,29.47
0.187552,0.529000,-0.164000,-0.822000,-8.916000,0.382000,-3.359000,29.47
0.188154,0.525000,-0.155000,-0.825000,-8.672000,1.405000,-3.740000,29.42
0.188770,0.529000,-0.162000,-0.838000,-8.763000,3.145000,-3.985000,29.42
0.189284,0.535000,-0.158000,-0.831000,-8.534000,3.649000,-3.878000,29.47
0.189747,0.540000,-0.146000,-0.826000,-8.550000,3.924000,-3.954000,29.38
0.190195,0.536000,-0.129000,-0.831000,-7.634000,3.573000,-3.740000,29.42
0.190624,0.541000,-0.139000,-0.826000,-7.374000,4.092000,-3.405000,29.47
0.191042,0.544000,-0.147000,-0.824000,-6.626000,3.450000,-3.099000,29.57
0.191466,0.544000,-0.140000,-0.833000,-6.122000,2.473000,-2.916000,29.47
0.191887,0.549000,-0.133000,-0.823000,-5.328000,1.710000,-3.405000,29.52
0.192309,0.552000,-0.155000,-0.804000,-5.252000,0.290000,-3.328000,29.52
0.192757,0.543000,-0.130000,-0.827000,-5.603000,1.695000,-2.916000,29.47
0.193188,0.537000,-0.150000,-0.815000,-5.069000,1.267000,-3.237000,29.38
0.193613,0.539000,-0.124000,-0.834000,-4.824000,-0.244000,-3.466000,29.42
0.194050,0.538000,-0.140000,-0.819000,-6.214000,1.740000,-3.099000,29.42
0.194487,0.543000,-0.129000,-0.824000,-6.351000,1.924000,-2.443000,29.47
0.194912,0.544000,-0.127000,-0.829000,-6.458000,2.137000,-1.817000,29.47
0.195329,0.538000,-0.121000,-0.823000,-5.435000,1.603000,-1.450000,29.52
0.195755,0.533000,-0.138000,-0.830000,-4.885000,1.939000,-1.405000,29.42
0.196174,0.530000,-0.135000,-0.833000,-4.046000,1.053000,-1.252000,29.57
0.196745,0.538000,-0.132000,-0.838000,-3.649000,1.740000,-1.405000,29.47
0.197215,0.538000,-0.144000,-0.830000,-3.725000,2.718000,-1.557000,29.61
0.197666,0.537000,-0.141000,-0.826000,-3.695000,2.733000,-1.924000,29.47
0.198089,0.536000,-0.143000,-0.827000,-4.092000,3.740000,-2.122000,29.47
0.198509,0.528000,-0.131000,-0.826000,-4.122000,4.076000,-2.656000,29.47
0.198944,0.548000,-0.128000,-0.847000,-1.145000,2.931000,-4.198000,29.52
0.199426,0.564000,-0.221000,-0.780000,-4.580000,5.924000,-3.863000,29.42
0.199861,0.550000,-0.098000,-0.851000,-4.000000,2.183000,-3.481000,29.47
0.200279,0.541000,-0.117000,-0.833000,-3.969000,-0.702000,-2.901000,29.47
0.200695,0.549000,-0.144000,-0.830000,-5.069000,2.550000,-2.977000,29.42
0.201114,0.544000,-0.126000,-0.833000,-3.725000,2.275000,-2.473000,29.42
0.201544,0.534000,-0.129000,-0.833000,-2.427000,-0.168000,-2.122000,29.57
0.201959,0.558000,-0.122000,-0.849000,-2.305000,4.427000,-1.206000,29.47
0.202376,0.550000,-0.123000,-0.825000,-1.557000,1.695000,-0.626000,29.52
0.202795,0.534000,-0.119000,-0.828000,-1.756000,3.817000,0.046000,29.52
0.203220,0.551000,-0.146000,-0.832000,-0.214000,-0.794000,0.214000,29.57
0.203644,0.542000,-0.120000,-0.829000,-0.763000,2.275000,0.855000,29.47
0.204078,0.534000,-0.126000,-0.831000,-0.977000,3.481000,1.160000,29.42
0.204614,0.539000,-0.130000,-0.821000,-1.557000,3.863000,1.053000,29.42
0.205241,0.540000,-0.130000,-0.823000,-1.053000,3.008000,1.069000,29.47
0.205707,0.540000,-0.133000,-0.825000,-0.794000,1.573000,0.962000,29.47
0.206148,0.544000,-0.130000,-0.838000,-1.969000,2.855000,0.840000,29.42
0.206569,0.539000,-0.141000,-0.823000,-2.702000,3.374000,0.718000,29.42
0.206985,0.536000,-0.131000,-0.826000,-1.466000,0.000000,0.748000,29.47
0.207402,0.534000,-0.133000,-0.827000,-1.847000,-0.229000,0.565000,29.47
0.207821,0.531000,-0.141000,-0.815000,-2.534000,2.397000,0.504000,29.52
0.208242,0.536000,-0.135000,-0.819000,-2.305000,0.046000,0.351000,29.52
0.208681,0.538000,-0.139000,-0.834000,-3.420000,1.252000,-0.137000,29.47
0.209118,0.535000,-0.134000,-0.835000,-2.870000,0.687000,-0.351000,29.47
0.209552,0.534000,-0.144000,-0.841000,-3.160000,1.374000,-0.687000,29.42
0.209980,0.542000,-0.134000,-0.832000,-3.313000,0.672000,-0.901000,29.52
0.210425,0.537000,-0.134000,-0.835000,-3.466000,0.473000,-0.901000,29.47
0.210852,0.538000,-0.134000,-0.832000,-3.527000,0.779000,-1.099000,29.47
0.211272,0.535000,-0.135000,-0.828000,-3.664000,0.336000,-1.176000,29.52
0.211694,0.534000,-0.126000,-0.829000,-2.962000,0.015000,-0.947000,29.42
0.212128,0.540000,-0.128000,-0.833000,-2.550000,-0.168000,-0.718000,29.57
0.212573,0.533000,-0.122000,-0.850000,-2.336000,-0.534000,-0.489000,29.47
0.212990,0.540000,-0.131000,-0.830000,-2.656000,-0.046000,0.122000,29.47
0.213418,0.529000,-0.124000,-0.826000,-1.832000,-0.305000,0.397000,29.42
0.213856,0.538000,-0.125000,-0.835000,-2.427000,0.366000,0.840000,29.47
0.214291,0.536000,-0.122000,-0.829000,-2.092000,0.382000,0.931000,29.47
0.214707,0.535000,-0.115000,-0.836000,-1.053000,-1.389000,1.008000,29.47
0.215231,0.536000,-0.115000,-0.845000,-0.763000,-0.351000,1.237000,29.52
0.215790,0.521000,-0.116000,-0.842000,0.046000,-0.137000,1.374000,29.52
0.216237,0.546000,-0.134000,-0.839000,0.458000,-0.489000,1.405000,29.57
0.216675,0.527000,-0.120000,-0.826000,0.687000,0.076000,1.802000,29.38
0.217109,0.528000,-0.130000,-0.838000,0.626000,-0.168000,2.092000,29.33
0.217583,0.532000,-0.123000,-0.837000,1.420000,-1.038000,2.550000,29.52
0.218084,0.524000,-0.124000,-0.832000,1.496000,-0.260000,2.763000,29.57
0.218535,0.527000,-0.129000,-0.835000,1.573000,0.229000,2.870000,29.47
0.219040,0.526000,-0.130000,-0.846000,2.122000,-0.046000,2.656000,29.52
0.219491,0.530000,-0.142000,-0.843000,2.107000,-0.244000,2.870000,29.52
0.219929,0.530000,-0.143000,-0.834000,2.351000,0.183000,2.977000,29.57
0.220356,0.548000,-0.166000,-0.826000,2.779000,0.687000,3.420000,29.47
0.220787,0.558000,-0.233000,-0.825000,4.855000,2.244000,4.550000,29.42
0.221227,0.514000,-0.122000,-0.840000,2.305000,-0.046000,3.008000,29.52
0.221706,0.526000,-0.168000,-0.835000,1.573000,2.550000,3.160000,29.47
0.222192,0.526000,-0.148000,-0.846000,2.366000,1.237000,2.824000,29.47
0.222637,0.511000,-0.151000,-0.833000,2.382000,0.229000,2.641000,29.52
0.223065,0.515000,-0.149000,-0.840000,1.389000,1.924000,2.260000,29.42
0.223484,0.522000,-0.153000,-0.833000,1.176000,2.092000,1.817000,29.47
0.223943,0.530000,-0.153000,-0.835000,0.916000,2.092000,1.863000,29.47
0.224439,0.521000,-0.147000,-0.842000,0.397000,2.107000,1.802000,29.47
0.224872,0.523000,-0.158000,-0.842000,0.198000,2.443000,1.618000,29.42
0.225390,0.520000,-0.160000,-0.838000,-0.244000,2.763000,1.359000,29.52
0.225987,0.525000,-0.152000,-0.838000,-0.275000,2.779000,1.344000,29.38
0.226471,0.521000,-0.151000,-0.843000,-0.092000,2.550000,1.145000,29.47
0.226908,0.526000,-0.152000,-0.835000,-0.702000,2.595000,1.130000,29.52
0.227315,0.519000,-0.141000,-0.843000,-0.305000,2.412000,1.069000,29.52
0.227720,0.528000,-0.141000,-0.838000,-0.275000,2.489000,1.145000,29.47
0.228128,0.522000,-0.146000,-0.833000,0.244000,1.511000,1.267000,29.47
0.228537,0.516000,-0.151000,-0.848000,-0.061000,1.511000,1.389000,29.42
0.228957,0.523000,-0.145000,-0.845000,0.427000,1.191000,1.374000,29.52
0.229376,0.519000,-0.146000,-0.829000,0.656000,0.763000,1.496000,29.38
0.229787,0.526000,-0.105000,-0.878000,0.382000,-0.931000,1.221000,29.38
0.230221,0.534000,-0.155000,-0.884000,-0.153000,-1.084000,1.053000,29.52
0.230651,0.513000,-0.155000,-0.842000,0.473000,0.794000,1.053000,29.47
0.231076,0.517000,-0.177000,-0.825000,0.275000,2.122000,1.527000,29.47
0.231500,0.513000,-0.156000,-0.832000,-0.382000,1.084000,0.992000,29.47
0.231908,0.520000,-0.152000,-0.840000,-0.885000,1.817000,0.824000,29.52
0.232316,0.520000,-0.153000,-0.839000,-0.473000,0.763000,0.885000,29.52
0.232725,0.518000,-0.151000,-0.836000,-0.168000,1.160000,0.779000,29.47
0.233140,0.515000,-0.155000,-0.834000,-0.870000,2.015000,0.763000,29.47
0.233546,0.520000,-0.155000,-0.839000,-0.534000,2.718000,0.550000,29.52
0.233968,0.516000,-0.152000,-0.844000,-0.656000,0.916000,0.641000,29.42
0.234387,0.510000,-0.161000,-0.833000,0.076000,-0.031000,0.351000,29.47
0.234806,0.502000,-0.165000,-0.855000,-0.275000,0.595000,0.244000,29.47
0.235323,0.513000,-0.163000,-0.827000,-0.977000,1.740000,0.122000,29.42
0.235870,0.515000,-0.161000,-0.842000,-1.206000,2.824000,-0.061000,29.52
0.236322,0.515000,-0.163000,-0.844000,-1.527000,2.168000,-0.183000,29.47
0.236764,0.518000,-0.158000,-0.844000,-1.069000,1.573000,0.015000,29.47
0.237205,0.516000,-0.159000,-0.839000,-1.053000,1.802000,-0.031000,29.52
0.237642,0.515000,-0.149000,-0.836000,-0.885000,1.924000,-0.107000,29.47
0.238067,0.515000,-0.156000,-0.843000,-0.641000,1.740000,0.031000,29.47
0.238579,0.518000,-0.152000,-0.839000,-0.443000,1.389000,-0.015000,29.57
0.239122,0.511000,-0.155000,-0.844000,-0.183000,1.206000,0.275000,29.52
0.239572,0.516000,-0.156000,-0.843000,0.061000,1.527000,0.580000,29.42
0.239990,0.501000,-0.159000,-0.836000,0.122000,1.649000,0.366000,29.47
0.240411,0.500000,-0.160000,-0.834000,-0.107000,2.275000,0.321000,29.47
0.240835,0.523000,-0.163000,-0.853000,-0.351000,2.015000,0.076000,29.42
0.241250,0.509000,-0.161000,-0.833000,-0.748000,2.611000,-0.092000,29.42
0.241662,0.519000,-0.161000,-0.845000,-0.351000,2.275000,-0.153000,29.47
0.242081,0.507000,-0.163000,-0.828000,-0.687000,2.916000,-0.351000,29.47
0.242496,0.511000,-0.164000,-0.842000,-0.336000,2.122000,-0.290000,29.42
0.242933,0.510000,-0.168000,-0.836000,-0.534000,3.038000,-0.504000,29.61
0.243353,0.510000,-0.166000,-0.837000,-0.656000,2.779000,-0.641000,29.57
0.243788,0.519000,-0.174000,-0.848000,-0.870000,2.733000,-0.870000,29.47
0.244216,0.510000,-0.165000,-0.840000,-1.282000,2.641000,-1.008000,29.52
0.244631,0.518000,-0.165000,-0.844000,-1.511000,2.122000,-1.099000,29.47
0.245044,0.529000,-0.163000,-0.837000,-1.511000,1.573000,-1.115000,29.38
0.245456,0.520000,-0.154000,-0.827000,-1.405000,0.824000,-0.687000,29.57
0.245875,0.522000,-0.149000,-0.836000,-0.962000,-0.458000,-0.366000,29.42
0.246294,0.522000,-0.146000,-0.845000,-0.840000,-1.069000,-0.214000,29.52
0.246710,0.506000,-0.151000,-0.842000,-0.275000,-0.901000,0.122000,29.47
0.247139,0.497000,-0.158000,-0.849000,0.107000,-1.069000,0.305000,29.47
0.247568,0.507000,-0.157000,-0.841000,0.290000,-0.305000,0.443000,29.42
0.247981,0.503000,-0.176000,-0.845000,0.290000,0.031000,0.031000,29.42
0.248491,0.510000,-0.162000,-0.840000,-0.046000,0.840000,-0.076000,29.52
0.249071,0.501000,-0.161000,-0.832000,0.183000,0.702000,-0.092000,29.47
0.249593,0.510000,-0.161000,-0.840000,0.122000,0.489000,-0.031000,29.47
0.250044,0.494000,-0.164000,-0.841000,-0.229000,0.382000,-0.458000,29.42
0.250486,0.517000,-0.170000,-0.843000,-1.115000,-1.160000,-0.519000,29.42
0.250922,0.513000,-0.172000,-0.862000,0.992000,-0.656000,-0.580000,29.57
0.251362,0.521000,-0.175000,-0.827000,-0.351000,1.267000,-0.794000,29.57
0.251808,0.522000,-0.173000,-0.853000,-1.374000,-0.733000,-0.427000,29.52
0.252255,0.513000,-0.175000,-0.851000,-2.015000,-1.206000,-0.214000,29.52
0.252689,0.511000,-0.162000,-0.861000,-1.771000,0.076000,-0.015000,29.47
0.253128,0.501000,-0.164000,-0.829000,-1.145000,0.595000,-0.275000,29.47
0.253594,0.514000,-0.160000,-0.843000,-0.809000,-0.168000,0.351000,29.52
0.254069,0.509000,-0.165000,-0.854000,-0.336000,-1.130000,0.534000,29.47
0.254513,0.500000,-0.157000,-0.850000,-0.473000,-0.748000,0.702000,29.47
0.254980,0.499000,-0.163000,-0.846000,0.153000,-0.031000,0.641000,29.47
0.255434,0.490000,-0.164000,-0.842000,0.702000,-0.351000,0.015000,29.42
0.255868,0.496000,-0.159000,-0.836000,0.565000,0.931000,-0.076000,29.42
0.256298,0.491000,-0.162000,-0.846000,0.565000,1.359000,-0.336000,29.47
0.256736,0.495000,-0.182000,-0.845000,-0.260000,-0.183000,-0.885000,29.47
0.257159,0.491000,-0.180000,-0.840000,-1.206000,-0.168000,-1.496000,29.47
0.257580,0.482000,-0.182000,-0.824000,-2.382000,1.740000,-1.710000,29.42
0.257996,0.503000,-0.187000,-0.845000,-3.221000,-1.740000,-2.458000,29.42
0.258508,0.503000,-0.177000,-0.848000,-5.954000,1.649000,-2.870000,29.47
0.259157,0.499000,-0.161000,-0.848000,-4.427000,-4.183000,-2.443000,29.38
0.259625,0.504000,-0.153000,-0.845000,-3.069000,-1.939000,-2.046000,29.52
0.260055,0.495000,-0.137000,-0.835000,-2.305000,-1.557000,-1.924000,29.52
0.260471,0.487000,-0.117000,-0.856000,-1.542000,0.366000,-1.313000,29.47
0.260889,0.487000,-0.099000,-0.852000,2.947000,-2.000000,-0.229000,29.47
0.261302,0.469000,-0.125000,-0.846000,6.718000,-1.908000,1.542000,29.52
0.261714,0.481000,-0.140000,-0.858000,8.885000,0.473000,2.229000,29.52
0.262120,0.485000,-0.168000,-0.841000,8.229000,8.626000,3.206000,29.47
0.262531,0.500000,-0.171000,-0.852000,7.786000,4.260000,3.023000,29.47
0.262946,0.481000,-0.190000,-0.832000,6.687000,3.588000,2.351000,29.42
0.263382,0.487000,-0.214000,-0.825000,3.069000,4.687000,1.023000,29.42
0.263841,0.490000,-0.219000,-0.830000,0.046000,1.252000,-0.641000,29.47
0.264305,0.480000,-0.221000,-0.836000,-2.580000,1.481000,-2.351000,29.47
0.264740,0.493000,-0.231000,-0.829000,-5.237000,0.870000,-4.534000,29.42
0.265168,0.487000,-0.230000,-0.841000,-7.863000,0.824000,-6.824000,29.52
0.265604,0.500000,-0.210000,-0.859000,-9.756000,0.366000,-8.046000,29.47
0.266031,0.506000,-0.191000,-0.850000,-9.893000,-0.733000,-8.443000,29.47
0.266456,0.501000,-0.176000,-0.867000,-9.588000,-1.008000,-8.550000,29.47
0.266874,0.505000,-0.167000,-0.860000,-9.450000,-0.977000,-8.137000,29.42
0.267291,0.501000,-0.163000,-0.855000,-8.885000,-0.122000,-7.832000,29.42
0.267710,0.505000,-0.150000,-0.863000,-8.794000,0.931000,-6.931000,29.47
0.268127,0.501000,-0.153000,-0.867000,-8.641000,0.779000,-6.198000,29.38
0.268659,0.496000,-0.145000,-0.861000,-8.107000,0.290000,-5.282000,29.52
0.269331,0.495000,-0.155000,-0.862000,-7.527000,0.748000,-4.733000,29.42
0.269782,0.490000,-0.164000,-0.855000,-7.191000,1.435000,-4.534000,29.47
0.270199,0.498000,-0.156000,-0.856000,-6.855000,2.305000,-4.198000,29.38
0.270624,0.495000,-0.155000,-0.861000,-6.275000,2.412000,-3.802000,29.52
0.271044,0.499000,-0.163000,-0.855000,-5.557000,2.305000,-3.527000,29.42
0.271456,0.495000,-0.160000,-0.849000,-5.237000,1.725000,-3.466000,29.57
0.271898,0.495000,-0.147000,-0.854000,-4.840000,1.756000,-3.099000,29.47
0.272336,0.497000,-0.156000,-0.846000,-4.702000,1.542000,-2.763000,29.42
0.272766,0.493000,-0.150000,-0.854000,-4.305000,1.374000,-2.748000,29.38
0.273200,0.495000,-0.146000,-0.845000,-3.924000,1.374000,-2.397000,29.47
0.273633,0.490000,-0.146000,-0.850000,-3.344000,1.573000,-2.275000,29.47
0.274079,0.484000,-0.143000,-0.870000,-2.885000,1.969000,-1.863000,29.52
0.274554,0.484000,-0.153000,-0.860000,-2.198000,1.557000,-1.908000,29.42
0.274983,0.493000,-0.159000,-0.854000,-2.626000,3.466000,-2.076000,29.57
0.275405,0.483000,-0.156000,-0.850000,-2.534000,3.053000,-1.908000,29.47
0.275820,0.490000,-0.148000,-0.860000,-1.847000,4.137000,-1.679000,29.52
0.276354,0.487000,-0.171000,-0.846000,-1.832000,4.870000,-2.305000,29.42
0.276900,0.481000,-0.163000,-0.855000,-0.626000,4.885000,-1.771000,29.38
0.277347,0.496000,-0.138000,-0.844000,-0.855000,6.702000,-1.023000,29.47
0.277790,0.549000,-0.185000,-0.886000,-7.695000,14.672000,-5.038000,29.52
0.278230,0.502000,-0.157000,-0.844000,-5.664000,3.969000,-4.290000,29.52
0.278668,0.499000,-0.139000,-0.863000,-2.947000,3.588000,-3.130000,29.47
0.279102,0.499000,-0.126000,-0.862000,-4.321000,6.992000,-1.969000,29.47
0.279537,0.501000,-0.150000,-0.859000,-4.702000,6.611000,-1.435000,29.42
0.280046,0.498000,-0.153000,-0.858000,-4.931000,3.710000,-2.351000,29.38
0.280522,0.509000,-0.164000,-0.849000,-5.542000,4.397000,-3.267000,29.47
0.280965,0.509000,-0.167000,-0.847000,-6.153000,3.221000,-4.092000,29.57
0.281409,0.500000,-0.149000,-0.844000,-6.809000,3.328000,-4.443000,29.42
0.281828,0.504000,-0.136000,-0.852000,-7.145000,4.153000,-4.412000,29.52
0.282243,0.492000,-0.126000,-0.847000,-6.244000,2.565000,-3.802000,29.47
0.282653,0.496000,-0.143000,-0.847000,-6.046000,2.031000,-3.496000,29.47
0.283070,0.485000,-0.117000,-0.857000,-5.252000,3.069000,-2.840000,29.42
0.283492,0.486000,-0.105000,-0.853000,-4.046000,3.756000,-2.076000,29.52
0.283907,0.488000,-0.111000,-0.854000,-3.084000,4.443000,-1.405000,29.38
0.284320,0.491000,-0.123000,-0.857000,-2.565000,4.840000,-1.008000,29.38
0.284761,0.496000,-0.115000,-0.866000,-1.985000,4.992000,-0.214000,29.52
0.285190,0.499000,-0.114000,-0.852000,-0.779000,6.031000,1.237000,29.52
0.285598,0.519000,-0.124000,-0.865000,0.351000,6.718000,2.260000,29.57
0.286001,0.506000,-0.135000,-0.844000,1.802000,7.817000,3.206000,29.47
0.286520,0.486000,-0.131000,-0.854000,2.702000,5.939000,3.298000,29.52
0.287048,0.512000,-0.169000,-0.857000,2.107000,8.015000,3.008000,29.47
0.287487,0.522000,-0.147000,-0.853000,0.000000,5.817000,1.664000,29.47
0.287923,0.466000,-0.276000,-0.885000,-7.023000,0.290000,-0.427000,29.47
0.288362,0.470000,-0.171000,-0.895000,-3.282000,1.908000,0.687000,29.52
0.288900,0.483000,-0.172000,-0.819000,-2.580000,5.237000,1.466000,29.52
0.289348,0.521000,-0.160000,-0.829000,-6.076000,5.557000,-0.916000,29.38
0.289787,0.502000,-0.164000,-0.861000,-10.122000,2.824000,-2.137000,29.47
0.290207,0.486000,-0.100000,-0.832000,2.275000,1.435000,2.076000,29.42
0.290614,0.483000,-0.070000,-0.863000,6.687000,0.137000,2.763000,29.52
0.291020,0.486000,-0.150000,-0.871000,6.595000,1.359000,3.023000,29.47
0.291423,0.472000,-0.164000,-0.854000,3.130000,5.634000,3.267000,29.47
0.291826,0.483000,-0.120000,-0.878000,1.588000,8.534000,3.603000,29.52
0.292235,0.490000,-0.131000,-0.859000,2.168000,10.168000,4.290000,29.52
0.292648,0.546000,-0.174000,-0.887000,-1.389000,9.344000,2.015000,29.47
0.293066,0.655000,0.021000,-0.969000,-5.008000,-17.374000,-0.718000,29.57
0.293480,0.558000,-0.117000,-0.861000,-0.092000,-13.802000,0.092000,29.47
0.293894,0.535000,-0.211000,-0.851000,-2.840000,-9.115000,0.137000,29.42
0.294300,0.480000,-0.149000,-0.874000,3.405000,0.366000,1.924000,29.52
0.294729,0.500000,-0.223000,-0.854000,-1.130000,-3.191000,-0.076000,29.47
0.295146,0.539000,-0.213000,-0.902000,-6.672000,5.908000,-1.420000,29.47
0.295562,0.479000,-0.226000,-0.835000,-3.496000,6.748000,-0.855000,29.52
0.295978,0.503000,-0.186000,-0.844000,-1.740000,-1.237000,-0.122000,29.38
0.296497,0.445000,-0.174000,-0.828000,-3.099000,16.015000,1.679000,29.47
0.297052,0.512000,-0.161000,-0.864000,-3.847000,16.137000,-1.924000,29.47
0.297493,0.507000,-0.090000,-0.883000,-4.000000,-3.527000,-2.916000,29.42
0.297915,0.471000,-0.148000,-0.821000,-2.565000,-3.252000,-1.511000,29.42
0.298336,0.507000,-0.167000,-0.863000,-0.443000,-10.015000,-1.817000,29.38
0.298746,0.475000,-0.155000,-0.884000,-2.855000,5.542000,-0.550000,29.38
0.299193,0.486000,-0.152000,-0.873000,-1.191000,11.740000,-0.092000,29.42
0.299607,0.501000,-0.171000,-0.843000,-0.977000,8.977000,-0.504000,29.42
0.300036,0.500000,-0.156000,-0.858000,-1.206000,4.305000,-1.130000,29.47
0.300458,0.498000,-0.165000,-0.848000,-2.321000,0.015000,-1.817000,29.47
0.300877,0.499000,-0.163000,-0.852000,-2.947000,-0.122000,-2.076000,29.42
0.301290,0.499000,-0.156000,-0.839000,-4.229000,3.603000,-2.336000,29.42
0.301705,0.505000,-0.148000,-0.860000,-4.351000,5.252000,-2.260000,29.57
0.302120,0.499000,-0.150000,-0.851000,-4.015000,4.840000,-2.473000,29.38
0.302527,0.500000,-0.146000,-0.855000,-3.878000,2.519000,-2.153000,29.42
0.302941,0.504000,-0.155000,-0.849000,-3.420000,1.206000,-2.061000,29.47
0.303355,0.495000,-0.151000,-0.847000,-3.282000,2.351000,-2.214000,29.57
0.303769,0.498000,-0.142000,-0.858000,-3.298000,4.061000,-1.863000,29.47
0.304178,0.500000,-0.148000,-0.853000,-2.763000,4.763000,-1.756000,29.52
0.304595,0.506000,-0.141000,-0.857000,-2.718000,4.092000,-1.557000,29.52
0.305141,0.510000,-0.141000,-0.849000,-2.229000,3.176000,-1.420000,29.38
0.305732,0.495000,-0.151000,-0.861000,-2.015000,3.237000,-1.298000,29.38
0.306181,0.499000,-0.144000,-0.844000,-1.878000,4.198000,-1.267000,29.52
0.306601,0.502000,-0.145000,-0.847000,-1.863000,4.779000,-1.160000,29.42
0.307019,0.503000,-0.152000,-0.848000,-2.046000,4.183000,-1.221000,29.38
0.307453,0.508000,-0.149000,-0.846000,-2.137000,3.542000,-1.267000,29.47
0.307879,0.500000,-0.146000,-0.847000,-2.229000,3.756000,-1.191000,29.52
0.308298,0.499000,-0.153000,-0.852000,-2.412000,3.863000,-1.496000,29.52
0.308715,0.507000,-0.145000,-0.854000,-2.565000,4.031000,-1.603000,29.38
0.309128,0.501000,-0.151000,-0.851000,-2.595000,3.649000,-1.435000,29.47
0.309551,0.500000,-0.146000,-0.843000,-2.580000,3.450000,-1.511000,29.52
0.309971,0.502000,-0.147000,-0.853000,-2.824000,3.405000,-1.618000,29.52
0.310384,0.501000,-0.148000,-0.852000,-2.962000,3.481000,-1.771000,29.38
0.310812,0.501000,-0.145000,-0.850000,-2.779000,3.618000,-1.740000,29.47
0.311241,0.503000,-0.143000,-0.855000,-2.855000,3.618000,-1.603000,29.42
0.311653,0.497000,-0.142000,-0.847000,-2.489000,3.252000,-1.603000,29.52
0.312067,0.503000,-0.141000,-0.851000,-2.244000,3.679000,-1.374000,29.47
0.312482,0.488000,-0.148000,-0.854000,-1.756000,3.786000,-1.160000,29.47
0.312897,0.474000,-0.146000,-0.838000,-2.092000,7.282000,-0.427000,29.47
0.313323,0.514000,-0.134000,-0.849000,0.107000,-1.420000,-1.252000,29.42
0.313767,0.498000,-0.113000,-0.852000,-2.809000,4.977000,-1.740000,29.42
0.314208,0.500000,-0.149000,-0.843000,-2.382000,0.763000,-1.710000,29.38
0.314634,0.594000,-0.126000,-0.957000,-1.359000,-2.962000,-1.298000,29.47
0.315052,0.497000,-0.153000,-0.870000,-4.275000,3.206000,-1.221000,29.42
0.315568,0.536000,-0.131000,-0.944000,-4.458000,-24.397000,-3.206000,29.42
0.316173,0.492000,-0.120000,-0.840000,-2.748000,-4.870000,-0.626000,29.38
0.316624,0.500000,-0.138000,-0.878000,-1.130000,-1.328000,-1.618000,29.38
0.317036,0.505000,-0.154000,-0.859000,-1.191000,1.588000,-2.076000,29.52
0.317450,0.511000,-0.122000,-0.862000,-1.267000,-3.832000,-2.550000,29.52
0.317870,0.509000,-0.123000,-0.920000,-1.985000,-3.496000,-2.733000,29.38
0.318286,0.505000,-0.139000,-0.858000,-1.939000,-4.214000,-2.870000,29.47
0.318702,0.486000,-0.155000,-0.854000,-1.221000,-4.412000,-1.756000,29.42
0.319104,0.473000,-0.158000,-0.844000,0.656000,-0.076000,0.595000,29.47
0.319512,0.480000,-0.143000,-0.843000,0.565000,3.344000,0.244000,29.47
0.319929,0.504000,-0.130000,-0.860000,0.931000,5.603000,0.107000,29.57
0.320372,0.507000,-0.150000,-0.844000,-1.649000,13.588000,1.053000,29.42
0.320807,0.474000,-0.150000,-0.809000,-1.084000,16.382000,1.405000,29.42
0.321238,0.552000,-0.146000,-0.770000,-24.550000,-6.504000,6.107000,29.38
0.321654,0.431000,-0.131000,-0.656000,34.427000,4.412000,-0.504000,29.47
0.322129,0.437000,-0.200000,-0.727000,13.420000,-8.168000,-2.198000,29.47
0.322599,0.413000,-0.169000,-0.666000,-4.198000,9.099000,-0.626000,29.42
0.323030,0.470000,-0.190000,-0.830000,-1.557000,-9.420000,0.626000,29.52
0.323493,0.413000,-0.376000,-0.785000,4.351000,-18.061000,-0.733000,29.38
0.323908,0.460000,-0.150000,-0.788000,2.397000,1.344000,-0.061000,29.57
0.324319,0.451000,-0.152000,-0.851000,-5.847000,12.519000,1.542000,29.52
0.324730,0.500000,-0.136000,-0.870000,1.160000,9.130000,-0.519000,29.42
0.325148,0.454000,-0.152000,-0.837000,-0.229000,16.137000,-0.183000,29.38
0.325671,0.501000,-0.128000,-0.874000,0.061000,5.328000,-0.687000,29.38
0.326303,0.496000,-0.151000,-0.873000,1.557000,8.519000,-0.519000,29.52
0.326794,0.458000,-0.144000,-0.841000,0.901000,26.244000,-0.611000,29.42
0.327244,0.515000,-0.171000,-0.832000,0.168000,4.214000,-1.130000,29.57
0.327683,0.496000,-0.124000,-0.855000,1.099000,6.397000,-1.145000,29.47
0.328125,0.441000,-0.219000,-0.811000,1.649000,10.656000,0.321000,29.42
0.328570,0.509000,-0.129000,-0.850000,1.237000,2.824000,-1.237000,29.47
0.329005,0.510000,-0.139000,-0.852000,1.618000,3.542000,-0.427000,29.47
0.329440,0.504000,-0.137000,-0.869000,1.344000,4.244000,-0.641000,29.47
0.329891,0.507000,-0.151000,-0.862000,1.069000,4.260000,-1.008000,29.42
0.330417,0.510000,-0.148000,-0.861000,1.053000,0.748000,-0.763000,29.42
0.330873,0.501000,-0.163000,-0.880000,0.901000,0.809000,-0.412000,29.47
0.331299,0.494000,-0.147000,-0.856000,0.519000,0.244000,-0.580000,29.47
0.331728,0.493000,-0.149000,-0.861000,0.656000,0.076000,-0.382000,29.52
0.332160,0.487000,-0.147000,-0.855000,0.366000,1.038000,-0.290000,29.52
0.332573,0.495000,-0.152000,-0.861000,1.008000,-0.076000,-0.382000,29.57
0.332983,0.494000,-0.153000,-0.865000,0.626000,0.366000,-0.626000,29.47
0.333386,0.484000,-0.160000,-0.845000,0.611000,1.084000,-0.382000,29.42
0.333791,0.497000,-0.157000,-0.854000,0.443000,0.733000,0.000000,29.52
0.334201,0.492000,-0.160000,-0.868000,-0.214000,1.145000,0.244000,29.47
0.334614,0.488000,-0.157000,-0.851000,-0.122000,1.176000,-0.015000,29.38
0.335027,0.463000,-0.180000,-0.867000,-1.450000,4.718000,-0.565000,29.42
0.335500,0.475000,-0.156000,-0.837000,-0.351000,5.374000,-0.473000,29.42
0.336014,0.512000,-0.134000,-0.898000,0.000000,3.634000,-0.565000,29.57
0.336464,0.498000,-0.117000,-0.866000,-0.107000,-0.214000,-0.855000,29.38
0.336971,0.491000,-0.169000,-0.844000,-0.458000,-0.321000,-0.519000,29.52
0.337432,0.446000,-0.191000,-0.818000,-0.519000,2.595000,0.107000,29.42
0.337879,0.500000,-0.160000,-0.869000,-1.618000,2.046000,-1.115000,29.57
0.338331,0.493000,-0.159000,-0.860000,-1.863000,2.687000,-0.901000,29.47
0.338811,0.490000,-0.160000,-0.861000,-2.550000,2.565000,-1.511000,29.38
0.339283,0.489000,-0.155000,-0.848000,-2.611000,2.137000,-1.420000,29.52
0.339736,0.482000,-0.157000,-0.862000,-2.870000,-0.015000,-1.710000,29.52
0.340182,0.508000,-0.146000,-0.859000,-2.656000,-0.519000,-1.603000,29.47
0.340621,0.503000,-0.143000,-0.871000,-2.977000,1.420000,-1.038000,29.38
0.341052,0.591000,-0.153000,-0.932000,-4.595000,-3.206000,-1.985000,29.52
0.341501,0.493000,-0.130000,-0.843000,-4.198000,2.580000,-0.840000,29.42
0.341935,0.499000,-0.163000,-0.870000,-3.053000,0.229000,-0.351000,29.47
0.342365,0.514000,-0.122000,-0.915000,-3.328000,-0.427000,-1.145000,29.47
0.342780,0.500000,-0.162000,-0.846000,-2.718000,2.397000,0.305000,29.42
0.343196,0.500000,-0.146000,-0.853000,-2.122000,1.939000,0.779000,29.52
0.343604,0.490000,-0.155000,-0.844000,-1.115000,2.473000,0.809000,29.47
0.344012,0.481000,-0.151000,-0.849000,-0.733000,4.000000,1.618000,29.47
0.344417,0.491000,-0.159000,-0.858000,-0.031000,2.595000,1.603000,29.52
0.344822,0.491000,-0.157000,-0.854000,-0.809000,3.863000,1.450000,29.47
0.345230,0.494000,-0.155000,-0.851000,-0.611000,3.863000,1.328000,29.47
0.345733,0.483000,-0.165000,-0.857000,-0.489000,3.847000,1.542000,29.47
0.346273,0.480000,-0.150000,-0.828000,-0.763000,5.053000,1.252000,29.42
0.346789,0.442000,-0.224000,-0.800000,0.122000,11.069000,2.275000,29.42
0.347284,0.504000,-0.174000,-0.857000,-4.916000,12.733000,-0.885000,29.47
0.347762,0.396000,-0.110000,-0.756000,-0.183000,6.275000,2.702000,29.47
0.348200,0.465000,-0.225000,-0.808000,0.366000,6.962000,1.023000,29.42
0.348626,0.498000,-0.459000,-0.858000,-10.336000,20.733000,2.702000,29.42
0.349105,0.499000,0.029000,-0.914000,-4.000000,1.634000,1.847000,29.57
0.349548,0.494000,-0.145000,-0.864000,5.557000,-6.702000,-0.229000,29.47
0.349971,0.473000,-0.236000,-0.812000,0.321000,3.038000,0.779000,29.52
0.350385,0.496000,-0.141000,-0.852000,-4.107000,5.725000,-1.481000,29.52
0.350801,0.472000,-0.167000,-0.855000,-2.489000,1.435000,-0.641000,29.52
0.351216,0.468000,-0.184000,-0.832000,-5.985000,9.664000,-1.435000,29.47
0.351655,0.506000,-0.122000,-0.819000,-5.008000,6.198000,-3.099000,29.38
0.352092,0.528000,-0.116000,-0.904000,1.053000,-10.702000,-1.542000,29.42
0.352502,0.415000,-0.220000,-0.808000,1.252000,7.328000,3.130000,29.52
0.352931,0.479000,-0.176000,-0.838000,-5.802000,4.916000,-0.046000,29.47
0.353356,0.442000,-0.168000,-0.793000,-6.870000,10.534000,0.183000,29.38
0.353775,0.405000,-0.290000,-0.844000,-8.779000,-0.336000,-0.656000,29.42
0.354194,0.558000,-0.087000,-0.844000,-7.466000,4.321000,-1.435000,29.47
0.354607,0.423000,-0.303000,-0.521000,-7.344000,47.740000,2.382000,29.47
0.355026,0.297000,-0.243000,-1.059000,-1.008000,-34.504000,-0.962000,29.47
0.355559,0.632000,-0.089000,-0.780000,-6.870000,56.366000,-2.137000,29.42
0.356018,0.479000,-0.093000,-0.729000,3.130000,7.450000,-0.626000,29.42
0.356457,0.502000,-0.210000,-0.712000,-0.260000,3.908000,2.168000,29.47
0.356898,0.574000,-0.149000,-0.933000,-7.771000,-6.794000,-2.595000,29.47
0.357331,0.491000,-0.128000,-0.928000,-4.504000,11.252000,-1.466000,29.52
0.357752,0.546000,-0.125000,-0.887000,-0.718000,11.069000,-3.786000,29.42
0.358171,0.537000,-0.103000,-0.934000,-0.443000,-3.115000,-3.786000,29.47
0.358586,0.482000,-0.145000,-0.859000,2.198000,-2.672000,-2.275000,29.47
0.358996,0.483000,-0.148000,-0.841000,0.107000,1.832000,-1.405000,29.42
0.359424,0.471000,-0.174000,-0.831000,1.191000,4.687000,0.260000,29.42
0.359844,0.498000,-0.159000,-0.853000,2.748000,1.221000,0.550000,29.42
0.360253,0.519000,-0.153000,-0.846000,1.893000,0.534000,0.092000,29.38
0.360665,0.507000,-0.160000,-0.841000,0.672000,-1.954000,-0.458000,29.47
0.361076,0.492000,-0.170000,-0.864000,-0.718000,0.183000,-0.702000,29.52
0.361481,0.468000,-0.215000,-0.841000,0.153000,5.038000,1.649000,29.42
0.361906,0.553000,-0.181000,-0.874000,-0.397000,0.992000,0.809000,29.38
0.362339,0.521000,-0.137000,-0.863000,-1.908000,3.221000,0.519000,29.47
0.362755,0.506000,-0.132000,-0.846000,-1.267000,1.206000,-0.290000,29.42
0.363197,0.496000,-0.150000,-0.843000,-1.450000,-1.176000,-0.656000,29.47
0.363639,0.515000,-0.157000,-0.861000,-2.412000,-3.802000,-1.374000,29.38
0.364091,0.494000,-0.146000,-0.838000,-2.641000,-3.969000,-1.191000,29.57
0.364532,0.494000,-0.146000,-0.868000,-2.366000,-4.763000,-1.130000,29.52
0.364954,0.500000,-0.169000,-0.852000,-1.985000,-2.412000,-0.733000,29.52
0.365368,0.496000,-0.180000,-0.835000,-2.137000,-1.618000,-0.611000,29.47
0.365972,0.492000,-0.172000,-0.833000,0.092000,1.084000,0.000000,29.47
0.366455,0.492000,-0.163000,-0.848000,1.053000,2.305000,0.794000,29.42
0.366948,0.502000,-0.147000,-0.842000,1.817000,2.824000,1.282000,29.42
0.367404,0.505000,-0.133000,-0.835000,3.878000,3.038000,1.679000,29.47
0.367851,0.521000,-0.177000,-0.857000,0.473000,0.626000,-0.092000,29.47
0.368302,0.477000,-0.205000,-0.850000,1.756000,1.160000,0.443000,29.42
0.368712,0.469000,-0.171000,-0.841000,1.985000,2.794000,1.084000,29.42
0.369126,0.480000,-0.143000,-0.849000,0.366000,4.840000,1.023000,29.47
0.369541,0.484000,-0.186000,-0.829000,-0.260000,7.160000,1.313000,29.38
0.369949,0.486000,-0.194000,-0.849000,-1.206000,9.191000,1.649000,29.42
0.370354,0.495000,-0.198000,-0.847000,-2.458000,9.802000,1.038000,29.33
0.370767,0.503000,-0.172000,-0.833000,-5.115000,11.496000,0.031000,29.42
0.371180,0.479000,-0.135000,-0.849000,-4.733000,8.290000,-0.397000,29.38
0.371596,0.501000,-0.131000,-0.861000,-5.618000,7.969000,-0.168000,29.47
0.372032,0.498000,-0.156000,-0.843000,-3.099000,5.710000,-0.183000,29.33
0.372462,0.507000,-0.170000,-0.844000,-1.282000,1.435000,0.122000,29.38
0.372881,0.510000,-0.150000,-0.860000,-3.008000,4.137000,0.214000,29.47
0.373326,0.508000,-0.161000,-0.852000,-4.763000,6.153000,-0.458000,29.47
0.373741,0.555000,-0.163000,-0.871000,-7.527000,3.282000,-3.053000,29.52
0.374158,0.496000,-0.140000,-0.843000,-7.069000,-3.725000,-2.580000,29.42
0.374575,0.477000,-0.156000,-0.843000,-4.870000,-3.618000,-1.374000,29.47
0.374991,0.493000,-0.142000,-0.834000,-0.336000,-7.145000,-1.756000,29.47
0.375400,0.510000,-0.153000,-0.851000,0.015000,-4.229000,-1.802000,29.52
0.375955,0.493000,-0.177000,-0.827000,-0.733000,0.931000,-1.634000,29.52
0.376470,0.492000,-0.179000,-0.836000,-2.641000,2.153000,-1.130000,29.38
0.376937,0.500000,-0.181000,-0.858000,-4.351000,8.733000,-1.557000,29.47
0.377381,0.480000,-0.188000,-0.828000,-5.893000,2.153000,0.382000,29.47
0.377823,0.481000,-0.134000,-0.844000,-4.916000,4.656000,0.641000,29.52
0.378267,0.505000,-0.143000,-0.859000,-2.458000,3.908000,0.687000,29.33
0.378703,0.504000,-0.158000,-0.840000,-1.695000,7.344000,0.763000,29.47
0.379135,0.499000,-0.166000,-0.842000,-2.015000,9.725000,0.824000,29.47
0.379576,0.509000,-0.139000,-0.865000,-2.275000,7.863000,0.153000,29.52
0.380045,0.510000,-0.148000,-0.847000,-2.412000,3.695000,-0.153000,29.42
0.380584,0.488000,-0.161000,-0.844000,-2.275000,3.023000,0.397000,29.38
0.381021,0.510000,-0.145000,-0.860000,-2.504000,3.176000,0.198000,29.47
0.381446,0.514000,-0.175000,-0.848000,-3.863000,5.802000,0.061000,29.52
0.381879,0.510000,-0.162000,-0.840000,-5.420000,6.824000,-0.382000,29.38
0.382311,0.500000,-0.144000,-0.856000,-5.420000,4.992000,-0.885000,29.47
0.382727,0.502000,-0.131000,-0.857000,-4.229000,2.748000,-1.008000,29.38
0.383146,0.487000,-0.151000,-0.845000,-2.855000,3.145000,0.183000,29.42
0.383563,0.502000,-0.144000,-0.860000,-1.435000,2.580000,0.092000,29.52
0.383975,0.510000,-0.171000,-0.860000,-0.122000,2.046000,0.779000,29.47
0.384415,0.515000,-0.145000,-0.871000,-1.435000,1.435000,-0.427000,29.47
0.384863,0.506000,-0.150000,-0.852000,-1.130000,-0.153000,-0.824000,29.42
0.385287,0.496000,-0.163000,-0.846000,-0.366000,-0.397000,-0.687000,29.52
0.385780,0.494000,-0.188000,-0.851000,-2.229000,0.015000,-1.542000,29.52
0.386316,0.555000,-0.127000,-0.851000,-4.168000,0.840000,-4.855000,29.47
0.386786,0.517000,-0.164000,-0.841000,-2.382000,3.740000,-2.122000,29.38
0.387230,0.482000,-0.158000,-0.836000,-3.115000,7.145000,-1.985000,29.52
0.387643,0.500000,-0.170000,-0.847000,-3.771000,6.275000,-2.183000,29.52
0.388075,0.497000,-0.146000,-0.843000,-2.809000,6.366000,-1.481000,29.47
0.388507,0.529000,-0.149000,-0.865000,-2.336000,4.885000,-2.565000,29.47
0.388967,0.360000,-0.112000,-0.803000,2.473000,4.473000,2.595000,29.52
0.389427,0.504000,-0.202000,-0.894000,-3.237000,3.664000,-1.374000,29.42
0.389865,0.467000,-0.146000,-0.810000,1.389000,8.718000,0.153000,29.47
0.390284,0.542000,-0.166000,-0.858000,0.137000,5.725000,-1.099000,29.47
0.390705,0.495000,-0.155000,-0.842000,-0.885000,7.756000,-1.710000,29.52
0.391121,0.522000,-0.147000,-0.852000,-1.053000,5.679000,-2.473000,29.47
0.391538,0.520000,-0.143000,-0.854000,-1.985000,4.107000,-3.481000,29.47
0.391965,0.499000,-0.150000,-0.852000,-2.046000,3.115000,-3.374000,29.47
0.392396,0.501000,-0.158000,-0.855000,-2.519000,2.534000,-3.695000,29.42
0.392826,0.499000,-0.159000,-0.850000,-3.282000,2.901000,-3.832000,29.42
0.393245,0.498000,-0.157000,-0.850000,-3.435000,3.145000,-4.183000,29.47
0.393672,0.513000,-0.146000,-0.845000,-3.679000,3.878000,-4.198000,29.47
0.394088,0.505000,-0.146000,-0.847000,-3.145000,3.832000,-4.000000,29.42
0.394510,0.508000,-0.143000,-0.851000,-3.008000,3.053000,-3.786000,29.61
0.394925,0.500000,-0.145000,-0.858000,-2.153000,3.282000,-3.069000,29.52
0.395337,0.508000,-0.144000,-0.857000,-2.000000,2.718000,-2.260000,29.47
0.395843,0.493000,-0.133000,-0.887000,-3.023000,-4.061000,-1.053000,29.38
0.396377,0.527000,-0.152000,-0.861000,-2.092000,1.328000,-1.557000,29.42
0.396879,0.502000,-0.150000,-0.840000,-1.954000,1.618000,-1.328000,29.42
0.397334,0.502000,-0.165000,-0.836000,-1.985000,2.519000,-1.481000,29.47
0.397765,0.508000,-0.145000,-0.852000,-1.527000,3.237000,-1.237000,29.47
0.398197,0.503000,-0.143000,-0.857000,-1.298000,4.519000,-1.389000,29.52
0.398660,0.498000,-0.156000,-0.852000,-1.389000,5.740000,-1.374000,29.42
0.399076,0.497000,-0.150000,-0.846000,-0.870000,5.511000,-1.573000,29.38
0.399485,0.506000,-0.149000,-0.847000,-0.992000,4.779000,-1.588000,29.47
0.399899,0.510000,-0.159000,-0.844000,-1.145000,4.305000,-1.786000,29.42
0.400312,0.506000,-0.153000,-0.846000,-1.344000,4.794000,-1.603000,29.42
0.400725,0.510000,-0.149000,-0.844000,-1.252000,5.176000,-1.725000,29.47
0.401136,0.509000,-0.153000,-0.840000,-1.405000,5.878000,-1.527000,29.47
0.401547,0.511000,-0.150000,-0.851000,-1.038000,5.786000,-1.588000,29.42
0.401975,0.506000,-0.150000,-0.841000,-1.084000,5.618000,-1.573000,29.52
0.402402,0.506000,-0.151000,-0.844000,-1.053000,5.420000,-1.527000,29.47
0.402824,0.511000,-0.155000,-0.850000,-1.237000,5.511000,-1.878000,29.47
0.403253,0.512000,-0.151000,-0.845000,-1.099000,5.756000,-1.573000,29.57
0.403669,0.325000,-0.274000,-0.761000,2.656000,12.702000,2.427000,29.52
0.404091,0.510000,-0.234000,-0.821000,0.107000,16.672000,-1.771000,29.42
0.404524,0.500000,-0.141000,-0.830000,4.519000,19.847000,-0.031000,29.47
0.404961,0.558000,-0.125000,-0.868000,5.191000,13.328000,-0.656000,29.47
0.405395,0.523000,-0.104000,-0.847000,4.611000,6.962000,-0.153000,29.42
0.405932,0.516000,-0.142000,-0.844000,3.924000,4.763000,0.672000,29.42
0.406505,0.523000,-0.137000,-0.845000,3.405000,2.290000,1.282000,29.47
0.407000,0.529000,-0.147000,-0.833000,2.382000,2.809000,1.573000,29.57
0.407458,0.527000,-0.178000,-0.824000,0.702000,6.015000,1.450000,29.42
0.407897,0.522000,-0.177000,-0.840000,-1.313000,9.374000,0.901000,29.42
0.408338,0.500000,0.312000,-1.033000,-6.656000,-18.305000,3.527000,29.47
0.408761,0.203000,-0.313000,-0.843000,6.412000,1.893000,5.084000,29.47
0.409195,0.539000,-0.205000,-0.874000,-3.557000,15.817000,0.321000,29.42
0.409630,0.510000,-0.126000,-0.815000,3.466000,10.977000,1.618000,29.47
0.410059,0.486000,-0.140000,-0.840000,0.977000,21.267000,1.969000,29.38
0.410483,0.537000,-0.133000,-0.863000,1.679000,9.954000,0.397000,29.38
0.410909,0.536000,-0.185000,-0.808000,0.794000,3.924000,0.290000,29.42
0.411336,0.542000,-0.151000,-0.821000,1.069000,1.298000,0.382000,29.61
0.411818,0.534000,-0.165000,-0.827000,-0.229000,5.954000,0.076000,29.38
0.412262,0.505000,-0.216000,-0.656000,2.046000,14.046000,-0.275000,29.47
0.412692,0.496000,-0.139000,-0.787000,-0.260000,9.115000,0.061000,29.42
0.413201,0.546000,-0.145000,-0.831000,0.382000,3.664000,-0.397000,29.42
0.413717,0.522000,-0.140000,-0.829000,-0.870000,3.344000,1.267000,29.47
0.414148,0.548000,-0.138000,-0.846000,-0.794000,1.756000,0.855000,29.47
0.414575,0.544000,-0.194000,-0.814000,-1.221000,2.702000,0.214000,29.52
0.414993,0.514000,-0.185000,-0.818000,-1.038000,3.053000,0.427000,29.42
0.415409,0.539000,-0.171000,-0.840000,-0.901000,3.588000,0.718000,29.47
0.415867,0.543000,-0.180000,-0.821000,-1.374000,2.672000,0.046000,29.47
0.416386,0.531000,-0.178000,-0.814000,-1.053000,2.321000,0.137000,29.47
0.416887,0.534000,-0.159000,-0.825000,-1.023000,1.847000,0.260000,29.42
0.417343,0.530000,-0.161000,-0.830000,-1.160000,1.847000,-0.061000,29.52
0.417803,0.537000,-0.157000,-0.837000,-1.649000,2.061000,-0.504000,29.38
0.418245,0.536000,-0.166000,-0.832000,-2.092000,0.885000,-0.855000,29.38
0.418689,0.537000,-0.167000,-0.839000,-2.672000,-0.336000,-1.405000,29.42
0.419133,0.533000,-0.169000,-0.837000,-3.450000,-1.435000,-1.756000,29.47
0.419576,0.534000,-0.168000,-0.837000,-3.985000,-2.382000,-2.336000,29.47
0.420009,0.537000,-0.165000,-0.839000,-4.504000,-3.985000,-3.145000,29.38
0.420451,0.531000,-0.168000,-0.835000,-5.313000,-5.115000,-4.000000,29.42
0.420885,0.550000,-0.183000,-0.844000,-8.366000,-6.733000,-6.809000,29.42
0.421334,0.596000,-0.158000,-0.852000,-11.756000,-11.588000,-9.206000,29.47
0.421829,0.500000,-0.157000,-0.783000,-8.214000,-12.473000,-7.145000,29.57
0.422284,0.539000,-0.206000,-0.832000,-4.824000,0.031000,-1.802000,29.52
0.422710,0.510000,-0.135000,-0.854000,-3.053000,-2.137000,-1.832000,29.52
0.423125,0.528000,-0.166000,-0.828000,-3.313000,2.626000,-1.634000,29.47
0.423568,0.522000,-0.155000,-0.835000,-3.435000,4.244000,-1.664000,29.47
0.423984,0.519000,-0.158000,-0.835000,-2.947000,4.031000,-1.328000,29.42
0.424397,0.519000,-0.153000,-0.848000,-2.626000,1.588000,-1.328000,29.52
0.424815,0.525000,-0.153000,-0.838000,-2.794000,0.153000,-1.084000,29.47
0.425233,0.518000,-0.146000,-0.833000,-2.366000,-0.382000,-1.115000,29.47
0.425643,0.515000,-0.164000,-0.832000,-2.321000,1.176000,-1.038000,29.52
0.426152,0.516000,-0.155000,-0.839000,-1.908000,1.939000,-0.916000,29.38
0.426784,0.530000,-0.157000,-0.841000,-2.519000,2.046000,-0.473000,29.38
0.427215,0.513000,-0.162000,-0.837000,-2.260000,1.634000,-0.412000,29.47
0.427623,0.500000,-0.181000,-0.809000,-1.893000,7.008000,0.443000,29.42
0.428038,0.529000,-0.150000,-0.838000,-2.519000,3.374000,-0.580000,29.42
0.428464,0.519000,-0.162000,-0.844000,-2.244000,3.099000,-0.351000,29.47
0.428884,0.510000,-0.150000,-0.845000,-2.031000,2.183000,-0.275000,29.57
0.429291,0.528000,-0.156000,-0.844000,-2.153000,1.725000,-0.183000,29.42
0.429706,0.519000,-0.153000,-0.836000,-1.924000,1.298000,-0.107000,29.42
0.430122,0.511000,-0.156000,-0.835000,-1.939000,1.771000,0.076000,29.47
0.430535,0.515000,-0.154000,-0.833000,-2.153000,2.183000,0.336000,29.47
0.430943,0.510000,-0.160000,-0.838000,-2.412000,2.321000,0.611000,29.47
0.431353,0.512000,-0.157000,-0.834000,-1.511000,2.534000,1.344000,29.42
0.431767,0.503000,-0.160000,-0.836000,-0.519000,3.557000,1.893000,29.42
0.432187,0.516000,-0.138000,-0.855000,-0.229000,-0.198000,1.756000,29.47
0.432600,0.555000,-0.153000,-0.851000,-0.916000,-4.916000,-0.351000,29.38
0.433017,0.580000,-0.199000,-0.843000,-5.023000,-8.550000,-4.458000,29.42
0.433438,0.549000,-0.196000,-0.822000,-8.992000,-19.237000,-9.710000,29.42
0.433859,0.500000,-0.146000,-0.838000,-9.145000,-25.618000,-9.405000,29.47
0.434277,0.452000,-0.130000,-0.839000,-5.344000,-19.649000,-5.740000,29.47
0.434688,0.455000,-0.098000,-0.848000,-2.763000,-9.878000,-2.443000,29.52
0.435104,0.479000,-0.129000,-0.843000,-0.916000,-3.740000,-0.015000,29.47
0.435520,0.498000,-0.175000,-0.863000,-2.153000,1.649000,0.504000,29.47
0.436014,0.490000,-0.177000,-0.833000,-3.435000,5.847000,0.962000,29.38
0.436605,0.523000,-0.156000,-0.856000,-4.687000,5.618000,-0.412000,29.42
0.437087,0.510000,-0.162000,-0.852000,-5.573000,-1.786000,-1.756000,29.33
0.437520,0.479000,-0.142000,-0.840000,-2.534000,0.870000,-0.015000,29.47
0.437933,0.476000,-0.130000,-0.850000,-0.214000,3.099000,1.847000,29.47
0.438337,0.487000,-0.146000,-0.842000,1.710000,9.191000,3.588000,29.42
0.438760,0.494000,-0.156000,-0.837000,3.450000,12.489000,5.237000,29.42
0.439178,0.500000,-0.168000,-0.837000,3.115000,16.153000,6.046000,29.42
0.439589,0.517000,-0.162000,-0.863000,2.321000,15.359000,4.870000,29.47
0.439998,0.542000,-0.131000,-0.878000,-1.450000,6.733000,1.878000,29.47
0.440419,0.519000,-0.150000,-0.851000,-3.557000,-1.603000,-0.504000,29.52
0.440831,0.546000,-0.178000,-0.910000,-6.824000,3.771000,-0.382000,29.52
0.441239,0.474000,-0.150000,-0.839000,-3.710000,4.061000,0.000000,29.47
0.441651,0.506000,-0.145000,-0.856000,-2.168000,1.679000,-0.076000,29.47
0.442066,0.507000,-0.164000,-0.842000,-0.901000,-0.031000,-0.260000,29.52
0.442481,0.509000,-0.161000,-0.840000,-0.672000,-2.443000,-0.519000,29.52
0.442908,0.501000,-0.160000,-0.852000,-0.611000,-1.939000,-0.580000,29.38
0.443321,0.499000,-0.161000,-0.847000,-1.252000,-0.702000,-0.626000,29.47
0.443737,0.499000,-0.166000,-0.837000,-1.863000,0.992000,-0.931000,29.42
0.444150,0.499000,-0.158000,-0.843000,-2.656000,2.244000,-0.702000,29.47
0.444565,0.496000,-0.164000,-0.844000,-2.855000,3.466000,-0.794000,29.47
0.444975,0.495000,-0.159000,-0.840000,-2.794000,3.496000,-0.626000,29.57
0.445387,0.503000,-0.154000,-0.845000,-2.733000,4.046000,-0.947000,29.52
0.445893,0.496000,-0.157000,-0.846000,-2.748000,3.710000,-1.206000,29.42
0.446444,0.500000,-0.156000,-0.846000,-2.504000,2.931000,-1.527000,29.47
0.446944,0.498000,-0.162000,-0.850000,-2.443000,2.321000,-1.573000,29.47
0.447390,0.504000,-0.155000,-0.853000,-2.382000,2.214000,-1.710000,29.52
0.447843,0.502000,-0.158000,-0.842000,-2.626000,2.626000,-1.511000,29.42
0.448261,0.501000,-0.156000,-0.841000,-2.565000,3.267000,-1.664000,29.38
0.448672,0.500000,-0.148000,-0.842000,-2.489000,3.573000,-1.389000,29.57
0.449092,0.505000,-0.155000,-0.848000,-2.397000,4.092000,-1.160000,29.42
0.449514,0.511000,-0.156000,-0.839000,-2.427000,4.122000,-1.191000,29.33
0.449929,0.504000,-0.149000,-0.851000,-2.031000,3.725000,-1.176000,29.57
0.450343,0.499000,-0.157000,-0.847000,-2.076000,3.282000,-1.252000,29.47
0.450751,0.511000,-0.153000,-0.843000,-1.863000,2.931000,-1.099000,29.42
0.451174,0.503000,-0.151000,-0.844000,-1.939000,2.534000,-1.267000,29.42
0.451591,0.506000,-0.161000,-0.853000,-2.076000,2.931000,-0.901000,29.47
0.452014,0.506000,-0.156000,-0.849000,-2.107000,2.870000,-1.115000,29.47
0.452424,0.501000,-0.155000,-0.849000,-2.107000,3.130000,-0.916000,29.42
0.452843,0.499000,-0.155000,-0.846000,-1.924000,3.221000,-1.038000,29.42
0.453258,0.511000,-0.152000,-0.851000,-1.969000,3.130000,-0.962000,29.47
0.453674,0.512000,-0.155000,-0.842000,-1.908000,3.084000,-0.840000,29.38
0.454086,0.506000,-0.159000,-0.856000,-1.511000,2.947000,-0.870000,29.47
0.454499,0.503000,-0.155000,-0.852000,-1.649000,2.931000,-0.718000,29.52
0.454911,0.498000,-0.154000,-0.854000,-1.481000,2.611000,-0.794000,29.42
0.455332,0.500000,-0.157000,-0.847000,-1.450000,2.672000,-0.779000,29.47
0.455746,0.502000,-0.154000,-0.848000,-1.511000,2.885000,-0.824000,29.47
0.456304,0.506000,-0.153000,-0.846000,-1.466000,2.962000,-0.702000,29.42
0.456939,0.503000,-0.158000,-0.845000,-1.618000,2.947000,-0.656000,29.42
0.457372,0.501000,-0.161000,-0.843000,-1.573000,2.977000,-0.687000,29.38
0.457783,0.502000,-0.156000,-0.851000,-1.588000,3.038000,-0.794000,29.47
0.458191,0.499000,-0.156000,-0.837000,-1.786000,2.748000,-0.809000,29.52
0.458604,0.503000,-0.158000,-0.839000,-1.527000,2.855000,-1.008000,29.42
0.459014,0.506000,-0.153000,-0.853000,-1.725000,2.611000,-1.008000,29.47
0.459427,0.498000,-0.159000,-0.845000,-1.802000,3.038000,-0.992000,29.38
0.459840,0.508000,-0.156000,-0.849000,-1.878000,2.916000,-0.870000,29.42
0.460252,0.505000,-0.149000,-0.850000,-1.664000,3.053000,-0.962000,29.47
0.460665,0.506000,-0.152000,-0.838000,-1.634000,3.008000,-1.023000,29.57
0.461077,0.510000,-0.157000,-0.849000,-1.695000,2.916000,-0.885000,29.47
0.461488,0.501000,-0.154000,-0.849000,-1.710000,2.901000,-0.916000,29.52
0.461914,0.500000,-0.156000,-0.842000,-1.695000,2.809000,-0.901000,29.42
0.462325,0.502000,-0.156000,-0.849000,-1.710000,2.763000,-0.885000,29.47
0.462739,0.505000,-0.158000,-0.852000,-1.756000,2.947000,-0.733000,29.38
0.463312,0.507000,-0.160000,-0.847000,-1.710000,2.718000,-0.763000,29.52
0.463876,0.509000,-0.158000,-0.848000,-1.878000,2.794000,-0.489000,29.42
0.464323,0.502000,-0.155000,-0.849000,-1.649000,2.809000,-0.672000,29.52
0.464763,0.505000,-0.148000,-0.847000,-1.893000,2.824000,-0.656000,29.47
0.465195,0.506000,-0.152000,-0.846000,-1.893000,2.641000,-0.763000,29.47
0.465626,0.504000,-0.158000,-0.845000,-1.939000,2.550000,-0.702000,29.42
0.466068,0.500000,-0.161000,-0.845000,-2.015000,2.534000,-0.779000,29.42
0.466499,0.510000,-0.153000,-0.848000,-2.198000,2.351000,-0.763000,29.47
0.466995,0.509000,-0.161000,-0.840000,-2.198000,2.229000,-0.901000,29.38
0.467492,0.501000,-0.151000,-0.848000,-2.397000,2.214000,-0.794000,29.42
0.467949,0.501000,-0.150000,-0.841000,-2.397000,2.305000,-0.733000,29.42
0.468398,0.505000,-0.150000,-0.851000,-2.229000,2.153000,-0.794000,29.47
0.468841,0.502000,-0.152000,-0.846000,-2.015000,2.015000,-0.656000,29.57
0.469278,0.510000,-0.147000,-0.842000,-1.908000,1.771000,-0.840000,29.52
0.469721,0.500000,-0.151000,-0.851000,-1.817000,1.939000,-0.626000,29.52
0.470159,0.499000,-0.151000,-0.849000,-1.725000,1.603000,-0.718000,29.47
0.470595,0.497000,-0.157000,-0.843000,-1.725000,1.756000,-0.351000,29.47
0.471026,0.495000,-0.152000,-0.852000,-1.542000,1.924000,-0.427000,29.47
0.471465,0.505000,-0.151000,-0.850000,-1.038000,1.634000,-0.504000,29.42
0.471953,0.500000,-0.152000,-0.857000,-1.145000,2.107000,-0.260000,29.38
0.472504,0.498000,-0.147000,-0.844000,-1.008000,1.893000,-0.061000,29.47
0.472938,0.504000,-0.147000,-0.849000,-0.611000,1.985000,0.107000,29.47
0.473347,0.500000,-0.145000,-0.849000,-0.244000,2.015000,0.198000,29.52
0.473756,0.501000,-0.157000,-0.846000,-0.198000,1.939000,0.412000,29.42
0.474159,0.503000,-0.151000,-0.839000,0.137000,1.725000,0.641000,29.47
0.474560,0.507000,-0.149000,-0.849000,0.153000,1.603000,0.687000,29.47
0.474967,0.508000,-0.151000,-0.854000,0.565000,1.573000,0.794000,29.52
0.475373,0.501000,-0.152000,-0.854000,0.824000,1.496000,1.099000,29.42
0.475782,0.504000,-0.156000,-0.856000,0.931000,1.023000,1.160000,29.47
0.476184,0.495000,-0.158000,-0.846000,1.069000,1.206000,1.206000,29.47
0.476592,0.493000,-0.162000,-0.845000,0.870000,1.115000,0.824000,29.42
0.477007,0.495000,-0.165000,-0.848000,0.351000,1.191000,0.611000,29.42
0.477419,0.499000,-0.172000,-0.846000,-0.198000,1.008000,0.305000,29.47
0.477832,0.506000,-0.162000,-0.858000,-0.183000,0.931000,0.443000,29.57
0.478245,0.498000,-0.168000,-0.836000,-0.489000,0.748000,0.336000,29.52
0.478654,0.500000,-0.165000,-0.858000,-0.656000,0.809000,0.198000,29.52
0.479063,0.496000,-0.172000,-0.850000,-0.580000,0.855000,0.107000,29.38
0.479468,0.503000,-0.167000,-0.858000,-0.840000,0.748000,0.321000,29.47
0.479878,0.494000,-0.164000,-0.853000,-0.931000,1.023000,0.214000,29.42
0.480296,0.502000,-0.167000,-0.856000,-1.145000,0.672000,0.137000,29.52
0.480711,0.496000,-0.163000,-0.857000,-0.962000,1.008000,0.000000,29.47
0.481119,0.495000,-0.158000,-0.849000,-1.298000,1.221000,-0.031000,29.47
0.481534,0.489000,-0.163000,-0.846000,-1.527000,1.405000,-0.107000,29.38
0.481958,0.501000,-0.163000,-0.850000,-1.756000,1.435000,-0.489000,29.42
0.482497,0.493000,-0.161000,-0.854000,-1.817000,1.511000,-0.305000,29.52
0.482928,0.489000,-0.153000,-0.852000,-1.695000,1.481000,-0.305000,29.47
0.487041,0.492000,-0.152000,-0.842000,-1.344000,1.359000,-0.244000,29.47
0.487819,0.490000,-0.140000,-0.842000,-0.443000,1.573000,0.000000,29.52
0.489162,0.474000,-0.155000,-0.843000,0.168000,2.229000,0.214000,29.52
0.490847,0.488000,-0.158000,-0.845000,0.626000,2.687000,0.107000,29.47
0.491424,0.489000,-0.167000,-0.849000,0.702000,3.313000,0.122000,29.38
0.493635,0.495000,-0.169000,-0.850000,0.641000,3.603000,-0.092000,29.42
0.495790,0.501000,-0.163000,-0.854000,0.137000,3.588000,-0.046000,29.42
0.496357,0.494000,-0.170000,-0.855000,0.183000,3.496000,-0.092000,29.57
0.496811,0.504000,-0.171000,-0.845000,0.168000,3.740000,0.046000,29.47
0.497261,0.494000,-0.181000,-0.858000,0.000000,3.542000,-0.305000,29.42
0.498374,0.499000,-0.199000,-0.859000,-0.489000,3.740000,-0.504000,29.47
0.498996,0.504000,-0.215000,-0.856000,-1.695000,4.504000,-1.679000,29.47
0.501420,0.513000,-0.211000,-0.865000,-3.496000,4.885000,-2.794000,29.38
0.505435,0.523000,-0.228000,-0.857000,-6.107000,4.473000,-3.176000,29.42
0.511833,0.514000,-0.224000,-0.849000,-6.580000,4.153000,-3.221000,29.42
0.512509,0.512000,-0.199000,-0.850000,-8.565000,4.137000,-3.664000,29.47
0.513487,0.528000,-0.209000,-0.867000,-9.053000,4.412000,-3.679000,29.47
0.514441,0.517000,-0.207000,-0.845000,-9.832000,3.557000,-4.260000,29.42
0.515196,0.518000,-0.151000,-0.863000,-9.802000,4.092000,-5.282000,29.42
0.515692,0.518000,-0.173000,-0.861000,-10.336000,4.183000,-4.214000,29.38
0.516164,0.485000,-0.157000,-0.835000,-10.580000,4.153000,-5.176000,29.47
0.516623,0.496000,-0.194000,-0.857000,-12.366000,3.176000,-5.145000,29.52
0.517110,0.476000,-0.209000,-0.823000,-16.244000,3.191000,-5.344000,29.42
0.517603,0.513000,-0.238000,-0.825000,-19.282000,5.099000,-6.351000,29.52
0.518099,0.508000,-0.257000,-0.838000,-23.008000,3.954000,-2.885000,29.47
0.518523,0.528000,-0.306000,-0.860000,-25.527000,5.038000,3.252000,29.38
0.518945,0.548000,-0.280000,-0.882000,-28.031000,4.641000,8.947000,29.42
0.519364,0.536000,-0.259000,-0.863000,-26.229000,4.824000,16.916000,29.33
0.519783,0.597000,-0.495000,-0.790000,-18.779000,4.885000,29.924000,29.47
0.520231,0.558000,-0.409000,-0.583000,-14.977000,20.977000,36.763000,29.47
0.520757,0.671000,-0.332000,-0.655000,-8.366000,26.107000,43.924000,29.42
0.521344,0.634000,-0.324000,-0.497000,11.176000,37.511000,51.450000,29.47
0.521895,0.636000,-0.439000,-0.375000,35.115000,49.405000,57.679000,29.38
0.522779,0.829000,-0.610000,-0.515000,50.916000,60.046000,59.221000,29.38
0.523861,0.884000,-0.537000,-1.071000,3.069000,38.809000,32.504000,29.52
0.524494,0.698000,0.088000,-1.054000,-17.969000,31.359000,33.939000,29.33
0.524986,0.533000,0.235000,-0.759000,20.641000,28.168000,27.847000,29.47
0.525464,0.583000,-0.178000,-0.800000,33.435000,10.580000,8.015000,29.38
0.526641,0.567000,-0.141000,-0.968000,19.756000,4.275000,-7.221000,29.42
0.527243,0.555000,0.085000,-0.886000,34.244000,3.756000,-17.008000,29.42
0.527724,0.578000,-0.062000,-0.891000,52.733000,4.412000,-27.344000,29.57
0.528252,0.576000,-0.224000,-0.856000,58.885000,-3.237000,-34.702000,29.47
0.528817,0.578000,-0.266000,-0.795000,64.336000,-12.809000,-40.107000,29.42
0.529373,0.603000,-0.360000,-0.755000,65.756000,-16.473000,-40.824000,29.42
0.529901,0.581000,-0.479000,-0.706000,60.992000,-14.489000,-36.244000,29.47
0.530354,0.568000,-0.537000,-0.632000,52.824000,-7.695000,-28.458000,29.38
0.530795,0.568000,-0.534000,-0.629000,44.794000,-1.893000,-18.916000,29.52
0.531215,0.554000,-0.490000,-0.643000,37.466000,2.397000,-8.672000,29.47
0.531640,0.549000,-0.421000,-0.695000,28.580000,6.855000,0.107000,29.47
0.532057,0.499000,-0.320000,-0.733000,21.191000,9.466000,4.794000,29.57
0.532478,0.440000,-0.177000,-0.797000,13.939000,8.412000,4.458000,29.42
0.532903,0.382000,-0.045000,-0.867000,8.153000,4.916000,0.107000,29.42
0.533318,0.312000,0.052000,-0.931000,1.191000,-0.992000,-7.466000,29.38
0.533745,0.223000,0.163000,-0.997000,-7.634000,-11.863000,-19.466000,29.47
0.534174,0.125000,0.247000,-1.057000,-20.458000,-20.015000,-34.458000,29.42
0.534598,0.012000,0.311000,-1.152000,-35.359000,-32.641000,-52.641000,29.42
0.535027,0.050000,0.562000,-1.460000,-45.191000,-49.573000,-70.718000,29.47
0.535457,0.079000,0.724000,-1.210000,-11.802000,-50.626000,-63.206000,29.38
0.535893,0.421000,-0.219000,-0.631000,-21.664000,-36.779000,-41.344000,29.33
0.536321,0.502000,-0.311000,-0.442000,-33.832000,-17.679000,-27.878000,29.52
0.536755,0.725000,-0.120000,-1.313000,-33.557000,3.008000,-19.481000,29.52
0.537188,0.655000,0.011000,-1.181000,-11.847000,-15.374000,-14.351000,29.47
0.537618,0.405000,-0.604000,-0.585000,-4.672000,9.710000,-10.901000,29.47
0.538063,0.589000,-0.444000,-0.913000,-9.893000,11.267000,-11.771000,29.42
0.538593,0.462000,-0.003000,-0.919000,-7.893000,8.687000,-12.260000,29.42
0.539206,0.546000,-0.190000,-0.889000,0.122000,5.634000,-8.779000,29.47
0.539685,0.569000,-0.176000,-0.855000,3.023000,6.550000,-6.458000,29.42
0.540135,0.546000,-0.219000,-0.848000,3.908000,8.229000,-6.748000,29.52
0.540574,0.558000,-0.222000,-0.835000,2.504000,14.137000,-7.176000,29.47
0.541014,0.536000,-0.183000,-0.831000,0.718000,10.229000,-6.992000,29.47
0.541451,0.554000,-0.161000,-0.825000,-0.275000,3.099000,-6.290000,29.42
0.541946,0.549000,-0.155000,-0.852000,0.214000,-2.214000,-4.687000,29.42
0.542398,0.525000,-0.155000,-0.839000,-0.519000,-2.794000,-3.756000,29.47
0.542847,0.514000,-0.202000,-0.842000,-1.603000,-1.481000,-3.924000,29.57
0.543287,0.525000,-0.220000,-0.823000,-2.672000,0.702000,-4.473000,29.42
0.543725,0.524000,-0.201000,-0.840000,-2.748000,1.069000,-4.656000,29.42
0.544157,0.521000,-0.183000,-0.841000,-1.939000,0.565000,-4.046000,29.57
0.544596,0.515000,-0.144000,-0.845000,0.092000,0.321000,-2.519000,29.57
0.545032,0.504000,-0.141000,-0.851000,2.748000,1.664000,-0.580000,29.42
0.545467,0.518000,-0.159000,-0.846000,4.931000,3.802000,1.481000,29.33
0.545898,0.509000,-0.174000,-0.844000,6.366000,6.260000,2.641000,29.38
0.546329,0.521000,-0.191000,-0.847000,6.382000,6.947000,2.885000,29.47
0.546809,0.519000,-0.210000,-0.838000,5.099000,7.145000,2.153000,29.42
0.547301,0.512000,-0.225000,-0.830000,2.947000,6.580000,1.206000,29.52
0.547733,0.513000,-0.227000,-0.821000,0.748000,6.305000,-0.427000,29.57
0.548159,0.519000,-0.228000,-0.833000,-1.328000,5.771000,-1.573000,29.47
0.548687,0.515000,-0.219000,-0.832000,-2.916000,5.282000,-2.809000,29.52
0.549240,0.508000,-0.208000,-0.838000,-3.878000,5.695000,-3.496000,29.42
0.549681,0.524000,-0.195000,-0.833000,-4.550000,5.847000,-3.863000,29.42
0.550122,0.517000,-0.190000,-0.829000,-5.115000,6.351000,-4.122000,29.57
0.550555,0.514000,-0.195000,-0.833000,-6.107000,6.443000,-4.458000,29.42
0.550991,0.523000,-0.191000,-0.832000,-6.565000,6.305000,-4.794000,29.52
0.551421,0.524000,-0.189000,-0.834000,-6.489000,6.031000,-4.550000,29.47
0.551880,0.530000,-0.182000,-0.838000,-6.412000,5.832000,-4.443000,29.47
0.552316,0.526000,-0.177000,-0.840000,-6.137000,5.817000,-4.382000,29.38
0.552734,0.531000,-0.191000,-0.837000,-6.275000,5.511000,-4.260000,29.52
0.553159,0.521000,-0.188000,-0.831000,-6.489000,5.069000,-4.412000,29.42
0.553570,0.519000,-0.189000,-0.818000,-6.580000,4.458000,-4.611000,29.38
0.553990,0.523000,-0.182000,-0.835000,-6.962000,4.244000,-4.733000,29.47
0.554406,0.522000,-0.187000,-0.828000,-7.115000,4.107000,-4.901000,29.52
0.554825,0.530000,-0.176000,-0.831000,-6.977000,3.679000,-4.763000,29.57
0.555246,0.523000,-0.158000,-0.838000,-6.550000,3.405000,-4.168000,29.47
0.555679,0.524000,-0.156000,-0.850000,-5.573000,4.015000,-3.160000,29.47
0.556099,0.531000,-0.177000,-0.859000,-5.145000,5.038000,-2.718000,29.33
0.556509,0.525000,-0.186000,-0.816000,-5.405000,5.466000,-2.809000,29.52
0.556919,0.514000,-0.150000,-0.827000,-5.130000,4.947000,-2.504000,29.38
0.557331,0.521000,-0.143000,-0.838000,-3.542000,4.794000,-1.481000,29.38
0.557746,0.529000,-0.157000,-0.840000,-2.611000,4.366000,-0.885000,29.33
0.558157,0.521000,-0.161000,-0.851000,-1.802000,4.977000,-0.198000,29.42
0.558641,0.535000,-0.150000,-0.851000,-1.756000,5.481000,0.534000,29.57
0.559204,0.522000,-0.156000,-0.832000,-1.130000,6.015000,0.870000,29.47
0.559686,0.518000,-0.166000,-0.825000,-1.588000,5.985000,1.298000,29.42
0.560127,0.519000,-0.174000,-0.819000,-2.427000,5.863000,0.855000,29.52
0.560560,0.508000,-0.189000,-0.822000,-3.237000,6.137000,-0.168000,29.38
0.561002,0.503000,-0.198000,-0.814000,-4.336000,6.947000,-1.542000,29.38
0.561444,0.504000,-0.206000,-0.823000,-5.878000,7.145000,-3.023000,29.52
0.561951,0.513000,-0.210000,-0.818000,-7.359000,7.405000,-4.931000,29.38
0.562425,0.505000,-0.200000,-0.827000,-8.244000,7.450000,-6.351000,29.47
0.562892,0.516000,-0.196000,-0.819000,-9.573000,7.802000,-7.786000,29.47
0.563359,0.499000,-0.186000,-0.827000,-10.031000,8.061000,-8.427000,29.42
0.563814,0.525000,-0.168000,-0.830000,-10.336000,8.366000,-9.069000,29.52
0.564249,0.521000,-0.170000,-0.835000,-10.534000,9.191000,-9.221000,29.38
0.564670,0.539000,-0.161000,-0.830000,-11.099000,10.244000,-9.191000,29.38
0.565092,0.546000,-0.140000,-0.844000,-10.260000,10.153000,-8.534000,29.52
0.565505,0.556000,-0.130000,-0.828000,-9.145000,9.954000,-7.649000,29.42
0.565910,0.560000,-0.131000,-0.832000,-7.863000,8.794000,-6.473000,29.38
0.566323,0.570000,-0.131000,-0.828000,-6.947000,7.542000,-5.145000,29.47
0.566740,0.557000,-0.121000,-0.824000,-5.160000,5.695000,-4.046000,29.42
0.567150,0.550000,-0.129000,-0.825000,-4.000000,4.687000,-3.176000,29.52
0.567559,0.547000,-0.140000,-0.819000,-3.160000,3.359000,-2.351000,29.47
0.567972,0.549000,-0.150000,-0.817000,-2.962000,2.702000,-1.893000,29.47
0.568382,0.538000,-0.143000,-0.817000,-2.656000,2.595000,-1.817000,29.42
0.568869,0.535000,-0.156000,-0.823000,-2.580000,1.969000,-1.649000,29.47
0.569370,0.531000,-0.150000,-0.821000,-2.565000,2.198000,-1.893000,29.47
0.569808,0.537000,-0.149000,-0.825000,-2.412000,2.015000,-2.260000,29.57
0.570249,0.530000,-0.149000,-0.830000,-2.076000,1.939000,-1.878000,29.52
0.570689,0.535000,-0.142000,-0.834000,-1.893000,2.153000,-1.985000,29.52
0.571121,0.531000,-0.150000,-0.826000,-1.603000,2.519000,-2.076000,29.47
0.571637,0.532000,-0.147000,-0.821000,-1.145000,2.855000,-1.634000,29.38
0.572075,0.538000,-0.149000,-0.832000,-1.206000,3.176000,-1.603000,29.42
0.572507,0.535000,-0.147000,-0.826000,-1.267000,3.405000,-1.710000,29.52
0.572942,0.528000,-0.156000,-0.833000,-1.573000,3.481000,-1.847000,29.38
0.573389,0.540000,-0.158000,-0.828000,-1.802000,3.878000,-1.939000,29.47
0.573805,0.546000,-0.145000,-0.831000,-2.183000,3.740000,-2.031000,29.33
0.574222,0.537000,-0.150000,-0.828000,-2.244000,3.847000,-1.725000,29.42
0.574636,0.542000,-0.147000,-0.818000,-1.924000,4.198000,-1.832000,29.47
0.575050,0.545000,-0.150000,-0.823000,-2.015000,4.519000,-1.786000,29.47
0.575468,0.551000,-0.142000,-0.823000,-1.435000,4.244000,-1.344000,29.52
0.575888,0.543000,-0.133000,-0.827000,-1.099000,4.229000,-1.069000,29.47
0.576301,0.542000,-0.147000,-0.823000,-0.992000,4.412000,-1.038000,29.47
0.576727,0.540000,-0.157000,-0.822000,-1.053000,4.290000,-1.099000,29.47
0.577156,0.543000,-0.147000,-0.819000,-1.221000,4.427000,-0.947000,29.52
0.577589,0.540000,-0.149000,-0.817000,-1.053000,4.137000,-0.977000,29.42
0.578020,0.545000,-0.145000,-0.824000,-0.855000,4.061000,-0.718000,29.47
0.578445,0.543000,-0.140000,-0.819000,-0.351000,3.954000,-0.290000,29.47
0.578964,0.537000,-0.135000,-0.822000,0.519000,4.031000,0.061000,29.42
0.579503,0.530000,-0.150000,-0.819000,0.626000,4.168000,-0.153000,29.42
0.579956,0.524000,-0.180000,-0.811000,-0.351000,4.229000,-1.084000,29.47
0.580473,0.527000,-0.162000,-0.829000,-0.870000,5.237000,-1.786000,29.47
0.581027,0.548000,-0.152000,-0.819000,-1.405000,5.634000,-2.092000,29.42
0.581558,0.549000,-0.151000,-0.832000,-1.405000,6.031000,-2.000000,29.52
0.582086,0.557000,-0.148000,-0.820000,-1.252000,5.863000,-2.015000,29.47
0.582523,0.556000,-0.147000,-0.828000,-1.008000,5.496000,-1.557000,29.38
0.582941,0.541000,-0.139000,-0.825000,-0.550000,5.206000,-1.069000,29.42
0.583365,0.550000,-0.147000,-0.825000,-0.779000,5.252000,-1.130000,29.47
0.583783,0.547000,-0.158000,-0.812000,-1.038000,5.206000,-1.481000,29.47
0.584225,0.549000,-0.163000,-0.824000,-1.481000,5.359000,-1.985000,29.47
0.584651,0.545000,-0.152000,-0.820000,-1.542000,5.145000,-2.366000,29.52
0.586164,0.551000,-0.158000,-0.817000,-2.321000,5.420000,-2.687000,29.52
0.586703,0.554000,-0.153000,-0.820000,-2.641000,5.221000,-3.053000,29.38
0.587194,0.548000,-0.161000,-0.817000,-3.099000,5.145000,-3.221000,29.47
0.587688,0.542000,-0.144000,-0.823000,-3.176000,5.206000,-3.450000,29.47
0.588189,0.549000,-0.163000,-0.820000,-3.496000,5.649000,-3.756000,29.42
0.588644,0.546000,-0.140000,-0.825000,-4.015000,4.748000,-4.382000,29.52
0.589190,0.561000,-0.152000,-0.814000,-4.336000,5.221000,-4.076000,29.47
0.589612,0.543000,-0.153000,-0.809000,-3.679000,4.992000,-3.969000,29.47
0.590027,0.540000,-0.137000,-0.830000,-3.160000,5.069000,-4.107000,29.42
0.590440,0.549000,-0.149000,-0.815000,-3.649000,4.870000,-4.290000,29.42
0.590853,0.546000,-0.157000,-0.819000,-4.183000,5.145000,-4.855000,29.57
0.591268,0.546000,-0.149000,-0.812000,-4.748000,4.809000,-5.557000,29.47
0.591690,0.550000,-0.161000,-0.816000,-6.305000,3.832000,-6.870000,29.52
0.592103,0.582000,-0.149000,-0.816000,-7.038000,2.977000,-7.069000,29.42
0.592512,0.562000,-0.133000,-0.818000,-7.008000,2.153000,-6.504000,29.57
0.592937,0.562000,-0.134000,-0.813000,-7.450000,2.550000,-6.092000,29.47
0.593349,0.561000,-0.135000,-0.815000,-7.160000,1.924000,-5.527000,29.42
0.593766,0.561000,-0.125000,-0.818000,-6.641000,1.573000,-4.840000,29.57
0.594193,0.563000,-0.113000,-0.820000,-5.969000,0.992000,-4.076000,29.47
0.594623,0.546000,-0.107000,-0.818000,-3.634000,1.634000,-2.336000,29.47
0.595045,0.541000,-0.120000,-0.816000,-2.534000,2.015000,-1.267000,29.52
0.595465,0.542000,-0.135000,-0.814000,-1.756000,3.237000,-1.282000,29.42
0.595884,0.527000,-0.148000,-0.827000,-2.947000,4.489000,-2.565000,29.38
0.596412,0.536000,-0.174000,-0.827000,-5.969000,4.748000,-4.412000,29.38
0.597016,0.551000,-0.135000,-0.822000,-8.061000,5.038000,-5.405000,29.42
0.597484,0.555000,-0.129000,-0.820000,-8.000000,4.901000,-5.618000,29.42
0.597909,0.556000,-0.126000,-0.819000,-8.550000,4.427000,-5.374000,29.38
0.598342,0.548000,-0.150000,-0.826000,-9.481000,4.275000,-6.046000,29.47
0.598767,0.507000,-0.156000,-0.843000,-10.580000,3.908000,-7.176000,29.42
0.599195,0.526000,-0.139000,-0.812000,-12.351000,4.427000,-9.924000,29.52
0.599633,0.550000,-0.133000,-0.828000,-15.145000,5.282000,-10.809000,29.47
0.600097,0.573000,-0.129000,-0.830000,-16.031000,5.618000,-10.611000,29.47
0.600521,0.566000,-0.114000,-0.822000,-16.153000,5.160000,-9.969000,29.42
0.600950,0.557000,-0.129000,-0.826000,-15.573000,4.947000,-10.046000,29.52
0.601375,0.564000,-0.143000,-0.814000,-16.611000,4.397000,-10.183000,29.57
0.601811,0.551000,-0.112000,-0.820000,-17.191000,6.595000,-10.840000,29.38
0.602238,0.560000,-0.108000,-0.827000,-16.626000,6.489000,-10.718000,29.47
0.602662,0.560000,-0.102000,-0.818000,-15.664000,7.023000,-10.168000,29.52
0.603092,0.562000,-0.078000,-0.816000,-13.618000,7.435000,-9.679000,29.38
0.603506,0.571000,-0.074000,-0.817000,-11.969000,7.420000,-8.885000,29.47
0.603936,0.572000,-0.063000,-0.816000,-10.931000,7.176000,-7.359000,29.47
0.604355,0.575000,-0.052000,-0.821000,-9.099000,6.519000,-6.046000,29.52
0.604773,0.588000,-0.043000,-0.807000,-6.794000,4.489000,-3.664000,29.42
0.605193,0.589000,-0.031000,-0.792000,-3.267000,1.939000,-0.840000,29.38
0.605628,0.564000,-0.027000,-0.781000,-0.397000,-0.229000,1.115000,29.47
0.606047,0.569000,-0.116000,-0.801000,-0.565000,-2.672000,0.962000,29.42
0.606600,0.544000,-0.102000,-0.824000,-3.023000,-5.634000,-0.595000,29.42
0.607176,0.561000,-0.128000,-0.821000,-4.931000,-7.328000,-2.183000,29.38
0.607615,0.569000,-0.083000,-0.816000,-4.427000,-7.237000,-2.534000,29.47
0.608032,0.564000,-0.079000,-0.835000,-3.969000,-8.137000,-1.817000,29.42
0.608452,0.565000,-0.064000,-0.833000,-2.885000,-8.092000,-1.008000,29.52
0.608867,0.582000,-0.050000,-0.827000,-0.443000,-7.573000,0.718000,29.47
0.609271,0.593000,-0.040000,-0.821000,2.397000,-9.328000,2.336000,29.38
0.609687,0.606000,-0.002000,-0.827000,6.336000,-12.718000,4.870000,29.52
0.610096,0.631000,0.005000,-0.842000,9.328000,-18.779000,8.153000,29.38
0.610513,0.658000,0.000000,-0.821000,10.947000,-27.008000,12.198000,29.47
0.610929,0.632000,0.013000,-0.822000,16.916000,-34.901000,17.664000,29.47
0.611348,0.641000,0.058000,-0.820000,32.092000,-38.168000,27.756000,29.52
0.611772,0.716000,0.075000,-0.832000,42.031000,-36.824000,38.473000,29.42
0.612195,0.554000,-0.133000,-0.889000,48.840000,-27.908000,43.191000,29.38
0.612612,0.459000,-0.316000,-0.924000,47.466000,-21.573000,40.015000,29.38
0.613031,0.443000,-0.378000,-0.885000,40.992000,-12.366000,34.305000,29.42
0.613470,0.477000,-0.367000,-0.879000,36.366000,-7.420000,29.450000,29.42
0.613899,0.519000,-0.464000,-0.828000,30.229000,0.809000,24.412000,29.47
0.614396,0.320000,-0.487000,-0.818000,14.733000,0.519000,12.626000,29.38
0.614840,0.253000,-0.572000,-0.804000,0.000000,2.244000,-0.229000,29.42
0.615280,0.148000,-0.641000,-0.850000,-16.458000,23.649000,-18.687000,29.42
0.615719,0.115000,-0.634000,-0.824000,-23.435000,71.191000,-34.702000,29.47
0.616160,0.266000,-0.131000,-1.032000,-22.885000,119.527000,-56.626000,29.47
0.616788,0.310000,-0.189000,-1.910000,4.779000,104.076000,-98.885000,29.52
0.617260,0.100000,-1.811000,-1.980000,-28.824000,87.618000,-84.305000,29.57
0.617705,-0.173000,-2.680000,-1.705000,-74.366000,68.687000,-25.191000,29.47
0.618142,-0.123000,-1.847000,-1.485000,-52.672000,50.031000,35.573000,29.38
0.618585,-0.827000,-1.495000,-1.097000,-28.916000,46.840000,81.313000,29.42
0.619025,-0.840000,-1.161000,-0.882000,-7.084000,43.725000,96.275000,29.42
0.619467,-0.886000,-0.770000,-1.021000,6.092000,26.107000,93.710000,29.47
0.619906,-0.930000,-0.408000,-1.011000,11.084000,21.221000,74.656000,29.47
0.620339,-0.854000,-0.269000,-1.045000,12.718000,19.710000,48.916000,29.42
0.620775,-0.671000,-0.236000,-1.182000,12.458000,13.191000,24.885000,29.42
0.621222,-0.386000,-0.324000,-1.445000,18.733000,-6.763000,11.557000,29.47
0.621802,-0.098000,-0.391000,-1.556000,31.435000,-35.908000,14.076000,29.38
0.622541,0.058000,-0.550000,-1.456000,44.046000,-64.473000,28.076000,29.47
0.623096,0.202000,-0.511000,-1.279000,44.565000,-87.771000,43.954000,29.52
0.623558,0.316000,-0.470000,-1.105000,34.840000,-91.740000,60.092000,29.52
0.624010,0.404000,-0.425000,-1.017000,28.000000,-101.527000,77.084000,29.47
0.624438,0.509000,-0.355000,-1.002000,29.679000,-106.748000,93.206000,29.47
0.624898,0.562000,-0.255000,-0.927000,30.992000,-101.725000,108.336000,29.42
0.625324,0.571000,-0.179000,-0.881000,25.344000,-87.267000,117.038000,29.42
0.625753,0.561000,-0.053000,-0.833000,15.664000,-72.198000,119.176000,29.38
0.626177,0.561000,0.081000,-0.777000,6.458000,-61.802000,115.267000,29.47
0.626622,0.545000,0.170000,-0.731000,-2.046000,-54.015000,105.115000,29.42
0.627099,0.573000,0.212000,-0.766000,-6.290000,-47.420000,90.168000,29.47
0.627550,0.728000,0.169000,-0.978000,-1.084000,-40.947000,75.466000,29.38
0.628009,0.955000,0.105000,-1.139000,14.931000,-57.542000,65.771000,29.47
0.628637,0.983000,0.059000,-1.152000,19.573000,-58.489000,56.992000,29.52
0.629261,0.896000,0.065000,-0.987000,23.450000,-71.832000,45.618000,29.52
0.629934,0.860000,0.112000,-0.822000,28.931000,-80.214000,33.954000,29.47
0.630508,0.835000,0.107000,-0.682000,35.481000,-77.206000,24.992000,29.38
0.631028,0.925000,0.039000,-0.709000,43.649000,-71.359000,20.718000,29.42
0.631652,1.009000,-0.009000,-0.709000,44.656000,-65.313000,21.359000,29.52
0.632289,1.012000,-0.042000,-0.667000,38.275000,-61.130000,20.595000,29.47
0.632791,0.976000,0.044000,-0.587000,27.725000,-58.153000,16.031000,29.47
0.633236,1.011000,0.074000,-0.526000,21.344000,-54.092000,8.885000,29.33
0.633668,1.105000,0.052000,-0.508000,16.565000,-52.687000,2.290000,29.33
0.634103,1.245000,-0.009000,-0.530000,13.359000,-52.168000,-3.023000,29.47
0.634539,1.293000,-0.048000,-0.422000,8.733000,-50.947000,-5.374000,29.47
0.634960,1.278000,-0.090000,-0.270000,2.168000,-46.824000,-7.099000,29.42
0.635388,1.220000,-0.160000,-0.138000,-6.550000,-37.679000,-6.763000,29.47
0.635827,1.192000,-0.252000,-0.121000,-9.450000,-26.275000,-1.802000,29.47
0.636259,0.530000,-0.355000,0.094000,5.008000,-16.794000,12.626000,29.47
0.636692,1.205000,-0.277000,0.984000,-29.985000,24.901000,9.176000,29.42
0.637128,1.437000,-0.001000,0.844000,-24.504000,111.740000,22.733000,29.42
0.637560,1.137000,-0.360000,-0.936000,5.313000,122.504000,61.802000,29.38
0.638033,0.656000,-0.286000,-1.521000,-5.389000,70.489000,74.321000,29.38
0.638491,-0.293000,0.518000,-1.202000,1.771000,65.908000,6.412000,29.42
0.638937,-0.012000,0.317000,-1.503000,10.580000,75.160000,-41.573000,29.52
0.639367,0.991000,-0.203000,-1.544000,15.618000,76.947000,-48.336000,29.47
0.639793,1.133000,-0.407000,-1.520000,14.397000,76.351000,-32.977000,29.47
0.640214,0.625000,-0.129000,-1.349000,13.527000,63.328000,-26.229000,29.42
0.640635,0.219000,0.191000,-1.148000,25.084000,50.412000,-27.695000,29.52
0.641055,0.404000,-0.093000,-1.075000,34.595000,42.336000,-33.374000,29.38
0.641617,0.705000,-0.694000,-0.826000,31.817000,32.443000,-25.344000,29.57
0.642253,0.629000,-0.807000,-0.680000,18.229000,38.809000,-17.252000,29.52
0.642823,0.517000,-0.572000,-0.797000,1.802000,39.420000,-16.718000,29.47
0.643272,0.413000,-0.382000,-0.849000,-14.656000,36.214000,-22.351000,29.47
0.643703,0.457000,-0.502000,-0.852000,-27.786000,26.489000,-23.053000,29.38
0.646533,0.389000,-0.465000,-0.719000,-41.298000,14.092000,-24.260000,29.52
0.656561,0.204000,-0.333000,-0.643000,-54.824000,9.969000,-29.313000,29.42
0.666533,0.063000,-0.277000,-0.527000,-81.710000,19.649000,-40.168000,29.47
0.676581,0.215000,-0.581000,-0.772000,-105.221000,44.321000,-49.710000,29.38
0.686598,0.593000,-0.696000,-1.021000,-94.550000,53.084000,-47.649000,29.42
0.696609,0.674000,-0.272000,-1.141000,-72.870000,51.679000,-40.565000,29.42
0.706576,0.709000,-0.215000,-1.251000,-45.252000,41.832000,-28.855000,29.38
0.716556,0.502000,-0.184000,-0.918000,-28.168000,33.756000,-19.954000,29.38
0.726588,0.402000,-0.389000,-0.835000,-25.389000,32.870000,-19.405000,29.52
0.736653,0.469000,-0.317000,-0.876000,-26.901000,32.351000,-21.985000,29.52
0.746758,0.540000,-0.279000,-0.951000,-25.176000,35.267000,-21.023000,29.47
0.756639,0.494000,-0.229000,-0.869000,-21.389000,32.916000,-20.382000,29.57
0.766669,0.462000,-0.330000,-0.803000,-24.000000,32.748000,-22.076000,29.42
0.776692,0.437000,-0.319000,-0.809000,-31.924000,30.672000,-26.031000,29.47
0.786715,0.461000,-0.327000,-0.802000,-39.282000,30.931000,-30.290000,29.47
0.796768,0.525000,-0.237000,-0.894000,-39.435000,29.588000,-32.565000,29.38
0.806819,0.475000,-0.223000,-0.862000,-36.366000,27.832000,-33.252000,29.52
0.816690,0.506000,-0.159000,-0.853000,-31.206000,25.649000,-31.359000,29.42
0.826717,0.501000,-0.147000,-0.861000,-26.763000,25.603000,-28.992000,29.47
0.836817,0.494000,-0.160000,-0.884000,-22.702000,29.557000,-27.252000,29.47
0.846880,0.468000,-0.187000,-0.862000,-19.450000,35.252000,-26.992000,29.52
0.856830,0.421000,-0.189000,-0.869000,-18.992000,43.481000,-25.328000,29.52
0.866879,0.527000,-0.199000,-0.858000,-16.489000,46.595000,-25.374000,29.47
0.876987,0.545000,-0.194000,-0.858000,-15.420000,51.298000,-27.237000,29.38
0.887004,0.459000,-0.694000,-0.682000,-5.893000,58.168000,-33.588000,29.47
0.896948,0.497000,-0.035000,-0.869000,-9.130000,68.168000,-39.176000,29.52
0.906917,0.487000,-0.311000,-0.854000,-21.420000,79.542000,-35.435000,29.42
0.917042,0.730000,-0.254000,-0.925000,-28.641000,95.298000,-33.084000,29.47
0.927034,0.530000,-0.149000,-0.873000,-31.740000,113.695000,-32.611000,29.47
0.936922,0.553000,-0.190000,-0.875000,-30.427000,132.275000,-33.527000,29.42
0.946969,0.495000,-0.186000,-0.871000,-34.031000,152.779000,-35.603000,29.42
0.956931,0.472000,-0.160000,-0.818000,-33.740000,174.748000,-41.527000,29.47
0.967059,0.448000,-0.128000,-0.836000,-31.817000,194.168000,-51.115000,29.47
0.977072,0.578000,-0.058000,-0.854000,-30.443000,209.634000,-55.679000,29.42
0.987053,0.530000,-0.078000,-0.801000,-26.626000,223.527000,-62.870000,29.57
0.997024,0.510000,-0.104000,-0.794000,-32.214000,243.481000,-72.779000,29.38
1.006856,0.663000,-0.072000,-0.871000,-38.763000,264.214000,-84.702000,29.47
1.016905,0.651000,-0.177000,-0.813000,-48.550000,286.626000,-97.115000,29.42
1.026825,0.928000,-0.206000,-0.890000,-46.260000,306.000000,-98.947000,29.52
1.036593,1.165000,-0.143000,-0.949000,-4.015000,309.969000,-88.382000,29.38
1.046618,1.359000,-0.214000,-1.189000,68.366000,293.802000,-66.840000,29.38
1.056562,1.584000,-0.143000,-1.402000,116.351000,307.725000,-48.244000,29.42
1.066533,1.673000,-0.248000,-1.835000,122.916000,343.878000,-41.649000,29.42
1.076515,1.686000,-0.312000,-1.625000,126.550000,350.244000,-50.229000,29.42
1.086548,1.646000,-0.105000,-2.226000,113.176000,349.069000,-68.534000,29.47
1.096588,1.591000,0.074000,-2.521000,112.427000,311.038000,-82.351000,29.47
1.106594,0.258000,-0.868000,-2.392000,154.443000,256.534000,-72.076000,29.52
1.116820,-0.715000,-4.000000,-3.005000,101.267000,105.511000,16.595000,29.42
1.126563,1.213000,-3.305000,-3.917000,-119.542000,-23.924000,40.382000,29.47
1.136559,-0.718000,-1.090000,-2.899000,-249.496000,-135.893000,10.870000,29.47
1.146602,-0.971000,0.596000,-2.469000,-212.229000,-175.099000,-52.397000,29.42
1.156620,-0.164000,1.197000,-2.804000,-107.176000,-271.802000,-133.374000,29.52
1.166593,0.015000,0.545000,-2.261000,-5.176000,-350.336000,-184.137000,29.47
1.176608,0.167000,-0.079000,-1.659000,28.855000,-380.779000,-228.962000,29.38
1.186614,0.039000,-0.509000,-0.884000,22.763000,-370.015000,-244.382000,29.42
1.196769,-0.067000,-0.584000,-0.405000,21.145000,-324.214000,-234.733000,29.47
1.206680,0.186000,-0.869000,-0.485000,36.626000,-264.153000,-194.992000,29.47
1.216651,0.452000,-1.053000,-0.752000,59.328000,-236.534000,-137.176000,29.47
1.226645,0.647000,-1.350000,-0.878000,75.786000,-223.191000,-73.084000,29.42
1.236728,0.816000,-1.537000,-0.911000,72.870000,-215.847000,-1.511000,29.52
1.246860,0.893000,-1.460000,-0.909000,52.718000,-207.908000,61.756000,29.47
1.256699,0.911000,-1.226000,-0.961000,43.481000,-203.740000,114.214000,29.38
1.266762,0.978000,-0.996000,-1.054000,51.496000,-206.656000,153.985000,29.42
1.276737,1.039000,-0.883000,-1.115000,58.916000,-206.244000,184.061000,29.42
1.286782,1.119000,-0.670000,-1.051000,62.260000,-202.229000,209.206000,29.38
1.296645,1.033000,-0.265000,-0.970000,68.031000,-193.069000,215.664000,29.47
1.306638,0.964000,0.102000,-1.028000,80.092000,-187.603000,201.603000,29.33
1.316638,0.983000,0.259000,-1.228000,90.885000,-192.992000,177.649000,29.42
1.326640,0.958000,0.313000,-1.360000,96.977000,-200.580000,148.458000,29.47
1.336605,0.964000,0.334000,-1.521000,104.656000,-207.130000,117.939000,29.47
1.346641,1.052000,0.382000,-1.636000,117.618000,-212.122000,86.702000,29.47
1.356619,1.178000,0.365000,-1.676000,134.840000,-213.710000,55.405000,29.42
1.366671,1.401000,0.320000,-1.572000,158.947000,-229.740000,24.107000,29.42
1.376693,1.524000,0.239000,-1.343000,176.382000,-231.527000,-0.504000,29.38
1.386724,1.644000,0.184000,-1.019000,194.336000,-231.481000,-14.565000,29.47
1.396807,1.741000,0.140000,-0.765000,208.824000,-213.298000,-14.718000,29.42
1.406706,1.876000,0.126000,-0.730000,215.725000,-190.656000,-0.733000,29.47
1.416820,1.929000,0.285000,-0.795000,217.664000,-166.885000,26.260000,29.47
1.426798,1.990000,0.517000,-0.807000,214.977000,-144.382000,59.389000,29.47
1.436874,2.039000,0.695000,-0.773000,205.176000,-129.359000,93.924000,29.42
1.446812,2.245000,0.840000,-0.668000,189.099000,-115.954000,125.130000,29.52
1.456940,2.479000,0.844000,-0.484000,163.924000,-108.443000,146.901000,29.47
1.466873,2.635000,0.938000,-0.052000,126.366000,-96.397000,152.290000,29.47
1.477058,2.584000,1.256000,0.397000,82.565000,-74.916000,136.489000,29.42
1.487021,2.539000,1.590000,0.459000,30.290000,-53.191000,102.321000,29.42
1.496977,2.579000,1.929000,0.442000,-9.420000,-34.153000,61.908000,29.38
1.507098,2.630000,1.904000,0.364000,-43.145000,-11.573000,25.985000,29.47
1.517034,2.516000,1.786000,0.313000,-68.916000,13.191000,-5.511000,29.42
1.527131,3.027000,2.239000,0.655000,-71.038000,105.817000,-82.458000,29.42
1.537065,-1.062000,0.275000,-0.727000,-42.962000,89.435000,-82.107000,29.47
1.547188,1.396000,-1.065000,-3.250000,-70.595000,12.107000,-106.656000,29.38
1.557109,-0.611000,-1.699000,-1.094000,-30.779000,10.107000,-71.786000,29.52
1.567166,-0.293000,-2.051000,0.487000,-64.687000,100.840000,-73.542000,29.42
1.577259,0.836000,-0.735000,-0.205000,-16.733000,186.489000,-39.496000,29.42
1.587199,1.213000,0.509000,-1.670000,-7.359000,196.992000,-23.466000,29.47
1.597063,0.872000,1.320000,-2.486000,6.840000,160.000000,-51.924000,29.47
1.606910,0.599000,1.183000,-2.088000,29.481000,116.321000,-86.595000,29.42
1.617031,0.596000,0.152000,-1.284000,61.435000,121.130000,-83.344000,29.47
1.627116,0.668000,-0.833000,-0.958000,68.534000,134.779000,-62.000000,29.38
1.637085,0.852000,-1.037000,-0.924000,49.649000,111.847000,-56.244000,29.47
1.647312,0.986000,-0.883000,-0.941000,25.405000,75.237000,-44.809000,29.42
1.657352,0.879000,-0.640000,-1.019000,4.260000,59.008000,-38.641000,29.52
1.667212,0.861000,-0.789000,-0.885000,-10.672000,45.893000,-27.496000,29.38
1.677292,0.663000,-0.759000,-0.745000,-29.664000,42.840000,-23.634000,29.57
1.687219,0.443000,-0.550000,-0.729000,-42.550000,34.947000,-24.473000,29.52
1.697398,0.308000,-0.494000,-0.701000,-57.176000,36.336000,-31.969000,29.52
1.707300,0.435000,-0.514000,-0.838000,-70.015000,41.832000,-35.878000,29.38
1.717363,0.414000,-0.364000,-0.807000,-83.649000,54.855000,-39.099000,29.47
1.727310,0.453000,-0.290000,-0.928000,-85.481000,62.046000,-39.557000,29.42
1.737080,0.594000,-0.391000,-1.103000,-76.595000,58.046000,-35.420000,29.52
1.747170,0.624000,-0.306000,-1.011000,-57.466000,47.634000,-28.611000,29.47
1.757119,0.575000,-0.284000,-1.021000,-40.809000,36.076000,-24.015000,29.38
1.767204,0.497000,-0.342000,-0.863000,-32.977000,26.137000,-22.641000,29.42
1.777346,0.463000,-0.450000,-0.771000,-34.580000,22.046000,-24.504000,29.47
1.787134,0.431000,-0.434000,-0.744000,-41.557000,20.015000,-28.672000,29.47
1.797270,0.435000,-0.435000,-0.718000,-55.206000,18.336000,-35.344000,29.47
1.807146,0.516000,-0.461000,-0.888000,-65.725000,24.015000,-40.244000,29.42
1.817352,0.428000,-0.386000,-0.750000,-76.244000,20.137000,-45.802000,29.42
1.827535,0.487000,-0.408000,-0.797000,-80.031000,17.344000,-49.206000,29.47
1.837334,0.513000,-0.333000,-0.937000,-75.863000,15.908000,-52.458000,29.47
1.847246,0.457000,-0.123000,-0.854000,-66.321000,3.740000,-52.702000,29.42
1.857175,0.561000,-0.107000,-0.886000,-58.290000,11.847000,-48.672000,29.42
1.867217,0.549000,-0.070000,-0.908000,-48.229000,14.916000,-42.412000,29.47
1.877163,0.526000,-0.094000,-0.896000,-38.260000,15.832000,-37.130000,29.47
1.887166,0.513000,-0.111000,-0.890000,-31.664000,17.954000,-34.061000,29.52
1.897177,0.476000,-0.185000,-0.856000,-27.084000,24.656000,-30.855000,29.52
1.907263,0.534000,-0.120000,-0.885000,-24.733000,32.366000,-28.672000,29.47
1.917115,0.527000,-0.148000,-0.836000,-20.672000,38.870000,-26.840000,29.47
1.927298,0.530000,-0.122000,-0.866000,-15.679000,41.344000,-26.794000,29.42
1.937181,0.545000,-0.598000,-0.746000,-9.939000,37.786000,-28.947000,29.47
1.947104,0.568000,0.059000,-0.972000,-14.931000,51.221000,-30.718000,29.47
1.957127,0.528000,-0.347000,-0.825000,-21.740000,63.527000,-28.809000,29.47
1.967033,0.546000,-0.169000,-0.890000,-21.191000,76.977000,-28.519000,29.42
1.977122,0.509000,-0.209000,-0.848000,-23.603000,90.611000,-26.183000,29.42
1.987234,0.523000,-0.154000,-0.881000,-23.176000,110.992000,-26.656000,29.47
1.997102,0.540000,-0.125000,-0.849000,-23.985000,135.496000,-24.443000,29.38
2.006905,0.507000,-0.091000,-0.824000,-19.389000,163.008000,-23.908000,29.42
2.016963,0.426000,-0.040000,-0.819000,-15.511000,189.832000,-28.260000,29.52
2.027026,0.466000,-0.007000,-0.807000,-11.542000,220.015000,-33.008000,29.38
2.036652,0.514000,-0.002000,-0.820000,-10.092000,231.115000,-33.878000,29.47
2.046793,0.471000,-0.033000,-0.801000,-12.183000,248.794000,-35.679000,29.42
2.056714,0.479000,-0.006000,-0.773000,-12.931000,263.985000,-34.137000,29.33
2.066707,0.849000,-0.092000,-0.862000,-1.954000,282.733000,-29.863000,29.47
2.076707,0.777000,-0.309000,-1.104000,30.427000,283.191000,-25.115000,29.38
2.086708,1.100000,-0.591000,-1.186000,71.679000,285.588000,-26.183000,29.52
2.096757,0.962000,-0.547000,-1.197000,96.641000,301.756000,-36.656000,29.42
2.106877,1.276000,-0.486000,-1.421000,91.328000,355.985000,-49.603000,29.47
2.117011,1.615000,-0.605000,-1.531000,62.489000,406.046000,-67.313000,29.38
2.126976,2.173000,-0.425000,-1.950000,36.122000,418.672000,-96.397000,29.42
2.136971,2.012000,-0.435000,-2.244000,32.137000,414.382000,-119.863000,29.52
2.147158,1.550000,-0.309000,-2.804000,72.046000,374.992000,-110.076000,29.38
2.156831,0.088000,-3.534000,-3.220000,70.702000,276.443000,-47.954000,29.47
2.167033,-0.312000,-4.000000,-2.790000,-94.244000,144.092000,121.298000,29.52
2.177044,-0.086000,-3.538000,-3.027000,-286.061000,57.786000,149.313000,29.42
2.186901,-0.827000,-0.946000,-3.076000,-353.756000,-34.092000,135.466000,29.38
2.197076,-0.904000,0.397000,-3.023000,-277.008000,-112.427000,64.473000,29.38
2.206960,-0.479000,0.800000,-3.205000,-152.214000,-226.427000,-19.863000,29.42
2.217134,-0.227000,0.238000,-2.600000,-81.496000,-306.626000,-92.351000,29.42
2.227115,1.180000,-1.329000,-1.051000,-335.863000,-500.275000,-90.931000,29.47
2.237212,0.392000,-0.656000,-1.633000,-53.176000,-393.756000,-204.031000,29.47
2.247075,0.700000,-0.722000,-1.315000,-43.450000,-404.962000,-216.977000,29.42
2.257215,0.635000,-0.738000,-0.888000,-13.145000,-407.191000,-214.366000,29.52
2.267130,0.689000,-0.834000,-0.561000,33.191000,-381.878000,-194.489000,29.47
2.277172,0.759000,-1.032000,-0.341000,74.901000,-368.412000,-156.595000,29.38
2.287053,0.860000,-1.185000,-0.254000,89.008000,-337.908000,-104.733000,29.42
2.297177,0.834000,-1.198000,-0.290000,105.023000,-297.603000,-49.939000,29.42
2.307050,0.844000,-1.086000,-0.441000,116.519000,-249.664000,0.504000,29.38
2.317136,0.928000,-0.927000,-0.659000,131.420000,-204.794000,44.260000,29.47
2.327178,0.967000,-0.720000,-0.884000,143.634000,-171.908000,77.695000,29.38
2.337574,1.007000,-0.482000,-1.117000,156.809000,-156.397000,101.847000,29.42
2.346765,1.133000,-0.253000,-1.277000,167.588000,-157.084000,120.015000,29.42
2.357062,1.226000,-0.138000,-1.377000,169.664000,-162.412000,135.053000,29.38
2.367060,1.327000,0.028000,-1.414000,164.824000,-170.626000,146.107000,29.47
2.377238,1.348000,0.232000,-1.519000,149.542000,-174.794000,154.656000,29.42
2.386973,1.475000,0.466000,-1.465000,148.244000,-173.786000,147.954000,29.52
2.397060,1.680000,0.655000,-1.562000,154.595000,-215.496000,137.832000,29.47
2.406724,1.778000,0.726000,-1.447000,150.809000,-228.092000,123.878000,29.47
2.416728,1.926000,0.765000,-1.297000,149.313000,-236.901000,107.359000,29.52
2.426611,2.085000,0.802000,-1.104000,147.099000,-232.244000,93.756000,29.42
2.436571,2.188000,0.763000,-0.890000,145.130000,-217.878000,86.366000,29.57
2.446558,2.476000,0.688000,-0.693000,139.038000,-195.252000,86.901000,29.47
2.456651,2.590000,0.615000,-0.492000,128.458000,-180.962000,96.305000,29.42
2.467317,2.693000,0.606000,-0.274000,115.450000,-158.870000,112.046000,29.47
2.479375,2.698000,0.735000,0.059000,102.824000,-132.672000,127.710000,29.47
2.487449,2.651000,1.001000,0.345000,94.122000,-94.305000,131.710000,29.47
2.497356,2.665000,1.059000,0.490000,60.947000,-60.015000,120.122000,29.42
2.508107,2.713000,1.233000,0.440000,20.702000,-31.008000,100.275000,29.42
2.517087,2.819000,1.414000,0.334000,-3.969000,-7.588000,82.458000,29.38
2.527085,2.783000,1.469000,0.394000,-18.977000,13.130000,65.389000,29.47
2.541307,2.624000,1.294000,0.495000,-37.542000,36.794000,48.168000,29.42
2.547500,2.768000,1.592000,1.051000,-39.695000,173.084000,-0.076000,29.52
2.557442,-1.198000,-0.209000,-0.133000,-25.176000,120.748000,-2.702000,29.47
2.567423,1.719000,-1.043000,-2.886000,-83.664000,59.313000,-47.802000,29.57
2.581068,-0.746000,-0.969000,-1.622000,-56.718000,28.183000,-19.664000,29.52
2.587012,-0.195000,-0.925000,-0.231000,-73.023000,77.740000,-43.786000,29.52
2.597019,0.131000,0.201000,-0.259000,-23.160000,148.519000,-49.435000,29.38
2.607966,1.188000,0.629000,-1.667000,0.702000,165.221000,-34.305000,29.47
2.616753,1.089000,1.023000,-2.589000,17.802000,118.473000,-51.389000,29.42
2.626766,0.478000,0.755000,-1.822000,40.076000,93.573000,-79.985000,29.38
2.636728,0.596000,-0.295000,-1.165000,57.130000,106.519000,-76.412000,29.38
2.646647,0.664000,-0.905000,-0.855000,59.176000,104.260000,-54.916000,29.47
2.656601,0.638000,-0.730000,-0.835000,46.473000,99.069000,-50.733000,29.42
2.667987,0.797000,-0.723000,-0.907000,22.168000,70.397000,-49.939000,29.42
2.678922,0.738000,-0.697000,-0.768000,3.893000,54.153000,-46.214000,29.38
2.688632,0.893000,-1.032000,-0.795000,-18.641000,41.725000,-37.573000,29.47
2.696665,0.700000,-0.775000,-0.785000,-38.595000,32.992000,-31.130000,29.52
2.706529,0.480000,-0.479000,-0.862000,-52.092000,25.771000,-30.687000,29.52
2.716528,0.370000,-0.387000,-0.803000,-65.069000,15.832000,-33.695000,29.47
2.726503,0.260000,-0.393000,-0.643000,-82.382000,8.885000,-37.313000,29.47
2.736529,0.086000,-0.287000,-0.539000,-106.748000,16.305000,-44.916000,29.47
2.746604,0.223000,-0.456000,-0.846000,-122.366000,30.137000,-54.061000,29.42
2.756526,0.544000,-0.589000,-1.099000,-105.649000,52.962000,-49.389000,29.33
2.766856,0.633000,-0.285000,-1.101000,-84.061000,57.389000,-41.237000,29.47
2.776573,0.645000,-0.230000,-1.189000,-59.863000,50.412000,-30.427000,29.38
2.787291,0.527000,-0.230000,-0.972000,-43.924000,41.450000,-23.420000,29.42
2.796797,0.498000,-0.388000,-0.834000,-40.733000,34.733000,-22.840000,29.52
2.807501,0.467000,-0.386000,-0.829000,-46.183000,32.122000,-26.595000,29.47
2.817340,0.514000,-0.389000,-0.821000,-51.160000,28.290000,-31.847000,29.38
2.827313,0.558000,-0.390000,-0.908000,-52.733000,24.550000,-35.252000,29.42
2.837126,0.502000,-0.309000,-0.843000,-51.924000,20.061000,-36.183000,29.57
2.848419,0.495000,-0.241000,-0.872000,-51.115000,16.412000,-35.786000,29.47
2.858127,0.471000,-0.220000,-0.847000,-47.740000,16.656000,-34.611000,29.57
2.866904,0.445000,-0.155000,-0.878000,-41.878000,14.107000,-34.214000,29.42
2.877367,0.485000,-0.160000,-0.872000,-37.008000,19.145000,-33.695000,29.42
2.886704,0.495000,-0.161000,-0.891000,-31.695000,20.977000,-31.908000,29.38
2.896778,0.473000,-0.178000,-0.863000,-26.397000,22.290000,-30.504000,29.38
2.906893,0.480000,-0.182000,-0.856000,-21.282000,24.641000,-29.557000,29.42
2.916959,0.477000,-0.186000,-0.842000,-19.756000,28.351000,-29.420000,29.52
2.932057,0.393000,-0.260000,-0.833000,-20.824000,36.366000,-27.328000,29.38
2.937331,0.455000,-0.194000,-0.848000,-20.473000,38.534000,-30.168000,29.38
2.952787,0.482000,-0.236000,-0.837000,-22.015000,43.939000,-34.321000,29.52
2.956639,0.344000,0.005000,-0.933000,-12.809000,46.000000,-48.305000,29.52
2.966654,0.574000,-0.540000,-0.795000,-27.664000,59.817000,-44.824000,29.47
2.979838,0.579000,-0.169000,-0.902000,-25.710000,65.237000,-45.313000,29.47
2.987639,0.606000,-0.092000,-0.931000,-30.031000,83.420000,-37.969000,29.42
2.997294,0.535000,-0.047000,-0.888000,-26.015000,100.702000,-32.366000,29.47
3.008526,0.511000,-0.098000,-0.954000,-26.855000,120.718000,-25.985000,29.38
3.017473,0.529000,-0.078000,-0.885000,-24.534000,142.748000,-21.588000,29.47
3.027372,0.477000,-0.062000,-0.838000,-22.992000,170.214000,-23.863000,29.42
3.037596,0.411000,-0.058000,-0.843000,-21.298000,200.351000,-30.550000,29.42
3.047441,0.498000,-0.040000,-0.822000,-20.076000,227.435000,-34.519000,29.47
3.057498,0.510000,-0.066000,-0.854000,-19.038000,238.977000,-36.687000,29.47
3.067588,0.460000,-0.128000,-0.839000,-16.718000,254.198000,-45.237000,29.42
3.077312,0.530000,-0.173000,-0.787000,-32.885000,273.115000,-60.427000,29.52
3.087486,0.650000,-0.223000,-0.886000,-44.641000,288.473000,-82.076000,29.47
3.097270,0.613000,-0.389000,-0.783000,-61.115000,308.214000,-107.710000,29.47
3.107406,1.256000,-0.436000,-1.249000,-17.053000,316.305000,-109.771000,29.42
3.117515,1.354000,-0.773000,-1.327000,77.878000,293.573000,-98.336000,29.42
3.127498,1.616000,-0.586000,-1.396000,73.695000,332.809000,-100.687000,29.47
3.137488,1.750000,-0.390000,-1.715000,27.496000,362.229000,-128.092000,29.47
3.147329,2.042000,-0.385000,-1.856000,-11.496000,363.481000,-155.023000,29.47
3.157305,1.898000,-0.428000,-2.245000,-15.466000,334.427000,-156.672000,29.52
3.167551,-0.356000,-2.009000,-3.489000,47.969000,209.771000,-107.985000,29.52
3.177270,-0.269000,-4.000000,-4.000000,-7.496000,63.740000,69.008000,29.47
3.187335,-0.613000,-3.786000,-3.760000,-194.656000,-78.672000,111.344000,29.47
3.197825,-1.650000,-1.250000,-2.826000,-258.015000,-120.534000,107.252000,29.52
3.209116,-1.292000,-0.021000,-3.372000,-189.908000,-199.573000,61.863000,29.47
3.216942,-0.815000,0.321000,-3.414000,-87.496000,-303.954000,1.221000,29.38
3.227372,-0.399000,-0.438000,-2.735000,-40.443000,-417.664000,-56.580000,29.47
3.237606,-0.169000,-0.761000,-2.047000,-34.229000,-450.534000,-98.473000,29.42
3.247931,0.248000,-0.695000,-1.671000,-38.901000,-456.565000,-116.901000,29.52
3.257397,0.355000,-0.802000,-1.183000,-20.794000,-438.458000,-110.275000,29.47
3.267261,0.504000,-0.950000,-0.841000,18.061000,-405.099000,-84.168000,29.47
3.277288,1.126000,-0.890000,-0.669000,50.901000,-358.168000,-33.847000,29.42
3.287340,1.747000,-1.126000,-0.299000,64.076000,-294.443000,41.679000,29.42
3.297214,2.059000,-0.855000,-0.347000,48.855000,-253.435000,97.099000,29.38
3.307040,2.460000,-0.209000,-0.558000,32.916000,-222.260000,139.267000,29.38
3.317222,1.660000,0.074000,-0.445000,42.366000,-178.366000,148.031000,29.52
3.327665,1.268000,0.143000,-0.680000,50.977000,-148.977000,147.847000,29.52
3.337149,0.829000,0.202000,-1.003000,67.908000,-130.412000,133.954000,29.38
3.347101,0.667000,0.308000,-1.170000,68.031000,-123.099000,109.405000,29.47
3.357051,0.827000,0.439000,-1.249000,66.015000,-127.466000,85.313000,29.42
3.367093,0.626000,0.506000,-1.234000,72.473000,-131.115000,38.931000,29.42
3.377210,0.865000,0.441000,-1.296000,93.359000,-167.206000,1.710000,29.33
3.387219,0.865000,0.202000,-1.114000,106.794000,-175.221000,-28.031000,29.38
3.397478,0.985000,-0.015000,-1.000000,118.489000,-182.443000,-45.481000,29.47
3.406980,1.076000,-0.219000,-0.847000,129.985000,-176.397000,-48.397000,29.42
3.417436,1.173000,-0.386000,-0.714000,142.153000,-160.519000,-35.710000,29.47
3.426748,1.260000,-0.471000,-0.573000,150.947000,-139.863000,-11.038000,29.47
3.436830,1.312000,-0.438000,-0.399000,154.275000,-118.183000,21.496000,29.57
3.446792,1.207000,-0.219000,-0.244000,154.458000,-90.351000,53.053000,29.42
3.456762,1.120000,0.096000,-0.198000,156.824000,-54.504000,75.817000,29.42
3.466727,1.213000,0.413000,-0.395000,161.878000,-21.038000,91.328000,29.47
3.476730,1.489000,0.671000,-0.755000,173.679000,-14.641000,100.565000,29.47
3.486916,1.780000,0.786000,-1.097000,177.466000,0.244000,109.298000,29.33
3.496905,2.052000,0.846000,-1.304000,183.817000,-32.702000,124.000000,29.42
3.506901,2.144000,0.919000,-1.151000,182.489000,-58.229000,135.511000,29.47
3.516916,2.179000,0.973000,-0.681000,162.458000,-82.611000,134.244000,29.47
3.526884,2.171000,0.804000,-0.240000,112.229000,-97.511000,115.618000,29.42
3.537088,2.228000,0.789000,-0.042000,45.053000,-101.679000,88.076000,29.52
3.546997,2.185000,0.906000,0.019000,-1.679000,-98.229000,68.580000,29.38
3.556974,2.158000,1.071000,0.148000,-14.244000,-80.351000,65.359000,29.38
3.571276,2.974000,1.396000,0.677000,-88.214000,18.107000,44.458000,29.33
3.576870,2.721000,1.831000,2.080000,-126.641000,62.824000,21.008000,29.42
3.590281,0.284000,1.143000,1.408000,-67.603000,127.298000,-6.015000,29.57
3.596601,1.710000,0.073000,-2.498000,-68.504000,165.527000,-20.962000,29.57
3.606643,-0.802000,-0.369000,-3.039000,-46.351000,107.435000,-43.817000,29.52
3.616574,-1.003000,-0.106000,-0.669000,-28.183000,131.466000,-94.931000,29.42
3.626534,0.778000,0.284000,-0.963000,-16.992000,222.748000,-135.557000,29.47
3.636564,2.219000,0.500000,-2.748000,11.985000,181.786000,-97.573000,29.47
3.646588,0.924000,0.552000,-1.682000,21.725000,119.130000,-92.580000,29.52
3.656590,0.881000,-0.379000,-1.485000,15.878000,102.260000,-93.893000,29.42
3.666596,1.098000,-0.889000,-0.880000,14.137000,78.931000,-59.420000,29.42
3.676562,1.104000,-0.835000,-0.871000,-2.565000,73.969000,-37.573000,29.47
3.686652,0.765000,-0.462000,-0.959000,-10.855000,57.863000,-27.496000,29.47
3.696668,0.686000,-0.619000,-0.850000,-17.802000,40.763000,-23.740000,29.33
3.706648,0.601000,-0.768000,-0.724000,-28.458000,36.000000,-21.893000,29.42
3.716599,0.458000,-0.592000,-0.719000,-42.321000,33.130000,-24.794000,29.47
3.726724,0.362000,-0.504000,-0.684000,-60.641000,32.305000,-30.947000,29.38
3.736723,0.353000,-0.520000,-0.722000,-85.206000,37.725000,-38.519000,29.42
3.746804,0.365000,-0.327000,-0.720000,-107.374000,38.840000,-43.985000,29.52
3.756742,0.461000,-0.433000,-0.959000,-114.412000,43.466000,-46.489000,29.47
3.766740,0.576000,-0.365000,-0.923000,-103.710000,41.924000,-45.099000,29.47
3.776846,0.586000,-0.285000,-1.005000,-85.344000,28.214000,-41.664000,29.42
3.786831,0.670000,-0.075000,-1.116000,-63.237000,24.595000,-34.916000,29.47
3.796853,0.602000,-0.316000,-0.888000,-51.298000,19.878000,-30.397000,29.47
3.806859,0.569000,-0.253000,-0.879000,-44.962000,10.458000,-28.931000,29.47
3.817003,0.523000,-0.287000,-0.865000,-41.679000,8.168000,-28.458000,29.52
3.826849,0.521000,-0.185000,-0.848000,-37.863000,6.840000,-27.328000,29.42
3.836896,0.514000,-0.235000,-0.884000,-34.641000,8.565000,-26.672000,29.47
3.846841,0.488000,-0.252000,-0.835000,-33.557000,7.725000,-27.466000,29.38
3.856943,0.486000,-0.238000,-0.847000,-33.496000,8.061000,-29.191000,29.42
3.866919,-0.177000,-0.033000,-0.907000,-17.847000,2.885000,-48.214000,29.52
3.876932,1.523000,-0.444000,-1.002000,-24.550000,-7.710000,-20.779000,29.47
3.886962,0.389000,0.029000,-1.041000,-24.473000,19.756000,-24.763000,29.47
3.896825,0.470000,-0.245000,-0.883000,-22.580000,19.939000,-23.649000,29.52
3.906607,0.533000,-0.118000,-0.867000,-18.916000,24.107000,-22.687000,29.52
3.919707,0.473000,-0.112000,-0.866000,-16.580000,28.458000,-20.962000,29.42
3.926538,0.499000,-0.163000,-0.850000,-14.290000,31.817000,-20.534000,29.47
3.936599,0.419000,-0.017000,-0.893000,-5.618000,34.061000,-27.374000,29.57
3.946586,0.517000,-0.354000,-0.731000,-9.053000,44.366000,-22.977000,29.33
3.956573,0.452000,-0.196000,-0.782000,-10.947000,49.588000,-22.427000,29.42
3.966547,0.481000,-0.145000,-0.855000,-12.733000,53.740000,-22.336000,29.47
3.976523,0.568000,-0.179000,-0.842000,-13.282000,67.313000,-19.557000,29.47
3.986511,0.538000,-0.217000,-0.850000,-15.099000,74.550000,-18.901000,29.42
3.996556,0.493000,-0.211000,-0.870000,-17.069000,90.107000,-19.374000,29.38
4.006555,0.553000,-0.232000,-0.853000,-20.901000,105.893000,-20.137000,29.38
4.016575,0.572000,-0.147000,-0.835000,-22.351000,125.496000,-20.824000,29.47
4.026679,0.558000,-0.159000,-0.810000,-24.046000,147.084000,-22.626000,29.42
4.036641,0.517000,-0.095000,-0.804000,-23.511000,167.771000,-27.908000,29.42
4.046740,0.476000,-0.090000,-0.792000,-22.870000,189.832000,-35.130000,29.47
4.056638,0.526000,-0.067000,-0.825000,-22.656000,207.603000,-38.901000,29.47
4.066649,0.531000,-0.047000,-0.834000,-19.466000,218.382000,-40.336000,29.52
4.076615,0.508000,-0.077000,-0.814000,-22.046000,236.443000,-45.969000,29.52
4.086632,0.639000,-0.099000,-0.853000,-26.168000,258.687000,-56.763000,29.52
4.096654,0.543000,-0.282000,-0.820000,-42.168000,281.282000,-75.176000,29.47
4.106688,0.732000,-0.302000,-0.764000,-67.496000,306.794000,-97.985000,29.47
4.116702,1.018000,-0.280000,-0.867000,-68.412000,330.183000,-115.649000,29.42
4.126689,1.208000,-0.422000,-1.075000,-38.656000,358.809000,-124.885000,29.52
4.136725,1.574000,-0.556000,-1.610000,30.473000,361.771000,-112.153000,29.47
4.146882,2.083000,-0.472000,-1.865000,90.351000,376.550000,-98.962000,29.38
4.156771,2.261000,-0.235000,-1.713000,82.763000,400.580000,-117.008000,29.52
4.166818,2.155000,-0.324000,-2.139000,27.557000,398.794000,-154.015000,29.52
4.176834,2.138000,-0.600000,-2.577000,-11.695000,331.038000,-170.046000,29.38
4.186897,0.654000,-1.177000,-3.054000,-14.977000,255.374000,-145.588000,29.47
4.196924,-0.585000,-4.000000,-2.786000,-12.168000,126.992000,0.672000,29.52
4.206793,1.725000,-3.229000,-4.000000,-128.382000,-8.565000,46.794000,29.47
4.216912,-0.925000,-1.912000,-2.094000,-208.519000,-87.176000,65.237000,29.47
4.226921,-0.684000,-0.564000,-2.358000,-184.366000,-118.565000,55.008000,29.47
4.236949,-0.537000,0.154000,-2.577000,-95.695000,-173.908000,36.489000,29.42
4.247080,-0.483000,0.040000,-2.251000,-28.443000,-221.069000,-5.313000,29.42
4.256850,-0.461000,-0.260000,-1.906000,-17.282000,-261.725000,-52.397000,29.38
4.267080,-0.201000,-0.322000,-1.602000,-27.466000,-295.237000,-98.061000,29.47
4.277040,-0.047000,-0.221000,-1.403000,-16.611000,-312.382000,-125.130000,29.52
4.286916,0.140000,-0.232000,-1.216000,22.916000,-309.511000,-130.870000,29.52
4.296899,0.368000,-0.390000,-1.065000,68.290000,-319.649000,-121.069000,29.47
4.306860,0.544000,-0.620000,-0.872000,96.931000,-324.397000,-100.198000,29.47
4.316829,0.663000,-0.821000,-0.759000,106.580000,-318.550000,-73.282000,29.42
4.326879,0.757000,-0.875000,-0.752000,107.542000,-310.870000,-42.595000,29.42
4.336822,0.857000,-0.863000,-0.805000,110.198000,-299.817000,-9.771000,29.47
4.346791,0.909000,-0.763000,-0.856000,124.412000,-288.519000,24.061000,29.47
4.356936,0.998000,-0.707000,-0.949000,147.084000,-269.023000,58.015000,29.42
4.366806,1.155000,-0.711000,-1.063000,162.687000,-249.908000,90.168000,29.42
4.376987,1.364000,-0.656000,-1.125000,168.382000,-234.443000,120.672000,29.47
4.387002,1.531000,-0.459000,-1.117000,166.229000,-222.321000,150.809000,29.47
4.396903,1.569000,-0.230000,-1.155000,164.580000,-218.107000,173.328000,29.47
4.406884,1.604000,-0.005000,-1.257000,164.137000,-216.595000,185.969000,29.42
4.416890,1.769000,0.163000,-1.432000,164.580000,-219.038000,192.504000,29.38
4.426940,1.861000,0.364000,-1.448000,164.382000,-221.176000,192.748000,29.38
4.436935,2.052000,0.502000,-1.465000,165.710000,-244.198000,178.733000,29.47
4.446933,2.243000,0.613000,-1.394000,151.832000,-224.122000,155.511000,29.42
4.456888,2.448000,0.726000,-1.200000,157.206000,-229.344000,133.603000,29.52
4.466954,2.626000,0.723000,-0.934000,182.015000,-237.664000,122.153000,29.47
4.476803,2.738000,0.617000,-0.604000,205.160000,-224.046000,125.802000,29.47
4.487020,2.778000,0.512000,-0.371000,214.748000,-192.580000,143.542000,29.42
4.496980,2.809000,0.588000,-0.169000,207.878000,-150.336000,169.466000,29.61
4.506886,2.839000,0.810000,0.025000,192.962000,-111.588000,191.099000,29.38
4.516969,2.837000,0.993000,0.240000,165.832000,-73.832000,196.931000,29.38
4.526981,2.855000,1.148000,0.429000,124.550000,-45.069000,183.786000,29.42
4.536987,2.853000,1.267000,0.548000,77.023000,-17.008000,155.908000,29.52
4.546774,2.880000,1.481000,0.544000,36.870000,5.557000,127.405000,29.47
4.557083,2.784000,1.590000,0.579000,9.099000,31.359000,103.664000,29.47
4.567000,3.184000,1.363000,1.405000,-51.267000,156.641000,73.466000,29.47
4.576946,1.322000,1.600000,0.816000,-86.672000,107.557000,-2.977000,29.42
4.587008,1.951000,0.364000,-3.013000,-86.260000,98.382000,-49.099000,29.52
4.596914,-0.770000,-0.486000,-2.700000,-58.504000,16.840000,-42.473000,29.47
4.606864,-1.076000,-0.723000,-0.435000,-38.443000,60.733000,-64.351000,29.47
4.617081,-0.729000,-0.128000,0.209000,-20.870000,136.351000,-107.649000,29.42
4.626992,1.152000,-0.017000,-0.928000,-8.305000,193.939000,-86.550000,29.47
4.637022,1.656000,0.248000,-2.594000,21.282000,157.740000,-66.733000,29.47
4.646963,0.760000,0.824000,-1.908000,40.137000,118.901000,-86.351000,29.38
4.656999,0.846000,0.120000,-1.825000,56.443000,100.901000,-98.122000,29.52
4.666898,0.860000,-0.870000,-1.082000,51.893000,87.954000,-77.664000,29.52
4.677043,0.846000,-1.461000,-0.557000,19.557000,85.603000,-58.000000,29.47
4.686989,0.806000,-1.073000,-0.793000,-4.305000,68.809000,-47.664000,29.38
4.696957,0.879000,-0.688000,-1.019000,-21.740000,42.290000,-41.221000,29.52
4.706864,0.736000,-0.680000,-0.912000,-41.771000,20.992000,-39.313000,29.42
4.716709,0.608000,-0.848000,-0.663000,-57.664000,13.954000,-35.511000,29.47
4.726796,0.367000,-0.607000,-0.633000,-77.191000,13.786000,-38.824000,29.38
4.736916,0.202000,-0.356000,-0.665000,-98.550000,23.649000,-46.366000,29.42
4.747121,0.179000,-0.401000,-0.630000,-114.443000,37.374000,-53.649000,29.42
4.756816,0.299000,-0.583000,-0.794000,-116.473000,59.786000,-54.290000,29.47
4.767042,0.467000,-0.431000,-1.018000,-106.153000,61.710000,-50.336000,29.47
4.777009,0.577000,-0.153000,-1.162000,-85.588000,58.550000,-43.221000,29.42
4.786974,0.557000,-0.237000,-1.001000,-61.573000,47.634000,-34.260000,29.52
4.796925,0.468000,-0.423000,-0.798000,-53.466000,39.374000,-31.725000,29.47
4.806969,0.418000,-0.464000,-0.804000,-56.840000,33.847000,-33.221000,29.47
4.816942,0.474000,-0.447000,-0.849000,-59.908000,30.015000,-36.137000,29.38
4.826893,0.455000,-0.405000,-0.821000,-67.298000,24.641000,-39.985000,29.52
4.836718,0.467000,-0.414000,-0.802000,-74.107000,23.985000,-43.420000,29.38
4.846633,0.533000,-0.246000,-0.968000,-73.985000,18.275000,-44.885000,29.47
4.856670,0.023000,-0.213000,-0.857000,-69.389000,3.557000,-63.038000,29.47
4.866699,0.360000,-0.341000,-0.746000,-75.542000,4.931000,-53.099000,29.52
4.876682,0.550000,-0.080000,-0.936000,-67.252000,17.588000,-54.458000,29.42
4.886772,0.564000,-0.139000,-0.916000,-58.733000,18.550000,-49.282000,29.57
4.896767,0.492000,-0.139000,-0.884000,-47.603000,15.649000,-45.053000,29.47
4.906829,0.475000,-0.155000,-0.898000,-38.916000,8.931000,-42.992000,29.52
4.916851,0.477000,-0.184000,-0.901000,-36.794000,24.382000,-42.443000,29.42
4.926801,0.504000,-0.118000,-0.876000,-31.221000,24.794000,-39.939000,29.38
4.936798,0.448000,-0.106000,-0.873000,-27.053000,33.023000,-33.588000,29.38
4.946874,0.499000,-0.109000,-0.864000,-20.611000,37.130000,-29.985000,29.52
4.956855,0.514000,-0.118000,-0.867000,-14.473000,41.802000,-30.122000,29.42
4.966880,0.502000,-0.688000,-0.755000,-13.817000,47.145000,-34.641000,29.47
4.976811,0.669000,0.007000,-0.986000,-22.489000,67.023000,-35.908000,29.38
4.986810,0.534000,-0.276000,-0.892000,-27.603000,75.130000,-34.107000,29.42
4.996889,0.527000,-0.147000,-0.921000,-28.397000,91.817000,-32.947000,29.38
5.006715,0.576000,-0.188000,-0.884000,-31.282000,105.145000,-31.588000,29.47
5.016910,0.540000,-0.206000,-0.870000,-33.557000,126.321000,-30.656000,29.28
5.026947,0.514000,-0.130000,-0.866000,-34.427000,146.229000,-33.771000,29.42
5.037008,0.448000,-0.073000,-0.810000,-35.359000,174.779000,-38.580000,29.52
5.047005,0.391000,-0.032000,-0.822000,-30.733000,198.916000,-42.580000,29.47
5.056936,0.494000,-0.001000,-0.852000,-29.557000,223.924000,-44.763000,29.47
5.066875,0.488000,0.004000,-0.886000,-29.893000,246.092000,-45.145000,29.33
5.076941,0.473000,-0.054000,-0.850000,-23.557000,266.718000,-51.756000,29.52
5.086914,0.581000,-0.190000,-0.881000,-35.908000,293.588000,-63.267000,29.38
5.096948,0.499000,-0.141000,-0.795000,-51.038000,309.969000,-83.802000,29.38
5.106751,0.783000,-0.188000,-0.797000,-71.588000,337.267000,-102.702000,29.42
5.116966,1.158000,-0.275000,-1.020000,-55.771000,344.031000,-115.450000,29.52
5.126902,1.358000,-0.616000,-1.440000,-4.427000,349.252000,-109.878000,29.52
5.136953,1.665000,-0.524000,-1.781000,37.603000,378.489000,-107.695000,29.38
5.146929,2.089000,-0.494000,-1.914000,19.405000,409.588000,-119.985000,29.47
5.156862,2.257000,-0.276000,-2.045000,-15.450000,414.061000,-150.611000,29.42
5.166885,2.442000,-0.433000,-2.210000,-54.977000,376.504000,-180.473000,29.52
5.177038,1.497000,-0.701000,-2.514000,-57.038000,299.847000,-165.466000,29.47
5.187074,-0.306000,-2.003000,-3.245000,-0.641000,139.069000,-81.939000,29.57
5.196895,1.448000,-2.914000,-4.000000,3.405000,28.550000,8.061000,29.42
5.206704,0.075000,-2.425000,-3.237000,-110.458000,-151.511000,4.885000,29.47
5.216741,-1.007000,-1.630000,-1.470000,-157.038000,-130.748000,12.321000,29.47
5.226833,-0.530000,-0.874000,-1.854000,-142.656000,-196.260000,6.947000,29.38
5.236861,-0.386000,-0.594000,-1.907000,-80.550000,-209.206000,16.321000,29.52
5.247015,-0.324000,-0.615000,-1.670000,-19.511000,-244.840000,13.496000,29.52
5.256941,-0.219000,-0.689000,-1.388000,7.221000,-262.427000,1.374000,29.47
5.267121,-0.138000,-0.645000,-1.003000,4.153000,-255.893000,-21.389000,29.47
5.277143,-0.009000,-0.466000,-0.827000,7.847000,-245.176000,-39.130000,29.52
5.287154,0.275000,-0.352000,-0.881000,31.588000,-238.153000,-45.221000,29.52
5.297068,0.582000,-0.491000,-0.920000,61.496000,-242.870000,-38.015000,29.47
5.306968,0.777000,-0.682000,-0.949000,82.168000,-251.878000,-23.603000,29.47
5.317087,0.926000,-0.856000,-0.890000,92.412000,-258.427000,-4.489000,29.42
5.327081,0.994000,-0.921000,-0.841000,91.924000,-255.313000,19.420000,29.52
5.337144,1.065000,-0.957000,-0.879000,87.695000,-250.840000,49.496000,29.47
5.346895,1.137000,-0.822000,-0.989000,89.756000,-246.351000,84.779000,29.38
5.356911,1.250000,-0.680000,-1.123000,102.458000,-251.008000,118.305000,29.47
5.366932,1.268000,-0.532000,-1.130000,110.275000,-259.176000,141.618000,29.33
5.377047,1.243000,-0.415000,-1.072000,112.870000,-263.863000,155.542000,29.42
5.387134,0.579000,0.408000,-0.712000,52.534000,-270.092000,139.557000,29.38
5.397136,1.521000,0.225000,-1.655000,120.947000,-250.626000,164.779000,29.47
5.406937,1.091000,0.121000,-1.213000,151.496000,-253.557000,157.191000,29.42
5.417047,1.084000,-0.328000,-1.168000,141.939000,-250.733000,144.305000,29.57
5.427136,1.350000,-0.143000,-1.405000,122.931000,-250.244000,136.229000,29.47
5.437170,1.479000,-0.004000,-1.422000,121.481000,-226.702000,131.099000,29.47
5.447201,1.692000,0.182000,-1.443000,146.840000,-220.489000,130.779000,29.52
5.457018,1.990000,0.215000,-1.452000,176.687000,-229.954000,129.313000,29.42
5.467033,2.338000,0.308000,-1.404000,196.137000,-235.527000,127.634000,29.47
5.476992,2.494000,0.473000,-1.163000,200.412000,-232.962000,127.725000,29.47
5.487107,2.403000,0.689000,-0.801000,199.863000,-216.260000,130.458000,29.52
5.497039,2.436000,0.938000,-0.523000,208.122000,-192.733000,134.901000,29.52
5.506837,2.601000,1.140000,-0.397000,219.237000,-164.977000,138.916000,29.38
5.517101,2.849000,1.245000,-0.198000,215.313000,-136.992000,136.794000,29.47
5.526886,3.044000,1.265000,0.115000,182.031000,-108.290000,126.198000,29.42
5.537062,2.958000,1.412000,0.622000,128.611000,-72.809000,103.389000,29.42
5.546697,2.937000,1.602000,0.800000,77.084000,-37.420000,74.046000,29.47
5.556663,3.053000,1.657000,0.690000,36.611000,-3.603000,50.427000,29.47
5.566686,1.428000,0.651000,1.347000,-14.046000,62.595000,54.656000,29.42
5.576679,3.658000,1.855000,1.421000,-131.542000,62.397000,-7.588000,29.42
5.586729,-0.317000,0.975000,-1.168000,-103.084000,129.206000,-38.122000,29.47
5.596766,0.703000,-0.138000,-3.813000,-91.160000,20.748000,-61.817000,29.47
5.606803,-1.513000,-0.914000,-1.689000,-46.962000,13.298000,-61.802000,29.42
5.616832,-0.843000,-0.529000,-0.015000,-64.947000,110.550000,-103.878000,29.52
5.626783,0.435000,-0.108000,-0.270000,-19.786000,163.893000,-107.405000,29.47
5.636798,1.558000,-0.273000,-1.357000,-14.168000,194.031000,-73.969000,29.47
5.646769,1.206000,-0.021000,-2.060000,1.328000,151.053000,-59.389000,29.47
5.656782,0.490000,0.237000,-1.499000,11.252000,136.427000,-75.099000,29.42
5.666973,0.449000,-0.039000,-1.145000,22.260000,130.672000,-84.290000,29.52
5.676896,0.710000,-0.581000,-1.098000,27.344000,117.863000,-78.611000,29.47
5.686943,0.885000,-0.790000,-1.107000,18.290000,98.046000,-74.672000,29.47
5.696930,1.034000,-0.791000,-1.040000,1.359000,80.580000,-59.893000,29.42
5.707005,0.889000,-0.450000,-1.186000,-9.374000,58.168000,-49.237000,29.52
5.716791,0.902000,-0.596000,-1.090000,-12.473000,38.794000,-33.924000,29.47
5.726885,0.675000,-0.725000,-0.841000,-21.649000,29.191000,-26.168000,29.47
5.736745,0.566000,-0.709000,-0.831000,-29.084000,23.099000,-22.092000,29.52
5.746976,0.459000,-0.525000,-0.844000,-36.351000,19.893000,-22.885000,29.42
5.757096,0.459000,-0.448000,-0.763000,-35.740000,25.191000,-23.328000,29.47
5.767055,0.380000,-0.425000,-0.800000,-44.824000,21.588000,-24.580000,29.47
5.777121,0.370000,-0.400000,-0.788000,-51.893000,23.435000,-26.611000,29.42
5.787122,0.375000,-0.370000,-0.741000,-54.565000,27.359000,-28.550000,29.57
5.797069,0.317000,-0.358000,-0.706000,-65.450000,26.290000,-31.893000,29.47
5.807018,0.355000,-0.498000,-0.763000,-71.405000,30.000000,-33.969000,29.47
5.817111,0.431000,-0.520000,-0.833000,-69.817000,31.481000,-32.901000,29.52
5.827093,0.456000,-0.413000,-0.887000,-68.061000,36.275000,-33.145000,29.42
5.837112,0.494000,-0.376000,-0.925000,-64.794000,32.092000,-31.450000,29.47
5.847071,0.515000,-0.361000,-0.893000,-58.061000,28.092000,-28.519000,29.47
5.857045,0.426000,-0.368000,-0.800000,-55.710000,25.099000,-28.214000,29.42
5.866941,0.413000,-0.436000,-0.798000,-58.092000,24.031000,-31.450000,29.42
5.876986,0.422000,-0.374000,-0.785000,-62.382000,21.969000,-35.695000,29.47
5.887009,0.115000,-0.818000,-0.427000,-68.840000,19.023000,-62.702000,29.47
5.897004,1.692000,-0.797000,-0.735000,-69.298000,12.580000,-10.412000,29.42
5.906763,0.137000,-0.054000,-1.131000,-79.527000,54.000000,-45.527000,29.33
5.916906,0.638000,-0.132000,-1.073000,-58.641000,21.496000,-42.992000,29.47
5.927004,0.560000,-0.180000,-0.882000,-48.397000,25.466000,-38.962000,29.47
5.937011,0.448000,-0.036000,-0.939000,-38.382000,22.870000,-33.298000,29.52
5.947178,0.518000,-0.230000,-0.859000,-32.473000,28.031000,-30.916000,29.47
5.956937,0.545000,-0.135000,-0.926000,-27.969000,28.427000,-29.160000,29.47
5.967143,0.528000,-0.180000,-0.835000,-22.534000,29.863000,-27.832000,29.47
5.977073,0.538000,-0.111000,-0.874000,-18.504000,34.855000,-25.008000,29.52
5.987114,0.520000,-0.210000,-0.851000,-16.229000,38.275000,-22.885000,29.33
5.997096,0.515000,-0.222000,-0.843000,-15.405000,41.863000,-23.634000,29.47
6.007048,0.486000,-0.198000,-0.833000,-0.931000,45.084000,-30.641000,29.47
6.016819,0.464000,-0.195000,-0.881000,-10.977000,57.847000,-32.214000,29.52
6.026886,0.461000,-0.369000,-0.834000,-21.053000,74.947000,-33.649000,29.42
6.036649,0.504000,-0.303000,-0.887000,-27.145000,87.023000,-36.870000,29.47
6.046602,0.616000,-0.184000,-0.935000,-30.824000,113.832000,-32.214000,29.47
6.056538,0.524000,-0.184000,-0.887000,-27.267000,127.527000,-32.855000,29.52
6.066533,0.438000,-0.138000,-0.863000,-25.847000,152.901000,-33.267000,29.42
6.076507,0.480000,-0.010000,-0.827000,-22.794000,183.267000,-37.527000,29.38
6.086540,0.428000,0.059000,-0.791000,-18.153000,215.023000,-39.542000,29.47
6.096594,0.511000,0.043000,-0.839000,-15.145000,241.634000,-36.076000,29.42
6.106552,0.511000,-0.024000,-0.855000,-9.817000,258.656000,-31.481000,29.52
6.116556,0.448000,-0.178000,-0.858000,-18.092000,279.115000,-37.878000,29.47
6.126585,0.536000,-0.227000,-0.819000,-31.450000,299.145000,-51.160000,29.38
6.136663,0.612000,-0.270000,-0.923000,-41.954000,317.389000,-67.832000,29.52
6.146662,0.827000,-0.435000,-0.933000,-57.786000,340.931000,-88.595000,29.52
6.156730,1.048000,-0.505000,-0.995000,-58.168000,366.290000,-104.794000,29.47
6.166686,1.440000,-0.614000,-1.453000,-28.656000,400.473000,-112.870000,29.47
6.176684,2.017000,-0.724000,-1.950000,38.427000,408.565000,-108.305000,29.42
6.188663,2.630000,-0.734000,-2.172000,59.145000,401.053000,-115.099000,29.42
6.197820,2.285000,-0.469000,-2.159000,-5.802000,405.069000,-157.313000,29.47
6.206610,2.226000,-0.695000,-2.624000,-46.061000,354.733000,-168.809000,29.38
6.216593,0.830000,-1.072000,-3.008000,-54.931000,253.893000,-162.137000,29.52
6.226518,-1.129000,-4.000000,-3.564000,-55.038000,96.321000,-10.763000,29.52
6.236510,1.993000,-3.323000,-4.000000,-112.977000,13.511000,85.618000,29.52
6.246568,-0.746000,-1.815000,-2.575000,-211.313000,-137.344000,86.092000,29.47
6.256527,-1.295000,-0.810000,-1.711000,-184.427000,-106.565000,71.908000,29.57
6.266559,-0.657000,-0.007000,-2.347000,-106.824000,-172.595000,48.015000,29.52
6.276567,-0.501000,-0.019000,-2.118000,-28.061000,-219.084000,13.328000,29.42
6.286551,-0.463000,-0.297000,-1.844000,3.313000,-256.702000,-25.527000,29.57
6.296562,-0.292000,-0.421000,-1.563000,-4.656000,-265.023000,-68.214000,29.38
6.306616,-0.078000,-0.353000,-1.372000,-0.092000,-290.412000,-99.420000,29.42
6.316624,0.170000,-0.264000,-1.265000,24.947000,-300.504000,-115.817000,29.38
6.326657,0.405000,-0.272000,-1.136000,69.618000,-317.679000,-115.847000,29.57
6.336642,0.607000,-0.383000,-0.969000,108.931000,-323.481000,-105.588000,29.47
6.346677,0.658000,-0.600000,-0.794000,128.290000,-324.412000,-87.863000,29.42
6.356659,0.742000,-0.766000,-0.712000,131.115000,-314.183000,-63.405000,29.42
6.366689,0.908000,-0.853000,-0.764000,126.321000,-304.397000,-32.244000,29.38
6.376651,0.922000,-0.770000,-0.892000,132.107000,-285.847000,2.153000,29.47
6.386646,1.020000,-0.636000,-1.094000,148.809000,-269.863000,38.641000,29.52
6.396653,1.128000,-0.542000,-1.218000,167.832000,-254.550000,71.634000,29.52
6.406647,1.279000,-0.521000,-1.301000,176.443000,-253.405000,94.229000,29.47
6.416725,1.350000,-0.569000,-1.292000,171.924000,-254.168000,114.015000,29.47
6.426764,1.541000,-0.176000,-1.137000,169.282000,-244.656000,141.176000,29.52
6.436761,1.487000,-0.022000,-1.153000,167.206000,-235.817000,158.260000,29.52
6.446832,1.559000,0.054000,-1.132000,166.168000,-216.656000,176.702000,29.47
6.456876,1.764000,0.194000,-1.230000,164.244000,-214.122000,198.092000,29.47
6.466858,1.959000,0.360000,-1.280000,150.458000,-203.084000,214.733000,29.42
6.476928,2.137000,0.533000,-1.293000,130.183000,-193.802000,220.229000,29.42
6.486952,2.437000,0.751000,-1.205000,108.733000,-187.954000,214.473000,29.52
6.496712,2.728000,0.932000,-1.087000,93.038000,-187.099000,202.153000,29.47
6.506847,2.935000,1.022000,-0.781000,83.924000,-188.137000,188.046000,29.47
6.516864,3.037000,0.995000,-0.405000,70.931000,-183.145000,174.046000,29.61
6.526781,3.059000,0.977000,0.043000,52.137000,-166.763000,161.756000,29.47
6.536793,3.018000,1.068000,0.461000,35.740000,-137.695000,149.252000,29.47
6.546989,3.079000,1.299000,0.876000,25.374000,-80.305000,133.069000,29.47
6.556935,2.897000,1.614000,1.130000,32.458000,-11.359000,114.702000,29.52
6.566915,3.062000,1.716000,1.200000,36.076000,37.557000,87.786000,29.52
6.576895,3.309000,1.658000,1.524000,-2.198000,91.481000,46.656000,29.47
6.587009,3.766000,1.829000,1.760000,-62.458000,142.550000,-11.725000,29.47
6.597135,-0.243000,0.549000,-0.021000,-27.160000,192.977000,-47.710000,29.42
6.607028,1.456000,-0.347000,-3.509000,-36.733000,118.443000,-83.725000,29.52
6.617238,-0.392000,-1.485000,-2.336000,-16.809000,76.870000,-50.718000,29.47
6.627130,-0.207000,-0.984000,-0.211000,3.817000,141.908000,-72.687000,29.47
6.636807,0.369000,-0.196000,0.370000,-20.351000,193.435000,-91.252000,29.52
6.646863,1.575000,0.153000,-2.014000,-2.733000,196.427000,-80.947000,29.52
6.656897,1.441000,0.835000,-2.512000,25.802000,107.481000,-72.580000,29.47
6.666934,1.006000,0.298000,-1.722000,15.237000,70.534000,-99.893000,29.47
6.676862,1.402000,-1.197000,-1.133000,2.076000,56.046000,-62.214000,29.52
6.686910,0.924000,-1.244000,-0.577000,-21.832000,70.870000,-36.000000,29.42
6.696930,0.513000,-0.060000,-1.190000,-25.481000,60.519000,-30.763000,29.47
6.706592,0.644000,0.056000,-1.314000,-20.656000,17.237000,-27.710000,29.38
6.716471,0.716000,-0.529000,-0.837000,-15.496000,7.725000,-16.595000,29.33
6.726481,0.596000,-0.659000,-0.817000,-15.374000,12.595000,-8.779000,29.61
6.737281,0.447000,-0.375000,-0.903000,-16.336000,21.282000,-8.672000,29.38
6.749429,0.498000,-0.473000,-0.867000,-16.840000,30.000000,-8.427000,29.47
6.757184,0.397000,-0.500000,-0.739000,-20.427000,33.924000,-9.634000,29.52
6.766528,0.327000,-0.446000,-0.806000,-27.634000,35.176000,-13.450000,29.42
6.776470,0.377000,-0.367000,-0.844000,-33.344000,31.786000,-16.489000,29.47
6.786506,0.439000,-0.366000,-0.821000,-38.748000,31.344000,-18.763000,29.47
6.796568,0.437000,-0.417000,-0.788000,-44.504000,32.504000,-21.084000,29.42
6.806648,0.442000,-0.433000,-0.791000,-49.756000,36.015000,-24.519000,29.42
6.816531,0.464000,-0.403000,-0.834000,-52.305000,31.176000,-26.763000,29.47
6.827496,0.484000,-0.338000,-0.844000,-52.107000,26.702000,-28.641000,29.38
6.837280,0.490000,-0.303000,-0.842000,-50.122000,20.122000,-30.244000,29.42
6.850302,0.534000,-0.364000,-0.913000,-49.038000,18.061000,-31.420000,29.52
6.857355,0.435000,-0.328000,-0.789000,-50.458000,13.008000,-34.214000,29.38
6.867323,0.474000,-0.356000,-0.817000,-53.740000,12.672000,-37.985000,29.57
6.876917,0.511000,-0.299000,-0.846000,-53.802000,10.870000,-39.237000,29.47
6.887080,0.529000,-0.241000,-0.957000,-48.672000,10.718000,-39.099000,29.42
6.897169,0.517000,-0.492000,-0.551000,-46.733000,23.298000,-47.450000,29.38
6.906997,0.310000,-0.320000,-0.458000,-35.802000,18.351000,-30.947000,29.47
6.917105,0.488000,-0.120000,-0.935000,-33.634000,6.015000,-34.122000,29.38
6.927111,0.570000,-0.169000,-0.888000,-28.916000,13.878000,-32.534000,29.52
6.937213,0.550000,-0.137000,-0.883000,-27.527000,23.756000,-28.733000,29.52
6.946906,0.527000,-0.143000,-0.866000,-23.832000,25.466000,-25.679000,29.47
6.959162,0.523000,-0.150000,-0.861000,-20.840000,27.069000,-23.695000,29.47
6.966718,0.511000,-0.123000,-0.833000,-16.229000,28.931000,-22.489000,29.42
6.976561,0.539000,-0.503000,-0.720000,-12.031000,30.168000,-23.603000,29.42
6.986616,0.502000,-0.002000,-0.901000,-9.130000,37.725000,-26.168000,29.47
6.996788,0.458000,-0.271000,-0.814000,-13.481000,46.794000,-23.298000,29.47
7.006881,0.480000,-0.220000,-0.853000,-13.206000,52.061000,-25.374000,29.52
7.016758,0.460000,-0.273000,-0.886000,-19.038000,63.939000,-27.069000,29.42
7.026727,0.530000,-0.225000,-0.848000,-20.214000,76.855000,-27.664000,29.38
7.037025,0.508000,-0.244000,-0.881000,-22.885000,96.595000,-27.740000,29.47
7.046981,0.523000,-0.210000,-0.874000,-24.901000,114.305000,-29.405000,29.42
7.056926,0.562000,-0.150000,-0.837000,-25.725000,135.756000,-29.298000,29.42
7.066897,0.525000,-0.061000,-0.847000,-25.328000,160.763000,-31.145000,29.38
7.076983,0.419000,-0.057000,-0.833000,-21.939000,190.351000,-35.466000,29.47
7.086916,0.502000,0.031000,-0.849000,-20.565000,218.519000,-36.763000,29.47
7.097055,0.520000,-0.058000,-0.892000,-17.160000,237.160000,-37.237000,29.52
7.106989,0.420000,-0.137000,-0.856000,-20.198000,260.733000,-45.634000,29.47
7.116969,0.613000,-0.187000,-0.873000,-30.992000,284.137000,-60.656000,29.47
7.126975,0.489000,-0.273000,-0.862000,-43.160000,306.519000,-81.160000,29.47
7.137109,0.774000,-0.387000,-0.883000,-62.122000,327.893000,-105.328000,29.52
7.146983,1.071000,-0.387000,-1.083000,-67.405000,352.137000,-122.260000,29.42
7.156978,1.290000,-0.513000,-1.459000,-35.191000,385.634000,-126.962000,29.47
7.167242,1.948000,-0.617000,-2.115000,35.847000,397.099000,-115.649000,29.38
7.177082,2.695000,-0.781000,-2.549000,53.466000,412.305000,-118.076000,29.42
7.186955,2.319000,-0.321000,-2.158000,1.038000,413.679000,-165.130000,29.42
7.197342,2.631000,-0.842000,-2.841000,-52.427000,371.603000,-181.389000,29.38
7.207109,1.090000,-1.069000,-2.798000,-82.733000,274.290000,-172.824000,29.47
7.217081,-1.230000,-2.934000,-2.965000,-53.924000,108.565000,-51.649000,29.42
7.227131,1.831000,-2.720000,-4.000000,-87.695000,12.153000,10.809000,29.52
7.237104,-0.696000,-1.920000,-2.538000,-164.382000,-127.176000,15.878000,29.47
7.247165,-0.948000,-1.115000,-1.762000,-182.458000,-120.458000,-4.321000,29.47
7.256945,-0.576000,-0.497000,-2.195000,-140.412000,-192.275000,-19.420000,29.42
7.267135,-0.441000,-0.315000,-2.040000,-62.748000,-223.344000,-28.092000,29.33
7.277276,-0.423000,-0.531000,-1.638000,-5.588000,-260.550000,-42.214000,29.52
7.287142,-0.298000,-0.657000,-1.321000,14.885000,-274.397000,-60.107000,29.47
7.297178,-0.127000,-0.611000,-1.098000,19.115000,-270.504000,-76.611000,29.47
7.307053,0.041000,-0.502000,-1.023000,37.145000,-273.725000,-81.496000,29.52
7.317087,0.275000,-0.429000,-0.968000,70.229000,-276.641000,-73.924000,29.47
7.327185,0.484000,-0.548000,-0.902000,102.458000,-279.389000,-57.023000,29.47
7.337114,0.597000,-0.661000,-0.853000,120.412000,-277.847000,-34.901000,29.47
7.347149,0.686000,-0.753000,-0.849000,128.443000,-278.244000,-10.885000,29.52
7.357039,0.752000,-0.721000,-0.907000,132.534000,-265.863000,13.267000,29.52
7.367047,0.842000,-0.618000,-1.013000,139.481000,-253.740000,35.863000,29.47
7.377062,0.942000,-0.534000,-1.096000,150.672000,-247.130000,57.221000,29.47
7.387067,1.032000,-0.470000,-1.212000,162.214000,-249.603000,75.237000,29.52
7.397085,1.140000,-0.455000,-1.280000,168.015000,-254.351000,91.160000,29.52
7.407054,1.232000,-0.439000,-1.325000,168.260000,-254.305000,105.847000,29.47
7.417092,1.317000,-0.347000,-1.292000,167.618000,-249.221000,122.183000,29.38
7.427102,1.394000,-0.258000,-1.262000,170.672000,-240.580000,138.565000,29.52
7.436994,1.459000,-0.172000,-1.308000,172.718000,-229.069000,153.466000,29.42
7.446925,1.602000,-0.137000,-1.318000,174.168000,-208.565000,169.573000,29.38
7.457011,1.786000,-0.053000,-1.364000,178.870000,-210.656000,185.634000,29.47
7.466994,1.959000,0.071000,-1.301000,175.649000,-194.198000,197.527000,29.52
7.477025,2.114000,0.216000,-1.248000,172.214000,-181.282000,200.000000,29.57
7.487071,2.373000,0.456000,-1.190000,174.229000,-170.183000,195.725000,29.47
7.497052,2.692000,0.599000,-1.165000,186.626000,-165.099000,192.076000,29.47
7.507043,2.903000,0.706000,-1.002000,203.282000,-160.015000,194.107000,29.42
7.517102,2.993000,0.865000,-0.651000,216.687000,-151.344000,198.382000,29.52
7.527079,3.035000,1.002000,-0.220000,215.145000,-134.198000,196.321000,29.57
7.537039,3.094000,1.189000,0.227000,193.344000,-111.603000,181.053000,29.57
7.547040,3.095000,1.405000,0.449000,161.115000,-87.511000,153.527000,29.47
7.556908,3.048000,1.703000,0.650000,132.534000,-62.611000,112.198000,29.52
7.567140,3.115000,1.824000,0.784000,109.237000,-39.618000,65.160000,29.52
7.576930,3.043000,1.674000,0.902000,73.374000,-13.115000,18.275000,29.47
7.586775,2.775000,1.340000,0.975000,18.550000,18.794000,-18.305000,29.47
7.596678,2.140000,-1.641000,1.719000,-181.511000,123.847000,40.046000,29.42
7.606763,-0.363000,0.086000,-0.739000,-209.389000,44.595000,-33.038000,29.42
7.617065,0.927000,-0.785000,-2.726000,-141.969000,75.008000,16.672000,29.57
7.627096,-1.483000,-0.988000,-1.818000,-104.046000,51.649000,38.168000,29.38
7.637059,-0.795000,1.201000,-0.534000,-92.382000,129.374000,-20.489000,29.52
7.647204,-0.206000,1.589000,-0.637000,-86.214000,151.267000,-97.832000,29.52
7.656974,1.441000,1.137000,-2.374000,-5.878000,185.802000,-116.366000,29.47
7.666927,1.750000,0.375000,-2.750000,30.855000,126.275000,-101.115000,29.47
7.676692,0.759000,-0.088000,-1.263000,42.840000,131.542000,-105.908000,29.42
7.686658,1.013000,-0.920000,-1.299000,45.160000,129.740000,-97.756000,29.52
7.696812,1.191000,-1.198000,-1.212000,17.969000,93.527000,-74.183000,29.47
7.706828,0.747000,-0.561000,-0.774000,4.244000,81.435000,-63.802000,29.47
7.716797,0.751000,-0.560000,-1.107000,-10.321000,66.931000,-61.588000,29.42
7.726781,0.830000,-0.622000,-0.844000,-17.908000,34.397000,-50.046000,29.52
7.736758,0.862000,-0.847000,-0.807000,-30.992000,32.351000,-39.252000,29.38
7.746880,0.675000,-0.707000,-0.819000,-40.794000,20.504000,-32.580000,29.38
7.756890,0.526000,-0.617000,-0.807000,-53.863000,16.076000,-33.435000,29.42
7.766873,0.391000,-0.503000,-0.678000,-73.389000,18.168000,-37.160000,29.42
7.776819,0.230000,-0.372000,-0.584000,-97.863000,14.489000,-45.206000,29.42
7.786845,0.246000,-0.465000,-0.613000,-124.260000,12.351000,-54.427000,29.47
7.796888,0.431000,-0.675000,-0.777000,-134.168000,16.458000,-57.924000,29.47
7.806936,0.512000,-0.616000,-1.016000,-120.382000,21.435000,-53.069000,29.52
7.816972,0.473000,-0.291000,-0.979000,-115.573000,28.489000,-51.954000,29.42
7.827011,0.602000,-0.288000,-1.042000,-99.954000,25.557000,-45.710000,29.47
7.837143,0.528000,-0.215000,-0.950000,-87.420000,19.405000,-39.740000,29.47
7.846956,0.438000,-0.268000,-0.909000,-78.321000,17.374000,-37.191000,29.52
7.857066,0.482000,-0.242000,-0.925000,-72.168000,16.916000,-35.450000,29.42
7.866979,0.517000,-0.255000,-0.989000,-64.519000,19.588000,-33.298000,29.38
7.876913,0.495000,-0.136000,-0.917000,-52.595000,14.489000,-29.420000,29.38
7.887126,0.488000,-0.274000,-0.849000,-48.916000,14.321000,-28.229000,29.42
7.896882,0.461000,-0.242000,-0.861000,-46.137000,12.168000,-28.641000,29.47
7.907057,0.441000,-0.248000,-0.838000,-42.992000,10.901000,-29.817000,29.47
7.916939,0.432000,-0.205000,-0.851000,-39.115000,11.160000,-32.046000,29.38
7.926914,0.491000,-0.223000,-0.836000,-36.397000,15.405000,-31.893000,29.52
7.936945,0.518000,-0.127000,-0.889000,-31.588000,15.542000,-29.756000,29.42
7.947027,0.477000,-0.147000,-0.874000,-26.565000,15.160000,-27.420000,29.47
7.956877,0.492000,-0.129000,-0.875000,-22.061000,16.916000,-25.160000,29.47
7.967000,0.489000,-0.084000,-0.865000,-17.359000,18.473000,-21.450000,29.52
7.976907,0.477000,-0.113000,-0.870000,-12.824000,21.756000,-18.947000,29.52
7.986949,0.472000,-0.084000,-0.874000,-8.580000,23.557000,-17.405000,29.38
7.997095,0.466000,-0.133000,-0.849000,-6.061000,27.649000,-16.458000,29.47
8.007066,0.426000,-0.161000,-0.849000,-6.351000,33.771000,-14.870000,29.52
8.017068,0.481000,-0.155000,-0.838000,-5.084000,37.908000,-14.580000,29.42
8.027037,0.487000,-0.206000,-0.833000,-5.954000,40.092000,-15.679000,29.38
8.037059,0.501000,-0.280000,-0.848000,-8.809000,40.992000,-19.771000,29.47
8.046920,0.570000,-0.515000,-0.802000,-17.435000,46.046000,-23.282000,29.42
8.056978,0.568000,-0.363000,-0.875000,-21.328000,46.443000,-33.664000,29.42
8.067131,0.534000,-0.304000,-0.878000,-32.626000,62.244000,-41.130000,29.38
8.077000,0.547000,-0.292000,-0.892000,-37.893000,74.412000,-41.649000,29.47
8.087013,0.491000,-0.148000,-0.916000,-38.412000,91.847000,-41.863000,29.52
8.096983,0.578000,-0.111000,-0.877000,-44.076000,114.611000,-35.939000,29.42
8.106908,0.473000,-0.063000,-0.895000,-43.740000,141.557000,-34.290000,29.38
8.117102,0.454000,0.011000,-0.863000,-43.817000,173.893000,-33.344000,29.47
8.126933,0.410000,0.043000,-0.818000,-38.748000,207.191000,-39.267000,29.47
8.136951,0.385000,0.048000,-0.862000,-35.695000,240.931000,-43.527000,29.42
8.147059,0.431000,0.002000,-0.890000,-32.595000,262.473000,-46.519000,29.42
8.156780,0.452000,0.016000,-0.879000,-28.351000,288.733000,-55.603000,29.47
8.167042,0.490000,-0.141000,-0.796000,-28.183000,310.748000,-73.481000,29.47
8.177032,0.502000,-0.136000,-0.762000,-57.435000,335.511000,-97.313000,29.42
8.187093,0.846000,-0.129000,-0.796000,-82.031000,357.115000,-119.725000,29.42
8.197148,1.134000,-0.278000,-1.062000,-83.389000,373.740000,-135.817000,29.47
8.207014,1.301000,-0.574000,-1.442000,-89.695000,395.863000,-142.015000,29.47
8.217210,1.771000,-0.550000,-1.656000,-69.496000,463.435000,-138.794000,29.42
8.227118,2.529000,-0.516000,-2.542000,-12.656000,464.305000,-129.038000,29.42
8.237163,2.346000,-0.685000,-2.102000,22.748000,421.099000,-138.672000,29.47
8.247191,2.912000,-0.684000,-2.343000,-32.565000,413.679000,-148.962000,29.47
8.256934,1.662000,-0.343000,-2.535000,-69.221000,325.603000,-158.779000,29.52
8.267087,0.610000,-0.942000,-2.640000,-85.206000,167.099000,-121.588000,29.47
8.277067,0.564000,-1.780000,-4.000000,27.237000,71.298000,-25.221000,29.47
8.287140,1.411000,-2.162000,-4.000000,-52.153000,-160.947000,-27.084000,29.47
8.297161,-1.347000,-1.840000,-1.218000,-108.504000,-187.954000,-23.725000,29.52
8.307028,-0.715000,-1.246000,-1.285000,-116.244000,-204.198000,-22.260000,29.52
8.317086,-0.221000,-0.999000,-1.697000,-84.947000,-243.359000,-4.504000,29.38
8.327059,-0.270000,-0.968000,-1.494000,-28.046000,-256.550000,17.542000,29.38
8.337163,-0.146000,-1.021000,-1.354000,10.489000,-266.382000,30.168000,29.47
8.347214,-0.011000,-0.973000,-1.192000,18.611000,-263.496000,33.115000,29.42
8.356925,0.115000,-0.800000,-1.050000,22.061000,-265.679000,30.076000,29.52
8.367081,0.313000,-0.576000,-1.050000,38.351000,-275.252000,27.710000,29.47
8.377062,0.528000,-0.358000,-1.011000,68.397000,-285.282000,28.992000,29.47
8.387128,0.587000,-0.252000,-0.929000,106.931000,-295.069000,31.832000,29.42
8.397134,0.603000,-0.258000,-0.887000,133.695000,-290.244000,30.321000,29.52
8.407035,0.738000,-0.260000,-0.920000,149.115000,-284.046000,28.702000,29.47
8.417220,0.799000,-0.216000,-0.997000,159.893000,-274.885000,27.802000,29.47
8.427045,0.887000,-0.132000,-1.119000,173.450000,-270.046000,28.382000,29.42
8.437878,0.959000,-0.047000,-1.231000,190.015000,-268.321000,31.740000,29.52
8.447075,1.050000,0.003000,-1.331000,205.771000,-266.550000,36.840000,29.47
8.457246,1.148000,-0.014000,-1.409000,218.015000,-266.595000,43.908000,29.47
8.466902,1.229000,-0.075000,-1.427000,224.000000,-263.802000,52.244000,29.52
8.476540,1.346000,-0.146000,-1.426000,221.481000,-259.847000,65.237000,29.52
8.486542,1.458000,-0.175000,-1.341000,216.183000,-250.519000,82.229000,29.42
8.496622,1.586000,-0.222000,-1.306000,208.427000,-241.634000,104.321000,29.47
8.506581,1.715000,-0.208000,-1.237000,195.756000,-225.924000,130.397000,29.38
8.516579,1.893000,-0.151000,-1.161000,183.344000,-204.198000,157.115000,29.52
8.526514,2.125000,0.024000,-1.108000,172.687000,-179.252000,180.611000,29.47
8.536598,2.363000,0.288000,-1.114000,172.565000,-152.916000,199.771000,29.57
8.546673,2.602000,0.542000,-1.127000,175.939000,-141.710000,215.893000,29.38
8.556664,2.756000,0.760000,-1.050000,176.626000,-131.405000,230.977000,29.42
8.566620,2.869000,0.993000,-0.863000,173.985000,-122.916000,243.023000,29.42
8.576712,3.060000,1.138000,-0.567000,164.305000,-115.420000,243.954000,29.47
8.586701,3.162000,1.366000,-0.046000,140.489000,-108.305000,223.832000,29.38
8.596675,3.011000,1.704000,0.409000,113.771000,-93.771000,180.137000,29.42
8.606731,2.891000,2.110000,0.666000,103.756000,-72.687000,122.000000,29.42
8.616816,2.995000,2.187000,0.725000,106.260000,-50.931000,65.313000,29.38
8.626716,2.851000,1.948000,0.904000,86.153000,-19.023000,20.534000,29.38
8.636794,2.763000,1.345000,0.725000,30.321000,4.061000,-11.298000,29.38
8.646996,1.245000,-0.994000,1.755000,-110.122000,101.069000,-0.397000,29.52
8.656746,-0.244000,0.500000,-0.590000,-135.252000,24.168000,-67.969000,29.42
8.666917,1.058000,-0.953000,-2.627000,-117.618000,69.939000,-56.473000,29.47
8.676861,-0.986000,-1.712000,-1.862000,-86.412000,43.511000,-19.725000,29.47
8.686936,-0.703000,-0.524000,-0.188000,-73.802000,98.870000,-45.389000,29.42
8.696874,-0.103000,0.391000,0.150000,-94.076000,124.809000,-94.458000,29.42
8.706714,1.174000,0.539000,-1.208000,-30.870000,202.351000,-101.145000,29.47
8.716837,1.718000,0.340000,-2.732000,5.115000,155.985000,-79.725000,29.38
8.726906,0.896000,0.472000,-1.822000,24.321000,125.542000,-93.679000,29.42
8.736913,1.017000,-0.276000,-1.714000,28.718000,111.099000,-102.412000,29.47
8.746933,1.517000,-1.323000,-1.336000,4.626000,78.046000,-65.863000,29.38
8.756870,0.603000,-0.660000,-0.648000,-6.977000,86.870000,-52.031000,29.47
8.766952,0.621000,-0.407000,-1.077000,-12.565000,60.519000,-44.305000,29.42
8.776996,0.596000,-0.298000,-0.885000,-12.061000,34.595000,-41.969000,29.52
8.786984,0.873000,-0.790000,-0.837000,-13.878000,27.924000,-30.885000,29.38
8.797041,0.702000,-0.698000,-0.770000,-16.763000,26.076000,-22.015000,29.38
8.806819,0.509000,-0.518000,-0.851000,-23.649000,34.672000,-21.145000,29.52
8.817026,0.448000,-0.537000,-0.798000,-29.954000,32.763000,-23.023000,29.42
8.826969,0.380000,-0.559000,-0.668000,-38.733000,29.985000,-26.382000,29.47
8.836982,0.334000,-0.518000,-0.737000,-48.794000,26.397000,-30.290000,29.38
8.846928,0.403000,-0.367000,-0.815000,-57.939000,24.962000,-31.573000,29.52
8.856987,0.332000,-0.252000,-0.697000,-71.176000,25.588000,-33.893000,29.42
8.866987,0.356000,-0.403000,-0.671000,-90.137000,33.160000,-39.084000,29.47
8.876905,0.470000,-0.512000,-0.832000,-98.885000,42.351000,-41.832000,29.57
8.886920,0.580000,-0.494000,-0.992000,-91.847000,44.748000,-40.305000,29.42
8.896742,0.585000,-0.357000,-0.965000,-80.260000,39.099000,-37.374000,29.42
8.906626,0.580000,-0.363000,-0.883000,-68.885000,30.626000,-34.321000,29.47
8.916576,0.532000,-0.356000,-0.860000,-61.557000,22.702000,-33.405000,29.38
8.926520,0.501000,-0.413000,-0.819000,-58.931000,19.756000,-34.809000,29.52
8.936510,0.516000,-0.253000,-0.876000,-52.000000,14.336000,-34.153000,29.42
8.946536,0.520000,-0.308000,-0.832000,-48.351000,16.183000,-33.420000,29.47
8.956540,0.525000,-0.243000,-0.859000,-44.260000,18.656000,-32.290000,29.38
8.966500,0.516000,-0.206000,-0.853000,-38.550000,17.099000,-29.939000,29.42
8.976509,0.454000,0.204000,-0.704000,-38.168000,40.412000,-43.924000,29.52
8.986468,-0.345000,0.093000,-0.906000,-19.679000,-25.954000,-30.427000,29.42
8.996582,0.541000,-0.128000,-1.067000,-24.183000,16.290000,-22.885000,29.47
9.006515,0.588000,-0.281000,-0.804000,-23.389000,20.733000,-22.443000,29.47
9.016492,0.484000,-0.158000,-0.821000,-24.947000,24.962000,-20.901000,29.33
9.026477,0.532000,-0.162000,-0.842000,-21.115000,21.634000,-19.176000,29.42
9.036545,0.536000,-0.210000,-0.808000,-21.023000,22.855000,-18.733000,29.47
9.046594,0.525000,-0.210000,-0.820000,-20.290000,24.000000,-19.176000,29.47
9.056546,0.537000,-0.244000,-0.786000,-20.702000,24.382000,-21.221000,29.42
9.066580,0.600000,-0.388000,-0.764000,-26.458000,27.710000,-20.244000,29.42
9.076565,0.530000,-0.210000,-0.832000,-19.893000,26.977000,-24.244000,29.47
9.086563,0.507000,-0.238000,-0.845000,-16.656000,32.214000,-25.496000,29.47
9.096554,0.507000,-0.264000,-0.826000,-15.313000,39.435000,-28.214000,29.42
9.106577,0.447000,-0.295000,-0.824000,-19.252000,54.397000,-30.107000,29.38
9.116539,0.508000,-0.335000,-0.835000,-22.672000,68.137000,-32.748000,29.38
9.126567,0.496000,-0.275000,-0.861000,-28.290000,86.366000,-34.962000,29.38
9.136619,0.564000,-0.133000,-0.865000,-28.061000,109.573000,-31.145000,29.42
9.146633,0.536000,-0.139000,-0.840000,-26.748000,133.725000,-28.321000,29.42
9.156596,0.536000,-0.058000,-0.813000,-27.313000,160.031000,-27.313000,29.47
9.166696,0.496000,-0.010000,-0.828000,-24.794000,188.947000,-30.473000,29.38
9.176682,0.473000,-0.020000,-0.828000,-19.496000,212.641000,-34.611000,29.52
9.186704,0.520000,-0.058000,-0.818000,-12.275000,227.176000,-32.137000,29.42
9.196764,0.499000,-0.086000,-0.788000,-9.099000,248.198000,-32.931000,29.47
9.206794,0.482000,-0.151000,-0.803000,-19.771000,266.611000,-42.290000,29.38
9.216878,0.634000,-0.226000,-0.768000,-30.473000,283.756000,-53.374000,29.42
9.226802,0.713000,-0.289000,-0.862000,-40.885000,298.000000,-69.908000,29.42
9.236869,1.096000,-0.411000,-1.192000,-30.641000,323.130000,-82.397000,29.47
9.246803,0.961000,-0.635000,-1.321000,0.107000,355.008000,-86.672000,29.47
9.256995,1.511000,-0.435000,-1.806000,59.908000,393.847000,-79.298000,29.42
9.266915,1.975000,-0.484000,-1.875000,73.008000,418.198000,-87.313000,29.47
9.276898,2.068000,-0.376000,-1.709000,45.802000,423.695000,-120.718000,29.47
9.286906,2.219000,-0.523000,-2.194000,6.794000,413.511000,-146.672000,29.38
9.297057,1.991000,-0.294000,-2.480000,-19.221000,363.893000,-154.275000,29.52
9.306976,0.792000,-0.970000,-2.883000,0.489000,256.366000,-124.656000,29.52
9.316861,-1.318000,-3.056000,-3.099000,4.824000,74.137000,-65.969000,29.38
9.326968,1.722000,-2.502000,-4.000000,-99.069000,-67.038000,-35.863000,29.47
9.336945,-1.149000,-1.447000,-2.040000,-164.840000,-183.344000,-46.779000,29.52
9.347137,-1.003000,-1.011000,-1.319000,-162.305000,-175.908000,-64.489000,29.52
9.356906,-0.481000,-0.727000,-1.714000,-127.588000,-232.000000,-67.740000,29.38
9.366993,-0.384000,-0.752000,-1.645000,-71.939000,-254.122000,-61.832000,29.47
9.376903,-0.222000,-0.900000,-1.421000,-30.076000,-269.679000,-56.656000,29.47
9.386962,-0.109000,-0.958000,-1.219000,-16.153000,-275.786000,-57.420000,29.52
9.397002,-0.013000,-0.889000,-1.021000,-12.656000,-272.244000,-62.031000,29.52
9.407118,0.179000,-0.719000,-0.958000,6.534000,-277.542000,-62.305000,29.47
9.417106,0.423000,-0.632000,-0.966000,37.099000,-284.962000,-52.809000,29.47
9.426962,0.594000,-0.706000,-0.941000,70.290000,-292.412000,-35.420000,29.52
9.437031,0.721000,-0.781000,-0.886000,96.137000,-296.840000,-15.115000,29.52
9.447034,0.808000,-0.843000,-0.870000,109.511000,-289.420000,5.557000,29.47
9.456808,0.893000,-0.810000,-0.902000,118.626000,-275.832000,26.137000,29.47
9.467054,0.979000,-0.699000,-0.968000,129.191000,-269.084000,44.931000,29.42
9.476970,1.087000,-0.634000,-1.081000,142.122000,-270.855000,63.084000,29.47
9.486981,1.188000,-0.543000,-1.143000,155.405000,-275.588000,77.908000,29.47
9.497167,2.424000,-2.138000,-0.664000,-5.023000,-230.840000,175.725000,29.47
9.506849,0.388000,1.035000,-1.029000,77.527000,-267.603000,52.611000,29.42
9.517008,2.086000,0.299000,-2.097000,239.786000,-247.298000,162.260000,29.52
9.527102,1.165000,-0.312000,-0.991000,261.786000,-244.977000,151.725000,29.47
9.537046,1.564000,-0.954000,-0.854000,239.771000,-262.382000,150.092000,29.38
9.547003,2.131000,-0.575000,-1.194000,163.802000,-211.817000,167.053000,29.42
9.556891,2.008000,-0.233000,-1.013000,128.183000,-185.206000,180.015000,29.52
9.566981,2.251000,0.167000,-1.155000,138.794000,-162.962000,196.550000,29.47
9.576973,2.423000,0.457000,-1.086000,170.183000,-161.008000,208.366000,29.47
9.587063,2.717000,0.547000,-1.107000,194.840000,-167.176000,211.756000,29.52
9.597075,2.858000,0.718000,-0.970000,204.992000,-151.374000,206.687000,29.42
9.607106,2.921000,1.022000,-0.682000,215.985000,-125.176000,198.947000,29.42
9.617136,2.998000,1.325000,-0.329000,229.771000,-108.580000,186.382000,29.57
9.627058,3.061000,1.498000,0.044000,233.435000,-102.198000,163.466000,29.47
9.637062,3.006000,1.560000,0.419000,211.832000,-94.504000,127.847000,29.42
9.647090,2.992000,1.646000,0.779000,165.496000,-77.099000,82.748000,29.42
9.656932,3.016000,1.596000,0.882000,103.695000,-51.786000,34.092000,29.47
9.667014,2.274000,0.349000,1.493000,17.786000,-0.443000,14.962000,29.38
9.677102,3.210000,0.985000,1.571000,-160.824000,26.519000,-31.908000,29.42
9.687078,1.329000,2.162000,0.846000,-207.664000,67.649000,-81.924000,29.47
9.697221,1.103000,-0.303000,-2.845000,-133.099000,93.847000,-10.885000,29.57
9.707008,-0.939000,-0.980000,-2.506000,-103.802000,23.939000,14.275000,29.47
9.717083,-1.019000,0.356000,-0.810000,-77.878000,74.855000,-19.191000,29.42
9.727059,-0.521000,0.964000,-0.594000,-76.779000,100.061000,-105.573000,29.52
9.737124,0.958000,0.985000,-1.050000,-43.481000,161.542000,-115.756000,29.38
9.747114,1.605000,0.142000,-2.627000,-1.695000,130.214000,-94.794000,29.47
9.757198,0.789000,-0.002000,-1.318000,23.786000,105.527000,-86.947000,29.52
9.767088,0.818000,-0.515000,-1.313000,27.130000,103.252000,-87.588000,29.52
9.777099,1.158000,-1.078000,-1.328000,12.779000,80.611000,-70.565000,29.47
9.786696,0.764000,-0.762000,-0.740000,-0.168000,75.252000,-57.542000,29.57
9.796829,0.602000,-0.420000,-1.018000,-8.885000,65.908000,-55.008000,29.33
9.806745,0.744000,-0.476000,-0.961000,-16.275000,26.427000,-48.321000,29.42
9.816758,0.768000,-0.721000,-0.835000,-29.313000,10.107000,-41.527000,29.47
9.826683,0.662000,-0.736000,-0.757000,-37.374000,-0.809000,-33.695000,29.47
9.836699,0.483000,-0.496000,-0.725000,-55.863000,0.870000,-34.412000,29.42
9.846825,0.329000,-0.418000,-0.663000,-81.634000,2.809000,-39.221000,29.47
9.856843,0.265000,-0.495000,-0.535000,-110.519000,8.840000,-47.237000,29.47
9.866839,0.372000,-0.663000,-0.779000,-128.534000,15.389000,-53.466000,29.47
9.876835,0.528000,-0.573000,-1.056000,-119.084000,11.267000,-49.466000,29.52
9.886835,0.479000,-0.274000,-1.041000,-115.527000,20.473000,-46.702000,29.42
9.897070,0.545000,-0.287000,-1.050000,-100.458000,23.267000,-39.069000,29.57
9.906964,0.538000,-0.236000,-1.004000,-82.840000,20.626000,-32.092000,29.47
9.917063,0.501000,-0.211000,-0.999000,-66.931000,19.710000,-27.023000,29.52
9.927054,0.447000,-0.212000,-0.917000,-54.687000,20.351000,-23.832000,29.52
9.936981,0.407000,-0.241000,-0.875000,-48.641000,23.038000,-23.481000,29.47
9.946909,0.421000,-0.241000,-0.863000,-45.237000,20.992000,-24.198000,29.47
9.956896,0.414000,-0.270000,-0.824000,-43.435000,19.588000,-25.160000,29.38
9.967140,0.419000,-0.309000,-0.900000,-45.618000,17.695000,-27.588000,29.42
9.977092,0.458000,-0.267000,-0.853000,-46.382000,17.466000,-29.908000,29.42
9.987046,0.463000,-0.204000,-0.917000,-43.115000,15.756000,-31.435000,29.47
9.997135,0.429000,-0.244000,-0.854000,-40.977000,17.053000,-33.573000,29.47
10.006880,0.492000,-0.199000,-0.866000,-38.244000,17.969000,-34.076000,29.52
