# Gait Analysis Data - MPU6050 IMU
# Duration: 10 seconds
# Format: timestamp(s),ax(g),ay(g),az(g),gx(deg/s),gy(deg/s),gz(deg/s),temp(C)
# Note: Document sensor placement (ankle/wrist) separately
timestamp,ax,ay,az,gx,gy,gz,temp
0.000804,0.414000,-0.096000,-0.990000,-10.580000,15.466000,-10.748000,28.81
0.001609,0.418000,-0.179000,-0.943000,-0.534000,14.550000,-9.969000,28.77
0.002256,0.459000,-0.202000,-0.895000,0.275000,12.214000,-7.908000,28.77
0.002890,0.454000,-0.252000,-0.886000,-3.969000,17.237000,-7.176000,28.72
0.003626,0.458000,-0.287000,-0.887000,-16.504000,26.366000,-6.473000,28.72
0.004475,0.445000,-0.250000,-0.815000,-21.359000,30.550000,-4.763000,28.67
0.005174,0.480000,-0.266000,-0.893000,-32.321000,30.458000,-3.450000,28.77
0.005821,0.461000,-0.247000,-0.856000,-19.511000,17.939000,-4.733000,28.72
0.006452,0.464000,-0.234000,-0.826000,-36.748000,37.985000,-5.557000,28.81
0.007072,0.454000,-0.235000,-0.813000,-50.519000,46.351000,-5.267000,28.77
0.007695,0.475000,-0.227000,-0.877000,-56.427000,47.359000,-2.183000,28.72
0.008311,0.452000,-0.216000,-0.844000,-57.328000,45.588000,-2.840000,28.72
0.008944,0.468000,-0.188000,-0.807000,-75.664000,56.611000,-2.321000,28.77
0.009998,0.441000,-0.191000,-0.948000,-48.260000,33.710000,-5.725000,28.86
0.010692,0.709000,0.052000,-0.922000,-61.450000,44.351000,6.687000,28.72
0.022864,0.583000,-0.123000,-0.570000,-108.885000,75.221000,1.786000,28.72
0.023636,0.432000,-0.185000,-1.298000,-5.084000,-7.618000,-3.740000,28.77
0.036356,0.489000,-0.124000,-0.702000,4.489000,-12.626000,0.198000,28.77
0.040138,0.427000,-0.207000,-0.846000,-3.573000,-3.069000,2.427000,28.72
0.040799,0.492000,-0.146000,-0.840000,-8.611000,-10.076000,9.450000,28.81
0.042035,0.485000,-0.140000,-0.970000,27.847000,-28.626000,5.557000,28.67
0.043569,0.450000,-0.143000,-0.839000,40.275000,-37.893000,5.679000,28.72
0.044530,0.467000,-0.143000,-0.841000,15.557000,-11.191000,3.878000,28.81
0.046002,0.469000,-0.149000,-0.851000,11.878000,-3.802000,3.435000,28.77
0.046599,0.454000,-0.164000,-0.862000,14.031000,-5.130000,2.534000,28.67
0.047815,0.452000,-0.169000,-0.836000,0.107000,8.519000,2.702000,28.72
0.048587,0.444000,-0.188000,-0.860000,-0.443000,7.771000,2.153000,28.72
0.049144,0.440000,-0.198000,-0.865000,-3.664000,10.214000,2.015000,28.86
0.049590,0.446000,-0.192000,-0.884000,-2.580000,9.511000,1.389000,28.77
0.050029,0.452000,-0.175000,-0.873000,-1.527000,10.382000,1.130000,28.81
0.050460,0.455000,-0.163000,-0.868000,-2.061000,13.710000,0.534000,28.81
0.050888,0.463000,-0.159000,-0.873000,-3.771000,16.962000,1.618000,28.77
0.051400,0.469000,-0.156000,-0.876000,-4.031000,20.672000,2.519000,28.72
0.051974,0.457000,-0.144000,-0.896000,-1.527000,23.084000,3.237000,28.72
0.052441,0.289000,0.026000,-0.966000,3.985000,24.382000,-7.008000,28.77
0.052900,0.504000,-0.158000,-0.896000,0.901000,20.015000,6.229000,28.77
0.053362,0.504000,-0.212000,-0.869000,11.664000,22.840000,3.496000,28.81
0.053884,0.498000,-0.196000,-0.869000,8.901000,26.977000,3.771000,28.72
0.054364,0.485000,-0.196000,-0.833000,13.725000,18.916000,3.969000,28.77
0.054804,0.477000,-0.205000,-0.858000,13.847000,18.366000,2.672000,28.77
0.055927,0.477000,-0.211000,-0.844000,15.160000,13.847000,2.412000,28.72
0.056703,0.496000,-0.195000,-0.833000,14.733000,9.267000,2.244000,28.72
0.057389,0.507000,-0.184000,-0.840000,15.160000,5.282000,2.672000,28.77
0.058459,0.511000,-0.184000,-0.841000,16.794000,-0.565000,2.595000,28.77
0.059647,0.510000,-0.193000,-0.832000,16.153000,-3.389000,3.557000,28.81
0.061497,0.506000,-0.193000,-0.846000,15.985000,-4.519000,3.802000,28.72
0.063378,0.494000,-0.208000,-0.854000,15.847000,-5.939000,3.618000,28.77
0.063984,0.497000,-0.217000,-0.852000,13.939000,-7.664000,4.107000,28.72
0.064461,0.525000,-0.209000,-0.844000,12.534000,-9.313000,3.496000,28.81
0.065120,0.530000,-0.203000,-0.839000,9.939000,-11.313000,3.328000,28.77
0.065629,0.494000,-0.196000,-0.817000,11.053000,-16.275000,3.237000,28.77
0.066099,0.460000,-0.208000,-0.802000,12.275000,-20.214000,2.183000,28.81
0.066565,0.432000,-0.233000,-0.797000,13.603000,-23.817000,1.557000,28.72
0.067072,0.432000,-0.240000,-0.819000,11.649000,-22.626000,1.069000,28.77
0.067562,0.417000,-0.246000,-0.839000,11.924000,-20.992000,1.023000,28.77
0.068020,0.425000,-0.262000,-0.844000,9.817000,-16.565000,-0.244000,28.72
0.068575,0.428000,-0.260000,-0.838000,4.870000,-9.725000,-1.756000,28.81
0.069209,0.428000,-0.249000,-0.860000,3.099000,-3.802000,-4.214000,28.77
0.069745,0.422000,-0.240000,-0.861000,1.878000,1.023000,-7.389000,28.81
0.070228,0.417000,-0.246000,-0.872000,3.038000,1.496000,-12.122000,28.72
0.070692,0.441000,-0.241000,-0.862000,4.534000,0.198000,-15.450000,28.77
0.071168,0.439000,-0.233000,-0.872000,5.802000,-2.275000,-18.824000,28.77
0.071635,0.465000,-0.216000,-0.872000,7.405000,-6.504000,-19.817000,28.72
0.072110,0.459000,-0.193000,-0.820000,5.481000,-6.809000,-19.511000,28.81
0.072589,0.438000,-0.209000,-0.840000,5.374000,-5.863000,-18.595000,28.67
0.073051,0.432000,-0.211000,-0.851000,6.962000,-8.977000,-17.267000,28.77
0.073523,0.431000,-0.208000,-0.843000,7.618000,-10.015000,-14.305000,28.72
0.073992,0.445000,-0.233000,-0.846000,4.595000,-5.023000,-12.687000,28.81
0.074455,0.442000,-0.219000,-0.863000,4.214000,-1.649000,-12.397000,28.86
0.074917,0.432000,-0.219000,-0.882000,1.847000,3.298000,-12.870000,28.72
0.075367,0.444000,-0.234000,-0.853000,2.489000,4.031000,-13.206000,28.72
0.075806,0.431000,-0.231000,-0.868000,2.244000,5.038000,-14.198000,28.72
0.076225,0.442000,-0.230000,-0.872000,2.977000,4.779000,-16.198000,28.77
0.076642,0.427000,-0.215000,-0.861000,2.992000,3.817000,-18.672000,28.81
0.077088,0.439000,-0.228000,-0.863000,2.840000,5.145000,-21.145000,28.72
0.077535,0.404000,-0.221000,-0.877000,3.527000,4.305000,-25.496000,28.77
0.077982,0.419000,-0.223000,-0.877000,3.069000,5.878000,-30.687000,28.77
0.078420,0.374000,-0.223000,-0.895000,6.885000,3.466000,-39.771000,28.81
0.078979,0.370000,-0.195000,-0.903000,10.931000,2.290000,-52.870000,28.72
0.079530,0.350000,-0.189000,-0.922000,18.427000,-2.794000,-67.863000,28.77
0.080049,0.346000,-0.157000,-0.927000,24.458000,-5.511000,-85.573000,28.72
0.080536,0.382000,-0.174000,-0.922000,35.893000,-13.695000,-101.374000,28.72
0.080984,0.411000,-0.190000,-0.873000,40.260000,-17.527000,-113.969000,28.77
0.081446,0.432000,-0.171000,-0.868000,44.794000,-21.008000,-123.374000,28.77
0.081887,0.466000,-0.177000,-0.841000,43.725000,-20.046000,-128.733000,28.72
0.082332,0.488000,-0.190000,-0.850000,45.450000,-23.740000,-129.145000,28.72
0.082766,0.498000,-0.175000,-0.845000,50.794000,-31.603000,-126.977000,28.77
0.083208,0.502000,-0.186000,-0.819000,44.901000,-30.626000,-121.939000,28.77
0.083645,0.525000,-0.203000,-0.791000,36.382000,-24.870000,-111.802000,28.81
0.084080,0.530000,-0.143000,-0.821000,25.252000,-16.214000,-100.214000,28.72
0.084510,0.517000,-0.131000,-0.825000,20.198000,-6.092000,-89.832000,28.77
0.084953,0.490000,-0.141000,-0.872000,17.328000,-3.313000,-82.122000,28.81
0.085390,0.486000,-0.148000,-0.880000,27.344000,-3.344000,-77.160000,28.62
0.085820,0.479000,-0.151000,-0.886000,35.221000,-5.099000,-71.588000,28.77
0.086254,0.479000,-0.143000,-0.885000,39.267000,-6.198000,-66.870000,28.67
0.086696,0.446000,-0.130000,-0.894000,45.557000,-9.405000,-65.710000,28.72
0.087135,0.463000,-0.143000,-0.864000,50.260000,-9.756000,-64.336000,28.72
0.087558,0.467000,-0.170000,-0.863000,51.527000,-9.878000,-64.412000,28.77
0.087999,0.477000,-0.174000,-0.858000,52.595000,-10.183000,-64.916000,28.67
0.088429,0.458000,-0.176000,-0.836000,52.672000,-9.328000,-67.389000,28.72
0.088855,0.471000,-0.189000,-0.837000,51.405000,-9.893000,-68.962000,28.81
0.089426,0.503000,-0.231000,-0.819000,49.008000,-11.176000,-67.496000,28.67
0.090076,0.521000,-0.206000,-0.822000,44.947000,-10.947000,-64.366000,28.81
0.090543,0.527000,-0.216000,-0.810000,42.137000,-11.740000,-60.580000,28.81
0.090992,0.538000,-0.215000,-0.799000,38.183000,-13.771000,-54.382000,28.72
0.091434,0.539000,-0.204000,-0.800000,29.206000,-10.702000,-46.305000,28.86
0.091867,0.537000,-0.193000,-0.791000,24.901000,-8.962000,-38.107000,28.81
0.092315,0.537000,-0.206000,-0.799000,18.992000,-6.015000,-27.985000,28.81
0.092790,0.529000,-0.183000,-0.817000,12.489000,-0.198000,-17.267000,28.77
0.093223,0.530000,-0.179000,-0.834000,8.855000,2.794000,-7.924000,28.77
0.093647,0.507000,-0.175000,-0.843000,9.771000,2.916000,-0.427000,28.72
0.094061,0.489000,-0.182000,-0.871000,8.198000,5.420000,4.137000,28.81
0.094477,0.468000,-0.198000,-0.865000,12.321000,2.794000,4.992000,28.77
0.095182,0.469000,-0.209000,-0.859000,14.733000,1.115000,4.763000,28.81
0.095633,0.464000,-0.214000,-0.842000,14.214000,1.618000,4.107000,28.72
0.096062,0.471000,-0.238000,-0.838000,12.656000,2.168000,3.389000,28.81
0.096511,0.467000,-0.235000,-0.837000,10.885000,2.580000,2.427000,28.67
0.096931,0.480000,-0.241000,-0.838000,7.679000,4.672000,1.924000,28.77
0.097353,0.479000,-0.232000,-0.845000,6.672000,5.252000,1.053000,28.81
0.097767,0.478000,-0.227000,-0.844000,5.878000,5.191000,0.794000,28.72
0.098190,0.473000,-0.216000,-0.847000,5.893000,5.023000,1.359000,28.77
0.098603,0.463000,-0.213000,-0.848000,6.489000,4.656000,1.435000,28.77
0.099038,0.478000,-0.219000,-0.844000,7.130000,4.153000,2.107000,28.72
0.099472,0.477000,-0.226000,-0.845000,7.603000,4.153000,2.031000,28.62
0.099884,0.465000,-0.225000,-0.846000,7.634000,3.802000,1.725000,28.77
0.100315,0.472000,-0.228000,-0.833000,6.244000,4.550000,1.069000,28.72
0.100732,0.473000,-0.240000,-0.836000,5.389000,4.794000,0.992000,28.81
0.101150,0.472000,-0.235000,-0.836000,4.962000,4.031000,0.794000,28.67
0.101565,0.486000,-0.244000,-0.842000,3.985000,3.756000,0.641000,28.77
0.101984,0.481000,-0.239000,-0.832000,3.603000,3.237000,0.397000,28.72
0.102398,0.479000,-0.237000,-0.827000,3.527000,2.458000,0.015000,28.72
0.102818,0.476000,-0.237000,-0.839000,3.634000,1.710000,0.336000,28.77
0.103235,0.482000,-0.241000,-0.839000,4.000000,0.244000,0.031000,28.67
0.103663,0.480000,-0.241000,-0.836000,4.305000,-0.992000,-0.122000,28.81
0.104086,0.476000,-0.242000,-0.838000,4.412000,-2.031000,-0.290000,28.72
0.104518,0.472000,-0.242000,-0.827000,4.733000,-2.305000,-0.595000,28.77
0.105041,0.460000,-0.254000,-0.824000,4.611000,-2.061000,-0.947000,28.81
0.105659,0.459000,-0.237000,-0.838000,3.145000,-0.733000,-1.237000,28.72
0.106124,0.469000,-0.243000,-0.841000,2.611000,0.244000,-1.359000,28.77
0.106565,0.468000,-0.240000,-0.835000,2.153000,0.840000,-1.069000,28.77
0.106980,0.467000,-0.241000,-0.851000,2.901000,0.931000,-1.374000,28.72
0.107394,0.472000,-0.241000,-0.842000,3.084000,0.611000,-1.420000,28.72
0.107812,0.475000,-0.240000,-0.839000,2.519000,1.664000,-1.038000,28.67
0.108229,0.470000,-0.243000,-0.845000,2.137000,2.626000,-0.641000,28.77
0.108651,0.474000,-0.237000,-0.837000,1.786000,2.962000,-0.626000,28.62
0.109062,0.472000,-0.244000,-0.843000,1.542000,3.298000,-0.260000,28.72
0.109486,0.468000,-0.244000,-0.844000,1.176000,3.130000,-0.244000,28.77
0.109908,0.478000,-0.242000,-0.840000,0.931000,2.687000,-0.214000,28.67
0.110329,0.474000,-0.248000,-0.843000,0.611000,2.092000,-0.015000,28.81
0.110745,0.474000,-0.250000,-0.830000,0.153000,1.344000,-0.137000,28.77
0.111182,0.469000,-0.250000,-0.827000,-0.351000,0.931000,-0.336000,28.67
0.111628,0.472000,-0.250000,-0.829000,-1.527000,0.870000,-0.382000,28.62
0.112054,0.474000,-0.253000,-0.829000,-2.595000,0.565000,-0.702000,28.72
0.112478,0.474000,-0.253000,-0.833000,-2.901000,-0.061000,-0.687000,28.86
0.112905,0.468000,-0.252000,-0.847000,-3.298000,-0.580000,-0.870000,28.77
0.113330,0.469000,-0.247000,-0.835000,-3.435000,-0.962000,-1.053000,28.72
0.113756,0.474000,-0.252000,-0.853000,-2.000000,-3.069000,-0.809000,28.81
0.114182,0.467000,-0.249000,-0.831000,-2.046000,-3.328000,-0.855000,28.77
0.114611,0.463000,-0.254000,-0.846000,-1.023000,-3.863000,-1.069000,28.77
0.115088,0.462000,-0.260000,-0.847000,-0.626000,-3.924000,-1.282000,28.72
0.115523,0.458000,-0.253000,-0.853000,-0.763000,-3.008000,-1.176000,28.77
0.115947,0.460000,-0.251000,-0.857000,-1.221000,-2.290000,-1.511000,28.77
0.116375,0.458000,-0.241000,-0.859000,0.580000,-3.511000,-1.573000,28.72
0.116809,0.465000,-0.245000,-0.871000,1.237000,-3.420000,-1.863000,28.72
0.117243,0.461000,-0.231000,-0.879000,1.511000,-4.489000,-2.779000,28.67
0.117688,0.466000,-0.225000,-0.914000,1.450000,-4.809000,-2.947000,28.77
0.118112,0.465000,-0.217000,-0.879000,5.420000,-10.061000,-4.489000,28.72
0.118544,0.446000,-0.200000,-0.923000,4.183000,-9.588000,-6.015000,28.72
0.119118,0.445000,-0.179000,-0.922000,7.221000,-13.389000,-9.405000,28.77
0.119720,0.413000,-0.170000,-0.932000,12.153000,-17.115000,-12.855000,28.77
0.120189,0.383000,-0.179000,-0.907000,17.496000,-20.794000,-18.031000,28.72
0.120651,0.383000,-0.196000,-0.874000,21.450000,-24.137000,-21.924000,28.72
0.121157,0.377000,-0.192000,-0.914000,22.672000,-18.366000,-29.969000,28.77
0.121619,0.307000,-0.129000,-0.967000,22.977000,-17.542000,-40.733000,28.72
0.122058,0.469000,-0.256000,-0.924000,29.313000,-18.595000,-43.130000,28.72
0.122499,0.433000,-0.217000,-0.861000,36.977000,-22.107000,-46.122000,28.72
0.122969,0.442000,-0.217000,-0.845000,38.122000,-22.702000,-48.260000,28.67
0.123442,0.372000,-0.188000,-0.877000,35.053000,-19.374000,-52.763000,28.77
0.123915,0.382000,-0.221000,-0.866000,36.702000,-24.504000,-55.557000,28.72
0.124384,0.405000,-0.224000,-0.812000,31.969000,-22.641000,-59.008000,28.77
0.124835,0.432000,-0.258000,-0.770000,27.954000,-20.824000,-58.565000,28.67
0.125295,0.421000,-0.224000,-0.798000,22.580000,-18.595000,-61.282000,28.72
0.125737,0.383000,-0.137000,-0.859000,18.916000,-20.519000,-68.794000,28.62
0.126241,0.361000,-0.070000,-0.921000,11.481000,-20.672000,-77.298000,28.67
0.126746,0.314000,0.032000,-0.948000,7.221000,-24.122000,-91.191000,28.72
0.127227,0.279000,0.117000,-1.028000,14.626000,-37.481000,-111.420000,28.81
0.127676,0.316000,0.203000,-0.994000,5.878000,-37.725000,-131.191000,28.72
0.128135,0.315000,0.265000,-1.093000,20.458000,-49.618000,-158.107000,28.77
0.128580,0.361000,0.315000,-1.034000,44.641000,-65.313000,-188.214000,28.77
0.129124,0.403000,0.322000,-1.033000,51.679000,-79.145000,-212.931000,28.72
0.129698,0.527000,0.248000,-0.970000,69.450000,-80.931000,-233.527000,28.81
0.130165,0.607000,0.273000,-0.959000,70.427000,-92.061000,-244.855000,28.67
0.130633,0.589000,0.218000,-0.758000,74.153000,-72.840000,-260.641000,28.67
0.131122,0.681000,0.157000,-0.877000,62.931000,-60.565000,-268.198000,28.72
0.131719,0.766000,0.018000,-0.780000,70.824000,-61.695000,-265.649000,28.86
0.132196,0.766000,-0.063000,-0.742000,69.603000,-57.588000,-255.649000,28.67
0.132639,0.728000,-0.128000,-0.724000,73.771000,-48.565000,-248.565000,28.72
0.133086,0.724000,-0.193000,-0.780000,74.046000,-40.092000,-238.397000,28.72
0.133536,0.708000,-0.221000,-0.797000,76.931000,-39.939000,-224.336000,28.77
0.133969,0.661000,-0.242000,-0.798000,77.573000,-39.389000,-209.634000,28.77
0.134407,0.637000,-0.258000,-0.797000,77.359000,-39.756000,-195.618000,28.72
0.134856,0.592000,-0.256000,-0.815000,77.878000,-38.504000,-183.740000,28.72
0.135304,0.585000,-0.272000,-0.839000,76.153000,-36.855000,-172.244000,28.67
0.135743,0.565000,-0.241000,-0.822000,72.092000,-34.840000,-162.153000,28.67
0.136210,0.539000,-0.217000,-0.812000,69.313000,-32.321000,-154.672000,28.72
0.136649,0.490000,-0.182000,-0.807000,65.069000,-29.405000,-149.496000,28.72
0.137092,0.481000,-0.154000,-0.834000,61.405000,-27.176000,-146.351000,28.77
0.137537,0.477000,-0.127000,-0.859000,58.427000,-25.450000,-145.328000,28.77
0.137980,0.469000,-0.092000,-0.876000,57.023000,-28.458000,-146.046000,28.72
0.138420,0.465000,-0.072000,-0.855000,53.847000,-27.710000,-148.504000,28.72
0.138877,0.475000,-0.074000,-0.881000,53.618000,-28.962000,-150.611000,28.67
0.139437,0.214000,0.006000,-0.204000,0.840000,-32.931000,-156.260000,28.72
0.139878,0.517000,-0.097000,-0.743000,31.420000,-39.313000,-145.771000,28.72
0.140312,0.507000,-0.095000,-0.832000,28.748000,-48.214000,-142.901000,28.67
0.140762,0.490000,-0.104000,-0.858000,37.817000,-45.985000,-146.504000,28.77
0.141221,0.513000,-0.140000,-0.884000,45.023000,-40.260000,-146.595000,28.81
0.141747,0.527000,-0.167000,-0.876000,51.298000,-34.687000,-144.260000,28.81
0.142338,0.483000,-0.190000,-0.812000,56.504000,-32.214000,-140.076000,28.77
0.142841,0.501000,-0.220000,-0.828000,58.412000,-30.840000,-132.962000,28.67
0.143291,0.458000,-0.229000,-0.797000,54.962000,-42.412000,-124.473000,28.72
0.143752,0.455000,-0.230000,-0.841000,52.229000,-36.214000,-117.985000,28.72
0.144200,0.491000,-0.262000,-0.832000,54.580000,-35.496000,-112.137000,28.67
0.144644,0.444000,-0.307000,-0.796000,47.847000,-31.405000,-103.817000,28.81
0.145086,0.479000,-0.338000,-0.825000,52.733000,-19.084000,-98.153000,28.72
0.145523,0.449000,-0.367000,-0.798000,54.122000,-6.031000,-92.992000,28.72
0.146065,0.457000,-0.397000,-0.825000,59.344000,5.725000,-84.687000,28.77
0.146534,0.487000,-0.510000,-0.813000,44.351000,11.176000,-70.626000,28.62
0.146969,0.515000,-0.539000,-0.796000,49.359000,18.046000,-62.214000,28.72
0.147407,0.480000,-0.603000,-0.719000,48.397000,20.458000,-49.160000,28.77
0.147835,0.520000,-0.615000,-0.702000,33.405000,26.290000,-31.557000,28.67
0.148270,0.549000,-0.606000,-0.738000,28.321000,24.824000,-14.504000,28.81
0.148686,0.541000,-0.532000,-0.683000,9.496000,35.237000,-5.695000,28.81
0.149256,0.413000,-0.277000,-0.822000,-1.969000,6.947000,-1.237000,28.67
0.149824,0.290000,-0.088000,-0.882000,-3.542000,9.252000,-6.076000,28.72
0.150288,0.324000,-0.123000,-0.910000,-6.092000,-0.733000,-9.008000,28.81
0.150739,0.365000,-0.206000,-0.864000,-3.420000,-17.588000,-7.924000,28.72
0.151241,0.416000,-0.239000,-0.859000,-9.450000,-28.687000,-6.962000,28.77
0.151749,0.413000,-0.209000,-0.927000,-12.443000,-25.252000,-9.084000,28.77
0.152218,0.401000,-0.147000,-0.917000,-16.260000,-23.267000,-11.008000,28.81
0.152672,0.422000,-0.122000,-0.994000,-14.198000,-17.802000,-8.916000,28.72
0.153115,0.416000,-0.117000,-0.972000,-14.046000,-17.435000,-6.519000,28.77
0.153563,0.387000,-0.099000,-0.946000,-10.931000,-17.069000,-4.519000,28.81
0.154017,0.391000,-0.117000,-0.901000,-9.374000,-14.198000,-4.076000,28.72
0.154468,0.394000,-0.134000,-0.942000,-9.282000,-13.191000,-2.290000,28.67
0.154918,0.387000,-0.128000,-0.911000,-8.458000,-11.802000,-0.779000,28.72
0.155356,0.381000,-0.138000,-0.913000,-9.573000,-9.557000,-0.473000,28.72
0.155802,0.337000,-0.167000,-0.894000,-10.504000,-8.550000,-1.969000,28.81
0.156311,0.337000,-0.185000,-0.891000,-11.786000,-6.137000,-3.206000,28.77
0.156831,0.337000,-0.168000,-0.918000,-13.771000,-3.695000,-5.237000,28.67
0.157276,0.374000,-0.151000,-0.912000,-14.794000,0.519000,-5.969000,28.72
0.157707,0.801000,-0.164000,-0.816000,-68.244000,-11.282000,12.336000,28.72
0.158123,0.389000,-0.083000,-0.815000,-29.038000,-1.817000,4.137000,28.86
0.158549,0.334000,-0.111000,-0.970000,-19.588000,-13.969000,6.565000,28.72
0.159027,0.311000,-0.123000,-0.953000,-6.000000,2.977000,1.221000,28.72
0.159540,0.299000,-0.133000,-0.919000,-0.885000,9.130000,-2.198000,28.77
0.160011,0.404000,-0.135000,-0.966000,2.168000,-2.427000,1.756000,28.77
0.160482,0.327000,-0.155000,-0.919000,-1.466000,7.740000,-2.718000,28.72
0.160992,0.371000,-0.133000,-0.924000,-6.595000,4.885000,2.137000,28.72
0.161479,0.367000,-0.134000,-0.933000,-3.527000,11.252000,0.351000,28.77
0.161933,0.369000,-0.120000,-0.923000,-6.198000,8.916000,1.588000,28.77
0.162372,0.365000,-0.138000,-0.918000,-4.779000,8.198000,1.817000,28.72
0.162819,0.367000,-0.137000,-0.923000,-4.198000,9.725000,1.603000,28.72
0.163253,0.360000,-0.132000,-0.925000,-2.046000,10.382000,0.748000,28.77
0.163694,0.357000,-0.133000,-0.920000,0.687000,10.076000,0.076000,28.62
0.164161,0.362000,-0.144000,-0.913000,5.466000,10.183000,-1.130000,28.72
0.164609,0.355000,-0.128000,-0.910000,9.038000,8.092000,-1.954000,28.67
0.165080,0.358000,-0.123000,-0.900000,10.351000,7.878000,-2.534000,28.72
0.165502,0.334000,-0.110000,-0.897000,11.252000,10.244000,-2.809000,28.81
0.165923,0.336000,-0.106000,-0.899000,12.183000,11.206000,-2.855000,28.62
0.166346,0.336000,-0.113000,-0.918000,13.511000,11.695000,-2.153000,28.77
0.166760,0.345000,-0.099000,-0.934000,15.344000,13.313000,-1.542000,28.77
0.167194,0.351000,-0.120000,-0.935000,18.092000,14.412000,-0.672000,28.72
0.167618,0.368000,-0.173000,-0.914000,20.183000,16.443000,-0.519000,28.72
0.168035,0.391000,-0.207000,-0.917000,19.771000,18.000000,-1.542000,28.67
0.168483,0.407000,-0.200000,-0.950000,11.939000,31.099000,-3.771000,28.67
0.168904,0.414000,-0.223000,-0.871000,8.321000,19.053000,-3.069000,28.72
0.169525,0.427000,-0.221000,-0.865000,4.107000,10.198000,-3.649000,28.77
0.170009,0.405000,-0.228000,-0.888000,-3.496000,8.565000,-4.214000,28.67
0.170452,0.405000,-0.216000,-0.874000,-8.061000,4.748000,-6.046000,28.72
0.170903,0.386000,-0.182000,-0.896000,-10.855000,4.061000,-7.893000,28.72
0.171391,0.374000,-0.134000,-0.913000,-11.802000,4.290000,-8.015000,28.77
0.171864,0.375000,-0.112000,-0.919000,-10.977000,5.069000,-6.840000,28.67
0.172306,0.382000,-0.123000,-0.922000,-9.374000,5.695000,-5.481000,28.72
0.172741,0.378000,-0.143000,-0.921000,-8.015000,7.496000,-4.763000,28.72
0.173181,0.397000,-0.143000,-0.926000,-5.389000,8.382000,-4.763000,28.67
0.173656,0.403000,-0.140000,-0.910000,-3.695000,7.954000,-4.519000,28.67
0.174181,0.405000,-0.134000,-0.907000,-4.092000,8.901000,-3.954000,28.72
0.174614,0.387000,-0.124000,-0.918000,-2.107000,6.809000,-3.023000,28.67
0.175035,0.389000,-0.129000,-0.912000,-0.977000,6.046000,-2.443000,28.77
0.175446,0.391000,-0.140000,-0.905000,0.076000,5.176000,-2.061000,28.72
0.175868,0.395000,-0.143000,-0.913000,0.534000,4.702000,-1.740000,28.72
0.176280,0.391000,-0.147000,-0.903000,0.595000,4.137000,-1.725000,28.77
0.176699,0.390000,-0.147000,-0.887000,-0.183000,2.977000,-1.053000,28.77
0.177118,0.381000,-0.139000,-0.904000,-0.244000,3.359000,-1.237000,28.62
0.177536,0.387000,-0.134000,-0.899000,0.595000,3.863000,-0.855000,28.72
0.177958,0.377000,-0.134000,-0.902000,0.550000,5.099000,-0.534000,28.77
0.178370,0.389000,-0.153000,-0.897000,0.550000,5.252000,-0.412000,28.67
0.178786,0.395000,-0.147000,-0.897000,0.061000,5.389000,-0.427000,28.81
0.179206,0.392000,-0.151000,-0.897000,-0.977000,5.191000,-0.336000,28.67
0.179630,0.393000,-0.143000,-0.889000,-1.771000,4.046000,-0.504000,28.77
0.180053,0.392000,-0.160000,-0.887000,-3.588000,3.053000,-0.580000,28.81
0.180502,0.397000,-0.156000,-0.888000,-4.015000,1.756000,-1.282000,28.72
0.180934,0.396000,-0.163000,-0.910000,-4.366000,1.023000,-1.206000,28.67
0.181353,0.404000,-0.154000,-0.902000,-5.298000,0.687000,-1.191000,28.86
0.181800,0.400000,-0.134000,-0.906000,-5.053000,0.779000,-0.748000,28.72
0.182287,0.389000,-0.142000,-0.895000,-4.534000,0.962000,-0.473000,28.81
0.182746,0.387000,-0.147000,-0.892000,-3.542000,1.618000,-0.611000,28.77
0.183196,0.396000,-0.145000,-0.913000,-2.519000,2.489000,-0.824000,28.77
0.183622,0.393000,-0.148000,-0.910000,-1.756000,2.809000,-0.687000,28.72
0.184199,0.389000,-0.154000,-0.902000,-1.053000,2.870000,-0.840000,28.72
0.184792,0.400000,-0.157000,-0.901000,-1.618000,1.847000,-0.794000,28.67
0.185245,0.402000,-0.160000,-0.900000,-1.771000,0.870000,-1.221000,28.72
0.185698,0.403000,-0.165000,-0.893000,-2.458000,-0.504000,-1.145000,28.72
0.186207,0.393000,-0.161000,-0.898000,-4.473000,-1.130000,-1.450000,28.77
0.186676,0.398000,-0.157000,-0.894000,-6.107000,-2.015000,-1.420000,28.67
0.187122,0.391000,-0.148000,-0.913000,-6.565000,-1.832000,-1.435000,28.72
0.187556,0.391000,-0.148000,-0.911000,-7.008000,-1.450000,-1.466000,28.72
0.188001,0.387000,-0.146000,-0.919000,-6.153000,-0.550000,-1.542000,28.67
0.188436,0.394000,-0.141000,-0.912000,-6.351000,0.504000,-1.420000,28.72
0.188876,0.395000,-0.126000,-0.913000,-5.969000,0.824000,-0.656000,28.62
0.189349,0.395000,-0.139000,-0.914000,-4.947000,1.038000,-0.427000,28.67
0.189898,0.395000,-0.141000,-0.913000,-4.168000,1.176000,-0.198000,28.72
0.190378,0.388000,-0.143000,-0.914000,-3.282000,1.588000,-0.122000,28.72
0.190825,0.394000,-0.135000,-0.906000,-2.153000,1.618000,0.321000,28.72
0.191300,0.393000,-0.138000,-0.909000,-1.878000,1.282000,0.962000,28.67
0.191742,0.385000,-0.138000,-0.908000,-1.267000,1.435000,1.191000,28.67
0.192160,0.384000,-0.121000,-0.917000,-0.748000,1.588000,1.954000,28.72
0.192581,0.382000,-0.132000,-0.924000,-0.504000,2.183000,2.443000,28.72
0.192996,0.386000,-0.146000,-0.920000,-0.290000,2.046000,3.069000,28.77
0.193408,0.381000,-0.141000,-0.913000,0.702000,1.817000,3.084000,28.72
0.193902,0.382000,-0.139000,-0.919000,1.344000,2.275000,3.099000,28.72
0.194407,0.381000,-0.142000,-0.909000,2.534000,2.092000,3.237000,28.77
0.194854,0.382000,-0.154000,-0.900000,2.885000,1.405000,3.099000,28.72
0.195289,0.384000,-0.155000,-0.890000,2.321000,1.359000,2.656000,28.72
0.195718,0.385000,-0.158000,-0.897000,0.901000,1.450000,2.611000,28.72
0.196194,0.389000,-0.149000,-0.891000,-0.779000,1.679000,2.260000,28.67
0.196648,0.402000,-0.157000,-0.896000,-1.908000,1.847000,2.550000,28.77
0.197118,0.383000,-0.146000,-0.898000,-2.489000,1.573000,2.611000,28.62
0.197608,0.383000,-0.152000,-0.902000,-2.687000,1.649000,2.626000,28.62
0.198062,0.393000,-0.150000,-0.909000,-2.473000,1.496000,2.504000,28.67
0.198486,0.384000,-0.154000,-0.909000,-1.359000,0.992000,2.427000,28.62
0.198906,0.382000,-0.150000,-0.903000,-0.198000,0.244000,2.595000,28.72
0.199322,0.383000,-0.140000,-0.909000,1.176000,0.534000,2.565000,28.67
0.199744,0.381000,-0.133000,-0.909000,2.779000,0.672000,3.023000,28.77
0.200162,0.375000,-0.143000,-0.906000,4.336000,0.489000,3.389000,28.72
0.200583,0.377000,-0.150000,-0.906000,4.397000,1.069000,3.282000,28.72
0.201009,0.377000,-0.164000,-0.897000,4.565000,2.763000,2.916000,28.77
0.201424,0.368000,-0.173000,-0.888000,3.664000,4.153000,2.626000,28.67
0.201838,0.372000,-0.187000,-0.887000,3.344000,6.183000,1.038000,28.62
0.202276,0.366000,-0.177000,-0.895000,2.550000,8.809000,-1.466000,28.62
0.202716,0.348000,-0.149000,-0.870000,1.725000,11.267000,-3.634000,28.77
0.203134,0.336000,-0.133000,-0.876000,0.061000,12.550000,-6.977000,28.62
0.203555,0.343000,-0.130000,-0.888000,-3.450000,12.611000,-9.252000,28.72
0.204081,0.359000,-0.121000,-0.906000,-5.023000,13.573000,-14.229000,28.77
0.204680,0.392000,-0.093000,-0.937000,-6.336000,13.084000,-22.412000,28.72
0.205135,0.355000,-0.003000,-0.951000,-8.840000,11.939000,-34.153000,28.72
0.205577,0.317000,0.087000,-0.982000,-2.885000,6.336000,-52.443000,28.81
0.206047,0.341000,0.181000,-0.999000,9.069000,-1.450000,-75.771000,28.67
0.206510,0.374000,0.234000,-1.008000,19.817000,-11.084000,-102.046000,28.77
0.206951,0.449000,0.225000,-0.957000,35.924000,-19.756000,-129.389000,28.72
0.207406,0.472000,0.283000,-0.914000,45.863000,-30.397000,-155.237000,28.72
0.207849,-0.064000,0.635000,-1.303000,43.389000,-62.794000,-208.092000,28.77
0.208289,0.715000,-0.371000,-1.648000,57.527000,-62.412000,-216.611000,28.72
0.208734,0.508000,0.072000,-0.734000,90.534000,-64.427000,-240.565000,28.72
0.209174,0.481000,-0.174000,-0.615000,104.473000,-67.771000,-251.618000,28.67
0.209610,0.748000,-0.241000,-0.882000,98.763000,-48.885000,-242.397000,28.72
0.210049,0.543000,-0.282000,-0.741000,100.580000,-47.511000,-237.740000,28.62
0.210496,0.542000,-0.286000,-0.977000,219.435000,-82.427000,-258.275000,28.72
0.210936,0.406000,-0.413000,-0.726000,62.427000,-35.832000,-218.489000,28.67
0.211377,0.396000,-0.393000,-0.815000,63.908000,-37.924000,-219.267000,28.77
0.211816,0.303000,-0.430000,-0.940000,42.198000,-51.573000,-196.366000,28.72
0.212251,0.238000,-0.430000,-0.963000,42.733000,-49.725000,-177.588000,28.62
0.212694,0.218000,-0.376000,-0.924000,44.641000,-22.962000,-158.473000,28.77
0.213131,0.270000,-0.342000,-0.936000,43.435000,-5.237000,-133.756000,28.77
0.213559,0.306000,-0.278000,-0.956000,47.053000,4.198000,-106.733000,28.72
0.214089,0.322000,-0.214000,-0.947000,51.237000,10.382000,-79.328000,28.77
0.214659,0.323000,-0.210000,-0.889000,48.366000,22.031000,-49.634000,28.77
0.215148,0.265000,-0.185000,-0.953000,47.679000,85.496000,-31.771000,28.81
0.215645,0.258000,0.190000,-0.969000,19.679000,37.740000,-2.870000,28.72
0.216095,0.217000,0.168000,-1.044000,48.885000,15.359000,0.947000,28.67
0.216512,0.382000,-0.174000,-0.818000,39.481000,37.542000,3.695000,28.67
0.216946,0.491000,-0.193000,-0.922000,72.198000,-151.557000,19.969000,28.72
0.217379,0.452000,-0.243000,-0.364000,24.489000,-1.053000,19.817000,28.72
0.217808,0.358000,-0.331000,-0.969000,46.534000,-16.962000,7.099000,28.77
0.218221,0.391000,-0.313000,-0.892000,28.550000,0.702000,3.420000,28.67
0.218674,0.430000,-0.318000,-0.837000,35.298000,-6.168000,-0.153000,28.72
0.219101,0.428000,-0.257000,-0.889000,47.832000,-15.740000,-3.374000,28.81
0.219541,0.397000,-0.262000,-0.853000,33.420000,-18.305000,-0.595000,28.77
0.219969,0.372000,-0.235000,-0.886000,29.038000,-19.084000,0.595000,28.77
0.220405,0.353000,-0.224000,-0.875000,22.168000,-19.115000,-1.771000,28.72
0.220836,0.342000,-0.201000,-0.895000,14.305000,-16.718000,-1.328000,28.72
0.221346,0.312000,-0.166000,-0.910000,10.031000,-15.145000,-0.641000,28.67
0.221772,0.296000,-0.147000,-0.916000,1.954000,-4.718000,0.580000,28.81
0.222181,0.291000,-0.144000,-0.933000,-1.588000,4.000000,0.458000,28.62
0.222600,0.303000,-0.170000,-0.941000,-1.084000,9.282000,0.031000,28.67
0.223029,0.318000,-0.178000,-0.922000,-0.031000,12.458000,-0.031000,28.67
0.223450,0.331000,-0.210000,-0.910000,0.626000,14.092000,0.031000,28.72
0.223861,0.345000,-0.210000,-0.907000,3.298000,10.122000,0.733000,28.72
0.224564,0.343000,-0.235000,-0.900000,5.618000,6.931000,0.916000,28.67
0.225061,0.349000,-0.247000,-0.885000,7.634000,2.672000,0.229000,28.67
0.225512,0.366000,-0.261000,-0.880000,6.076000,2.489000,-0.260000,28.62
0.226007,0.370000,-0.263000,-0.883000,6.473000,0.397000,-0.641000,28.72
0.226495,0.369000,-0.257000,-0.892000,6.397000,-0.992000,-1.313000,28.67
0.226951,0.364000,-0.239000,-0.897000,5.267000,-2.061000,-1.313000,28.72
0.227409,0.355000,-0.239000,-0.895000,5.405000,-4.733000,-1.359000,28.81
0.227855,0.338000,-0.245000,-0.897000,3.985000,-4.779000,-1.511000,28.72
0.228297,0.338000,-0.236000,-0.910000,1.878000,-2.534000,-1.298000,28.58
0.228727,0.320000,-0.228000,-0.891000,2.321000,-2.351000,-2.107000,28.72
0.229157,0.334000,-0.232000,-0.906000,1.099000,-0.260000,-2.641000,28.72
0.229579,0.343000,-0.217000,-0.921000,2.229000,1.099000,-2.626000,28.58
0.230007,0.342000,-0.213000,-0.912000,6.198000,-0.321000,-2.931000,28.77
0.230425,0.331000,-0.214000,-0.901000,5.176000,2.534000,-2.794000,28.62
0.230847,0.335000,-0.228000,-0.910000,6.382000,2.687000,-3.420000,28.72
0.231280,0.317000,-0.231000,-0.914000,10.687000,-2.366000,-3.939000,28.77
0.231698,0.333000,-0.234000,-0.893000,5.252000,0.611000,-3.771000,28.72
0.232121,0.330000,-0.241000,-0.880000,2.611000,-0.641000,-3.389000,28.62
0.232546,0.337000,-0.243000,-0.893000,-1.695000,0.565000,-3.573000,28.72
0.232965,0.355000,-0.226000,-0.879000,-2.092000,1.252000,-3.832000,28.77
0.233393,0.329000,-0.234000,-0.837000,-12.107000,8.458000,-3.191000,28.77
0.233823,0.334000,-0.253000,-0.922000,-0.015000,-5.221000,-4.366000,28.62
0.234367,0.331000,-0.253000,-0.860000,-9.893000,3.634000,-5.557000,28.72
0.234926,0.341000,-0.245000,-0.889000,-18.382000,7.359000,-5.863000,28.67
0.235380,0.341000,-0.228000,-0.876000,-25.435000,13.405000,-5.985000,28.77
0.235834,0.342000,-0.222000,-0.918000,-25.908000,12.916000,-5.878000,28.81
0.236322,0.336000,-0.219000,-0.928000,-19.756000,8.626000,-5.786000,28.72
0.236796,0.348000,-0.209000,-0.923000,-18.489000,10.763000,-5.145000,28.77
0.237220,0.341000,-0.207000,-0.926000,-8.687000,3.206000,-4.916000,28.72
0.237709,0.352000,-0.202000,-0.930000,-3.679000,0.962000,-3.969000,28.62
0.238227,0.346000,-0.202000,-0.916000,-0.275000,0.229000,-3.573000,28.77
0.238680,0.346000,-0.208000,-0.898000,-0.183000,1.435000,-3.557000,28.86
0.239189,0.348000,-0.206000,-0.904000,-2.489000,3.725000,-3.160000,28.72
0.239644,0.351000,-0.207000,-0.909000,-3.985000,5.267000,-2.534000,28.72
0.240139,0.356000,-0.207000,-0.910000,-4.580000,5.557000,-2.183000,28.67
0.240669,0.350000,-0.206000,-0.919000,-4.015000,4.473000,-1.878000,28.67
0.241144,0.346000,-0.214000,-0.901000,-2.183000,2.397000,-1.740000,28.81
0.241578,0.346000,-0.218000,-0.906000,-1.771000,1.130000,-1.313000,28.72
0.242008,0.345000,-0.216000,-0.912000,-1.466000,0.748000,-1.557000,28.77
0.242442,0.348000,-0.212000,-0.903000,-1.267000,0.351000,-1.634000,28.67
0.242861,0.357000,-0.211000,-0.915000,-1.924000,1.252000,-1.496000,28.72
0.243283,0.335000,-0.206000,-0.915000,-1.191000,0.427000,-1.618000,28.72
0.243710,0.338000,-0.207000,-0.911000,-1.832000,0.519000,-1.618000,28.67
0.244158,0.342000,-0.217000,-0.893000,-4.260000,3.038000,-1.435000,28.81
0.244578,0.341000,-0.211000,-0.907000,-5.359000,4.260000,-1.450000,28.72
0.244993,0.345000,-0.209000,-0.922000,-5.832000,5.420000,-1.374000,28.67
0.245411,0.346000,-0.204000,-0.911000,-4.794000,4.977000,-0.962000,28.67
0.245831,0.343000,-0.206000,-0.908000,-2.718000,3.023000,-1.176000,28.72
0.246251,0.347000,-0.211000,-0.906000,-2.031000,1.847000,-0.855000,28.62
0.246664,0.348000,-0.202000,-0.914000,-1.511000,1.679000,-1.053000,28.67
0.247077,0.349000,-0.207000,-0.911000,-0.412000,1.176000,-0.427000,28.67
0.247489,0.341000,-0.208000,-0.915000,-0.183000,0.702000,-0.565000,28.72
0.247996,0.348000,-0.208000,-0.908000,-1.282000,1.817000,-0.321000,28.81
0.248455,0.350000,-0.209000,-0.916000,-2.336000,2.656000,-0.641000,28.67
0.248898,0.339000,-0.204000,-0.902000,-3.389000,3.756000,-0.718000,28.62
0.249555,0.341000,-0.213000,-0.907000,-3.847000,3.954000,-0.824000,28.72
0.250044,0.345000,-0.210000,-0.905000,-3.847000,3.588000,-0.611000,28.72
0.250491,0.345000,-0.203000,-0.908000,-3.771000,2.962000,-0.611000,28.67
0.250930,0.339000,-0.211000,-0.901000,-2.580000,2.977000,-0.504000,28.62
0.251429,0.336000,-0.210000,-0.903000,-1.466000,1.954000,-0.458000,28.81
0.251905,0.344000,-0.214000,-0.910000,-0.748000,1.786000,-0.580000,28.67
0.252367,0.338000,-0.204000,-0.907000,-0.305000,1.053000,-0.458000,28.67
0.252816,0.335000,-0.201000,-0.910000,-0.580000,0.962000,-0.687000,28.72
0.253254,0.333000,-0.212000,-0.901000,-1.374000,1.542000,-0.809000,28.72
0.253685,0.342000,-0.208000,-0.914000,-3.191000,3.038000,-1.008000,28.67
0.254125,0.343000,-0.210000,-0.910000,-4.336000,4.290000,-0.916000,28.72
0.254567,0.342000,-0.206000,-0.902000,-4.595000,4.321000,-1.023000,28.72
0.255008,0.341000,-0.203000,-0.912000,-4.641000,4.824000,-0.794000,28.72
0.255482,0.337000,-0.208000,-0.903000,-4.244000,3.832000,-0.931000,28.77
0.256008,0.349000,-0.208000,-0.906000,-4.031000,3.786000,-0.779000,28.62
0.256506,0.341000,-0.213000,-0.911000,-3.374000,3.740000,-1.130000,28.72
0.256945,0.335000,-0.210000,-0.908000,-2.626000,2.931000,-0.962000,28.77
0.257409,0.345000,-0.209000,-0.911000,-2.412000,2.947000,-0.931000,28.67
0.257845,0.344000,-0.206000,-0.907000,-2.244000,2.443000,-0.611000,28.62
0.258265,0.338000,-0.206000,-0.917000,-2.443000,2.580000,-0.794000,28.62
0.258681,0.349000,-0.208000,-0.916000,-1.450000,1.237000,-0.336000,28.67
0.259146,0.342000,-0.195000,-0.919000,-1.053000,0.962000,-0.153000,28.72
0.259689,0.339000,-0.209000,-0.901000,-0.870000,0.641000,-0.168000,28.72
0.260138,0.341000,-0.209000,-0.900000,-1.099000,0.733000,-0.534000,28.67
0.260580,0.342000,-0.204000,-0.902000,-2.137000,1.160000,-0.565000,28.77
0.261089,0.347000,-0.208000,-0.907000,-3.939000,2.305000,-0.763000,28.62
0.261571,0.344000,-0.204000,-0.911000,-5.359000,3.649000,-0.611000,28.81
0.262024,0.343000,-0.204000,-0.903000,-4.443000,2.840000,-0.595000,28.77
0.262467,0.338000,-0.206000,-0.914000,-3.817000,2.748000,-0.550000,28.77
0.262905,0.339000,-0.202000,-0.916000,-1.771000,0.931000,-0.641000,28.62
0.263337,0.346000,-0.206000,-0.912000,-0.824000,0.748000,-0.336000,28.62
0.263773,0.339000,-0.198000,-0.905000,0.824000,-1.038000,0.000000,28.67
0.264205,0.338000,-0.205000,-0.912000,1.450000,-1.389000,-0.397000,28.62
0.264642,0.341000,-0.199000,-0.902000,1.496000,-0.977000,-0.061000,28.62
0.265072,0.334000,-0.203000,-0.913000,0.489000,-0.519000,-0.305000,28.67
0.265575,0.329000,-0.208000,-0.900000,-0.153000,-0.473000,-0.550000,28.77
0.266074,0.334000,-0.214000,-0.897000,-0.122000,-0.046000,-0.504000,28.72
0.266508,0.337000,-0.209000,-0.916000,-1.328000,0.748000,-0.809000,28.62
0.266929,0.344000,-0.205000,-0.909000,-2.840000,1.817000,-1.160000,28.77
0.267348,0.334000,-0.204000,-0.915000,-4.427000,2.947000,-1.374000,28.67
0.267770,0.339000,-0.198000,-0.898000,-5.634000,4.015000,-1.359000,28.72
0.268187,0.335000,-0.201000,-0.908000,-5.740000,4.168000,-1.313000,28.67
0.268605,0.335000,-0.200000,-0.917000,-5.924000,4.305000,-1.176000,28.67
0.269014,0.335000,-0.208000,-0.922000,-5.328000,3.740000,-1.313000,28.62
0.269576,0.331000,-0.208000,-0.906000,-4.458000,2.916000,-1.298000,28.72
0.270014,0.334000,-0.208000,-0.908000,-3.710000,2.702000,-1.405000,28.67
0.270433,0.336000,-0.206000,-0.913000,-3.496000,2.366000,-1.573000,28.77
0.270846,0.334000,-0.209000,-0.891000,-3.099000,2.076000,-1.588000,28.62
0.271276,0.339000,-0.195000,-0.914000,-3.557000,2.290000,-1.695000,28.72
0.271690,0.339000,-0.196000,-0.912000,-3.542000,2.198000,-1.359000,28.67
0.272104,0.341000,-0.196000,-0.910000,-3.374000,2.031000,-1.359000,28.67
0.272519,0.340000,-0.195000,-0.913000,-3.710000,2.168000,-1.084000,28.72
0.272940,0.348000,-0.190000,-0.913000,-3.893000,2.427000,-1.023000,28.67
0.273487,0.334000,-0.187000,-0.908000,-4.076000,2.656000,-0.809000,28.77
0.274118,0.339000,-0.195000,-0.919000,-5.618000,4.779000,6.275000,28.72
0.274574,0.457000,-0.197000,-0.815000,-63.908000,41.847000,176.656000,28.72
0.275009,0.550000,-0.347000,-0.867000,-85.603000,33.817000,255.847000,28.67
0.275443,0.233000,-0.179000,-1.076000,-86.718000,-54.580000,315.389000,28.58
0.275875,0.104000,-0.012000,-0.988000,-28.718000,-45.420000,250.000000,28.62
0.276316,0.143000,-0.309000,-0.995000,15.618000,-23.679000,168.275000,28.77
0.276744,0.096000,-0.152000,-0.956000,20.366000,-32.916000,54.183000,28.67
0.277185,0.279000,-0.250000,-0.833000,-32.794000,-10.458000,10.550000,28.81
0.277612,0.282000,-0.253000,-0.997000,-17.557000,-16.733000,15.130000,28.72
0.278040,0.375000,-0.288000,-1.039000,21.466000,-55.237000,46.473000,28.67
0.278484,-0.270000,-0.057000,-0.687000,-94.779000,-68.595000,-36.244000,28.67
0.278910,0.285000,-0.221000,-0.858000,-78.763000,18.870000,-41.771000,28.81
0.279437,0.316000,-0.238000,-0.904000,-87.313000,39.634000,11.359000,28.72
0.280045,0.278000,-0.175000,-0.872000,-96.519000,57.344000,18.870000,28.67
0.280522,0.260000,-0.166000,-0.788000,-131.420000,126.244000,21.389000,28.62
0.281043,0.281000,-0.144000,-0.965000,-145.573000,190.198000,14.290000,28.72
0.281524,0.344000,-0.118000,-1.100000,-107.924000,156.718000,11.573000,28.67
0.282052,0.399000,-0.102000,-1.095000,-41.756000,53.359000,19.344000,28.72
0.282511,0.379000,-0.081000,-0.995000,-2.977000,-11.740000,31.603000,28.72
0.282934,0.357000,-0.132000,-0.924000,-6.076000,-19.573000,60.550000,28.81
0.283356,0.328000,-0.080000,-0.925000,-5.282000,-36.260000,49.420000,28.67
0.283781,0.302000,-0.115000,-0.942000,3.450000,-48.336000,48.214000,28.62
0.284203,0.331000,-0.090000,-0.947000,4.076000,-26.443000,54.244000,28.72
0.284629,0.469000,-0.138000,-0.985000,12.840000,6.153000,92.061000,28.67
0.285050,0.156000,-0.271000,-0.871000,26.992000,-53.435000,61.924000,28.67
0.285475,0.219000,-0.133000,-0.942000,-2.656000,-7.679000,81.969000,28.72
0.285901,0.075000,-0.234000,-0.827000,2.611000,-38.183000,41.557000,28.72
0.286325,0.230000,-0.170000,-0.893000,-1.328000,-5.634000,23.206000,28.67
0.286740,0.246000,-0.141000,-0.950000,-0.809000,16.641000,10.504000,28.62
0.287168,0.282000,-0.126000,-0.939000,10.809000,25.420000,-12.427000,28.72
0.287588,0.283000,-0.152000,-0.916000,0.183000,39.756000,-15.939000,28.67
0.288012,0.308000,-0.131000,-0.941000,-14.046000,28.870000,-20.046000,28.77
0.288438,0.318000,-0.081000,-0.926000,-9.679000,33.771000,-31.511000,28.72
0.288864,0.281000,-0.047000,-0.923000,-12.443000,63.450000,-56.840000,28.53
0.289374,0.293000,-0.097000,-0.937000,6.137000,84.641000,-67.939000,28.58
0.289956,0.372000,-0.176000,-0.900000,5.130000,96.427000,-61.084000,28.72
0.290469,0.426000,-0.205000,-0.896000,-17.985000,81.023000,-19.664000,28.62
0.290910,0.462000,-0.169000,-0.949000,-31.038000,27.038000,10.901000,28.67
0.291345,0.392000,-0.127000,-0.953000,-32.748000,-26.000000,37.069000,28.77
0.291772,0.361000,-0.116000,-0.954000,-21.939000,-37.023000,41.573000,28.72
0.292193,0.360000,-0.005000,-1.041000,21.740000,-68.595000,29.374000,28.67
0.292617,0.296000,-0.155000,-0.838000,37.969000,-46.015000,19.893000,28.77
0.293034,0.258000,-0.078000,-0.829000,41.985000,24.229000,-15.496000,28.72
0.293461,0.320000,-0.084000,-0.851000,19.954000,72.580000,-29.221000,28.62
0.293875,0.431000,-0.259000,-0.786000,-4.809000,81.344000,7.313000,28.86
0.294315,0.476000,-0.180000,-0.914000,-25.405000,39.252000,30.336000,28.72
0.294734,0.440000,-0.150000,-0.885000,-35.908000,-6.519000,61.328000,28.72
0.295172,0.461000,-0.090000,-0.891000,-48.305000,12.046000,101.145000,28.67
0.295600,0.441000,-0.166000,-0.854000,-51.893000,14.046000,127.053000,28.58
0.296040,0.360000,-0.132000,-0.939000,-46.870000,-9.695000,92.824000,28.72
0.296462,0.327000,-0.149000,-0.884000,-39.588000,0.351000,62.824000,28.72
0.296886,0.406000,-0.111000,-1.000000,-22.580000,-21.405000,46.580000,28.67
0.297315,0.361000,-0.126000,-0.945000,-5.527000,-25.069000,35.038000,28.67
0.297739,0.347000,-0.107000,-0.921000,0.092000,-11.863000,34.977000,28.72
0.298174,0.357000,-0.151000,-0.941000,7.084000,-11.466000,24.107000,28.77
0.298588,0.292000,-0.112000,-0.920000,9.130000,5.008000,10.687000,28.77
0.299019,0.276000,-0.155000,-0.883000,13.053000,28.214000,1.695000,28.72
0.299602,0.301000,-0.200000,-0.900000,6.916000,29.710000,-3.282000,28.62
0.300203,0.346000,-0.209000,-0.856000,-2.076000,19.420000,2.550000,28.67
0.300649,0.376000,-0.164000,-0.934000,-9.206000,10.901000,5.771000,28.77
0.301188,0.390000,-0.176000,-0.954000,-8.122000,-20.992000,13.802000,28.72
0.301649,0.383000,-0.194000,-0.861000,-10.244000,-22.901000,23.756000,28.62
0.302079,0.369000,-0.135000,-0.895000,-12.733000,-23.863000,24.183000,28.67
0.302512,0.384000,-0.152000,-0.891000,-10.321000,-37.099000,31.725000,28.81
0.302937,0.323000,-0.133000,-0.834000,-12.351000,-9.511000,37.282000,28.62
0.303370,0.316000,-0.106000,-0.952000,-11.130000,3.023000,33.756000,28.67
0.303792,0.420000,-0.109000,-1.001000,-3.710000,-7.023000,40.641000,28.67
0.304220,0.652000,-0.156000,-1.029000,6.183000,24.947000,72.321000,28.72
0.304648,0.192000,-0.148000,-0.906000,4.000000,-55.496000,39.985000,28.67
0.305077,0.276000,-0.148000,-0.925000,5.863000,-29.069000,32.031000,28.67
0.305492,0.344000,-0.159000,-0.943000,7.863000,7.435000,42.809000,28.62
0.305911,0.012000,-0.172000,-0.870000,3.954000,-7.298000,27.817000,28.62
0.306356,0.184000,-0.147000,-0.908000,4.137000,3.298000,3.038000,28.77
0.306806,0.240000,-0.159000,-0.938000,1.542000,16.733000,-6.061000,28.72
0.307240,0.282000,-0.191000,-0.906000,-2.229000,26.550000,-8.947000,28.72
0.307677,0.295000,-0.196000,-0.932000,-10.198000,32.382000,-5.084000,28.77
0.308105,0.318000,-0.191000,-0.957000,-8.794000,20.947000,-5.206000,28.77
0.308531,0.309000,-0.177000,-0.938000,-17.053000,14.855000,2.275000,28.72
0.308960,0.325000,-0.182000,-0.970000,-22.885000,6.763000,9.420000,28.72
0.309491,0.317000,-0.140000,-0.916000,-19.420000,13.573000,9.649000,28.58
0.310149,0.321000,-0.221000,-0.965000,-14.748000,22.534000,7.420000,28.72
0.310610,0.040000,0.098000,-0.845000,23.069000,59.145000,-16.992000,28.62
0.311128,0.317000,-0.182000,-0.994000,30.214000,-35.573000,-4.153000,28.67
0.311609,0.285000,-0.181000,-0.833000,17.725000,18.702000,-8.122000,28.67
0.312066,0.339000,-0.181000,-0.902000,12.382000,17.969000,-8.183000,28.62
0.312538,0.331000,-0.180000,-0.859000,9.557000,31.863000,-14.366000,28.72
0.313028,0.510000,-0.007000,-0.700000,38.290000,45.374000,-25.389000,28.77
0.313492,0.357000,-0.163000,-0.814000,1.527000,67.435000,-11.313000,28.67
0.313948,0.434000,-0.175000,-0.896000,-6.733000,44.534000,-1.893000,28.72
0.314391,0.366000,-0.198000,-0.903000,-5.435000,31.328000,1.069000,28.62
0.314854,0.358000,-0.171000,-0.912000,-3.603000,26.550000,-0.443000,28.77
0.315345,0.366000,-0.197000,-0.909000,-3.695000,20.794000,0.000000,28.72
0.315861,0.384000,-0.185000,-0.910000,-2.260000,16.214000,-0.992000,28.62
0.316315,0.386000,-0.154000,-0.905000,-2.550000,10.366000,-1.527000,28.67
0.316736,0.426000,-0.209000,-0.961000,-10.855000,4.718000,-0.458000,28.67
0.317160,0.409000,-0.195000,-0.874000,-9.450000,-3.664000,1.267000,28.62
0.317590,0.395000,-0.156000,-0.918000,-11.878000,-13.130000,2.473000,28.62
0.318014,0.362000,-0.188000,-0.921000,-9.679000,-3.954000,1.969000,28.67
0.318436,0.365000,-0.178000,-0.917000,-6.229000,2.534000,1.374000,28.62
0.318862,0.381000,-0.179000,-0.913000,-3.924000,2.794000,1.069000,28.72
0.319580,0.377000,-0.171000,-0.917000,-0.031000,3.557000,0.366000,28.67
0.320073,0.373000,-0.164000,-0.914000,2.672000,3.023000,-0.076000,28.72
0.320507,0.382000,-0.163000,-0.944000,5.053000,-4.718000,0.214000,28.62
0.320954,0.370000,-0.179000,-0.898000,6.229000,-9.282000,1.206000,28.72
0.321461,0.377000,-0.163000,-0.921000,0.473000,-22.672000,4.366000,28.67
0.321933,0.369000,-0.167000,-0.899000,0.550000,-21.573000,6.489000,28.62
0.322381,0.358000,-0.195000,-0.883000,1.542000,-4.870000,6.153000,28.62
0.322820,0.351000,-0.141000,-0.906000,1.359000,8.382000,4.916000,28.67
0.323286,0.361000,-0.172000,-0.879000,4.321000,21.603000,2.061000,28.67
0.323784,0.366000,-0.190000,-0.876000,4.168000,26.122000,-0.870000,28.62
0.324207,0.385000,-0.175000,-0.892000,2.916000,25.710000,-1.695000,28.81
0.324629,0.381000,-0.177000,-0.877000,0.427000,23.634000,-1.679000,28.77
0.325051,0.368000,-0.171000,-0.893000,0.015000,17.893000,-2.901000,28.62
0.325478,0.397000,-0.181000,-0.886000,-1.695000,13.908000,-2.702000,28.72
0.325907,0.379000,-0.175000,-0.881000,-3.557000,13.847000,-2.061000,28.77
0.326339,0.372000,-0.159000,-0.882000,-5.221000,15.893000,-3.038000,28.67
0.326769,0.368000,-0.166000,-0.879000,-5.832000,23.573000,-4.595000,28.72
0.327197,0.384000,-0.159000,-0.909000,-4.122000,27.725000,-6.046000,28.72
0.327620,0.387000,-0.162000,-0.908000,-0.565000,23.160000,-6.779000,28.77
0.328036,0.396000,-0.146000,-0.919000,4.489000,13.695000,-8.412000,28.67
0.328466,0.400000,-0.168000,-0.883000,2.366000,19.069000,-7.466000,28.72
0.328892,0.395000,-0.169000,-0.880000,-0.779000,21.374000,-8.412000,28.67
0.329319,0.387000,-0.164000,-0.871000,-2.962000,31.145000,-10.443000,28.67
0.329746,0.400000,-0.183000,-0.886000,-8.260000,38.229000,-9.603000,28.72
0.330189,0.424000,-0.191000,-0.854000,-11.695000,43.496000,-8.275000,28.81
0.330626,0.430000,-0.182000,-0.865000,-18.931000,38.366000,-6.687000,28.67
0.331063,0.453000,-0.212000,-0.882000,-10.183000,20.122000,-7.008000,28.67
0.331644,0.422000,-0.167000,-0.872000,-10.733000,13.405000,-7.649000,28.62
0.332302,0.435000,-0.174000,-0.887000,-7.130000,15.160000,-8.275000,28.58
0.332743,0.443000,-0.160000,-0.886000,-4.244000,7.802000,-7.832000,28.77
0.333167,0.443000,-0.164000,-0.901000,-4.153000,-8.168000,-5.328000,28.72
0.333597,0.425000,-0.158000,-0.869000,-6.000000,-11.145000,-3.863000,28.72
0.334021,0.419000,-0.160000,-0.890000,-5.664000,-9.466000,-2.992000,28.67
0.334455,0.409000,-0.159000,-0.895000,-2.779000,-6.687000,-3.664000,28.67
0.334893,0.408000,-0.166000,-0.871000,-1.267000,1.267000,-4.718000,28.72
0.335319,0.423000,-0.158000,-0.868000,-3.069000,9.573000,-4.855000,28.77
0.335740,0.437000,-0.152000,-0.894000,-3.130000,3.817000,-3.282000,28.67
0.336170,0.433000,-0.162000,-0.885000,-3.176000,10.183000,-2.153000,28.72
0.336593,0.426000,-0.148000,-0.888000,0.000000,23.740000,-2.076000,28.62
0.337018,0.421000,-0.135000,-0.848000,-4.122000,34.855000,-2.351000,28.67
0.337444,0.446000,-0.143000,-0.871000,-7.115000,35.786000,-2.748000,28.62
0.337873,0.471000,-0.159000,-0.873000,-6.244000,33.374000,-0.702000,28.72
0.338298,0.473000,-0.133000,-0.884000,-4.962000,16.611000,-0.183000,28.72
0.338718,0.463000,-0.139000,-0.891000,-3.588000,1.802000,-0.107000,28.67
0.339140,0.450000,-0.147000,-0.875000,-2.702000,1.237000,-0.153000,28.62
0.339559,0.445000,-0.137000,-0.884000,0.260000,0.794000,-0.718000,28.72
0.339979,0.446000,-0.156000,-0.887000,3.740000,0.779000,-1.466000,28.67
0.340434,0.442000,-0.148000,-0.889000,6.412000,-1.985000,-1.099000,28.67
0.340879,0.442000,-0.174000,-0.887000,10.779000,-5.008000,-1.328000,28.72
0.341330,0.440000,-0.161000,-0.890000,12.427000,-10.580000,-1.939000,28.72
0.341761,0.626000,-0.438000,-1.209000,22.855000,4.840000,-2.977000,28.77
0.342200,0.411000,-0.146000,-0.882000,12.611000,-15.939000,-3.878000,28.62
0.342625,0.444000,-0.168000,-0.851000,7.786000,-4.580000,-5.099000,28.72
0.343065,0.453000,-0.162000,-0.846000,3.725000,-2.412000,-3.389000,28.67
0.343496,0.448000,-0.156000,-0.885000,1.985000,-8.092000,-1.649000,28.77
0.343926,0.434000,-0.174000,-0.867000,1.481000,-9.023000,-0.992000,28.62
0.344380,0.435000,-0.169000,-0.876000,0.809000,-9.450000,-0.733000,28.72
0.344813,0.422000,-0.135000,-0.858000,-2.595000,-3.481000,-0.076000,28.67
0.345239,0.425000,-0.148000,-0.862000,-4.916000,0.595000,-0.305000,28.67
0.345664,0.421000,-0.156000,-0.859000,-7.099000,7.725000,-0.550000,28.62
0.346095,0.432000,-0.162000,-0.870000,-10.336000,12.870000,-0.687000,28.62
0.346512,0.457000,-0.171000,-0.889000,-6.855000,10.641000,-0.901000,28.67
0.346932,0.387000,-0.160000,-0.850000,-4.702000,17.221000,-2.611000,28.72
0.347360,0.443000,-0.148000,-0.953000,-21.206000,14.366000,-5.679000,28.72
0.347774,0.502000,-0.238000,-0.878000,1.252000,-7.908000,-1.252000,28.72
0.348193,0.413000,-0.123000,-0.893000,0.840000,-18.260000,-0.672000,28.67
0.348610,0.436000,-0.195000,-0.884000,1.359000,-11.863000,-0.336000,28.81
0.349035,0.440000,-0.166000,-0.896000,5.115000,-16.443000,0.626000,28.62
0.349458,0.422000,-0.157000,-0.864000,3.206000,-12.183000,0.748000,28.77
0.349869,0.407000,-0.156000,-0.858000,-0.015000,-1.756000,0.489000,28.67
0.350288,0.420000,-0.143000,-0.867000,-2.382000,2.824000,-0.947000,28.72
0.350712,0.419000,-0.158000,-0.860000,-6.275000,12.061000,-1.542000,28.72
0.351137,0.426000,-0.158000,-0.857000,-9.985000,20.397000,-2.595000,28.77
0.351781,0.426000,-0.156000,-0.878000,-11.756000,19.481000,-2.779000,28.72
0.352410,0.462000,-0.165000,-0.921000,-2.168000,4.046000,-2.107000,28.72
0.352884,0.432000,-0.163000,-0.897000,5.511000,-3.084000,-1.832000,28.67
0.353328,0.417000,-0.151000,-0.898000,5.908000,-3.893000,-2.214000,28.67
0.353769,0.437000,-0.164000,-0.893000,6.260000,-14.565000,-0.962000,28.72
0.354206,0.433000,-0.174000,-0.859000,2.595000,-16.519000,0.672000,28.62
0.354652,0.427000,-0.152000,-0.875000,-1.908000,-10.015000,1.023000,28.77
0.355096,0.411000,-0.173000,-0.873000,-3.496000,-5.710000,0.855000,28.77
0.355525,0.406000,-0.159000,-0.885000,-5.771000,0.580000,0.076000,28.72
0.356007,0.416000,-0.167000,-0.891000,-5.603000,8.168000,-0.504000,28.62
0.356452,0.428000,-0.152000,-0.883000,-3.817000,7.160000,-0.382000,28.77
0.356872,0.411000,-0.151000,-0.887000,-3.679000,4.748000,-0.565000,28.72
0.357312,0.443000,-0.157000,-0.902000,2.183000,-9.084000,-0.229000,28.72
0.357727,0.426000,-0.157000,-0.889000,8.763000,-19.206000,0.809000,28.67
0.358147,0.418000,-0.156000,-0.898000,12.366000,-26.779000,0.718000,28.67
0.358575,0.404000,-0.162000,-0.878000,14.534000,-31.863000,1.817000,28.62
0.359006,0.388000,-0.174000,-0.850000,11.832000,-33.374000,4.122000,28.72
0.359418,0.378000,-0.176000,-0.857000,5.130000,-8.687000,2.458000,28.77
0.359832,0.379000,-0.155000,-0.868000,0.855000,-1.084000,0.840000,28.72
0.360253,0.388000,-0.164000,-0.862000,-4.244000,1.939000,1.084000,28.62
0.360673,0.388000,-0.157000,-0.886000,-6.000000,6.000000,1.756000,28.67
0.361099,0.393000,-0.154000,-0.895000,-5.252000,7.481000,4.076000,28.77
0.361617,0.402000,-0.139000,-0.922000,2.504000,0.550000,5.725000,28.62
0.362200,0.400000,-0.184000,-0.917000,11.298000,-7.252000,7.588000,28.72
0.362661,0.380000,-0.170000,-0.905000,14.183000,-15.924000,8.382000,28.77
0.363136,0.388000,-0.196000,-0.901000,15.313000,-30.595000,13.237000,28.77
0.363587,0.369000,-0.204000,-0.863000,16.977000,-27.985000,12.626000,28.72
0.364031,0.383000,-0.183000,-0.866000,13.176000,-19.725000,10.290000,28.67
0.364477,0.389000,-0.214000,-0.868000,10.000000,-9.069000,6.092000,28.72
0.364913,0.375000,-0.227000,-0.880000,4.473000,3.603000,-0.031000,28.72
0.365417,0.364000,-0.186000,-0.870000,-3.160000,15.328000,-5.405000,28.62
0.365864,0.392000,-0.199000,-0.884000,-9.313000,37.924000,-7.069000,28.67
0.366354,0.420000,-0.193000,-0.931000,-5.023000,17.817000,-4.733000,28.77
0.366920,0.389000,-0.182000,-0.898000,1.313000,7.298000,-3.847000,28.72
0.367386,0.377000,-0.180000,-0.881000,-1.069000,16.351000,-4.397000,28.72
0.367840,0.391000,-0.181000,-0.890000,-3.282000,18.061000,-4.779000,28.67
0.368276,0.396000,-0.195000,-0.892000,-4.947000,20.321000,-4.580000,28.62
0.368712,0.385000,-0.179000,-0.882000,-7.038000,22.107000,-4.763000,28.62
0.369148,0.398000,-0.194000,-0.893000,-9.450000,26.611000,-5.084000,28.67
0.369630,0.419000,-0.186000,-0.884000,-10.550000,27.939000,-4.779000,28.72
0.370077,0.417000,-0.188000,-0.903000,-10.489000,23.939000,-3.985000,28.72
0.370513,0.423000,-0.188000,-0.902000,-6.641000,12.321000,-2.885000,28.72
0.371011,0.421000,-0.187000,-0.887000,-6.076000,7.664000,-2.137000,28.67
0.371482,0.422000,-0.184000,-0.891000,-3.786000,3.863000,-1.893000,28.72
0.371940,0.413000,-0.178000,-0.869000,-3.817000,4.427000,-1.985000,28.62
0.372387,0.412000,-0.181000,-0.874000,-5.038000,6.595000,-2.366000,28.77
0.372832,0.402000,-0.171000,-0.878000,-7.802000,11.115000,-2.687000,28.77
0.373252,0.410000,-0.187000,-0.887000,-8.000000,12.275000,-3.038000,28.62
0.373686,0.407000,-0.173000,-0.884000,-6.580000,11.634000,-3.053000,28.62
0.374113,0.416000,-0.185000,-0.904000,-2.397000,5.115000,-2.107000,28.77
0.374528,0.414000,-0.159000,-0.892000,1.969000,-0.656000,-0.931000,28.72
0.374946,0.420000,-0.170000,-0.893000,2.977000,0.092000,-0.229000,28.72
0.375361,0.411000,-0.180000,-0.878000,2.382000,0.672000,0.015000,28.58
0.375781,0.411000,-0.184000,-0.868000,-0.687000,1.664000,0.137000,28.77
0.376210,0.403000,-0.187000,-0.859000,-4.947000,9.252000,-1.374000,28.72
0.376623,0.432000,-0.195000,-0.869000,-9.435000,13.771000,-1.603000,28.62
0.377057,0.438000,-0.181000,-0.882000,-9.847000,11.710000,-1.176000,28.58
0.377492,0.436000,-0.183000,-0.876000,-9.221000,6.504000,-0.443000,28.67
0.377920,0.424000,-0.184000,-0.872000,-9.511000,6.672000,-0.733000,28.72
0.378336,0.411000,-0.181000,-0.880000,-9.023000,3.878000,-1.038000,28.67
0.378761,0.403000,-0.171000,-0.892000,-6.794000,1.786000,-2.260000,28.67
0.379184,0.393000,-0.184000,-0.880000,-2.397000,-0.198000,-3.634000,28.72
0.379607,0.429000,-0.173000,-0.880000,-1.237000,0.198000,-3.740000,28.62
0.380025,0.425000,-0.173000,-0.881000,0.656000,-6.183000,-2.489000,28.77
0.380443,0.422000,-0.177000,-0.866000,-0.641000,-3.221000,-2.061000,28.67
0.380872,0.425000,-0.175000,-0.876000,-2.885000,-4.412000,-0.626000,28.62
0.381302,0.420000,-0.170000,-0.869000,-6.672000,-2.107000,-0.122000,28.72
0.381721,0.420000,-0.171000,-0.890000,-9.237000,-0.244000,0.305000,28.67
0.382263,0.415000,-0.175000,-0.884000,-9.679000,-0.702000,0.626000,28.77
0.382889,0.414000,-0.181000,-0.888000,-7.542000,0.244000,0.229000,28.62
0.383337,0.406000,-0.168000,-0.878000,-4.733000,3.985000,-1.053000,28.58
0.383779,0.417000,-0.159000,-0.886000,-1.420000,1.359000,-1.725000,28.67
0.384214,0.415000,-0.164000,-0.881000,1.252000,-0.321000,-2.000000,28.72
0.384656,0.408000,-0.165000,-0.858000,0.992000,-1.496000,-2.107000,28.72
0.385095,0.396000,-0.176000,-0.864000,-3.893000,3.511000,-3.481000,28.67
0.385543,0.420000,-0.162000,-0.872000,-7.298000,-1.664000,-2.763000,28.67
0.386015,0.411000,-0.151000,-0.877000,-9.237000,-2.840000,-2.748000,28.62
0.386466,0.430000,-0.159000,-0.895000,-8.718000,-12.382000,-0.855000,28.72
0.386892,0.415000,-0.157000,-0.876000,-9.313000,-17.740000,1.145000,28.67
0.387329,0.404000,-0.156000,-0.886000,-11.817000,-17.954000,2.672000,28.72
0.387751,0.415000,-0.158000,-0.904000,-14.626000,-23.649000,5.450000,28.81
0.388168,0.396000,-0.163000,-0.895000,-13.023000,-27.511000,7.191000,28.67
0.388594,0.373000,-0.156000,-0.907000,-12.489000,-13.573000,4.855000,28.67
0.389151,0.401000,-0.138000,-0.912000,-8.000000,-31.527000,8.214000,28.72
0.389667,0.379000,-0.164000,-0.887000,-4.595000,-28.046000,6.183000,28.72
0.390116,0.372000,-0.206000,-0.885000,2.443000,-10.779000,4.137000,28.67
0.390617,0.387000,-0.176000,-0.874000,6.611000,12.779000,3.817000,28.67
0.391068,0.374000,-0.141000,-0.879000,-6.992000,18.275000,6.672000,28.62
0.391481,0.403000,-0.189000,-0.933000,-9.878000,7.878000,6.275000,28.77
0.391906,0.357000,-0.161000,-0.898000,-6.611000,2.656000,3.634000,28.77
0.392315,0.377000,-0.156000,-0.901000,-8.702000,5.695000,1.344000,28.62
0.392726,0.383000,-0.160000,-0.895000,-7.176000,4.412000,0.122000,28.62
0.393145,0.366000,-0.151000,-0.859000,-11.588000,8.015000,-0.473000,28.77
0.393573,0.391000,-0.160000,-0.877000,-15.191000,15.740000,0.321000,28.77
0.393996,0.390000,-0.137000,-0.873000,-17.130000,24.366000,0.824000,28.72
0.394447,0.384000,-0.137000,-0.895000,-24.366000,14.031000,1.740000,28.67
0.394876,0.388000,-0.109000,-0.894000,-25.221000,12.046000,1.191000,28.77
0.395291,0.402000,-0.119000,-0.905000,-19.893000,10.763000,0.519000,28.72
0.395717,0.395000,-0.114000,-0.898000,-14.534000,9.802000,-1.359000,28.62
0.396142,0.397000,-0.157000,-0.892000,-7.817000,20.122000,-2.198000,28.67
0.396565,0.412000,-0.160000,-0.895000,-3.221000,25.618000,-0.855000,28.62
0.396977,0.435000,-0.149000,-0.904000,3.176000,20.397000,-1.481000,28.72
0.397386,0.412000,-0.141000,-0.881000,6.977000,20.489000,-0.137000,28.67
0.397812,0.406000,-0.143000,-0.902000,2.183000,13.176000,-0.473000,28.77
0.398232,0.410000,-0.152000,-0.885000,-0.611000,3.008000,3.618000,28.62
0.398645,0.409000,-0.144000,-0.877000,-2.779000,11.756000,6.382000,28.72
0.399094,0.385000,-0.117000,-0.893000,-10.229000,12.473000,6.809000,28.77
0.399514,0.439000,-0.118000,-0.914000,-13.237000,-7.679000,6.382000,28.58
0.399939,0.428000,-0.166000,-0.902000,-19.664000,-25.573000,13.130000,28.72
0.400372,0.410000,-0.145000,-0.905000,-13.191000,-17.267000,13.252000,28.72
0.400793,0.397000,-0.087000,-0.883000,-9.008000,-5.939000,16.565000,28.67
0.401220,0.418000,-0.109000,-0.917000,-13.206000,-8.901000,20.137000,28.72
0.401644,0.400000,-0.161000,-0.908000,-10.519000,-28.687000,30.855000,28.72
0.402064,0.430000,-0.123000,-0.919000,-4.534000,-22.504000,38.992000,28.67
0.402486,0.508000,-0.136000,-0.930000,5.756000,-38.672000,41.160000,28.67
0.402902,0.412000,-0.169000,-0.872000,6.290000,-29.573000,52.656000,28.62
0.403322,0.231000,-0.211000,-0.873000,-1.206000,-66.824000,70.611000,28.67
0.403741,0.388000,-0.152000,-0.906000,-6.458000,-54.595000,75.725000,28.72
0.404173,0.497000,-0.131000,-1.023000,5.573000,-18.137000,91.313000,28.62
0.404605,0.282000,-0.112000,-0.935000,-4.962000,-26.137000,61.481000,28.72
0.405034,0.237000,-0.130000,-0.948000,-15.405000,-38.168000,24.809000,28.67
0.405464,0.311000,-0.148000,-0.975000,-10.366000,-54.275000,19.160000,28.67
0.405893,0.260000,-0.170000,-0.941000,-6.275000,-56.107000,17.405000,28.72
0.406323,0.232000,-0.174000,-0.915000,-5.710000,-37.832000,7.496000,28.58
0.406770,0.276000,-0.201000,-0.908000,0.290000,-13.359000,1.863000,28.67
0.407177,0.279000,-0.173000,-0.924000,6.687000,4.458000,-2.214000,28.72
0.407596,0.291000,-0.155000,-0.907000,12.321000,29.115000,-5.542000,28.72
0.408027,0.300000,-0.158000,-0.914000,18.947000,46.641000,-8.046000,28.67
0.408457,0.307000,-0.173000,-0.921000,19.496000,55.969000,-10.397000,28.72
0.408955,0.333000,-0.165000,-0.890000,20.870000,61.863000,-13.634000,28.72
0.409566,0.355000,-0.165000,-0.945000,16.336000,41.450000,-18.855000,28.58
0.410034,0.346000,-0.204000,-0.886000,22.198000,31.893000,-22.550000,28.77
0.410501,0.362000,-0.196000,-0.910000,10.565000,17.649000,-19.756000,28.62
0.410941,0.371000,-0.161000,-0.917000,7.405000,9.618000,-24.076000,28.62
0.411431,0.356000,-0.165000,-0.919000,0.687000,-17.053000,-24.840000,28.67
0.411886,0.352000,-0.172000,-0.905000,-3.176000,-19.511000,-25.649000,28.67
0.412313,0.329000,-0.176000,-0.920000,-6.061000,-22.977000,-22.366000,28.62
0.412739,0.365000,-0.167000,-0.948000,-7.069000,-36.779000,-19.496000,28.62
0.413166,0.366000,-0.159000,-0.946000,-10.626000,-48.702000,-26.336000,28.67
0.413599,0.319000,-0.181000,-0.944000,-8.427000,-40.962000,-19.969000,28.72
0.414037,0.281000,-0.235000,-0.886000,-4.046000,-11.740000,-19.664000,28.72
0.414471,0.255000,-0.212000,-0.902000,-1.786000,-3.695000,-21.756000,28.67
0.414888,0.303000,-0.156000,-0.962000,-0.626000,9.573000,-5.802000,28.67
0.415297,0.229000,-0.180000,-0.882000,1.282000,9.588000,0.076000,28.72
0.415722,0.241000,-0.178000,-0.920000,-1.527000,12.489000,-5.023000,28.67
0.416150,0.295000,-0.188000,-0.938000,-0.550000,9.069000,-7.618000,28.67
0.416570,0.342000,-0.170000,-0.923000,6.214000,7.466000,-10.580000,28.72
0.416996,0.311000,-0.141000,-0.942000,11.847000,10.595000,-21.756000,28.72
0.417434,0.339000,-0.135000,-0.908000,15.802000,29.496000,-38.763000,28.67
0.417868,0.363000,-0.157000,-0.877000,27.282000,52.565000,-57.786000,28.67
0.418329,0.351000,-0.109000,-0.907000,55.603000,71.344000,-88.916000,28.72
0.418764,0.456000,-0.109000,-1.229000,83.756000,67.008000,-197.573000,28.77
0.419327,1.449000,-0.966000,-1.372000,-85.634000,-185.969000,-34.931000,28.77
0.419904,0.174000,-0.023000,-0.679000,26.122000,-100.336000,9.282000,28.72
0.420349,0.275000,-0.018000,-0.837000,-6.947000,16.366000,8.779000,28.72
0.420789,0.397000,-0.133000,-0.902000,7.008000,14.046000,-12.794000,28.67
0.421260,0.182000,-0.073000,-0.967000,12.565000,46.153000,-31.160000,28.72
0.421731,0.294000,-0.108000,-0.842000,4.962000,68.519000,-45.878000,28.81
0.422194,0.276000,-0.155000,-0.978000,-10.397000,100.504000,-57.252000,28.67
0.422654,0.382000,-0.156000,-0.893000,-10.031000,100.931000,-58.840000,28.67
0.423105,0.404000,-0.309000,-0.782000,-12.321000,69.344000,-31.725000,28.72
0.423580,0.405000,-0.180000,-0.939000,-10.550000,28.748000,-5.725000,28.72
0.424044,0.493000,-0.348000,-0.885000,-7.908000,-5.023000,17.359000,28.67
0.424493,0.396000,-0.222000,-0.966000,-1.115000,-31.756000,29.359000,28.67
0.424917,0.364000,-0.177000,-0.923000,3.176000,-24.031000,38.626000,28.72
0.425344,0.383000,-0.167000,-0.895000,3.771000,-4.840000,51.191000,28.62
0.425774,0.406000,-0.153000,-0.914000,2.458000,-20.580000,57.420000,28.67
0.426206,0.383000,-0.129000,-0.889000,-0.794000,-27.924000,47.359000,28.72
0.426621,0.374000,-0.135000,-0.896000,1.374000,-17.145000,32.626000,28.72
0.427036,0.400000,-0.180000,-0.846000,4.153000,-9.313000,22.916000,28.67
0.427449,0.409000,-0.191000,-0.849000,6.595000,3.130000,11.557000,28.67
0.427861,0.415000,-0.150000,-0.841000,0.931000,9.405000,-0.779000,28.72
0.428282,0.472000,-0.204000,-0.874000,13.084000,-6.962000,-13.832000,28.72
0.428704,0.461000,-0.160000,-0.853000,20.275000,-30.840000,-27.695000,28.67
0.429211,0.399000,-0.092000,-0.887000,21.115000,-51.359000,-36.092000,28.77
0.429787,0.372000,-0.167000,-0.934000,8.046000,-46.061000,-29.954000,28.81
0.430249,0.268000,-0.258000,-0.900000,5.557000,-33.115000,-16.137000,28.67
0.430689,0.291000,-0.248000,-0.980000,5.664000,-12.763000,-3.267000,28.67
0.431165,0.286000,-0.288000,-0.903000,4.656000,-8.000000,-2.763000,28.72
0.431636,0.385000,-0.236000,-0.964000,5.695000,-21.435000,0.504000,28.62
0.432158,0.351000,-0.200000,-0.949000,2.534000,-18.015000,11.969000,28.58
0.432655,0.270000,-0.227000,-0.940000,-1.420000,-11.115000,15.405000,28.67
0.433167,0.278000,-0.241000,-0.903000,-1.374000,-0.122000,24.046000,28.62
0.433664,0.783000,-0.271000,-1.031000,0.718000,-8.229000,42.504000,28.77
0.434126,0.206000,-0.203000,-0.863000,-5.282000,14.290000,14.931000,28.72
0.434570,0.285000,-0.194000,-0.891000,-3.328000,29.466000,3.084000,28.72
0.435016,0.315000,-0.195000,-0.918000,3.542000,41.008000,0.046000,28.62
0.435460,0.339000,-0.177000,-0.934000,9.038000,47.328000,-0.366000,28.67
0.435900,0.331000,-0.184000,-0.898000,9.603000,52.427000,-0.321000,28.67
0.436396,0.350000,-0.174000,-0.909000,5.802000,51.924000,-2.137000,28.62
0.436864,0.347000,-0.203000,-0.902000,2.641000,47.252000,0.031000,28.67
0.437309,0.325000,-0.195000,-0.917000,-1.481000,47.771000,1.176000,28.77
0.437751,0.330000,-0.219000,-0.903000,-4.763000,40.733000,1.588000,28.72
0.438194,0.347000,-0.212000,-0.913000,-6.244000,32.443000,2.855000,28.62
0.438634,0.354000,-0.224000,-0.909000,-6.534000,20.153000,2.992000,28.67
0.439086,0.361000,-0.251000,-0.886000,-5.267000,13.496000,2.046000,28.72
0.439526,0.350000,-0.203000,-0.891000,-4.137000,8.931000,-1.481000,28.72
0.439968,0.398000,-0.232000,-0.903000,-2.992000,6.382000,-0.641000,28.62
0.440469,0.366000,-0.229000,-0.911000,-2.977000,0.137000,-1.664000,28.67
0.440963,0.386000,-0.233000,-0.896000,-1.450000,2.809000,-2.840000,28.72
0.441415,0.391000,-0.204000,-0.903000,0.382000,3.832000,-4.092000,28.72
0.441843,0.385000,-0.218000,-0.904000,1.115000,9.740000,-4.153000,28.77
0.442269,0.380000,-0.194000,-0.831000,-0.244000,11.588000,-2.931000,28.67
0.442699,0.413000,-0.214000,-0.847000,-3.145000,16.870000,-4.229000,28.62
0.443127,0.396000,-0.215000,-0.890000,-2.916000,19.557000,-5.344000,28.72
0.443595,0.386000,-0.201000,-0.891000,-5.206000,19.740000,-4.977000,28.77
0.444015,0.380000,-0.176000,-0.893000,-5.053000,25.435000,-4.916000,28.72
0.444436,0.419000,-0.225000,-0.891000,-4.824000,27.527000,-4.366000,28.72
0.444864,0.399000,-0.207000,-0.838000,-4.336000,35.267000,-7.176000,28.77
0.445294,0.428000,-0.194000,-0.827000,-9.069000,32.870000,-10.489000,28.77
0.445725,0.466000,-0.234000,-0.890000,-9.511000,32.000000,-15.573000,28.72
0.446158,0.425000,-0.198000,-0.881000,-10.412000,18.519000,-16.687000,28.72
0.446584,0.408000,-0.198000,-0.926000,-9.588000,13.908000,-17.527000,28.67
0.447012,0.416000,-0.166000,-0.937000,-6.718000,0.427000,-18.229000,28.67
0.447440,0.411000,-0.193000,-0.883000,-2.046000,-6.122000,-17.603000,28.81
0.447871,0.414000,-0.187000,-0.858000,-1.221000,-8.718000,-17.282000,28.72
0.448294,0.410000,-0.201000,-0.879000,5.099000,1.130000,-19.450000,28.67
0.448719,0.407000,-0.209000,-0.884000,6.840000,11.939000,-26.718000,28.72
0.449155,0.544000,-0.218000,-0.902000,15.924000,37.053000,-15.435000,28.72
0.449573,0.446000,-0.197000,-0.888000,14.702000,58.489000,-26.168000,28.77
0.449996,0.442000,-0.138000,-0.790000,1.832000,45.389000,-29.969000,28.77
0.450567,0.460000,-0.194000,-0.934000,4.458000,35.405000,-25.420000,28.62
0.451196,0.381000,-0.199000,-0.902000,1.710000,34.840000,-36.000000,28.72
0.451676,0.447000,-0.168000,-0.895000,1.160000,28.198000,-50.122000,28.67
0.452125,0.481000,-0.174000,-0.859000,1.740000,18.611000,-51.557000,28.72
0.452570,0.491000,-0.162000,-0.842000,1.771000,13.985000,-45.511000,28.72
0.453013,0.482000,-0.170000,-0.854000,1.252000,11.450000,-33.649000,28.67
0.453453,0.517000,-0.186000,-0.867000,4.550000,8.931000,-18.504000,28.77
0.453893,0.031000,0.101000,-0.778000,-18.076000,26.183000,-9.389000,28.72
0.454331,0.489000,-0.188000,-0.856000,9.832000,49.954000,-15.389000,28.77
0.454773,0.492000,-0.131000,-0.881000,8.870000,48.595000,-18.031000,28.67
0.455224,0.490000,-0.153000,-0.868000,-4.687000,36.916000,-20.366000,28.72
0.455666,0.539000,-0.139000,-0.759000,-8.733000,22.260000,-12.794000,28.72
0.456161,0.503000,-0.145000,-0.845000,-8.321000,13.130000,-11.985000,28.67
0.456608,0.479000,-0.208000,-0.884000,-10.031000,-3.847000,-7.954000,28.72
0.457037,0.467000,-0.182000,-0.861000,-12.336000,-9.038000,-5.939000,28.62
0.457483,0.493000,-0.186000,-0.889000,-12.351000,-7.969000,-4.550000,28.62
0.457910,0.499000,-0.171000,-0.844000,-14.794000,-7.298000,-5.206000,28.77
0.458334,0.499000,-0.162000,-0.851000,-15.649000,-4.550000,-6.916000,28.81
0.458764,0.502000,-0.127000,-0.791000,-13.832000,5.008000,-12.611000,28.72
0.459195,0.623000,-0.142000,-0.757000,-15.740000,-0.153000,-14.595000,28.67
0.459615,0.516000,-0.098000,-0.874000,-8.885000,9.969000,-23.847000,28.67
0.460049,0.493000,-0.120000,-0.869000,-6.336000,11.282000,-25.832000,28.72
0.460632,0.482000,-0.152000,-0.895000,-5.924000,15.176000,-27.405000,28.72
0.461256,0.479000,-0.166000,-0.859000,-7.115000,20.672000,-27.786000,28.77
0.461700,0.502000,-0.225000,-0.862000,-7.206000,24.137000,-25.115000,28.62
0.462128,0.540000,-0.178000,-0.823000,-5.069000,24.656000,-30.626000,28.72
0.462561,0.615000,-0.168000,-0.769000,0.168000,26.519000,-44.611000,28.67
0.463011,0.666000,-0.094000,-0.840000,-0.137000,35.359000,-68.321000,28.77
0.463438,0.633000,-0.043000,-0.819000,7.863000,53.374000,-87.160000,28.72
0.463881,0.525000,-0.086000,-0.779000,14.885000,44.183000,-88.626000,28.72
0.464344,0.513000,-0.060000,-0.863000,11.725000,47.466000,-83.481000,28.77
0.464890,0.467000,-0.097000,-0.866000,5.878000,31.069000,-72.000000,28.86
0.465351,0.498000,-0.174000,-0.879000,-1.863000,33.740000,-48.916000,28.81
0.465797,0.529000,-0.187000,-0.816000,-10.824000,38.870000,-39.771000,28.77
0.466253,0.593000,-0.107000,-0.862000,-11.435000,27.771000,-32.473000,28.58
0.466696,0.587000,-0.094000,-0.823000,-9.740000,21.374000,-26.351000,28.72
0.467136,0.880000,-0.182000,-0.908000,4.595000,30.702000,-0.458000,28.72
0.467569,0.709000,-0.204000,-0.857000,6.427000,4.168000,-9.710000,28.77
0.468001,0.459000,-0.035000,-0.775000,4.244000,-4.641000,-14.382000,28.77
0.468473,0.515000,-0.038000,-0.888000,-2.794000,4.244000,-11.771000,28.81
0.468900,0.514000,-0.011000,-0.868000,-6.565000,6.809000,-8.962000,28.67
0.469330,0.538000,-0.033000,-0.842000,-10.656000,4.580000,-6.122000,28.62
0.469748,0.588000,-0.054000,-0.843000,-8.885000,-5.847000,-2.748000,28.72
0.470170,0.593000,-0.096000,-0.820000,-4.824000,-7.695000,2.702000,28.62
0.470705,0.605000,-0.104000,-0.825000,-0.366000,-11.588000,8.763000,28.77
0.471320,0.623000,-0.154000,-0.818000,6.183000,-15.160000,14.672000,28.77
0.471779,0.611000,-0.133000,-0.796000,7.160000,-14.321000,18.595000,28.81
0.472214,0.582000,-0.088000,-0.761000,-0.977000,-14.198000,18.351000,28.72
0.472650,0.596000,-0.145000,-0.851000,-4.412000,-21.908000,23.405000,28.67
0.473097,0.552000,-0.168000,-0.846000,-15.664000,-27.389000,31.573000,28.72
0.473542,0.567000,-0.126000,-0.755000,-19.099000,-42.641000,38.351000,28.72
0.473969,0.522000,-0.106000,-0.863000,-27.023000,-58.000000,47.832000,28.77
0.474402,0.552000,-0.107000,-0.884000,-20.198000,-73.573000,48.107000,28.72
0.474827,0.565000,-0.106000,-0.827000,5.450000,-29.969000,34.000000,28.72
0.475254,0.622000,-0.302000,-0.986000,-26.702000,-11.206000,47.481000,28.72
0.475674,0.258000,-0.245000,-0.949000,1.481000,6.000000,70.412000,28.77
0.476104,0.517000,0.165000,-0.869000,-20.397000,-4.656000,42.931000,28.72
0.476674,0.531000,-0.076000,-0.755000,-4.702000,6.504000,26.916000,28.72
0.477099,0.505000,0.154000,1.020000,-49.573000,-55.252000,27.985000,28.67
0.477530,0.597000,-0.103000,-0.809000,-1.985000,18.366000,12.000000,28.67
0.477945,0.526000,-0.081000,-0.867000,3.634000,-4.015000,8.061000,28.72
0.478359,0.553000,-0.122000,-0.804000,8.672000,-17.344000,6.855000,28.62
0.478782,0.505000,-0.108000,-0.804000,11.802000,-37.664000,2.855000,28.67
0.479197,0.540000,-0.140000,-0.796000,15.053000,-40.351000,0.168000,28.81
0.479619,0.507000,-0.122000,-0.803000,19.924000,-39.588000,-4.992000,28.72
0.480058,0.516000,-0.128000,-0.828000,22.931000,-32.534000,-8.244000,28.72
0.480673,0.495000,-0.119000,-0.806000,34.550000,-31.328000,-16.901000,28.77
0.481451,0.467000,-0.133000,-0.911000,36.992000,-44.046000,-26.015000,28.72
0.481912,0.482000,-0.154000,-0.891000,31.053000,-39.542000,-29.328000,28.72
0.482343,0.498000,-0.110000,-0.889000,23.389000,-46.153000,-31.435000,28.77
0.482772,0.490000,-0.102000,-0.890000,24.916000,-82.748000,-40.565000,28.67
0.483198,0.477000,-0.201000,-0.848000,18.779000,-81.893000,-50.000000,28.62
0.483624,0.547000,-0.205000,-0.838000,17.130000,-97.573000,-50.748000,28.81
0.484053,0.448000,-0.182000,-0.845000,17.496000,-97.267000,-48.611000,28.86
0.484494,0.488000,-0.215000,-0.871000,17.954000,-115.939000,-49.084000,28.72
0.484927,0.508000,-0.118000,-0.822000,25.344000,-153.634000,-67.695000,28.62
0.485362,0.435000,-0.087000,-0.920000,40.290000,-159.618000,-77.786000,28.77
0.485784,0.354000,-0.187000,-0.911000,53.008000,-143.206000,-79.771000,28.67
0.486213,0.319000,-0.176000,-0.963000,46.962000,-112.885000,-76.977000,28.72
0.486640,0.251000,-0.154000,-0.960000,45.679000,-64.061000,-59.328000,28.77
0.487076,0.258000,-0.129000,-1.070000,41.099000,-54.947000,-46.092000,28.81
0.487506,0.285000,-0.201000,-0.935000,38.397000,-39.847000,-38.260000,28.72
0.487925,0.305000,-0.228000,-0.917000,33.511000,-24.824000,-29.939000,28.72
0.488346,0.281000,-0.224000,-0.837000,20.687000,5.008000,-21.740000,28.77
0.488769,0.260000,-0.202000,-0.870000,11.511000,33.084000,-16.550000,28.72
0.489198,0.263000,-0.183000,-0.909000,3.115000,47.206000,-12.504000,28.72
0.489619,0.267000,-0.183000,-0.932000,0.718000,52.855000,-7.863000,28.67
0.490045,0.275000,-0.194000,-0.953000,-0.427000,44.534000,-3.160000,28.62
0.490565,0.278000,-0.183000,-0.954000,2.061000,38.656000,-0.076000,28.72
0.490991,0.292000,-0.159000,-0.929000,2.061000,34.992000,3.160000,28.77
0.491400,0.299000,-0.177000,-0.921000,1.282000,37.771000,6.214000,28.67
0.491816,0.308000,-0.156000,-0.924000,-5.908000,37.786000,5.756000,28.72
0.492242,0.325000,-0.136000,-0.937000,-12.733000,27.756000,3.740000,28.67
0.492660,0.345000,-0.146000,-0.921000,-16.076000,24.183000,4.626000,28.67
0.493111,0.379000,-0.171000,-0.905000,-14.748000,19.588000,5.557000,28.72
0.493524,0.367000,-0.178000,-0.901000,-13.985000,14.595000,8.397000,28.72
0.493944,0.350000,-0.177000,-0.934000,-15.344000,14.382000,13.466000,28.86
0.494366,0.328000,-0.188000,-0.927000,-20.580000,13.206000,19.267000,28.81
0.494788,0.341000,-0.208000,-0.925000,-28.473000,20.061000,27.298000,28.72
0.495214,0.334000,-0.202000,-0.908000,-32.901000,26.763000,38.351000,28.67
0.495640,0.342000,-0.171000,-0.954000,-40.809000,44.427000,48.397000,28.77
0.496072,0.348000,-0.131000,-0.936000,-47.817000,47.878000,55.252000,28.72
0.496499,0.323000,-0.177000,-0.889000,-73.023000,68.168000,58.794000,28.77
0.496920,0.391000,-0.160000,-0.956000,-84.168000,62.443000,53.099000,28.72
0.497354,0.506000,-0.336000,-0.846000,-81.832000,52.458000,53.771000,28.72
0.497784,0.362000,-0.131000,-0.912000,-82.336000,80.244000,54.656000,28.72
0.498218,0.458000,-0.159000,-0.879000,-74.305000,57.160000,69.466000,28.67
0.498644,0.460000,-0.081000,-0.866000,-45.771000,48.855000,60.809000,28.72
0.499060,0.470000,-0.075000,-0.858000,-23.802000,35.420000,36.595000,28.81
0.499477,0.457000,-0.043000,-0.856000,-13.695000,9.237000,26.565000,28.77
0.499891,0.461000,-0.066000,-0.864000,-6.275000,4.336000,13.084000,28.77
0.500330,0.448000,-0.098000,-0.855000,-1.466000,2.595000,7.450000,28.72
0.500930,0.466000,-0.107000,-0.884000,3.328000,-7.435000,6.473000,28.77
0.501549,0.473000,-0.159000,-0.881000,2.000000,-28.168000,17.206000,28.77
0.502046,0.386000,-0.167000,-0.896000,-0.947000,-35.206000,21.435000,28.72
0.502487,0.455000,-0.162000,-0.882000,-6.458000,-36.733000,23.267000,28.72
0.502904,0.471000,-0.148000,-0.870000,-6.458000,-36.107000,31.863000,28.77
0.503332,0.405000,-0.118000,-0.897000,-11.664000,-28.046000,36.473000,28.72
0.503761,0.341000,-0.098000,-0.943000,-20.214000,-28.397000,32.015000,28.81
0.504190,0.314000,-0.097000,-0.953000,-21.374000,-17.252000,24.489000,28.67
0.504619,0.315000,-0.104000,-0.940000,-15.969000,-7.771000,15.267000,28.72
0.505047,0.364000,-0.120000,-0.949000,-5.969000,-5.573000,10.840000,28.72
0.505457,0.360000,-0.144000,-0.956000,3.008000,-4.244000,9.405000,28.77
0.505893,0.344000,-0.133000,-0.932000,9.115000,-2.656000,6.198000,28.77
0.506314,0.346000,-0.142000,-0.935000,11.282000,-1.145000,3.969000,28.72
0.506721,0.351000,-0.144000,-0.922000,11.405000,3.450000,3.084000,28.77
0.507155,0.341000,-0.144000,-0.920000,8.473000,14.870000,0.947000,28.67
0.507595,0.356000,-0.146000,-0.925000,6.992000,23.053000,-0.702000,28.72
0.508019,0.369000,-0.148000,-0.921000,8.656000,30.595000,-0.305000,28.72
0.508426,0.381000,-0.121000,-0.936000,8.244000,30.092000,0.427000,28.77
0.508843,0.389000,-0.135000,-0.915000,5.221000,30.153000,2.061000,28.77
0.509266,0.394000,-0.136000,-0.891000,-5.084000,27.053000,5.817000,28.72
0.509696,0.397000,-0.157000,-0.926000,-15.053000,29.710000,7.664000,28.67
0.510113,0.369000,-0.134000,-0.916000,-21.023000,34.031000,7.298000,28.67
0.510639,0.393000,-0.121000,-0.927000,-29.466000,58.275000,12.504000,28.81
0.511248,0.405000,-0.066000,-0.891000,-29.191000,47.985000,15.145000,28.81
0.511717,0.406000,-0.136000,-0.910000,-34.229000,75.176000,21.008000,28.86
0.512233,0.416000,-0.127000,-0.868000,-45.053000,83.756000,30.107000,28.72
0.512725,0.518000,-0.145000,-0.802000,-26.015000,70.809000,26.244000,28.81
0.513205,0.502000,-0.120000,-0.813000,-10.870000,45.924000,16.000000,28.77
0.513653,0.548000,-0.068000,-0.772000,9.573000,38.107000,-1.695000,28.77
0.514127,0.502000,-0.177000,-0.863000,20.885000,28.748000,-3.023000,28.72
0.514658,0.453000,-0.125000,-0.853000,15.313000,25.756000,-2.473000,28.72
0.515114,0.482000,-0.162000,-0.868000,9.969000,13.786000,-2.076000,28.77
0.515533,0.465000,-0.128000,-0.849000,0.977000,14.473000,-3.618000,28.67
0.515956,0.481000,-0.135000,-0.870000,-0.809000,13.176000,-3.893000,28.72
0.516376,0.483000,-0.133000,-0.861000,-1.206000,8.718000,-5.038000,28.72
0.516793,0.523000,-0.143000,-0.888000,4.015000,0.427000,-4.427000,28.77
0.517224,0.474000,-0.139000,-0.869000,0.794000,-2.748000,-7.053000,28.81
0.517945,0.499000,-0.132000,-0.882000,3.466000,-6.397000,-7.817000,28.72
0.518418,0.499000,-0.123000,-0.876000,7.863000,-15.588000,-8.748000,28.77
0.518883,0.478000,-0.086000,-0.866000,18.687000,-25.420000,-14.565000,28.77
0.519337,0.474000,-0.133000,-0.847000,15.420000,-15.695000,-12.137000,28.72
0.519797,0.464000,-0.091000,-0.854000,12.397000,-14.809000,-13.634000,28.81
0.520247,0.467000,-0.150000,-0.864000,9.435000,-6.794000,-13.756000,28.67
0.520684,0.470000,-0.158000,-0.769000,2.534000,17.237000,-20.260000,28.77
0.521126,0.475000,-0.184000,-0.859000,-0.412000,4.458000,-20.580000,28.72
0.521597,0.391000,-0.183000,-0.837000,-4.427000,34.336000,-40.443000,28.81
0.522093,0.512000,-0.152000,-0.887000,-3.969000,35.160000,-46.947000,28.67
0.522535,0.481000,-0.148000,-0.850000,-6.809000,41.878000,-48.931000,28.72
0.522963,0.537000,-0.129000,-0.863000,-4.122000,22.321000,-49.298000,28.72
0.523391,0.513000,-0.122000,-0.877000,-2.840000,11.771000,-31.985000,28.86
0.523813,0.513000,-0.079000,-0.861000,-5.847000,10.321000,-32.031000,28.77
0.524234,0.504000,-0.090000,-0.865000,-1.511000,3.435000,-36.855000,28.72
0.524653,0.533000,-0.069000,-0.845000,0.580000,-0.260000,-37.603000,28.81
0.525072,0.489000,-0.114000,-0.836000,7.221000,-2.214000,-38.824000,28.77
0.525490,0.429000,-0.124000,-0.894000,2.794000,-10.031000,-30.473000,28.77
0.525921,0.535000,-0.110000,-0.847000,2.809000,-14.412000,-20.840000,28.72
0.526340,0.499000,-0.123000,-0.886000,2.229000,-26.336000,-11.374000,28.67
0.526757,0.443000,-0.112000,-0.901000,0.336000,-20.198000,-8.443000,28.77
0.527201,0.306000,-0.083000,-0.939000,-11.206000,-3.084000,-10.534000,28.81
0.527626,0.443000,-0.097000,-0.923000,-8.901000,11.817000,-22.840000,28.72
0.528042,0.422000,-0.116000,-0.823000,-9.282000,18.947000,-26.412000,28.77
0.528476,0.482000,-0.112000,-0.881000,-14.504000,29.237000,-33.298000,28.77
0.528900,0.505000,-0.101000,-0.864000,-15.344000,25.405000,-30.702000,28.72
0.529330,0.481000,-0.110000,-0.885000,-8.656000,28.534000,-48.656000,28.86
0.529752,0.464000,-0.069000,-0.791000,-8.794000,36.977000,-49.115000,28.72
0.530176,0.493000,-0.028000,-0.842000,2.504000,32.473000,-47.435000,28.72
0.530601,0.474000,-0.085000,-0.817000,7.771000,30.840000,-47.756000,28.81
0.531018,0.544000,-0.074000,-0.869000,1.695000,39.679000,-44.214000,28.77
0.531588,0.551000,-0.054000,-0.858000,4.183000,37.206000,-35.099000,28.77
0.532230,0.539000,-0.053000,-0.896000,7.206000,34.504000,-29.710000,28.81
0.532695,0.531000,-0.086000,-0.885000,5.954000,36.885000,-27.985000,28.77
0.533124,0.526000,-0.103000,-0.905000,-5.282000,48.504000,-25.878000,28.67
0.533555,0.527000,-0.116000,-0.869000,-15.481000,57.695000,-26.015000,28.72
0.533983,0.537000,-0.125000,-0.822000,-24.702000,69.588000,-26.809000,28.72
0.534407,0.654000,0.005000,-0.917000,-32.092000,73.344000,-33.298000,28.77
0.534838,0.618000,-0.093000,-0.759000,-29.481000,59.450000,-22.366000,28.81
0.535262,0.660000,0.013000,-0.763000,-17.985000,47.985000,-14.473000,28.81
0.535685,0.641000,-0.031000,-0.817000,-1.679000,23.695000,-12.855000,28.67
0.536099,0.607000,0.018000,-0.837000,8.397000,22.183000,-13.756000,28.77
0.536520,0.657000,0.001000,-0.777000,21.679000,12.489000,-5.908000,28.72
0.536944,0.622000,-0.060000,-0.796000,24.855000,19.664000,-1.649000,28.72
0.537363,0.593000,-0.042000,-0.781000,22.443000,37.359000,-4.611000,28.77
0.537786,0.657000,-0.059000,-0.802000,22.153000,32.840000,-4.840000,28.67
0.538208,0.617000,-0.081000,-0.783000,20.473000,36.015000,2.992000,28.81
0.538624,0.541000,-0.073000,-0.738000,11.023000,56.458000,1.511000,28.81
0.539043,0.614000,-0.071000,-0.805000,3.557000,71.191000,0.656000,28.77
0.539455,0.528000,-0.014000,-0.758000,-1.206000,80.840000,3.252000,28.72
0.539867,0.571000,0.027000,-0.729000,0.244000,79.817000,0.092000,28.81
0.540278,0.649000,0.002000,-0.789000,8.321000,74.183000,-2.611000,28.77
0.540705,0.615000,-0.019000,-0.736000,11.603000,69.008000,-5.573000,28.77
0.541126,0.657000,-0.032000,-0.771000,14.351000,58.489000,-7.344000,28.81
0.541690,0.646000,-0.059000,-0.759000,13.252000,48.305000,-6.870000,28.81
0.542405,0.663000,-0.044000,-0.720000,9.023000,35.725000,-7.634000,28.77
0.542849,0.677000,-0.062000,-0.709000,4.718000,22.366000,-7.084000,28.72
0.543280,0.676000,-0.051000,-0.688000,-0.305000,13.328000,-4.718000,28.81
0.543701,0.686000,-0.038000,-0.689000,-9.878000,1.252000,-1.466000,28.77
0.544124,0.693000,-0.057000,-0.701000,-19.710000,-12.351000,4.305000,28.67
0.544550,0.714000,-0.070000,-0.705000,-29.359000,-25.710000,11.313000,28.72
0.544981,0.709000,-0.101000,-0.739000,-37.206000,-38.443000,18.397000,28.72
0.545414,0.678000,-0.094000,-0.773000,-40.137000,-44.885000,21.924000,28.67
0.545840,0.696000,-0.081000,-0.776000,-35.878000,-58.977000,24.244000,28.77
0.546268,0.636000,-0.069000,-0.810000,-29.863000,-44.031000,20.748000,28.72
0.546695,0.707000,-0.059000,-0.832000,-29.588000,-70.977000,25.405000,28.67
0.547137,0.660000,-0.021000,-0.824000,-27.878000,-36.824000,25.435000,28.77
0.547556,0.595000,-0.097000,-0.845000,-30.901000,-8.885000,27.145000,28.81
0.547992,0.520000,-0.064000,-0.763000,-18.183000,-17.557000,18.458000,28.72
0.548422,0.667000,-0.046000,-0.667000,-3.115000,8.885000,10.672000,28.77
0.548981,0.723000,0.001000,-0.762000,14.076000,11.099000,-2.947000,28.86
0.549586,0.636000,-0.088000,-0.688000,24.473000,1.618000,-7.450000,28.72
0.550058,0.649000,-0.062000,-0.754000,16.763000,-13.649000,-5.252000,28.72
0.550509,0.645000,-0.060000,-0.787000,6.458000,-14.641000,-1.939000,28.86
0.550959,0.598000,-0.059000,-0.787000,2.992000,-13.634000,-2.000000,28.77
0.551405,0.671000,-0.054000,-0.780000,5.160000,-21.221000,0.504000,28.72
0.551858,0.657000,-0.032000,-0.809000,11.695000,-35.847000,1.160000,28.77
0.552342,0.606000,-0.073000,-0.786000,15.710000,-37.954000,1.023000,28.67
0.552792,0.564000,-0.066000,-0.782000,11.221000,-27.466000,-0.183000,28.81
0.553217,0.637000,-0.035000,-0.792000,8.473000,-23.832000,-0.183000,28.72
0.553636,0.603000,-0.040000,-0.799000,7.084000,-19.695000,-0.153000,28.77
0.554065,0.604000,-0.061000,-0.786000,4.840000,-11.191000,-1.176000,28.77
0.554489,0.613000,-0.059000,-0.798000,4.824000,-5.160000,-1.344000,28.72
0.554907,0.620000,-0.087000,-0.767000,4.443000,-6.931000,-0.229000,28.81
0.555345,0.620000,-0.080000,-0.768000,4.046000,-3.344000,-1.481000,28.77
0.555769,0.587000,-0.073000,-0.775000,0.443000,8.153000,-4.565000,28.81
0.556199,0.611000,-0.085000,-0.769000,-1.878000,15.985000,-7.420000,28.81
0.556626,0.623000,-0.073000,-0.788000,-0.824000,11.038000,-7.695000,28.67
0.557043,0.529000,-0.100000,-0.807000,1.527000,28.000000,2.397000,28.72
0.557471,0.735000,-0.113000,-0.539000,27.130000,-52.000000,1.099000,28.72
0.557907,0.615000,-0.061000,-0.821000,84.061000,-112.305000,-7.588000,28.72
0.558331,0.551000,-0.092000,-0.829000,65.588000,-52.718000,-9.893000,28.77
0.558758,0.594000,-0.105000,-0.794000,53.130000,-63.527000,-8.870000,28.77
0.559326,0.583000,-0.102000,-0.782000,54.504000,-69.282000,-12.122000,28.72
0.559957,0.563000,-0.109000,-0.852000,45.435000,-41.221000,-14.534000,28.77
0.560422,0.551000,-0.131000,-0.812000,48.702000,-20.611000,-17.969000,28.77
0.560903,0.522000,-0.111000,-0.851000,39.969000,8.550000,-14.947000,28.72
0.561346,0.536000,-0.164000,-0.869000,24.779000,40.000000,-11.863000,28.72
0.561783,0.520000,-0.106000,-0.805000,12.336000,45.206000,-13.588000,28.67
0.562213,0.625000,-0.149000,-0.836000,-2.061000,40.000000,-8.397000,28.81
0.562634,0.498000,-0.120000,-0.721000,-7.405000,40.473000,-3.038000,28.81
0.563064,0.583000,-0.134000,-0.783000,-21.298000,37.832000,1.527000,28.77
0.563490,0.578000,-0.111000,-0.790000,-17.221000,26.168000,2.702000,28.86
0.563906,0.604000,-0.204000,-0.585000,-1.847000,17.664000,1.985000,28.72
0.564327,0.625000,-0.168000,-0.796000,0.214000,-2.000000,-0.275000,28.72
0.564755,0.615000,-0.135000,-0.769000,-1.634000,-13.802000,0.168000,28.77
0.565171,0.583000,-0.128000,-0.778000,0.366000,-23.802000,2.275000,28.77
0.565587,0.592000,-0.093000,-0.804000,0.702000,-37.695000,2.748000,28.72
0.566017,0.575000,-0.136000,-0.808000,-4.290000,-47.771000,5.954000,28.77
0.566435,0.563000,-0.133000,-0.840000,-8.046000,-36.092000,5.985000,28.86
0.566853,0.554000,-0.110000,-0.830000,-12.580000,-29.069000,7.023000,28.81
0.567320,0.571000,-0.118000,-0.855000,-19.878000,-13.725000,7.267000,28.72
0.567739,0.537000,-0.138000,-0.832000,-31.313000,-0.489000,9.863000,28.86
0.568172,0.554000,-0.132000,-0.842000,-32.977000,-2.031000,11.130000,28.77
0.568595,0.538000,-0.120000,-0.810000,-30.504000,7.237000,12.504000,28.72
0.569105,0.535000,-0.082000,-0.749000,-21.267000,3.969000,10.000000,28.86
0.569720,0.568000,-0.113000,-0.817000,-11.298000,-4.397000,7.481000,28.77
0.570177,0.546000,-0.083000,-0.814000,-4.412000,-12.763000,5.649000,28.81
0.570627,0.539000,-0.103000,-0.813000,2.244000,-5.863000,3.023000,28.72
0.571150,0.538000,-0.096000,-0.813000,8.336000,-4.351000,1.893000,28.77
0.571662,0.546000,-0.116000,-0.841000,9.450000,-5.573000,1.023000,28.86
0.572196,0.528000,-0.122000,-0.847000,7.908000,-2.641000,0.626000,28.72
0.572689,0.534000,-0.119000,-0.845000,6.702000,1.008000,0.122000,28.77
0.573139,0.543000,-0.129000,-0.823000,5.924000,2.626000,-0.809000,28.67
0.573664,0.539000,-0.117000,-0.822000,4.412000,7.924000,-1.069000,28.81
0.574110,0.542000,-0.105000,-0.831000,1.756000,8.321000,-2.489000,28.72
0.574532,0.547000,-0.123000,-0.834000,-1.389000,11.008000,-2.107000,28.77
0.574951,0.559000,-0.134000,-0.819000,-3.328000,13.679000,-2.122000,28.81
0.575381,0.542000,-0.140000,-0.828000,-7.496000,17.008000,-3.160000,28.72
0.575812,0.537000,-0.129000,-0.832000,-10.000000,22.916000,-3.282000,28.77
0.576239,0.549000,-0.136000,-0.835000,-18.595000,33.176000,-2.290000,28.77
0.576663,0.536000,-0.132000,-0.830000,-33.557000,60.809000,-0.656000,28.72
0.577092,0.560000,-0.113000,-0.848000,-46.779000,84.260000,3.313000,28.81
0.577516,0.604000,-0.092000,-0.816000,-54.000000,88.168000,4.580000,28.77
0.577943,0.980000,0.154000,-0.872000,13.450000,-82.015000,-5.863000,28.77
0.578365,0.438000,-0.168000,-0.637000,-3.359000,21.313000,-1.802000,28.81
0.578779,0.605000,-0.076000,-0.842000,-1.053000,5.084000,-1.802000,28.81
0.579200,0.613000,-0.114000,-0.837000,-4.046000,-0.183000,-1.053000,28.77
0.579621,0.751000,-0.052000,-0.852000,-2.153000,-5.786000,-1.893000,28.72
0.580038,0.475000,-0.100000,-0.888000,6.840000,-37.725000,2.504000,28.72
0.580452,0.589000,-0.115000,-0.792000,-1.847000,-0.824000,1.053000,28.86
0.580872,0.571000,-0.123000,-0.782000,-1.893000,2.595000,0.473000,28.77
0.581286,0.579000,-0.099000,-0.799000,-2.366000,2.382000,0.198000,28.81
0.581702,0.579000,-0.106000,-0.803000,-2.534000,3.237000,0.214000,28.81
0.582126,0.582000,-0.109000,-0.797000,-2.153000,2.901000,-0.031000,28.86
0.582726,0.576000,-0.107000,-0.800000,-2.092000,2.504000,-0.031000,28.77
0.583174,0.584000,-0.112000,-0.798000,-2.092000,2.382000,-0.183000,28.72
0.583676,0.579000,-0.109000,-0.805000,-2.031000,2.595000,-0.122000,28.81
0.584287,0.584000,-0.106000,-0.799000,-2.290000,3.267000,-0.321000,28.77
0.584759,0.574000,-0.104000,-0.803000,-2.382000,3.634000,-0.305000,28.81
0.585212,0.583000,-0.109000,-0.802000,-2.443000,3.374000,-0.305000,28.81
0.585653,0.575000,-0.106000,-0.803000,-2.351000,2.901000,-0.565000,28.77
0.586086,0.575000,-0.106000,-0.805000,-2.137000,2.962000,-0.534000,28.77
0.586526,0.586000,-0.107000,-0.805000,-2.351000,2.901000,-0.397000,28.81
0.586968,0.581000,-0.108000,-0.806000,-2.366000,2.992000,-0.656000,28.81
0.587478,0.576000,-0.099000,-0.811000,-2.229000,3.221000,-0.550000,28.67
0.587950,0.575000,-0.117000,-0.799000,-2.458000,3.542000,-0.687000,28.77
0.588425,0.580000,-0.091000,-0.804000,-2.458000,3.542000,-0.779000,28.81
0.588869,0.575000,-0.113000,-0.794000,-2.504000,3.328000,-1.023000,28.81
0.589296,0.581000,-0.100000,-0.803000,-2.626000,3.160000,-0.977000,28.77
0.589716,0.578000,-0.120000,-0.798000,-2.901000,3.618000,-0.931000,28.81
0.590134,0.579000,-0.095000,-0.794000,-2.718000,3.466000,-1.267000,28.81
0.590562,0.582000,-0.098000,-0.795000,-2.855000,3.496000,-1.084000,28.77
0.590985,0.575000,-0.108000,-0.801000,-2.611000,3.511000,-0.977000,28.77
0.591397,0.578000,-0.101000,-0.805000,-2.855000,3.389000,-1.069000,28.72
0.591828,0.586000,-0.104000,-0.793000,-2.672000,3.221000,-0.992000,28.81
0.592279,0.582000,-0.097000,-0.805000,-2.427000,2.977000,-1.115000,28.77
0.592695,0.581000,-0.106000,-0.804000,-2.534000,3.176000,-0.840000,28.77
0.593109,0.580000,-0.091000,-0.803000,-2.427000,3.466000,-0.901000,28.72
0.593613,0.576000,-0.111000,-0.804000,-2.656000,3.282000,-0.443000,28.81
0.594193,0.582000,-0.097000,-0.800000,-2.290000,2.931000,-0.641000,28.86
0.594654,0.582000,-0.104000,-0.806000,-2.305000,3.160000,-0.687000,28.72
0.595089,0.576000,-0.103000,-0.804000,-2.214000,3.267000,-0.718000,28.72
0.595499,0.577000,-0.101000,-0.795000,-2.412000,3.313000,-0.916000,28.77
0.595921,0.587000,-0.102000,-0.799000,-2.183000,3.221000,-0.809000,28.86
0.596345,0.583000,-0.101000,-0.796000,-2.244000,3.099000,-0.794000,28.81
0.596762,0.584000,-0.105000,-0.801000,-1.969000,3.084000,-0.779000,28.81
0.597184,0.582000,-0.094000,-0.803000,-2.137000,3.008000,-0.733000,28.67
0.597607,0.581000,-0.102000,-0.806000,-2.061000,3.008000,-0.702000,28.86
0.598023,0.582000,-0.102000,-0.796000,-2.015000,3.130000,-0.550000,28.72
0.598443,0.580000,-0.102000,-0.796000,-1.847000,2.992000,-0.626000,28.77
0.598860,0.576000,-0.097000,-0.803000,-1.908000,3.206000,-0.534000,28.86
0.599279,0.581000,-0.104000,-0.799000,-1.969000,3.084000,-0.565000,28.72
0.599693,0.584000,-0.107000,-0.799000,-1.893000,2.992000,-0.595000,28.81
0.600109,0.583000,-0.102000,-0.803000,-2.107000,3.221000,-0.687000,28.77
0.600528,0.578000,-0.098000,-0.798000,-2.092000,2.947000,-0.748000,28.77
0.600944,0.583000,-0.099000,-0.801000,-2.229000,3.115000,-0.595000,28.81
0.601358,0.583000,-0.102000,-0.800000,-2.168000,3.008000,-0.916000,28.81
0.601774,0.585000,-0.102000,-0.798000,-2.260000,3.038000,-0.779000,28.86
0.602192,0.583000,-0.102000,-0.803000,-2.183000,2.916000,-0.779000,28.81
0.602612,0.581000,-0.100000,-0.803000,-2.015000,2.947000,-0.656000,28.81
0.603036,0.580000,-0.098000,-0.802000,-1.939000,2.855000,-0.763000,28.77
0.603537,0.582000,-0.102000,-0.801000,-1.847000,2.992000,-0.595000,28.77
0.604133,0.583000,-0.099000,-0.803000,-1.939000,2.947000,-0.687000,28.72
0.604582,0.581000,-0.102000,-0.802000,-2.092000,3.008000,-0.641000,28.81
0.605037,0.581000,-0.105000,-0.797000,-2.046000,3.115000,-0.931000,28.77
0.605482,0.576000,-0.097000,-0.796000,-2.107000,2.901000,-0.992000,28.86
0.605940,0.583000,-0.092000,-0.793000,-2.366000,3.099000,-0.885000,28.81
0.606393,0.574000,-0.098000,-0.804000,-1.939000,3.008000,-0.931000,28.77
0.606834,0.577000,-0.098000,-0.797000,-2.046000,3.511000,-0.901000,28.86
0.607377,0.581000,-0.104000,-0.800000,-2.153000,3.389000,-0.855000,28.81
0.607820,0.579000,-0.100000,-0.803000,-2.214000,3.221000,-0.977000,28.72
0.608234,0.575000,-0.145000,-0.801000,-1.985000,4.885000,-0.977000,28.77
0.608651,0.588000,-0.095000,-0.789000,-1.969000,2.382000,-1.191000,28.77
0.609071,0.580000,-0.104000,-0.794000,-2.504000,3.450000,-0.840000,28.72
0.609490,0.581000,-0.084000,-0.803000,-1.176000,1.939000,-0.855000,28.81
0.609912,0.591000,-0.097000,-0.794000,-1.542000,2.687000,-0.992000,28.77
0.610329,0.585000,-0.104000,-0.806000,-2.580000,2.595000,-1.237000,28.77
0.610747,0.584000,-0.098000,-0.796000,-2.809000,1.267000,-0.977000,28.81
0.611164,0.573000,-0.094000,-0.798000,-2.443000,2.443000,-0.779000,28.77
0.611577,0.581000,-0.102000,-0.808000,-2.153000,3.924000,-0.870000,28.72
0.611998,0.582000,-0.102000,-0.798000,-1.878000,4.763000,-0.779000,28.81
0.612413,0.581000,-0.104000,-0.804000,-1.771000,3.221000,-0.565000,28.81
0.612831,0.579000,-0.103000,-0.798000,-2.122000,2.107000,-0.748000,28.77
0.613249,0.580000,-0.103000,-0.802000,-2.015000,1.771000,-0.779000,28.77
0.613795,0.584000,-0.103000,-0.807000,-2.183000,2.519000,-0.840000,28.72
0.614430,0.585000,-0.098000,-0.800000,-2.000000,3.588000,-0.565000,28.81
0.614887,0.578000,-0.104000,-0.798000,-1.527000,3.420000,-0.656000,28.86
0.615350,0.584000,-0.100000,-0.800000,-1.511000,2.901000,-0.641000,28.86
0.615790,0.584000,-0.102000,-0.797000,-1.573000,2.321000,-0.550000,28.72
0.616225,0.577000,-0.102000,-0.803000,-1.542000,1.939000,-0.504000,28.72
0.616649,0.583000,-0.101000,-0.798000,-1.695000,1.954000,-0.550000,28.86
0.617082,0.581000,-0.099000,-0.798000,-1.939000,2.641000,-0.366000,28.81
0.617527,0.579000,-0.101000,-0.797000,-1.863000,2.656000,-0.748000,28.81
0.617950,0.585000,-0.098000,-0.796000,-2.031000,2.916000,-0.687000,28.77
0.618375,0.583000,-0.100000,-0.808000,-2.229000,2.763000,-0.748000,28.77
0.618795,0.542000,-0.131000,-0.792000,-1.023000,5.863000,1.115000,28.81
0.619218,0.641000,-0.019000,-0.775000,-2.763000,10.183000,2.229000,28.91
0.619633,0.479000,-0.269000,-0.831000,-0.824000,6.427000,8.458000,28.86
0.620056,0.598000,-0.069000,-0.855000,-2.305000,-2.870000,-1.435000,28.86
0.620482,0.570000,-0.139000,-0.800000,-1.313000,-5.420000,-1.038000,28.81
0.620903,0.575000,-0.147000,-0.778000,-2.122000,0.977000,0.382000,28.81
0.621336,0.585000,-0.107000,-0.774000,-0.122000,-0.290000,1.099000,28.77
0.621758,0.571000,-0.070000,-0.798000,-0.824000,-0.122000,0.229000,28.81
0.622425,0.593000,-0.107000,-0.798000,-0.122000,-1.588000,0.076000,28.91
0.623034,0.574000,-0.084000,-0.787000,-0.458000,-0.580000,0.458000,28.86
0.623550,0.567000,-0.104000,-0.808000,-0.305000,-0.382000,0.611000,28.77
0.624028,0.585000,-0.097000,-0.804000,0.824000,0.244000,0.519000,28.81
0.624473,0.573000,-0.101000,-0.803000,0.931000,2.229000,0.382000,28.81
0.624882,0.567000,-0.105000,-0.803000,0.489000,2.443000,0.412000,28.77
0.625295,0.563000,-0.099000,-0.815000,0.046000,3.206000,0.137000,28.77
0.625715,0.585000,-0.104000,-0.802000,-1.527000,1.802000,-1.328000,28.81
0.626137,0.585000,-0.093000,-0.801000,-1.588000,0.870000,-2.229000,28.81
0.626556,0.568000,-0.113000,-0.794000,-1.252000,-1.817000,-2.122000,28.77
0.626986,0.571000,-0.116000,-0.789000,-1.527000,-1.313000,-3.038000,28.77
0.627408,0.603000,-0.095000,-0.799000,-0.779000,-2.748000,-2.244000,28.81
0.627847,0.566000,-0.111000,-0.800000,1.115000,-1.924000,-0.962000,28.77
0.628274,0.562000,-0.105000,-0.821000,-1.252000,4.687000,-0.687000,28.77
0.628699,0.555000,-0.110000,-0.809000,-2.931000,13.206000,0.931000,28.91
0.629136,0.594000,-0.103000,-0.809000,-5.573000,16.504000,-0.260000,28.81
0.629565,0.586000,-0.085000,-0.785000,-5.069000,17.298000,-0.305000,28.86
0.629993,0.581000,-0.023000,-0.837000,-5.481000,9.985000,-1.893000,28.77
0.630408,0.569000,-0.073000,-0.742000,0.855000,6.855000,0.595000,28.81
0.630839,0.575000,-0.052000,-0.823000,1.038000,4.458000,0.107000,28.72
0.631255,0.606000,-0.073000,-0.729000,0.198000,4.763000,-0.153000,28.86
0.631672,0.565000,-0.066000,-0.774000,0.351000,-2.427000,-0.534000,28.86
0.632090,0.584000,-0.102000,-0.806000,-0.565000,-0.153000,-0.534000,28.91
0.632506,0.582000,-0.094000,-0.818000,0.031000,1.908000,-0.840000,28.81
0.632922,0.576000,-0.100000,-0.808000,0.015000,4.107000,-1.359000,28.77
0.633348,0.590000,-0.124000,-0.808000,-0.519000,3.420000,-0.763000,28.91
0.633871,0.578000,-0.134000,-0.788000,-1.008000,3.573000,-0.519000,28.81
0.634303,0.576000,-0.125000,-0.798000,-1.893000,4.122000,-1.359000,28.77
0.634726,0.577000,-0.116000,-0.799000,-1.893000,3.466000,-1.725000,28.86
0.635144,0.599000,-0.125000,-0.799000,-2.153000,0.198000,-2.550000,28.91
0.635571,0.575000,-0.044000,-0.798000,-0.351000,3.573000,-1.252000,28.81
0.635992,0.515000,-0.121000,-0.729000,-2.489000,5.145000,-2.046000,28.86
0.636420,0.562000,-0.084000,-0.827000,-4.031000,7.802000,-2.427000,28.77
0.636839,0.562000,-0.130000,-0.792000,-2.824000,7.450000,-2.840000,28.81
0.637254,0.591000,-0.096000,-0.800000,-3.771000,4.565000,-3.756000,28.81
0.637671,0.581000,-0.090000,-0.800000,-3.557000,5.221000,-3.603000,28.77
0.638093,0.626000,-0.053000,-0.810000,-5.420000,8.855000,-4.382000,28.81
0.638532,0.570000,-0.092000,-0.807000,-1.588000,2.489000,-2.916000,28.81
0.638966,0.620000,-0.067000,-0.770000,-0.824000,3.282000,-2.275000,28.81
0.639375,0.542000,-0.071000,-0.657000,6.641000,13.756000,8.244000,28.86
0.639788,0.560000,-0.149000,-0.843000,-3.985000,3.542000,0.794000,28.77
0.640218,0.629000,-0.361000,-0.825000,-7.847000,14.412000,-0.641000,28.81
0.640632,0.606000,0.069000,-0.862000,0.947000,-3.878000,0.366000,28.81
0.641039,0.584000,-0.223000,-0.739000,-1.496000,7.435000,1.191000,28.86
0.641453,0.566000,-0.063000,-0.796000,-4.534000,9.084000,0.916000,28.81
0.641890,0.599000,-0.087000,-0.800000,-2.519000,0.321000,0.168000,28.81
0.642305,0.582000,-0.041000,-0.805000,0.351000,-0.382000,0.321000,28.86
0.642708,0.591000,-0.102000,-0.785000,-0.794000,4.260000,0.137000,28.81
0.643147,0.586000,-0.090000,-0.798000,-0.473000,3.023000,0.137000,28.91
0.643692,0.580000,-0.101000,-0.800000,0.855000,2.122000,1.023000,28.81
0.644345,0.582000,-0.104000,-0.789000,1.435000,3.847000,1.740000,28.86
0.644799,0.578000,-0.108000,-0.789000,1.542000,4.992000,2.031000,28.86
0.645249,0.588000,-0.118000,-0.796000,0.977000,5.237000,1.893000,28.81
0.645702,0.587000,-0.114000,-0.799000,-0.107000,7.847000,2.229000,28.81
0.646142,0.587000,-0.120000,-0.797000,0.122000,4.931000,1.603000,28.77
0.646580,0.585000,-0.102000,-0.799000,-0.076000,4.443000,1.237000,28.77
0.647019,0.588000,-0.098000,-0.803000,-0.763000,3.206000,0.840000,28.81
0.647455,0.583000,-0.110000,-0.784000,-1.893000,3.771000,0.260000,28.81
0.647899,0.574000,-0.100000,-0.800000,-2.290000,2.626000,-0.443000,28.77
0.648501,0.577000,-0.127000,-0.788000,-1.221000,3.481000,0.321000,28.91
0.648951,0.585000,-0.100000,-0.800000,0.214000,3.740000,0.611000,28.72
0.649395,0.587000,-0.092000,-0.784000,-0.260000,4.214000,-0.427000,28.86
0.649835,0.586000,-0.107000,-0.793000,-0.885000,4.122000,-0.672000,28.86
0.650259,0.592000,-0.125000,-0.812000,-1.145000,5.099000,-0.718000,28.81
0.650704,0.575000,-0.107000,-0.798000,-0.809000,4.214000,-0.595000,28.81
0.651146,0.582000,-0.112000,-0.787000,-0.840000,3.740000,-0.840000,28.77
0.651585,0.578000,-0.103000,-0.800000,-0.550000,4.046000,-1.344000,28.77
0.652021,0.579000,-0.099000,-0.806000,-0.382000,3.954000,-1.939000,28.81
0.652464,0.581000,-0.101000,-0.795000,-0.473000,2.687000,-1.771000,28.72
0.652979,0.590000,-0.122000,-0.794000,0.198000,3.695000,-0.672000,28.86
0.653438,0.594000,-0.124000,-0.793000,0.534000,4.534000,-0.137000,28.77
0.653975,0.594000,-0.117000,-0.791000,-0.275000,5.053000,-0.443000,28.81
0.654605,0.483000,-0.143000,-0.792000,-10.733000,35.954000,-1.252000,28.72
0.655069,0.567000,-0.105000,-0.774000,-0.214000,9.328000,-2.198000,28.86
0.655504,0.594000,-0.117000,-0.785000,-2.031000,4.672000,-2.611000,28.72
0.655920,0.598000,-0.101000,-0.799000,-1.710000,2.748000,-2.748000,28.81
0.656338,0.592000,-0.100000,-0.802000,-1.420000,2.718000,-2.305000,28.77
0.656761,0.582000,-0.089000,-0.804000,-1.160000,2.718000,-1.557000,28.77
0.657177,0.576000,-0.099000,-0.799000,-0.321000,1.649000,-0.763000,28.91
0.657600,0.591000,-0.113000,-0.802000,-0.168000,2.015000,-0.336000,28.81
0.658013,0.591000,-0.102000,-0.799000,-0.137000,1.908000,-0.092000,28.86
0.658424,0.589000,-0.112000,-0.797000,0.305000,2.229000,0.412000,28.86
0.658833,0.592000,-0.111000,-0.788000,0.031000,2.977000,0.718000,28.81
0.659253,0.599000,-0.114000,-0.782000,0.183000,3.145000,0.076000,28.81
0.659682,0.599000,-0.127000,-0.793000,-2.244000,4.397000,-0.290000,28.86
0.660209,0.591000,-0.102000,-0.788000,-0.458000,4.519000,-1.008000,28.91
0.660666,0.591000,-0.114000,-0.793000,-1.130000,4.794000,-0.870000,28.91
0.661110,0.599000,-0.109000,-0.793000,-1.496000,4.626000,-1.084000,28.86
0.661551,0.594000,-0.111000,-0.792000,-1.282000,2.656000,-1.313000,28.77
0.662262,0.592000,-0.110000,-0.785000,-1.145000,1.313000,-1.420000,28.81
0.662847,0.586000,-0.104000,-0.795000,-0.626000,1.267000,-0.916000,28.91
0.663318,0.596000,-0.107000,-0.801000,0.000000,0.977000,-0.458000,28.86
0.663782,0.578000,-0.115000,-0.799000,-0.733000,4.321000,-0.046000,28.77
0.664238,0.562000,-0.127000,-0.774000,-0.824000,8.382000,1.038000,28.91
0.664701,0.587000,-0.097000,-0.790000,-1.389000,7.573000,0.137000,28.91
0.665455,0.591000,-0.104000,-0.802000,-0.214000,3.252000,0.550000,28.86
0.665977,0.592000,-0.109000,-0.796000,0.626000,1.221000,0.794000,28.91
0.666465,0.582000,-0.141000,-0.767000,0.550000,2.046000,-0.168000,28.81
0.666912,0.615000,-0.131000,-0.777000,-1.832000,8.076000,-0.229000,28.81
0.667347,0.588000,-0.102000,-0.794000,-0.336000,4.412000,-0.702000,28.86
0.667775,0.591000,-0.104000,-0.798000,-0.580000,4.061000,-0.824000,28.86
0.668244,0.595000,-0.129000,-0.782000,-1.985000,4.824000,-1.084000,28.91
0.668661,0.588000,-0.110000,-0.794000,-1.298000,4.168000,-0.794000,28.77
0.669084,0.592000,-0.115000,-0.790000,-1.252000,4.763000,-0.901000,28.86
0.669574,0.589000,-0.116000,-0.797000,-1.618000,4.916000,-1.237000,28.81
0.670040,0.588000,-0.114000,-0.792000,-1.588000,4.809000,-1.313000,28.81
0.670476,0.598000,-0.113000,-0.797000,-1.511000,4.366000,-1.038000,28.86
0.670914,0.598000,-0.109000,-0.791000,-1.389000,4.595000,-0.870000,28.91
0.671340,0.594000,-0.108000,-0.788000,-1.634000,4.595000,-0.855000,28.91
0.671759,0.580000,-0.120000,-0.792000,-1.145000,4.702000,-0.748000,28.81
0.672175,0.600000,-0.117000,-0.792000,-1.695000,4.870000,-0.840000,28.86
0.672601,0.596000,-0.108000,-0.792000,-1.557000,4.748000,-1.053000,28.86
0.673028,0.587000,-0.118000,-0.795000,-1.756000,4.580000,-1.069000,28.81
0.673620,0.592000,-0.125000,-0.785000,-1.802000,4.794000,-1.084000,28.86
0.674152,0.599000,-0.112000,-0.782000,-2.000000,4.656000,-1.237000,28.77
0.674639,0.599000,-0.109000,-0.793000,-1.695000,4.687000,-1.237000,28.91
0.675328,0.601000,-0.118000,-0.775000,-1.924000,4.443000,-0.885000,28.91
0.675858,0.582000,-0.099000,-0.785000,-1.954000,4.519000,-1.008000,28.77
0.676308,0.598000,-0.106000,-0.786000,-1.985000,3.527000,-0.809000,28.81
0.676758,0.597000,-0.119000,-0.797000,-2.153000,3.695000,-0.718000,28.91
0.677205,0.597000,-0.103000,-0.780000,-2.168000,3.908000,-0.534000,28.91
0.677679,0.596000,-0.110000,-0.787000,-2.061000,3.481000,-0.534000,28.86
0.678139,0.596000,-0.113000,-0.788000,-1.924000,3.160000,-0.305000,28.86
0.678559,0.595000,-0.106000,-0.795000,-2.076000,3.206000,-0.153000,28.81
0.678972,0.602000,-0.117000,-0.798000,-1.893000,2.992000,0.153000,28.86
0.679385,0.603000,-0.110000,-0.785000,-1.771000,2.809000,0.229000,28.86
0.679801,0.593000,-0.109000,-0.789000,-1.603000,2.870000,0.122000,28.81
0.680215,0.592000,-0.118000,-0.791000,-1.817000,2.733000,0.229000,28.81
0.680624,0.597000,-0.121000,-0.794000,-2.031000,2.702000,0.168000,28.86
0.681038,0.594000,-0.115000,-0.784000,-2.076000,2.504000,0.153000,28.81
0.681452,0.597000,-0.115000,-0.785000,-1.908000,2.366000,0.168000,28.81
0.681872,0.593000,-0.120000,-0.790000,-1.939000,2.412000,0.168000,28.81
0.682308,0.592000,-0.118000,-0.788000,-2.107000,2.107000,0.183000,28.77
0.682742,0.597000,-0.114000,-0.788000,-1.969000,1.924000,0.092000,28.86
0.683153,0.598000,-0.115000,-0.786000,-1.924000,1.954000,0.046000,28.91
0.683562,0.595000,-0.115000,-0.790000,-1.817000,1.832000,0.122000,28.81
0.683982,0.592000,-0.114000,-0.791000,-1.985000,1.725000,0.153000,28.86
0.684412,0.591000,-0.114000,-0.792000,-2.000000,1.695000,0.260000,28.77
0.684972,0.593000,-0.112000,-0.798000,-2.122000,1.710000,0.046000,28.91
0.685676,0.597000,-0.115000,-0.787000,-2.198000,1.710000,0.168000,28.95
0.686135,0.591000,-0.117000,-0.792000,-2.290000,1.756000,-0.076000,28.77
0.686555,0.595000,-0.118000,-0.794000,-2.473000,1.985000,-0.198000,28.91
0.686980,0.590000,-0.116000,-0.793000,-2.672000,1.863000,-0.122000,28.81
0.687392,0.601000,-0.118000,-0.795000,-2.763000,2.000000,-0.092000,28.86
0.687816,0.598000,-0.110000,-0.789000,-2.321000,1.939000,-0.092000,28.95
0.688242,0.591000,-0.118000,-0.789000,-2.351000,1.786000,-0.046000,28.81
0.688651,0.592000,-0.117000,-0.782000,-2.504000,2.107000,0.031000,28.81
0.689069,0.596000,-0.121000,-0.792000,-2.641000,2.031000,-0.244000,28.95
0.689482,0.599000,-0.111000,-0.788000,-2.840000,1.740000,-0.137000,28.86
0.689896,0.594000,-0.107000,-0.793000,-2.718000,1.878000,0.015000,28.91
0.690320,0.589000,-0.121000,-0.791000,-2.595000,2.031000,-0.229000,28.86
0.690752,0.592000,-0.113000,-0.791000,-2.427000,2.015000,-0.351000,28.86
0.691199,0.597000,-0.109000,-0.787000,-2.504000,2.183000,-0.168000,28.81
0.691624,0.591000,-0.110000,-0.789000,-2.580000,2.397000,-0.214000,28.72
0.692039,0.585000,-0.121000,-0.784000,-2.519000,2.565000,-0.443000,28.95
0.692459,0.585000,-0.119000,-0.794000,-2.519000,2.534000,-0.718000,28.86
0.692875,0.593000,-0.116000,-0.788000,-2.565000,2.153000,-0.824000,28.81
0.693293,0.592000,-0.118000,-0.784000,-2.687000,2.260000,-0.840000,28.91
0.693747,0.591000,-0.115000,-0.792000,-2.489000,2.534000,-0.870000,28.86
0.694157,0.592000,-0.117000,-0.784000,-2.901000,2.733000,-0.962000,28.86
0.694750,0.588000,-0.117000,-0.791000,-2.840000,2.626000,-1.038000,28.81
0.695393,0.591000,-0.113000,-0.787000,-2.824000,2.427000,-1.069000,28.81
0.695879,0.591000,-0.109000,-0.792000,-3.069000,2.473000,-1.130000,28.86
0.696396,0.599000,-0.108000,-0.789000,-3.023000,2.168000,-1.252000,28.91
0.696842,0.598000,-0.113000,-0.786000,-2.794000,2.473000,-1.176000,28.91
0.697261,0.592000,-0.110000,-0.792000,-2.763000,2.473000,-1.145000,28.95
0.697684,0.587000,-0.113000,-0.786000,-2.718000,2.000000,-0.809000,28.86
0.698107,0.589000,-0.105000,-0.792000,-2.595000,2.137000,-0.824000,28.72
0.698547,0.585000,-0.120000,-0.789000,-2.412000,2.061000,-0.779000,28.91
0.698968,0.589000,-0.114000,-0.791000,-2.305000,2.153000,-0.702000,28.86
0.699381,0.584000,-0.109000,-0.786000,-2.000000,2.031000,-0.595000,28.95
0.699793,0.593000,-0.114000,-0.787000,-2.275000,2.214000,-0.397000,28.81
0.700204,0.589000,-0.110000,-0.804000,-2.153000,2.260000,-0.412000,28.81
0.700619,0.590000,-0.109000,-0.790000,-2.275000,2.382000,-0.366000,28.86
0.701051,0.597000,-0.104000,-0.786000,-1.954000,2.321000,-0.076000,28.86
0.701469,0.599000,-0.114000,-0.795000,-1.924000,2.061000,0.000000,28.91
0.701876,0.589000,-0.104000,-0.787000,-1.282000,1.618000,0.015000,28.81
0.702286,0.591000,-0.114000,-0.781000,-1.893000,1.939000,0.046000,28.86
0.702707,0.594000,-0.119000,-0.798000,-1.908000,1.908000,0.015000,28.81
0.703134,0.586000,-0.111000,-0.796000,-1.725000,1.328000,-0.107000,28.91
0.703545,0.585000,-0.114000,-0.801000,-1.969000,1.786000,0.046000,28.86
0.703969,0.589000,-0.112000,-0.787000,-1.863000,1.863000,-0.092000,28.77
0.704386,0.582000,-0.112000,-0.791000,-1.725000,1.771000,0.137000,28.81
0.704919,0.583000,-0.110000,-0.804000,-1.466000,2.046000,-0.305000,28.91
0.705567,0.588000,-0.112000,-0.799000,-1.863000,2.305000,-0.397000,28.77
0.706053,0.585000,-0.117000,-0.783000,-1.954000,2.977000,-0.534000,28.86
0.706506,0.588000,-0.109000,-0.790000,-1.939000,2.397000,-0.641000,28.91
0.706925,0.593000,-0.106000,-0.795000,-1.832000,2.351000,-0.626000,28.86
0.707348,0.586000,-0.104000,-0.795000,-1.634000,2.992000,-0.611000,28.86
0.707773,0.588000,-0.106000,-0.795000,-1.099000,2.794000,-0.412000,28.91
0.708189,0.597000,-0.095000,-0.795000,-0.641000,2.260000,-0.046000,28.91
0.708614,0.587000,-0.114000,-0.796000,-0.489000,2.336000,0.198000,28.95
0.709028,0.554000,-0.109000,-0.825000,0.672000,-0.947000,1.038000,28.86
0.709445,0.604000,-0.107000,-0.804000,0.336000,0.397000,0.947000,28.91
0.709861,0.577000,-0.074000,-0.781000,1.008000,1.344000,1.176000,28.81
0.710263,0.605000,-0.127000,-0.788000,0.992000,1.649000,1.450000,28.86
0.710671,0.579000,-0.137000,-0.823000,2.107000,-1.695000,1.573000,28.86
0.711091,0.573000,-0.083000,-0.789000,1.939000,-2.977000,0.992000,28.91
0.711496,0.562000,-0.118000,-0.812000,0.473000,3.313000,1.496000,28.91
0.711912,0.574000,-0.181000,-0.781000,-0.611000,-0.809000,1.603000,28.86
0.712332,0.557000,-0.153000,-0.805000,-0.031000,2.427000,1.420000,28.91
0.712738,0.558000,-0.160000,-0.813000,-0.229000,-0.489000,2.458000,28.91
0.713152,0.551000,-0.106000,-0.827000,0.443000,-2.672000,-0.015000,28.86
0.713581,0.580000,-0.162000,-0.805000,-1.496000,4.550000,-0.565000,28.86
0.714000,0.561000,-0.096000,-0.796000,1.725000,-6.397000,-0.443000,28.81
0.714407,0.553000,-0.076000,-0.967000,-7.450000,-5.939000,0.916000,28.91
0.714951,0.782000,0.354000,-0.385000,0.336000,17.450000,2.168000,28.95
0.715630,1.060000,0.668000,-0.532000,-4.702000,-3.756000,-10.794000,28.86
0.716179,0.507000,0.067000,-0.511000,-33.420000,101.023000,-0.809000,28.81
0.716626,0.435000,-0.185000,-0.427000,-19.557000,108.794000,0.122000,28.91
0.717044,0.737000,-0.137000,-0.937000,-37.023000,32.214000,0.473000,28.86
0.717461,0.619000,-0.054000,-0.856000,-2.092000,-18.000000,0.137000,28.81
0.717878,0.631000,-0.141000,-0.679000,9.588000,-12.382000,-0.519000,28.91
0.718286,0.578000,-0.124000,-0.788000,0.290000,-0.290000,-1.130000,28.91
0.718735,0.595000,-0.147000,-0.777000,-4.534000,8.458000,-1.847000,28.95
0.719151,0.602000,-0.110000,-0.785000,-5.878000,3.710000,-2.733000,28.77
0.719585,0.618000,-0.120000,-0.817000,-3.542000,-3.099000,-3.115000,28.91
0.720000,0.622000,-0.120000,-0.751000,3.267000,-11.206000,-4.290000,28.91
0.720417,0.604000,-0.097000,-0.770000,0.611000,-6.580000,-3.206000,28.86
0.720845,0.598000,-0.097000,-0.792000,-2.809000,-0.046000,-3.389000,28.86
0.721264,0.634000,-0.118000,-0.779000,-3.573000,4.809000,-2.962000,28.91
0.721681,0.610000,-0.085000,-0.769000,-3.542000,6.779000,-3.053000,28.95
0.722091,0.616000,-0.090000,-0.790000,-3.069000,4.275000,-2.473000,28.86
0.722512,0.639000,-0.088000,-0.796000,5.237000,-7.053000,-2.198000,28.81
0.722927,0.591000,-0.090000,-0.768000,4.779000,-7.008000,-0.916000,28.81
0.723344,0.579000,-0.088000,-0.759000,7.771000,-17.466000,-1.832000,28.95
0.723764,0.571000,-0.114000,-0.762000,1.145000,-0.611000,-0.824000,28.86
0.724186,0.577000,-0.119000,-0.794000,-2.565000,5.863000,-0.351000,28.81
0.724608,0.608000,-0.095000,-0.810000,-3.008000,3.740000,-0.901000,28.91
0.725166,0.619000,-0.104000,-0.801000,-2.031000,11.099000,-0.351000,28.95
0.725799,0.611000,-0.100000,-0.773000,-2.351000,11.832000,0.427000,28.86
0.726279,0.619000,-0.084000,-0.794000,-1.160000,10.000000,0.290000,28.91
0.726713,0.610000,-0.098000,-0.772000,0.504000,10.015000,0.489000,28.81
0.727125,0.612000,-0.109000,-0.772000,-0.015000,8.702000,0.656000,28.95
0.727535,0.613000,-0.105000,-0.778000,1.130000,7.786000,0.519000,28.81
0.727944,0.632000,-0.108000,-0.771000,0.870000,5.344000,0.107000,28.91
0.728350,0.628000,-0.104000,-0.780000,0.580000,1.618000,0.168000,28.86
0.728770,0.630000,-0.099000,-0.769000,0.366000,0.260000,0.687000,28.95
0.729177,0.584000,-0.109000,-0.777000,2.290000,-0.565000,0.992000,28.91
0.729589,0.519000,-0.162000,-0.799000,-3.847000,8.519000,-0.382000,28.91
0.730005,0.553000,-0.141000,-0.783000,1.374000,10.763000,-3.038000,28.86
0.730417,0.589000,-0.145000,-0.747000,2.626000,7.176000,-4.275000,28.86
0.730829,0.592000,-0.132000,-0.791000,2.198000,11.282000,-5.496000,28.91
0.731248,0.618000,-0.141000,-0.789000,2.840000,12.794000,-5.786000,28.91
0.731664,0.654000,-0.123000,-0.870000,12.290000,-6.733000,-6.855000,28.86
0.732093,0.463000,-0.231000,-0.791000,31.786000,-39.740000,1.099000,28.86
0.732520,0.725000,-0.118000,-1.045000,20.702000,-4.687000,-8.870000,28.81
0.732935,0.736000,-0.179000,-0.527000,-8.351000,-13.099000,-4.443000,28.91
0.733357,0.830000,-0.003000,-0.783000,39.695000,-75.496000,-10.229000,28.86
0.733781,0.647000,-0.098000,-0.793000,8.366000,-20.748000,-3.847000,28.81
0.734205,0.464000,-0.077000,-0.720000,2.336000,0.626000,-3.282000,28.91
0.734615,0.815000,-0.107000,-0.940000,-5.908000,7.420000,-3.481000,28.86
0.735164,0.611000,-0.146000,-0.674000,3.832000,-26.855000,-2.366000,28.86
0.735805,0.630000,-0.103000,-0.795000,-4.397000,-3.710000,-2.183000,28.91
0.736338,0.608000,-0.127000,-0.782000,-1.695000,-1.206000,-2.870000,28.81
0.736827,0.608000,-0.126000,-0.783000,0.229000,-5.435000,-2.855000,28.86
0.737288,0.607000,-0.118000,-0.789000,-0.015000,-5.481000,-2.580000,28.95
0.737739,0.613000,-0.124000,-0.789000,-0.137000,-6.580000,-2.412000,28.91
0.738184,0.600000,-0.118000,-0.791000,0.153000,-5.832000,-2.473000,28.86
0.738638,0.597000,-0.109000,-0.793000,-0.947000,-4.229000,-2.061000,28.86
0.739078,0.594000,-0.116000,-0.791000,-1.893000,-2.840000,-1.908000,28.91
0.739522,0.597000,-0.107000,-0.791000,-2.718000,-1.969000,-2.336000,28.91
0.740030,0.606000,-0.111000,-0.791000,-2.901000,-0.916000,-2.321000,28.86
0.740488,0.598000,-0.113000,-0.796000,-3.649000,-0.321000,-2.305000,28.95
0.740972,0.601000,-0.117000,-0.804000,-4.198000,0.565000,-2.198000,28.91
0.741416,0.595000,-0.112000,-0.793000,-4.458000,1.130000,-2.153000,28.91
0.741839,0.595000,-0.122000,-0.798000,-4.763000,2.351000,-2.550000,28.86
0.742259,0.599000,-0.120000,-0.782000,-4.962000,4.290000,-2.962000,28.91
0.742674,0.596000,-0.109000,-0.790000,-5.618000,4.260000,-3.237000,28.91
0.743099,0.595000,-0.109000,-0.794000,-4.809000,3.115000,-3.298000,28.86
0.743548,0.589000,-0.117000,-0.791000,-4.916000,2.046000,-3.023000,28.86
0.743971,0.589000,-0.105000,-0.792000,-5.450000,1.725000,-3.053000,28.91
0.744391,0.588000,-0.113000,-0.798000,-5.145000,1.191000,-2.962000,28.81
0.744809,0.596000,-0.104000,-0.786000,-5.466000,0.870000,-2.870000,28.95
0.745362,0.592000,-0.096000,-0.802000,-5.527000,0.565000,-2.336000,28.95
0.745987,0.594000,-0.097000,-0.796000,-5.023000,0.015000,-2.214000,28.91
0.746431,0.600000,-0.088000,-0.800000,-4.504000,-0.489000,-1.756000,28.81
0.746860,0.581000,-0.099000,-0.797000,-4.305000,-0.763000,-1.282000,28.95
0.747292,0.582000,-0.096000,-0.795000,-3.740000,-1.359000,-0.870000,28.91
0.747716,0.583000,-0.103000,-0.796000,-2.580000,-2.321000,-0.855000,28.81
0.748141,0.585000,-0.100000,-0.787000,-1.969000,-2.641000,-0.550000,28.86
0.748558,0.579000,-0.107000,-0.794000,-1.038000,-2.840000,-0.809000,28.86
0.748978,0.578000,-0.103000,-0.809000,-0.641000,-2.534000,-0.702000,28.91
0.749395,0.584000,-0.104000,-0.803000,-1.252000,-2.153000,-0.565000,28.91
0.749822,0.577000,-0.097000,-0.788000,-1.237000,-1.084000,-0.550000,28.86
0.750239,0.581000,-0.094000,-0.800000,-1.405000,-0.641000,-0.168000,28.95
0.750647,0.590000,-0.097000,-0.805000,-2.107000,0.718000,0.107000,28.91
0.751074,0.583000,-0.096000,-0.797000,-2.198000,1.038000,0.122000,29.00
0.751484,0.585000,-0.095000,-0.807000,-3.069000,2.565000,0.366000,28.95
0.751889,0.581000,-0.104000,-0.802000,-3.435000,3.588000,0.611000,28.91
0.752303,0.584000,-0.103000,-0.801000,-3.130000,3.893000,0.885000,28.91
0.752714,0.589000,-0.100000,-0.799000,-2.779000,4.122000,1.084000,28.95
0.753127,0.588000,-0.101000,-0.807000,-2.076000,4.672000,1.344000,28.95
0.753534,0.583000,-0.105000,-0.803000,-1.786000,5.176000,1.405000,28.91
0.753949,0.586000,-0.111000,-0.801000,-1.298000,4.443000,1.359000,28.91
0.754370,0.578000,-0.106000,-0.800000,-1.344000,3.573000,1.008000,29.05
0.754778,0.578000,-0.117000,-0.805000,-1.725000,2.840000,0.916000,28.86
0.755246,0.585000,-0.103000,-0.801000,-1.664000,1.771000,0.733000,28.91
0.755679,0.582000,-0.110000,-0.797000,-1.618000,1.023000,0.580000,28.91
0.756290,0.581000,-0.109000,-0.788000,-1.344000,-0.061000,0.519000,28.86
0.757016,0.581000,-0.111000,-0.806000,-0.901000,-0.458000,0.366000,28.95
0.757525,0.582000,-0.111000,-0.804000,0.000000,-1.221000,0.397000,28.91
0.757949,0.573000,-0.113000,-0.799000,-0.595000,0.489000,0.137000,28.86
0.758367,0.576000,-0.110000,-0.809000,-0.489000,1.496000,0.076000,28.95
0.758805,0.574000,-0.111000,-0.797000,-0.733000,2.580000,-0.061000,28.81
0.759237,0.571000,-0.112000,-0.809000,-1.435000,3.237000,-0.580000,28.81
0.759660,0.573000,-0.117000,-0.793000,-1.740000,4.412000,-0.702000,28.95
0.760089,0.583000,-0.109000,-0.795000,-1.893000,4.611000,-0.641000,28.86
0.760510,0.582000,-0.102000,-0.804000,-2.397000,4.519000,-0.870000,28.91
0.760931,0.588000,-0.108000,-0.806000,-2.351000,4.336000,-0.870000,29.00
0.761343,0.585000,-0.113000,-0.800000,-2.595000,3.969000,-0.702000,28.95
0.761767,0.588000,-0.108000,-0.801000,-2.611000,3.374000,-0.885000,28.95
0.762190,0.586000,-0.118000,-0.802000,-2.626000,3.038000,-0.931000,28.91
0.762607,0.590000,-0.096000,-0.805000,-2.260000,3.069000,-0.626000,28.91
0.763023,0.586000,-0.096000,-0.807000,-2.092000,3.008000,-0.214000,28.95
0.763435,0.586000,-0.104000,-0.806000,-1.527000,3.252000,0.351000,28.81
0.763847,0.579000,-0.104000,-0.802000,-0.947000,3.084000,0.809000,28.91
0.764257,0.588000,-0.099000,-0.806000,-1.038000,3.252000,0.901000,28.86
0.764674,0.592000,-0.109000,-0.801000,-0.794000,3.420000,1.176000,28.95
0.765088,0.583000,-0.107000,-0.807000,-0.565000,2.962000,1.481000,28.91
0.765553,0.586000,-0.109000,-0.806000,-0.397000,3.511000,1.756000,29.00
0.765995,0.583000,-0.109000,-0.804000,0.061000,3.649000,2.000000,28.86
0.766421,0.583000,-0.123000,-0.800000,-0.580000,3.740000,1.740000,28.86
0.766947,0.576000,-0.109000,-0.791000,-1.038000,4.198000,1.527000,28.91
0.767561,0.580000,-0.118000,-0.799000,-2.092000,3.664000,1.176000,28.91
0.768088,0.585000,-0.114000,-0.802000,-2.550000,4.229000,0.947000,28.86
0.768600,0.581000,-0.117000,-0.796000,-3.191000,3.924000,0.626000,28.91
0.769049,0.596000,-0.115000,-0.797000,-4.015000,4.168000,0.305000,28.91
0.769471,0.593000,-0.110000,-0.808000,-4.092000,3.832000,0.580000,28.86
0.769900,0.578000,-0.115000,-0.797000,-4.382000,3.954000,0.168000,28.86
0.770314,0.579000,-0.115000,-0.802000,-4.107000,3.634000,0.290000,28.81
0.770731,0.580000,-0.101000,-0.805000,-4.168000,3.695000,0.641000,29.00
0.771147,0.584000,-0.109000,-0.799000,-3.695000,3.802000,0.779000,28.95
0.771563,0.580000,-0.103000,-0.803000,-3.832000,3.969000,0.718000,28.86
0.771984,0.582000,-0.102000,-0.800000,-3.145000,4.244000,0.931000,28.91
0.772397,0.582000,-0.105000,-0.807000,-3.008000,4.229000,1.237000,28.81
0.772815,0.581000,-0.107000,-0.796000,-2.427000,4.595000,1.267000,28.95
0.773279,0.579000,-0.117000,-0.813000,-2.076000,5.435000,1.313000,28.91
0.773900,0.584000,-0.109000,-0.803000,-1.740000,5.893000,1.267000,28.91
0.774345,0.582000,-0.112000,-0.795000,-1.847000,6.870000,1.282000,29.00
0.774775,0.572000,-0.119000,-0.790000,-2.992000,6.809000,0.611000,28.86
0.775190,0.571000,-0.123000,-0.781000,-3.496000,6.595000,0.107000,28.91
0.775632,0.585000,-0.120000,-0.792000,-3.832000,6.046000,-0.580000,29.00
0.776046,0.589000,-0.116000,-0.823000,-2.794000,3.496000,-1.588000,28.86
0.776465,0.579000,-0.127000,-0.787000,-6.885000,8.824000,-1.389000,28.86
0.776998,0.584000,-0.119000,-0.787000,-5.053000,5.099000,-1.771000,28.91
0.777623,0.572000,-0.120000,-0.823000,-4.702000,8.779000,-1.817000,28.91
0.778133,0.594000,-0.105000,-0.820000,-5.053000,4.641000,-1.374000,28.95
0.778635,0.594000,-0.112000,-0.780000,-3.130000,1.634000,-1.298000,28.91
0.779106,0.595000,-0.116000,-0.816000,-2.916000,0.244000,-1.099000,28.91
0.779588,0.591000,-0.120000,-0.802000,-2.763000,-0.061000,-1.206000,28.91
0.780031,0.588000,-0.122000,-0.809000,-3.191000,1.344000,-1.069000,28.86
0.780471,0.586000,-0.108000,-0.822000,-3.282000,2.916000,-0.855000,28.86
0.780900,0.582000,-0.086000,-0.790000,-2.153000,3.221000,-0.962000,28.91
0.781324,0.579000,-0.081000,-0.816000,-1.344000,3.710000,-0.870000,28.86
0.781815,0.588000,-0.098000,-0.793000,-1.084000,4.260000,-0.580000,28.95
0.782253,0.607000,-0.103000,-0.780000,0.153000,1.511000,-0.168000,28.91
0.782684,0.583000,-0.114000,-0.802000,-0.992000,3.130000,0.107000,29.00
0.783124,0.582000,-0.114000,-0.809000,-0.382000,2.641000,-0.290000,28.95
0.783543,0.582000,-0.114000,-0.788000,-1.252000,1.954000,0.015000,28.81
0.783978,0.575000,-0.104000,-0.786000,-0.916000,1.496000,0.183000,28.91
0.784407,0.563000,-0.117000,-0.849000,-3.176000,6.641000,-0.092000,28.91
0.784830,0.576000,-0.083000,-0.763000,4.031000,3.695000,0.473000,28.86
0.785256,0.578000,-0.144000,-0.787000,1.176000,3.282000,0.565000,28.86
0.785681,0.582000,-0.112000,-0.806000,-2.412000,9.786000,0.275000,29.00
0.786102,0.587000,-0.117000,-0.782000,-1.893000,8.305000,-0.107000,28.81
0.786531,0.571000,-0.129000,-0.808000,-4.580000,5.130000,-0.885000,28.95
0.787050,0.588000,-0.123000,-0.801000,-3.160000,3.908000,-1.450000,28.95
0.787661,0.594000,-0.131000,-0.783000,-2.382000,3.435000,-2.092000,28.91
0.788180,0.584000,-0.127000,-0.787000,-3.710000,6.611000,-2.366000,29.05
0.788654,0.602000,-0.115000,-0.804000,-3.679000,5.847000,-2.779000,28.91
0.789108,0.599000,-0.107000,-0.786000,-3.176000,6.809000,-2.260000,28.81
0.789558,0.599000,-0.103000,-0.792000,-3.038000,5.557000,-2.168000,29.00
0.790061,0.599000,-0.104000,-0.789000,-2.840000,5.008000,-1.557000,28.86
0.790529,0.598000,-0.106000,-0.799000,-2.321000,3.130000,-1.160000,28.86
0.790953,0.598000,-0.104000,-0.785000,-1.374000,2.168000,-0.672000,28.91
0.791368,0.597000,-0.103000,-0.787000,-1.053000,2.183000,-0.015000,28.91
0.791780,0.591000,-0.107000,-0.804000,-0.718000,3.099000,0.504000,28.95
0.792197,0.589000,-0.108000,-0.804000,-0.611000,3.435000,0.733000,28.95
0.792610,0.578000,-0.119000,-0.791000,0.412000,3.603000,0.687000,28.91
0.793043,0.574000,-0.119000,-0.806000,-0.321000,5.710000,0.015000,28.95
0.793458,0.575000,-0.128000,-0.782000,-0.321000,5.527000,-0.550000,28.86
0.793873,0.590000,-0.113000,-0.782000,-0.626000,5.679000,-0.733000,29.00
0.794335,0.591000,-0.112000,-0.791000,-2.641000,6.947000,-1.359000,29.00
0.794747,0.599000,-0.113000,-0.809000,-2.122000,7.802000,-1.008000,28.86
0.795164,0.593000,-0.107000,-0.781000,-1.679000,7.496000,-0.977000,28.95
0.795580,0.599000,-0.096000,-0.792000,-2.198000,7.389000,-0.763000,28.91
0.796001,0.595000,-0.104000,-0.793000,-2.107000,8.580000,-0.641000,29.00
0.796413,0.607000,-0.104000,-0.777000,-1.740000,8.626000,-0.076000,28.95
0.796936,0.607000,-0.098000,-0.786000,-0.351000,7.023000,0.000000,28.95
0.797556,0.606000,-0.101000,-0.785000,-2.427000,6.198000,0.840000,28.81
0.798052,0.585000,-0.098000,-0.791000,-0.870000,4.092000,1.221000,28.91
0.798492,0.584000,-0.108000,-0.815000,-0.702000,4.458000,1.588000,28.86
0.798933,0.594000,-0.103000,-0.830000,-0.977000,4.244000,1.618000,28.91
0.799351,0.605000,-0.105000,-0.780000,0.015000,4.840000,1.359000,29.00
0.799770,0.598000,-0.111000,-0.779000,-0.366000,4.977000,1.527000,28.95
0.800187,0.598000,-0.114000,-0.801000,-1.267000,5.664000,1.450000,28.95
0.800604,0.592000,-0.119000,-0.802000,0.183000,4.275000,0.824000,28.91
0.801029,0.590000,-0.130000,-0.799000,-1.313000,4.458000,0.336000,28.91
0.801462,0.590000,-0.135000,-0.786000,-2.412000,3.817000,-0.183000,28.86
0.801882,0.597000,-0.126000,-0.778000,-1.435000,3.405000,-0.656000,29.05
0.802303,0.598000,-0.120000,-0.785000,-1.252000,3.359000,-1.130000,29.00
0.802720,0.602000,-0.122000,-0.779000,-2.427000,2.656000,-1.176000,28.81
0.803145,0.608000,-0.114000,-0.781000,-2.580000,2.214000,-0.916000,28.86
0.803560,0.605000,-0.104000,-0.779000,-2.229000,1.634000,-0.748000,28.95
0.803990,0.601000,-0.106000,-0.783000,-2.244000,0.870000,-0.580000,28.81
0.804412,0.601000,-0.104000,-0.781000,-1.832000,0.794000,-0.351000,28.91
0.804834,0.601000,-0.112000,-0.790000,-1.405000,-0.107000,-0.061000,28.86
0.805256,0.599000,-0.108000,-0.787000,-1.450000,-0.504000,-0.214000,29.00
0.805673,0.592000,-0.118000,-0.796000,-1.466000,-0.733000,-0.031000,28.91
0.806102,0.594000,-0.116000,-0.793000,-1.618000,-0.412000,-0.580000,28.95
0.806530,0.587000,-0.125000,-0.793000,-1.817000,0.092000,-0.702000,29.05
0.807056,0.590000,-0.120000,-0.783000,-2.153000,0.641000,-1.038000,29.00
0.807697,0.598000,-0.118000,-0.786000,-2.107000,0.916000,-1.130000,28.91
0.808175,0.597000,-0.107000,-0.791000,-1.527000,0.840000,-1.099000,28.95
0.808660,0.601000,-0.106000,-0.800000,-1.252000,0.687000,-0.534000,28.86
0.809122,0.588000,-0.121000,-0.792000,-1.359000,0.702000,-0.885000,28.91
0.809571,0.576000,-0.121000,-0.793000,-1.420000,1.374000,-0.916000,29.00
0.810047,0.586000,-0.126000,-0.788000,-1.542000,1.389000,-1.588000,29.05
0.810514,0.600000,-0.118000,-0.810000,-1.634000,0.992000,-1.939000,29.00
0.810962,0.605000,-0.104000,-0.792000,-2.107000,1.252000,-1.466000,28.91
0.811409,0.604000,-0.100000,-0.790000,-0.824000,-0.565000,-0.885000,28.91
0.811846,0.609000,-0.091000,-0.786000,0.244000,-0.183000,0.214000,28.95
0.812283,0.610000,-0.097000,-0.790000,1.130000,-1.710000,0.947000,28.86
0.812715,0.601000,-0.107000,-0.788000,1.893000,-3.191000,1.511000,29.00
0.813178,0.605000,-0.119000,-0.794000,2.015000,-4.153000,1.740000,28.95
0.813623,0.566000,-0.130000,-0.795000,1.557000,-4.183000,1.679000,28.95
0.814064,0.577000,-0.130000,-0.801000,1.817000,-3.298000,1.573000,28.91
0.814510,0.572000,-0.128000,-0.792000,1.618000,-2.458000,0.855000,28.91
0.814980,0.570000,-0.135000,-0.792000,0.580000,-1.038000,0.443000,28.86
0.815495,0.576000,-0.141000,-0.794000,0.214000,0.427000,-0.015000,29.00
0.815939,0.585000,-0.127000,-0.795000,-0.244000,1.176000,-0.534000,29.00
0.816361,0.586000,-0.107000,-0.809000,-0.244000,1.267000,0.076000,28.91
0.816771,0.591000,-0.098000,-0.807000,1.221000,1.771000,0.885000,28.95
0.817282,0.587000,-0.104000,-0.805000,2.519000,1.038000,1.588000,28.95
0.817817,0.575000,-0.118000,-0.790000,3.160000,0.809000,1.924000,28.91
0.818329,0.589000,-0.129000,-0.807000,5.313000,-0.931000,1.405000,29.00
0.818787,0.582000,-0.131000,-0.812000,2.595000,1.710000,1.573000,28.86
0.819219,0.583000,-0.123000,-0.795000,1.099000,3.115000,1.603000,28.95
0.819691,0.591000,-0.114000,-0.799000,2.824000,2.519000,1.893000,29.00
0.820128,0.595000,-0.114000,-0.802000,3.954000,2.443000,2.641000,29.00
0.820561,0.584000,-0.112000,-0.812000,4.183000,2.397000,3.328000,28.95
0.820991,0.588000,-0.124000,-0.803000,4.733000,2.672000,3.756000,29.00
0.821424,0.589000,-0.137000,-0.799000,5.802000,2.870000,3.924000,28.91
0.821858,0.584000,-0.144000,-0.797000,5.130000,3.588000,3.756000,28.95
0.822292,0.580000,-0.150000,-0.803000,4.855000,3.313000,3.267000,28.95
0.822724,0.584000,-0.154000,-0.795000,3.817000,3.496000,2.794000,28.91
0.823185,0.583000,-0.141000,-0.791000,3.389000,3.664000,2.641000,28.91
0.823628,0.595000,-0.130000,-0.797000,3.359000,3.893000,3.099000,29.05
0.824053,0.598000,-0.118000,-0.800000,4.321000,3.344000,3.817000,28.95
0.824461,0.596000,-0.125000,-0.794000,6.947000,1.160000,4.412000,28.91
0.824877,0.590000,-0.136000,-0.806000,7.053000,0.992000,4.840000,29.00
0.825291,0.573000,-0.144000,-0.796000,6.916000,1.511000,4.794000,28.95
0.825705,0.577000,-0.159000,-0.797000,5.221000,3.038000,4.382000,29.05
0.826117,0.576000,-0.159000,-0.792000,4.397000,2.962000,3.832000,29.00
0.826527,0.583000,-0.157000,-0.783000,3.924000,3.313000,3.466000,28.91
0.826934,0.586000,-0.147000,-0.789000,4.656000,3.145000,3.542000,29.05
0.827521,0.580000,-0.148000,-0.785000,4.244000,3.557000,3.466000,29.00
0.828002,0.577000,-0.158000,-0.792000,4.550000,3.206000,3.435000,29.00
0.828488,0.576000,-0.163000,-0.796000,4.275000,3.573000,3.252000,28.95
0.828973,0.578000,-0.166000,-0.795000,3.282000,3.557000,2.916000,28.95
0.829418,0.573000,-0.170000,-0.795000,2.595000,3.756000,1.969000,28.91
0.829859,0.581000,-0.165000,-0.794000,2.153000,3.863000,1.603000,28.81
0.830300,0.580000,-0.162000,-0.785000,2.137000,4.076000,1.557000,28.95
0.830738,0.590000,-0.162000,-0.788000,2.336000,3.420000,1.618000,28.86
0.831163,0.580000,-0.153000,-0.793000,2.229000,2.962000,1.359000,28.91
0.831602,0.587000,-0.160000,-0.789000,2.260000,2.809000,1.389000,28.91
0.832133,0.577000,-0.167000,-0.788000,2.290000,3.145000,1.053000,28.95
0.832672,0.585000,-0.174000,-0.791000,1.847000,3.405000,0.931000,29.00
0.833148,0.588000,-0.164000,-0.795000,2.031000,4.229000,1.115000,28.91
0.833630,0.585000,-0.164000,-0.801000,3.710000,3.420000,1.344000,28.91
0.834076,0.596000,-0.164000,-0.809000,4.656000,3.969000,2.031000,28.95
0.834492,0.586000,-0.164000,-0.799000,6.168000,3.466000,2.565000,28.95
0.834903,0.580000,-0.181000,-0.784000,8.275000,1.878000,2.595000,28.91
0.835323,0.587000,-0.169000,-0.769000,6.046000,2.412000,2.611000,28.91
0.835745,0.576000,-0.167000,-0.793000,5.496000,1.939000,2.366000,28.86
0.836155,0.578000,-0.175000,-0.780000,4.595000,2.489000,2.153000,28.95
0.836563,0.563000,-0.177000,-0.781000,3.099000,2.504000,1.679000,28.91
0.836974,0.563000,-0.178000,-0.770000,2.229000,2.565000,0.901000,29.00
0.837383,0.569000,-0.180000,-0.786000,1.053000,2.611000,0.061000,28.95
0.837804,0.571000,-0.187000,-0.777000,-0.550000,2.947000,-0.702000,28.86
0.838223,0.576000,-0.186000,-0.785000,-1.725000,2.656000,-1.176000,29.00
0.838648,0.574000,-0.188000,-0.778000,-3.053000,3.023000,-1.664000,28.91
0.839078,0.580000,-0.181000,-0.780000,-3.176000,2.504000,-2.000000,28.95
0.839495,0.577000,-0.184000,-0.781000,-3.969000,2.809000,-2.275000,28.81
0.839912,0.568000,-0.180000,-0.788000,-4.397000,2.504000,-3.084000,28.91
0.840336,0.563000,-0.175000,-0.784000,-5.267000,3.023000,-3.405000,28.95
0.840766,0.582000,-0.168000,-0.800000,-5.466000,3.237000,-3.496000,28.86
0.841185,0.589000,-0.176000,-0.788000,-5.237000,2.626000,-3.511000,28.91
0.841603,0.588000,-0.172000,-0.782000,-5.420000,2.244000,-3.221000,29.00
0.842024,0.588000,-0.165000,-0.793000,-4.473000,2.550000,-3.038000,28.86
0.842454,0.579000,-0.168000,-0.792000,-4.443000,3.359000,-2.885000,28.95
0.842870,0.584000,-0.178000,-0.803000,-4.504000,3.695000,-2.840000,28.91
0.843577,0.586000,-0.166000,-0.794000,-4.260000,2.916000,-2.702000,29.00
0.844116,0.588000,-0.159000,-0.799000,-3.725000,3.084000,-2.519000,28.86
0.844570,0.585000,-0.166000,-0.792000,-3.527000,3.313000,-2.244000,29.00
0.844988,0.593000,-0.170000,-0.791000,-3.786000,3.374000,-2.198000,28.91
0.845436,0.585000,-0.174000,-0.783000,-3.267000,3.099000,-2.260000,28.95
0.845847,0.583000,-0.156000,-0.783000,-3.023000,2.595000,-1.924000,28.95
0.846265,0.582000,-0.168000,-0.794000,-2.809000,3.557000,-2.229000,28.91
0.846687,0.579000,-0.167000,-0.797000,-3.740000,2.641000,-1.908000,28.91
0.847104,0.584000,-0.169000,-0.787000,-2.794000,3.115000,-2.000000,28.86
0.847516,0.581000,-0.169000,-0.808000,-3.420000,2.840000,-1.817000,28.86
0.847928,0.583000,-0.169000,-0.794000,-2.779000,3.023000,-2.061000,28.91
0.848343,0.584000,-0.161000,-0.792000,-2.626000,3.695000,-2.122000,29.00
0.848852,0.589000,-0.161000,-0.784000,-2.702000,3.847000,-2.015000,29.05
0.849281,0.590000,-0.159000,-0.786000,-2.733000,3.069000,-1.710000,28.91
0.849698,0.580000,-0.158000,-0.781000,-1.908000,3.618000,-1.450000,28.91
0.850118,0.588000,-0.164000,-0.802000,-1.924000,3.237000,-1.160000,28.91
0.850533,0.585000,-0.162000,-0.789000,-2.321000,2.763000,-1.420000,28.95
0.850944,0.588000,-0.165000,-0.802000,-2.351000,2.840000,-1.389000,28.86
0.851349,0.583000,-0.159000,-0.785000,-1.954000,2.962000,-1.573000,28.91
0.851773,0.575000,-0.170000,-0.798000,-2.260000,3.252000,-1.679000,28.91
0.852195,0.588000,-0.176000,-0.785000,-3.160000,2.809000,-2.198000,28.95
0.852616,0.587000,-0.181000,-0.800000,-3.817000,2.779000,-2.107000,28.95
0.853119,0.583000,-0.166000,-0.785000,-3.588000,3.313000,-2.336000,28.91
0.853727,0.578000,-0.175000,-0.758000,-3.817000,3.954000,-2.351000,28.91
0.854191,0.572000,-0.176000,-0.783000,-4.076000,3.130000,-2.443000,28.95
0.854632,0.580000,-0.172000,-0.775000,-4.244000,2.870000,-2.840000,28.95
0.855042,0.593000,-0.166000,-0.798000,-5.237000,1.893000,-3.206000,28.91
0.855462,0.576000,-0.157000,-0.771000,-4.550000,3.527000,-2.977000,28.86
0.855878,0.592000,-0.153000,-0.785000,-3.908000,3.985000,-2.901000,28.95
0.856295,0.583000,-0.167000,-0.799000,-4.244000,3.145000,-2.687000,28.91
0.856703,0.579000,-0.166000,-0.786000,-5.557000,3.374000,-2.824000,28.81
0.857122,0.580000,-0.169000,-0.785000,-5.985000,2.489000,-3.328000,28.86
0.857541,0.580000,-0.160000,-0.789000,-6.198000,2.779000,-3.313000,28.86
0.857955,0.582000,-0.154000,-0.799000,-5.817000,3.878000,-3.252000,29.00
0.858364,0.582000,-0.154000,-0.799000,-6.137000,3.802000,-2.824000,28.91
0.858776,0.595000,-0.144000,-0.792000,-6.550000,3.053000,-2.550000,28.95
0.859205,0.590000,-0.153000,-0.795000,-6.000000,2.809000,-2.183000,28.95
0.859618,0.586000,-0.152000,-0.795000,-5.740000,3.298000,-2.183000,29.00
0.860026,0.589000,-0.156000,-0.792000,-5.756000,2.351000,-2.137000,29.00
0.860448,0.581000,-0.155000,-0.793000,-5.267000,2.305000,-2.244000,28.95
0.860871,0.580000,-0.155000,-0.790000,-4.901000,1.878000,-2.198000,29.00
0.861294,0.588000,-0.151000,-0.796000,-4.015000,1.450000,-2.458000,28.91
0.861833,0.584000,-0.158000,-0.798000,-4.015000,1.435000,-2.168000,28.91
0.862407,0.583000,-0.162000,-0.801000,-4.489000,1.053000,-2.443000,28.95
0.862855,0.575000,-0.158000,-0.781000,-4.672000,2.000000,-2.489000,29.05
0.863296,0.574000,-0.167000,-0.788000,-4.855000,1.649000,-3.053000,28.91
0.863725,0.581000,-0.147000,-0.801000,-4.901000,0.611000,-3.542000,28.91
0.864215,0.578000,-0.146000,-0.805000,-5.908000,0.718000,-4.031000,29.05
0.864720,0.568000,-0.137000,-0.791000,-5.130000,1.908000,-3.878000,28.95
0.865235,0.575000,-0.133000,-0.794000,-4.840000,1.817000,-3.832000,29.00
0.865759,0.580000,-0.137000,-0.796000,-4.656000,1.527000,-3.542000,29.00
0.866224,0.579000,-0.133000,-0.797000,-4.214000,1.740000,-3.145000,29.05
0.866683,0.576000,-0.131000,-0.810000,-6.763000,3.359000,-2.641000,28.95
0.867129,0.566000,-0.134000,-0.792000,-3.634000,4.977000,-2.504000,28.91
0.867569,0.580000,-0.134000,-0.800000,-2.244000,4.092000,-2.412000,28.91
0.868027,0.576000,-0.142000,-0.799000,-3.038000,3.252000,-2.107000,28.95
0.868464,0.578000,-0.132000,-0.802000,-2.168000,4.504000,-1.802000,28.91
0.868897,0.569000,-0.138000,-0.781000,0.076000,3.527000,-2.122000,29.00
0.869398,0.583000,-0.143000,-0.803000,-1.237000,4.198000,-1.969000,28.95
0.869852,0.587000,-0.145000,-0.794000,-2.489000,4.336000,-1.893000,28.95
0.870295,0.596000,-0.065000,-0.915000,-5.298000,4.595000,-2.382000,28.91
0.870728,0.567000,-0.089000,-0.798000,-3.389000,8.611000,-1.863000,28.91
0.871170,0.633000,-0.110000,-0.832000,-3.420000,0.901000,-2.290000,28.95
0.871590,0.556000,-0.150000,-0.718000,-0.931000,4.733000,-1.802000,28.86
0.872010,0.576000,-0.157000,-0.765000,-2.122000,6.550000,-1.710000,29.00
0.872429,0.584000,-0.149000,-0.793000,-2.305000,7.115000,-1.817000,28.91
0.872845,0.592000,-0.139000,-0.807000,-6.443000,5.969000,-1.863000,28.95
0.873258,0.582000,-0.145000,-0.787000,-7.802000,5.573000,-1.771000,29.00
0.873692,0.576000,-0.145000,-0.760000,-3.939000,3.832000,-1.420000,28.91
0.874229,0.585000,-0.134000,-0.817000,-1.557000,2.229000,-2.779000,28.91
0.874817,0.584000,-0.148000,-0.800000,-3.954000,4.015000,-2.427000,28.95
0.875261,0.581000,-0.145000,-0.786000,-4.168000,7.221000,-2.458000,28.95
0.875742,0.581000,-0.156000,-0.788000,-5.252000,4.687000,-2.641000,29.00
0.876205,0.591000,-0.146000,-0.805000,-5.511000,2.031000,-3.221000,29.00
0.876653,0.578000,-0.140000,-0.790000,-3.176000,1.527000,-3.298000,28.95
0.877101,0.586000,-0.141000,-0.801000,-3.160000,0.977000,-3.725000,28.91
0.877538,0.586000,-0.138000,-0.787000,-4.321000,1.145000,-3.832000,29.00
0.878036,0.585000,-0.145000,-0.791000,-4.779000,1.985000,-4.122000,28.95
0.878485,0.583000,-0.143000,-0.793000,-5.664000,4.626000,-4.489000,28.95
0.878926,0.592000,-0.129000,-0.805000,-6.366000,2.687000,-4.656000,28.91
0.879443,0.580000,-0.142000,-0.792000,-6.198000,3.969000,-4.794000,29.00
0.879908,0.587000,-0.137000,-0.796000,-6.046000,4.840000,-5.160000,28.95
0.880372,0.575000,-0.120000,-0.817000,-8.534000,1.527000,-5.099000,28.95
0.880808,0.575000,-0.117000,-0.819000,-6.733000,1.939000,-5.160000,28.91
0.881227,0.583000,-0.128000,-0.791000,-4.168000,5.634000,-5.389000,28.91
0.881681,0.578000,-0.132000,-0.789000,-6.763000,3.725000,-5.267000,28.95
0.882124,0.583000,-0.119000,-0.800000,-6.198000,3.679000,-5.374000,29.05
0.882552,0.591000,-0.132000,-0.799000,-6.015000,5.756000,-5.053000,28.91
0.882967,0.587000,-0.124000,-0.789000,-5.664000,4.840000,-5.053000,29.00
0.883385,0.592000,-0.118000,-0.798000,-5.069000,3.679000,-5.084000,28.95
0.883813,0.587000,-0.120000,-0.789000,-3.893000,4.718000,-4.748000,28.95
0.884266,0.592000,-0.101000,-0.826000,-5.221000,4.458000,-4.718000,29.00
0.887823,0.584000,-0.126000,-0.781000,-5.221000,5.481000,-4.748000,29.00
0.889019,0.599000,-0.109000,-0.801000,-4.168000,4.702000,-4.718000,28.95
0.890234,0.593000,-0.111000,-0.791000,-3.756000,4.672000,-4.427000,28.91
0.890950,0.599000,-0.105000,-0.797000,-3.573000,3.206000,-4.000000,28.91
0.891430,0.595000,-0.098000,-0.799000,-2.931000,3.023000,-3.557000,29.00
0.891890,0.601000,-0.108000,-0.792000,-2.840000,3.527000,-2.931000,28.95
0.892345,0.594000,-0.105000,-0.797000,-2.962000,3.618000,-2.779000,28.95
0.893118,0.595000,-0.111000,-0.800000,-3.191000,3.832000,-2.473000,28.91
0.893641,0.596000,-0.114000,-0.794000,-2.916000,4.076000,-2.366000,29.00
0.896486,0.602000,-0.107000,-0.809000,-2.214000,3.237000,-1.802000,28.95
0.897124,0.596000,-0.106000,-0.791000,-1.985000,3.069000,-1.267000,28.95
0.897628,0.596000,-0.115000,-0.793000,-1.420000,2.641000,-1.130000,28.91
0.898972,0.597000,-0.114000,-0.805000,-1.069000,2.733000,-1.038000,29.00
0.900425,0.600000,-0.112000,-0.800000,-1.481000,2.534000,-0.992000,28.95
0.901124,0.589000,-0.118000,-0.788000,-2.305000,2.809000,-0.763000,29.05
0.901933,0.609000,-0.114000,-0.788000,-0.992000,3.160000,-1.069000,29.00
0.902738,0.601000,-0.091000,-0.843000,-3.878000,-0.687000,-1.389000,28.91
0.903978,0.591000,-0.139000,-0.839000,-4.992000,10.427000,-0.214000,28.95
0.905034,0.588000,-0.133000,-0.813000,-3.924000,4.244000,-1.313000,28.91
0.905813,0.645000,-0.141000,-0.815000,2.718000,-4.183000,-1.786000,29.00
0.908002,0.540000,-0.121000,-0.801000,1.832000,17.588000,-1.954000,28.91
0.908563,0.500000,-0.359000,-0.881000,-7.740000,-11.618000,1.573000,28.95
0.909515,0.548000,-0.205000,-0.727000,-1.710000,7.908000,-0.473000,29.00
0.910065,0.645000,-0.095000,-0.853000,0.870000,-9.969000,-2.214000,29.00
0.911053,0.601000,-0.122000,-0.794000,-1.481000,2.901000,-1.649000,28.95
0.912005,0.615000,-0.113000,-0.801000,-2.168000,2.977000,-1.618000,28.95
0.912536,0.621000,-0.109000,-0.830000,-1.389000,-0.183000,-1.435000,28.91
0.912993,0.618000,-0.116000,-0.782000,1.038000,-1.649000,-1.496000,29.00
0.913425,0.598000,-0.126000,-0.763000,0.962000,-0.137000,-1.771000,28.86
0.913852,0.562000,-0.118000,-0.789000,-0.519000,-2.870000,-1.221000,28.86
0.914280,0.536000,-0.138000,-0.750000,-4.015000,14.214000,-1.069000,29.00
0.914708,0.566000,-0.142000,-0.784000,-2.794000,4.962000,-1.237000,28.91
0.915153,0.577000,-0.134000,-0.799000,-0.718000,2.855000,-1.557000,28.95
0.915596,0.575000,-0.123000,-0.791000,-0.305000,3.420000,-1.588000,28.95
0.916032,0.583000,-0.118000,-0.795000,-1.130000,2.427000,-2.092000,28.91
0.916457,0.589000,-0.114000,-0.800000,-1.053000,0.641000,-2.198000,29.00
0.916879,0.585000,-0.112000,-0.801000,-1.679000,0.061000,-2.458000,29.00
0.917340,0.583000,-0.122000,-0.803000,-0.855000,-1.069000,-2.473000,29.05
0.917805,0.574000,-0.129000,-0.792000,-0.992000,-0.198000,-2.779000,28.95
0.918245,0.595000,-0.205000,-0.793000,-4.198000,-0.489000,-6.824000,29.09
0.918880,0.537000,-0.187000,-0.778000,-0.901000,-1.939000,-3.634000,29.09
0.919501,0.410000,-0.293000,-0.752000,-1.466000,-7.511000,0.076000,29.05
0.919975,0.555000,-0.103000,-0.750000,1.313000,-9.008000,-2.962000,29.05
0.920417,0.528000,-0.151000,-0.804000,0.290000,3.206000,2.656000,29.00
0.920861,0.702000,0.010000,-0.824000,1.634000,-21.847000,-14.061000,29.00
0.921301,0.523000,-0.133000,-0.791000,-9.298000,42.244000,2.366000,28.95
0.921746,0.667000,-0.059000,-0.808000,-1.145000,-5.130000,-5.908000,29.00
0.922304,0.565000,-0.085000,-0.798000,-5.771000,4.641000,-3.679000,29.00
0.922773,0.604000,-0.093000,-0.812000,-4.962000,2.366000,-3.344000,29.05
0.923323,0.581000,-0.081000,-0.830000,-4.397000,-1.863000,-2.229000,29.05
0.923792,0.590000,-0.081000,-0.814000,-4.260000,-1.038000,-2.122000,28.91
0.924219,0.594000,-0.130000,-0.784000,-3.695000,0.748000,-1.725000,29.00
0.924640,0.542000,-0.154000,-0.794000,-3.954000,3.435000,-1.008000,28.95
0.925068,0.600000,-0.110000,-0.803000,-3.908000,3.115000,-1.496000,29.05
0.925484,0.602000,-0.073000,-0.808000,-3.084000,2.519000,-2.000000,29.00
0.925901,0.561000,-0.118000,-0.783000,-2.275000,6.611000,-0.855000,28.91
0.926316,0.616000,-0.062000,-0.826000,-1.863000,1.298000,-1.786000,28.95
0.926737,0.607000,-0.093000,-0.799000,-0.595000,0.198000,-0.916000,28.95
0.927239,0.663000,0.002000,-0.812000,-1.679000,-4.092000,-1.817000,29.00
0.927824,0.593000,-0.005000,-0.778000,-3.267000,0.351000,0.244000,29.09
0.928278,0.479000,-0.216000,-0.590000,0.443000,17.435000,0.321000,29.05
0.928724,0.572000,-0.166000,-0.761000,-2.031000,19.038000,0.244000,29.00
0.929172,0.651000,0.007000,-0.898000,-0.260000,-3.603000,-2.489000,28.91
0.929628,0.571000,-0.097000,-0.795000,0.244000,0.595000,-0.397000,29.00
0.930066,0.580000,-0.117000,-0.799000,-0.550000,4.550000,0.229000,28.95
0.930501,0.576000,-0.106000,-0.801000,-0.885000,7.282000,-0.397000,29.05
0.930934,0.591000,-0.113000,-0.805000,-1.450000,6.198000,-0.855000,28.91
0.931428,0.588000,-0.091000,-0.811000,-1.786000,0.397000,-1.267000,28.91
0.931878,0.583000,-0.115000,-0.804000,-2.366000,-0.656000,-1.298000,28.95
0.932363,0.572000,-0.114000,-0.800000,-3.023000,1.450000,-1.145000,28.95
0.932939,0.582000,-0.116000,-0.809000,-3.115000,-0.366000,-1.603000,29.00
0.933390,0.576000,-0.115000,-0.803000,-3.160000,-0.107000,-1.969000,29.00
0.933841,0.578000,-0.115000,-0.796000,-3.160000,1.298000,-1.847000,28.95
0.934287,0.582000,-0.108000,-0.798000,-3.008000,2.076000,-1.710000,28.86
0.934740,0.585000,-0.118000,-0.784000,-2.229000,2.183000,-1.313000,29.00
0.935179,0.587000,-0.116000,-0.796000,-2.504000,2.336000,-1.405000,29.00
0.935616,0.589000,-0.103000,-0.801000,-2.427000,2.794000,-0.962000,29.05
0.936062,0.578000,-0.108000,-0.802000,-2.336000,2.489000,-0.885000,29.00
0.936501,0.578000,-0.116000,-0.805000,-2.489000,2.611000,-1.053000,29.09
0.936930,0.574000,-0.117000,-0.800000,-2.763000,2.901000,-1.069000,29.00
0.937468,0.572000,-0.107000,-0.809000,-2.626000,3.191000,-1.130000,29.14
0.937952,0.579000,-0.100000,-0.805000,-2.489000,2.992000,-0.840000,29.09
0.938389,0.579000,-0.104000,-0.806000,-2.443000,2.962000,-0.809000,29.00
0.938818,0.489000,-0.235000,-0.750000,-1.679000,10.427000,1.008000,28.95
0.939321,0.579000,-0.119000,-0.801000,-1.557000,-5.466000,0.122000,29.05
0.939835,0.571000,-0.192000,-0.830000,-3.679000,7.542000,0.366000,28.91
0.940301,0.555000,-0.229000,-0.737000,-2.565000,10.885000,0.305000,29.00
0.940831,0.707000,0.104000,-0.881000,-6.031000,-1.954000,-6.427000,28.95
0.941297,0.594000,-0.038000,-0.814000,-0.305000,-4.473000,-1.863000,29.00
0.941742,0.596000,-0.309000,-0.745000,-2.901000,5.725000,-2.565000,29.00
0.942271,0.562000,-0.021000,-0.837000,-3.252000,-2.397000,-2.687000,29.00
0.942718,0.570000,-0.109000,-0.796000,-0.992000,0.183000,-0.977000,29.05
0.943162,0.574000,-0.116000,-0.799000,-1.374000,5.252000,-0.504000,28.95
0.943618,0.589000,-0.095000,-0.817000,-1.359000,4.244000,-0.565000,28.91
0.944056,0.579000,-0.103000,-0.791000,-0.962000,5.939000,0.046000,29.00
0.944503,0.591000,-0.103000,-0.801000,-0.779000,4.718000,0.076000,28.95
0.944938,0.586000,-0.114000,-0.815000,-1.099000,3.450000,-0.122000,29.05
0.945375,0.587000,-0.113000,-0.802000,-1.466000,3.435000,-0.397000,29.00
0.945811,0.600000,-0.088000,-0.809000,-2.076000,0.718000,-0.931000,29.09
0.946252,0.570000,-0.109000,-0.763000,-1.038000,4.916000,-0.550000,29.14
0.946692,0.584000,-0.124000,-0.790000,-2.824000,3.252000,-1.252000,28.95
0.947197,0.575000,-0.090000,-0.794000,-1.786000,1.786000,-1.618000,28.91
0.947639,0.572000,-0.122000,-0.785000,-2.046000,3.038000,-1.313000,28.91
0.948102,0.583000,-0.101000,-0.802000,-2.275000,3.527000,-1.359000,29.05
0.948691,0.582000,-0.099000,-0.793000,-2.046000,3.237000,-1.298000,29.09
0.949271,0.583000,-0.108000,-0.805000,-2.061000,3.725000,-1.115000,29.00
0.949824,0.576000,-0.107000,-0.801000,-2.214000,3.405000,-1.527000,29.09
0.950282,0.587000,-0.113000,-0.793000,-2.321000,3.603000,-1.603000,29.05
0.950722,0.584000,-0.094000,-0.803000,-2.580000,2.992000,-1.496000,29.09
0.951165,0.581000,-0.114000,-0.805000,-1.802000,3.710000,-1.145000,29.00
0.951623,0.572000,-0.137000,-0.792000,-1.359000,4.290000,-0.275000,28.95
0.952095,0.586000,-0.122000,-0.803000,-1.908000,4.061000,-0.855000,29.05
0.952551,0.570000,-0.125000,-0.792000,-3.313000,10.504000,-0.656000,29.00
0.952984,0.587000,-0.112000,-0.804000,-2.504000,8.504000,-0.809000,29.00
0.953429,0.593000,-0.117000,-0.797000,-3.374000,9.695000,-0.916000,28.95
0.953859,0.598000,-0.093000,-0.819000,-5.527000,8.992000,-1.344000,29.00
0.954288,0.575000,-0.068000,-0.795000,-5.084000,9.557000,-1.313000,29.00
0.954708,0.587000,-0.142000,-0.740000,-1.954000,-2.718000,-1.176000,29.00
0.955126,0.593000,-0.114000,-0.814000,-7.099000,5.832000,-1.298000,28.95
0.955548,0.594000,-0.073000,-0.796000,-4.672000,3.542000,-1.298000,28.95
0.955969,0.593000,-0.110000,-0.808000,-4.015000,3.160000,-1.695000,29.00
0.956387,0.600000,-0.073000,-0.803000,-4.244000,7.145000,-2.519000,29.09
0.956834,0.622000,-0.069000,-0.794000,-3.802000,1.771000,-3.573000,29.05
0.957287,0.620000,-0.011000,-0.791000,-1.221000,-8.000000,-3.756000,28.95
0.957741,0.585000,-0.140000,-0.796000,0.687000,-13.756000,-1.985000,29.00
0.958167,0.576000,-0.137000,-0.794000,-0.427000,-5.893000,-0.244000,29.00
0.958592,0.572000,-0.055000,-0.808000,-0.260000,2.733000,-0.275000,29.05
0.959103,0.609000,-0.096000,-0.805000,-0.977000,8.458000,-0.351000,28.86
0.959718,0.607000,-0.115000,-0.798000,-2.015000,6.305000,-1.298000,28.91
0.960179,0.598000,-0.113000,-0.803000,-2.901000,1.282000,-1.878000,28.95
0.960624,0.580000,-0.114000,-0.797000,-5.695000,1.115000,-1.099000,28.95
0.961064,0.584000,-0.148000,-0.805000,-4.855000,-0.244000,0.672000,29.00
0.961501,0.587000,-0.057000,-0.822000,-7.206000,7.832000,0.504000,28.91
0.961930,0.589000,-0.118000,-0.797000,-5.649000,9.527000,0.366000,29.05
0.962474,0.586000,-0.068000,-0.798000,-6.305000,9.130000,-0.824000,29.14
0.962936,0.592000,-0.054000,-0.795000,-4.244000,5.939000,-0.702000,29.00
0.963438,0.598000,-0.073000,-0.810000,-2.626000,-0.061000,-0.473000,29.00
0.963882,0.589000,-0.094000,-0.781000,-2.260000,-0.366000,-0.214000,29.05
0.964324,0.589000,-0.073000,-0.795000,-1.084000,-1.725000,-0.641000,29.05
0.964756,0.593000,-0.099000,-0.782000,1.069000,-0.092000,0.397000,29.00
0.965232,0.577000,-0.105000,-0.775000,0.947000,5.969000,1.053000,29.00
0.965677,0.605000,-0.059000,-0.798000,1.420000,3.252000,0.229000,29.05
0.966094,0.586000,-0.089000,-0.799000,1.695000,0.473000,1.191000,29.00
0.966508,0.566000,-0.115000,-0.808000,1.221000,6.198000,1.679000,28.91
0.966919,0.607000,-0.116000,-0.811000,0.733000,4.748000,1.496000,29.00
0.967461,0.583000,-0.069000,-0.805000,1.450000,2.336000,1.145000,28.95
0.968000,0.611000,-0.073000,-0.798000,1.313000,-0.916000,0.244000,29.09
0.968463,0.598000,-0.157000,-0.796000,0.015000,4.641000,0.351000,29.00
0.968923,0.582000,-0.093000,-0.786000,0.015000,2.855000,0.382000,28.95
0.969360,0.589000,-0.100000,-0.819000,-0.290000,3.237000,0.229000,29.05
0.969793,0.600000,-0.117000,-0.800000,-1.038000,3.588000,0.046000,29.09
0.970227,0.584000,-0.117000,-0.793000,-1.221000,1.832000,0.214000,29.00
0.970655,0.587000,-0.110000,-0.790000,-1.969000,1.863000,0.458000,29.05
0.971081,0.577000,-0.092000,-0.807000,-2.107000,0.321000,0.489000,28.95
0.971524,0.571000,-0.141000,-0.776000,-2.153000,1.023000,0.840000,29.09
0.971955,0.582000,-0.141000,-0.767000,-3.191000,0.458000,0.000000,29.00
0.972410,0.600000,-0.121000,-0.784000,-3.634000,-0.275000,-0.794000,28.95
0.972876,0.602000,-0.097000,-0.774000,-3.557000,-1.878000,-1.710000,28.86
0.973464,0.593000,-0.086000,-0.803000,-3.649000,-1.282000,-0.947000,29.00
0.973960,0.602000,-0.073000,-0.814000,-2.809000,-1.649000,-1.099000,29.00
0.974402,0.584000,-0.095000,-0.804000,-2.641000,0.382000,1.053000,28.95
0.974833,0.600000,-0.156000,-0.800000,-4.489000,1.557000,-1.649000,29.14
0.975266,0.539000,-0.097000,-0.779000,-3.664000,-0.641000,1.282000,28.91
0.975686,0.594000,-0.087000,-0.839000,-3.863000,2.046000,-0.580000,28.91
0.976110,0.569000,-0.101000,-0.777000,-3.603000,-0.382000,-0.504000,29.05
0.976532,0.590000,-0.059000,-0.812000,-2.565000,0.550000,-1.298000,29.05
0.976951,0.588000,-0.087000,-0.783000,-1.618000,0.427000,-1.420000,29.00
0.977381,0.602000,-0.105000,-0.801000,-2.015000,-0.901000,-2.244000,29.09
0.977802,0.565000,-0.090000,-0.803000,-1.450000,-1.740000,-2.443000,29.05
0.978232,0.577000,-0.140000,-0.797000,-2.153000,-1.313000,-2.122000,29.09
0.978648,0.565000,-0.122000,-0.796000,-2.427000,-0.031000,-2.046000,29.00
0.979241,0.548000,-0.088000,-0.809000,-1.985000,-1.344000,-1.160000,29.09
0.979839,0.588000,-0.094000,-0.796000,0.641000,1.344000,-0.305000,28.95
0.980293,0.623000,-0.086000,-0.802000,0.397000,-9.588000,-2.336000,29.05
0.980738,0.567000,-0.122000,-0.814000,0.000000,-1.466000,-1.435000,29.00
0.981188,0.575000,-0.135000,-0.831000,-0.870000,-3.115000,-1.924000,29.00
0.981709,0.537000,-0.114000,-0.806000,-0.519000,-0.580000,0.672000,29.05
0.982241,0.638000,-0.111000,-0.813000,-0.855000,-2.244000,-2.794000,29.05
0.982798,0.562000,-0.120000,-0.782000,-2.885000,-1.893000,-1.282000,29.00
0.983297,0.503000,-0.103000,-0.843000,-1.008000,3.679000,3.924000,29.00
0.983750,0.542000,-0.014000,-0.759000,4.046000,7.847000,7.466000,28.95
0.984233,0.666000,-0.174000,-0.780000,0.107000,0.779000,-2.595000,29.05
0.984726,0.558000,-0.097000,-0.760000,-1.344000,2.992000,-1.435000,29.09
0.985187,0.548000,-0.044000,-0.846000,0.504000,1.695000,0.290000,29.00
0.985637,0.561000,-0.122000,-0.794000,0.916000,1.374000,0.000000,28.95
0.986089,0.587000,-0.145000,-0.813000,-1.115000,3.084000,-1.267000,29.00
0.986530,0.567000,-0.117000,-0.791000,-1.679000,3.954000,-1.496000,29.00
0.987026,0.575000,-0.116000,-0.810000,-1.496000,4.000000,-0.519000,29.05
0.987512,0.581000,-0.108000,-0.815000,-1.679000,3.359000,-1.282000,29.05
0.987966,0.584000,-0.096000,-0.798000,-1.282000,4.168000,-1.786000,28.91
0.988416,0.600000,-0.085000,-0.828000,-0.412000,3.130000,-1.985000,29.00
0.988850,0.645000,-0.128000,-0.747000,0.489000,0.550000,-2.183000,29.05
0.989468,0.600000,-0.105000,-0.803000,-1.099000,-2.076000,-2.031000,29.05
0.989960,0.586000,-0.083000,-0.812000,-1.099000,-4.626000,-3.008000,28.91
0.990514,0.571000,-0.090000,-0.810000,-0.687000,-3.786000,-1.908000,29.00
0.990952,0.565000,-0.101000,-0.814000,-0.504000,-3.374000,-1.664000,29.05
0.991381,0.571000,-0.108000,-0.813000,-1.328000,-2.000000,-2.244000,29.09
0.991803,0.569000,-0.113000,-0.812000,-0.550000,0.992000,-1.130000,29.00
0.992231,0.566000,-0.113000,-0.831000,-0.397000,1.954000,-0.244000,29.09
0.992753,0.558000,-0.101000,-0.789000,0.702000,2.412000,0.840000,29.05
0.993308,0.572000,-0.100000,-0.820000,1.023000,0.748000,0.595000,29.05
0.993747,0.582000,-0.090000,-0.825000,1.099000,0.000000,0.275000,29.00
0.994259,0.569000,-0.101000,-0.817000,1.466000,0.015000,0.672000,29.00
0.994716,0.568000,-0.111000,-0.802000,1.634000,-0.977000,0.626000,29.05
0.995144,0.583000,-0.108000,-0.809000,0.656000,-1.206000,-0.076000,29.09
0.995577,0.576000,-0.114000,-0.828000,0.260000,-1.420000,-0.641000,29.09
0.996000,0.570000,-0.112000,-0.823000,-0.443000,-0.672000,-1.267000,29.00
0.996419,0.553000,-0.108000,-0.807000,0.229000,-0.702000,-0.519000,28.95
0.996829,0.552000,-0.108000,-0.804000,0.412000,1.298000,0.229000,29.09
0.997244,0.532000,-0.134000,-0.819000,-1.496000,12.824000,2.122000,29.09
0.997653,0.580000,-0.090000,-0.812000,0.076000,12.198000,3.908000,29.05
0.998074,0.516000,-0.163000,-0.795000,-0.595000,20.840000,7.282000,29.05
0.998557,0.560000,-0.144000,-0.794000,-0.229000,22.122000,6.901000,28.91
0.999185,0.642000,-0.070000,-0.814000,-1.618000,12.336000,3.099000,29.00
0.999652,0.602000,-0.144000,-0.775000,-2.122000,6.809000,-1.008000,29.05
1.000083,0.597000,-0.114000,-0.816000,-2.641000,0.427000,-1.527000,28.95
1.000520,0.564000,-0.134000,-0.794000,-3.282000,0.763000,-2.183000,29.09
1.000958,0.565000,-0.129000,-0.808000,-4.351000,0.397000,-2.611000,29.00
1.001389,0.554000,-0.126000,-0.800000,-5.573000,1.573000,-1.893000,28.95
1.001813,0.542000,-0.117000,-0.805000,-7.328000,2.611000,-1.954000,29.05
1.002243,0.563000,-0.123000,-0.794000,-6.718000,7.115000,-1.542000,29.00
1.002673,0.574000,-0.135000,-0.792000,-4.931000,10.672000,0.290000,29.00
1.003257,0.597000,-0.110000,-0.797000,-2.870000,9.573000,0.824000,29.05
1.003832,0.614000,-0.082000,-0.809000,-0.656000,6.107000,0.031000,29.00
1.004373,0.609000,-0.074000,-0.804000,0.916000,1.405000,-0.733000,29.00
1.004864,0.581000,-0.076000,-0.812000,1.221000,0.275000,-1.389000,29.09
1.005378,0.552000,-0.095000,-0.827000,-0.519000,0.046000,-0.473000,29.05
1.005848,0.555000,-0.080000,-0.821000,-1.649000,0.305000,-1.160000,29.05
1.006287,0.581000,-0.085000,-0.807000,-0.733000,0.550000,-1.084000,29.09
1.006729,0.587000,-0.109000,-0.790000,0.580000,1.084000,0.183000,29.05
1.007178,0.583000,-0.106000,-0.767000,3.542000,-3.115000,2.046000,28.95
1.007614,0.574000,-0.094000,-0.827000,1.466000,5.725000,1.634000,29.09
1.008047,0.566000,-0.110000,-0.812000,3.008000,3.099000,1.863000,29.09
1.008471,0.560000,-0.126000,-0.791000,1.740000,3.832000,1.542000,29.05
1.008890,0.569000,-0.119000,-0.818000,0.458000,5.328000,1.084000,29.09
1.009315,0.568000,-0.120000,-0.805000,-0.458000,3.511000,0.641000,29.09
1.009740,0.572000,-0.126000,-0.812000,-1.252000,3.908000,0.458000,29.00
1.010177,0.578000,-0.110000,-0.812000,-2.122000,3.023000,-0.244000,29.05
1.010606,0.577000,-0.114000,-0.806000,-2.947000,2.397000,-0.931000,29.05
1.011043,0.585000,-0.110000,-0.812000,-3.557000,1.267000,-1.374000,29.09
1.011480,0.563000,-0.156000,-0.798000,-4.489000,2.626000,-1.847000,29.09
1.011902,0.557000,-0.165000,-0.753000,0.031000,3.023000,-1.557000,29.14
1.012321,0.587000,-0.133000,-0.787000,0.153000,1.511000,-1.008000,28.95
1.012739,0.588000,-0.139000,-0.852000,-3.160000,0.092000,-0.290000,29.09
1.013309,0.575000,-0.118000,-0.792000,0.702000,1.466000,-0.443000,29.14
1.013893,0.571000,-0.122000,-0.813000,0.046000,2.626000,-0.443000,29.05
1.014418,0.561000,-0.127000,-0.794000,-0.870000,5.053000,-0.550000,29.09
1.015064,0.580000,-0.115000,-0.806000,-1.328000,3.817000,-0.916000,29.09
1.015549,0.581000,-0.110000,-0.806000,-1.328000,2.305000,-0.763000,28.95
1.016067,0.577000,-0.119000,-0.811000,-1.344000,2.076000,-0.611000,29.05
1.016505,0.572000,-0.118000,-0.802000,-1.160000,2.870000,-0.626000,29.09
1.016948,0.575000,-0.121000,-0.805000,-1.145000,3.160000,-0.534000,29.09
1.017390,0.581000,-0.113000,-0.803000,-1.008000,3.344000,-0.565000,29.05
1.017822,0.578000,-0.115000,-0.807000,-0.931000,3.053000,-0.656000,29.05
1.018263,0.570000,-0.115000,-0.795000,-1.160000,2.916000,-0.595000,29.00
1.018692,0.578000,-0.116000,-0.803000,-1.405000,2.626000,-0.580000,29.00
1.019133,0.571000,-0.115000,-0.808000,-1.145000,2.763000,-0.718000,29.05
1.019577,0.572000,-0.113000,-0.809000,-1.160000,2.901000,-0.641000,29.05
1.020010,0.574000,-0.118000,-0.803000,-0.962000,3.023000,-0.550000,29.00
1.020445,0.572000,-0.116000,-0.809000,-0.962000,3.099000,-0.595000,29.09
1.020880,0.574000,-0.117000,-0.808000,-1.008000,3.191000,-0.702000,29.14
1.021329,0.579000,-0.120000,-0.808000,-0.763000,3.130000,-0.504000,29.09
1.021769,0.587000,-0.109000,-0.801000,-0.840000,3.038000,-0.595000,29.00
1.022201,0.579000,-0.114000,-0.807000,-0.962000,3.221000,-0.656000,29.09
1.022633,0.575000,-0.118000,-0.810000,-0.595000,3.282000,-0.519000,28.95
1.023185,0.575000,-0.126000,-0.812000,-0.702000,3.435000,-0.519000,29.05
1.024002,0.573000,-0.120000,-0.803000,-0.534000,3.374000,-0.489000,29.09
1.024478,0.575000,-0.111000,-0.803000,-0.611000,3.130000,-0.443000,29.05
1.024909,0.571000,-0.121000,-0.803000,-0.748000,3.115000,-0.473000,29.14
1.025342,0.476000,-0.040000,-0.562000,10.565000,5.588000,5.893000,29.00
1.025772,0.397000,-0.573000,-0.702000,15.176000,42.641000,15.557000,29.09
1.026194,0.570000,-0.020000,-0.892000,4.244000,10.443000,6.336000,29.05
1.026609,0.609000,0.098000,-0.948000,-8.153000,7.496000,-2.458000,29.00
1.027039,0.599000,-0.229000,-0.809000,-10.489000,2.718000,-3.145000,29.09
1.027475,0.603000,-0.239000,-0.751000,-13.710000,-2.122000,-5.450000,29.00
1.027927,0.596000,-0.122000,-0.789000,-12.275000,-8.443000,-5.496000,29.14
1.028354,0.565000,-0.087000,-0.795000,-11.710000,-2.137000,-2.977000,29.05
1.028780,0.562000,-0.066000,-0.788000,-6.427000,3.695000,-1.374000,29.00
1.029211,0.582000,-0.074000,-0.786000,-1.695000,7.802000,-0.473000,29.00
1.029634,0.595000,-0.099000,-0.781000,-0.122000,6.840000,0.244000,29.14
1.030047,0.585000,-0.083000,-0.799000,1.557000,6.321000,1.756000,29.05
1.030471,0.568000,-0.109000,-0.807000,1.588000,3.313000,2.534000,29.00
1.030896,0.574000,-0.109000,-0.807000,1.420000,3.588000,2.031000,29.09
1.031316,0.579000,-0.110000,-0.800000,0.076000,7.313000,0.489000,29.05
1.031739,0.590000,-0.087000,-0.805000,-0.718000,4.977000,-0.015000,29.05
1.032177,0.574000,-0.093000,-0.799000,0.931000,3.557000,0.397000,29.00
1.032614,0.578000,-0.111000,-0.813000,2.305000,0.840000,0.992000,29.00
1.033047,0.582000,-0.120000,-0.805000,3.344000,2.290000,1.191000,29.05
1.033476,0.605000,-0.144000,-0.801000,2.885000,2.076000,0.779000,29.09
1.034104,0.575000,-0.146000,-0.802000,0.336000,3.588000,-0.031000,29.00
1.034573,0.594000,-0.137000,-0.809000,-1.573000,3.221000,-1.252000,29.00
1.035026,0.575000,-0.137000,-0.804000,-3.099000,3.664000,-1.802000,29.05
1.035470,0.586000,-0.133000,-0.815000,-4.840000,2.702000,-2.565000,29.05
1.035912,0.592000,-0.139000,-0.807000,-6.916000,2.000000,-3.038000,29.00
1.036351,0.573000,-0.097000,-0.792000,-5.435000,3.115000,-3.038000,29.09
1.036798,0.593000,-0.105000,-0.805000,-3.618000,2.305000,-2.443000,29.05
1.037230,0.592000,-0.121000,-0.811000,-4.260000,1.527000,-2.153000,29.05
1.037655,0.580000,-0.115000,-0.810000,-3.435000,1.313000,-2.305000,29.09
1.038080,0.577000,-0.112000,-0.800000,-1.985000,2.427000,-1.573000,29.00
1.038500,0.555000,-0.183000,-0.810000,-2.779000,8.275000,1.588000,29.14
1.038926,0.578000,-0.128000,-0.802000,-1.893000,4.229000,-0.260000,29.00
1.039353,0.641000,-0.229000,-0.911000,-7.038000,1.496000,-2.718000,29.09
1.039795,0.533000,-0.148000,-0.794000,-8.397000,13.969000,-0.809000,29.14
1.040234,0.572000,-0.143000,-0.814000,-6.687000,4.718000,-0.305000,29.05
1.040678,0.561000,-0.101000,-0.780000,-4.855000,9.756000,0.443000,29.09
1.041113,0.586000,-0.088000,-0.812000,-2.382000,7.756000,1.664000,29.09
1.041549,0.592000,-0.064000,-0.783000,-0.504000,7.939000,1.160000,29.05
1.041991,0.602000,-0.098000,-0.816000,3.634000,7.557000,2.107000,29.05
1.042430,0.607000,-0.138000,-0.808000,6.000000,1.786000,2.183000,29.09
1.042861,0.616000,-0.153000,-0.808000,3.603000,7.298000,1.374000,29.09
1.043303,0.590000,-0.088000,-0.836000,0.763000,6.397000,-0.824000,29.14
1.043841,0.615000,-0.077000,-0.766000,0.885000,4.794000,-2.473000,29.14
1.044540,0.634000,-0.097000,-0.855000,-1.725000,-4.122000,-2.519000,29.09
1.045012,0.641000,-0.066000,-0.828000,-1.634000,-2.580000,-4.840000,29.09
1.045454,0.653000,-0.120000,-0.772000,-1.893000,-6.489000,-6.153000,28.95
1.045881,0.481000,-0.025000,-0.698000,-1.588000,1.008000,-6.779000,29.00
1.046314,0.495000,-0.092000,-0.631000,-3.176000,2.840000,-6.443000,29.00
1.046741,0.568000,-0.127000,-0.696000,0.031000,-0.244000,-3.710000,29.09
1.047185,0.510000,-0.168000,-0.888000,-2.580000,-0.656000,-2.504000,29.05
1.047620,0.568000,-0.142000,-0.783000,-2.550000,-7.634000,-1.481000,29.05
1.048050,0.573000,-0.115000,-0.797000,-3.679000,-1.679000,-1.664000,29.09
1.048472,0.575000,-0.122000,-0.806000,-2.626000,4.107000,-2.000000,29.00
1.048919,0.579000,-0.117000,-0.799000,-2.534000,6.534000,-1.695000,28.95
1.049352,0.575000,-0.115000,-0.807000,-2.000000,6.122000,-1.420000,29.05
1.049777,0.576000,-0.113000,-0.805000,-1.710000,4.000000,-1.160000,29.09
1.050206,0.581000,-0.116000,-0.795000,-1.328000,2.122000,-1.221000,29.09
1.050636,0.587000,-0.111000,-0.819000,-1.924000,2.061000,-1.145000,29.05
1.051069,0.578000,-0.115000,-0.794000,-1.939000,1.847000,-1.267000,29.14
1.051489,0.573000,-0.121000,-0.813000,-2.214000,2.229000,-1.237000,29.09
1.051909,0.581000,-0.110000,-0.805000,-1.649000,2.550000,-1.115000,29.00
1.052325,0.579000,-0.118000,-0.795000,-1.588000,3.099000,-0.901000,29.05
1.052745,0.577000,-0.119000,-0.796000,-1.084000,3.191000,-0.916000,29.00
1.053170,0.582000,-0.120000,-0.812000,-1.282000,3.313000,-0.794000,29.09
1.053700,0.579000,-0.115000,-0.806000,-1.542000,3.053000,-0.840000,29.05
1.054330,0.574000,-0.116000,-0.799000,-1.405000,2.794000,-0.855000,29.05
1.054802,0.576000,-0.119000,-0.807000,-1.328000,2.916000,-0.901000,29.09
1.055295,0.580000,-0.124000,-0.802000,-1.344000,3.313000,-0.962000,29.00
1.055741,0.649000,-0.213000,-0.720000,-1.924000,16.534000,-6.061000,29.05
1.056180,0.585000,-0.216000,-0.782000,-4.702000,11.267000,-8.427000,29.14
1.056621,0.591000,-0.039000,-0.844000,-2.137000,0.977000,-6.611000,29.09
1.057047,0.557000,-0.055000,-0.829000,-0.748000,-0.595000,-3.817000,29.09
1.057472,0.601000,-0.117000,-0.852000,2.198000,-8.443000,-3.511000,29.05
1.057902,0.539000,-0.188000,-0.797000,-6.092000,12.290000,-1.542000,29.00
1.058335,0.575000,-0.188000,-0.772000,-9.038000,10.718000,-3.008000,29.09
1.058758,0.617000,-0.109000,-0.816000,-9.954000,10.000000,-6.092000,29.19
1.059187,0.607000,-0.095000,-0.805000,-8.550000,10.550000,-6.443000,29.05
1.059608,0.615000,-0.092000,-0.802000,-7.221000,6.489000,-6.748000,29.05
1.060034,0.587000,-0.067000,-0.804000,-6.885000,5.069000,-6.824000,29.00
1.060453,0.589000,-0.073000,-0.812000,-5.954000,1.969000,-6.321000,29.09
1.060875,0.572000,-0.113000,-0.801000,-5.802000,3.954000,-5.099000,28.95
1.061298,0.572000,-0.116000,-0.794000,-6.687000,4.947000,-4.672000,29.09
1.061711,0.578000,-0.083000,-0.809000,-6.336000,3.863000,-4.321000,29.09
1.062135,0.585000,-0.065000,-0.811000,-5.420000,3.634000,-3.695000,29.14
1.062558,0.607000,-0.071000,-0.808000,-3.420000,3.298000,-2.931000,29.14
1.062984,0.603000,-0.094000,-0.795000,-2.626000,1.802000,-2.168000,29.09
1.063412,0.570000,-0.127000,-0.785000,-3.053000,4.809000,-2.015000,29.09
1.063987,0.612000,-0.130000,-0.812000,-5.481000,2.336000,-4.336000,29.14
1.064603,0.586000,-0.093000,-0.795000,-6.366000,0.260000,-5.176000,29.14
1.065151,0.571000,-0.068000,-0.782000,-5.176000,1.099000,-2.916000,29.09
1.065625,0.584000,-0.079000,-0.811000,-3.542000,1.847000,-1.511000,29.19
1.066057,0.565000,-0.098000,-0.801000,-3.252000,3.053000,-0.870000,29.05
1.066491,0.573000,-0.061000,-0.797000,-1.832000,1.481000,0.321000,29.05
1.066922,0.589000,-0.074000,-0.806000,-0.672000,1.771000,0.412000,29.09
1.067339,0.595000,-0.071000,-0.812000,0.931000,0.534000,1.099000,29.09
1.067757,0.591000,-0.089000,-0.797000,2.718000,1.817000,2.260000,29.14
1.068170,0.591000,-0.093000,-0.806000,3.634000,0.137000,2.534000,29.14
1.068592,0.588000,-0.081000,-0.794000,4.122000,-0.458000,2.794000,29.09
1.069014,0.576000,-0.093000,-0.796000,5.420000,-0.916000,3.832000,29.09
1.069422,0.587000,-0.117000,-0.802000,5.344000,0.046000,4.519000,29.14
1.069842,0.577000,-0.104000,-0.800000,4.031000,-1.069000,4.260000,29.09
1.070256,0.587000,-0.094000,-0.807000,4.443000,-1.191000,3.985000,29.09
1.070660,0.668000,-0.056000,-0.763000,4.824000,0.870000,2.901000,29.00
1.071073,0.617000,-0.095000,-0.804000,3.863000,-1.008000,0.992000,28.95
1.071486,0.569000,-0.156000,-0.779000,4.702000,1.557000,0.916000,29.05
1.071900,0.652000,-0.051000,-0.861000,0.840000,4.641000,-1.618000,29.09
1.072314,0.539000,-0.043000,-0.797000,-2.290000,-2.382000,-1.115000,29.09
1.072724,0.595000,-0.154000,-0.784000,-1.618000,1.466000,0.260000,29.05
1.073147,0.611000,-0.152000,-0.783000,-1.389000,3.573000,-2.107000,29.05
1.073563,0.529000,-0.157000,-0.752000,1.878000,9.634000,0.916000,29.09
1.074091,0.603000,-0.079000,-0.825000,0.901000,9.679000,1.756000,29.09
1.074704,0.565000,-0.069000,-0.833000,0.061000,6.260000,1.679000,29.05
1.075204,0.591000,-0.130000,-0.792000,0.519000,9.069000,2.168000,29.09
1.075679,0.592000,-0.118000,-0.792000,-0.962000,8.321000,1.832000,29.00
1.076123,0.579000,-0.133000,-0.800000,-2.641000,9.420000,1.053000,29.14
1.076580,0.581000,-0.131000,-0.803000,-3.496000,9.878000,0.031000,29.14
1.077025,0.589000,-0.108000,-0.791000,-2.519000,9.557000,0.504000,29.00
1.077466,0.613000,-0.088000,-0.803000,-1.450000,6.840000,-0.061000,29.19
1.077897,0.615000,-0.074000,-0.796000,-0.977000,4.702000,-1.008000,29.05
1.078338,0.598000,-0.095000,-0.794000,-0.321000,2.092000,-0.611000,29.05
1.078777,0.590000,-0.109000,-0.801000,-1.344000,0.733000,-1.359000,29.09
1.079209,0.572000,-0.124000,-0.787000,-2.183000,1.267000,-1.267000,29.09
1.079639,0.585000,-0.123000,-0.796000,-2.809000,2.168000,-1.649000,29.05
1.080106,0.595000,-0.115000,-0.796000,-2.916000,2.550000,-2.153000,29.05
1.080549,0.594000,-0.104000,-0.796000,-2.885000,1.847000,-2.382000,29.09
1.080965,0.587000,-0.104000,-0.794000,-2.748000,2.275000,-2.000000,29.19
1.081396,0.570000,-0.114000,-0.798000,-2.626000,2.046000,-1.237000,29.05
1.081812,0.583000,-0.107000,-0.801000,-2.656000,1.771000,-1.588000,29.09
1.082224,0.581000,-0.106000,-0.801000,-2.687000,2.687000,-1.069000,29.09
1.082640,0.583000,-0.115000,-0.784000,-1.832000,3.130000,-0.473000,29.19
1.083057,0.590000,-0.097000,-0.809000,-2.107000,2.458000,-0.824000,29.24
1.083474,0.582000,-0.096000,-0.800000,-1.435000,2.198000,-0.061000,29.24
1.083989,0.581000,-0.111000,-0.803000,-1.176000,3.832000,0.611000,29.09
1.084541,0.586000,-0.102000,-0.802000,-2.305000,6.321000,0.595000,29.09
1.085080,0.596000,-0.095000,-0.808000,-2.275000,4.336000,0.550000,29.14
1.085585,0.597000,-0.085000,-0.805000,-1.695000,-0.824000,0.244000,29.05
1.086042,0.583000,-0.093000,-0.788000,-0.534000,-6.885000,0.504000,29.19
1.086484,0.580000,-0.142000,-0.784000,0.137000,-6.168000,-0.198000,29.09
1.086911,0.465000,-0.244000,-0.713000,0.855000,2.916000,2.046000,29.14
1.087345,0.644000,-0.084000,-0.832000,-3.420000,-9.481000,-5.924000,29.05
1.087795,0.566000,-0.115000,-0.821000,-0.351000,-2.031000,-0.397000,29.09
1.088228,0.568000,-0.147000,-0.797000,-0.779000,1.267000,-0.443000,29.00
1.088665,0.573000,-0.110000,-0.793000,-1.176000,2.672000,-0.779000,29.14
1.089107,0.589000,-0.123000,-0.792000,-1.496000,3.634000,-0.901000,29.09
1.089542,0.581000,-0.120000,-0.802000,-1.786000,3.008000,-1.115000,29.00
1.090048,0.553000,-0.235000,-0.873000,-9.023000,2.305000,0.672000,29.05
1.090501,0.597000,-0.114000,-0.749000,-8.443000,-5.511000,-3.405000,29.24
1.090915,0.648000,-0.126000,-0.785000,-13.634000,5.344000,-0.046000,29.09
1.091331,0.599000,-0.100000,-0.756000,-5.053000,3.557000,-2.092000,29.09
1.091769,0.589000,-0.080000,-0.814000,-7.359000,11.725000,-2.168000,29.14
1.092187,0.549000,-0.091000,-0.834000,-8.000000,5.145000,-1.603000,29.14
1.092603,0.568000,-0.154000,-0.802000,-13.374000,8.321000,-2.870000,29.09
1.093018,0.581000,-0.090000,-0.786000,-12.214000,5.008000,-3.420000,29.09
1.093435,0.615000,-0.059000,-0.777000,-8.382000,3.206000,-3.969000,29.14
1.093849,0.589000,-0.075000,-0.763000,-5.527000,0.840000,-2.534000,29.00
1.094261,0.567000,-0.039000,-0.798000,-2.916000,2.473000,-1.145000,29.09
1.094671,0.578000,-0.042000,-0.820000,-2.412000,1.511000,-1.099000,29.14
1.095092,0.576000,-0.062000,-0.805000,-1.985000,0.916000,-0.626000,29.14
1.095505,0.578000,-0.068000,-0.795000,-1.038000,0.763000,0.214000,29.09
1.095913,0.581000,-0.096000,-0.792000,0.000000,1.603000,0.550000,29.09
1.096326,0.572000,-0.114000,-0.796000,0.931000,3.130000,1.756000,29.24
1.096752,0.590000,-0.093000,-0.802000,2.962000,3.450000,1.893000,29.14
1.097163,0.586000,-0.083000,-0.792000,4.656000,2.611000,1.756000,29.19
1.097568,0.577000,-0.096000,-0.799000,5.038000,3.191000,2.748000,29.19
1.097977,0.589000,-0.088000,-0.811000,6.061000,1.099000,2.382000,29.14
1.098384,0.580000,-0.108000,-0.808000,4.656000,1.481000,1.679000,29.09
1.098800,0.596000,-0.134000,-0.803000,3.053000,0.931000,0.748000,29.09
1.099215,0.590000,-0.121000,-0.803000,0.656000,0.061000,-0.733000,29.09
1.099712,0.584000,-0.102000,-0.799000,-0.473000,-2.489000,-2.076000,29.14
1.100404,0.588000,-0.115000,-0.792000,-0.885000,-2.229000,-2.550000,29.14
1.100895,0.585000,-0.101000,-0.792000,2.840000,-2.168000,-2.534000,29.09
1.101350,0.384000,-0.325000,-0.836000,-2.733000,-0.534000,6.504000,29.09
1.101797,0.657000,-0.231000,-0.717000,1.053000,3.771000,0.947000,29.05
1.102243,0.554000,-0.130000,-0.863000,1.053000,2.977000,-0.855000,29.05
1.102685,0.569000,-0.159000,-0.780000,-0.550000,4.672000,-1.725000,29.09
1.103129,0.561000,-0.121000,-0.824000,-0.153000,1.863000,-0.809000,29.09
1.103564,0.571000,-0.119000,-0.782000,-2.412000,6.733000,-0.504000,29.14
1.104000,0.586000,-0.124000,-0.802000,-1.160000,1.542000,-0.809000,29.14
1.104435,0.576000,-0.109000,-0.802000,-1.954000,4.076000,-1.115000,29.09
1.104870,0.586000,-0.193000,-0.820000,-9.328000,0.061000,-2.153000,29.19
1.105339,0.382000,-0.439000,-0.756000,-8.260000,10.092000,0.656000,29.14
1.105781,0.610000,-0.279000,-0.866000,-10.229000,16.779000,0.107000,29.09
1.106211,0.499000,-0.011000,-0.775000,-14.916000,35.527000,2.321000,29.00
1.106688,0.559000,-0.066000,-0.809000,-11.954000,25.588000,1.405000,29.14
1.107113,0.575000,-0.120000,-0.770000,-9.420000,32.031000,2.015000,29.14
1.107537,0.602000,-0.082000,-0.778000,-16.565000,27.466000,0.733000,29.14
1.107959,0.614000,-0.330000,-0.913000,-31.481000,47.725000,2.718000,29.19
1.108379,0.616000,-0.014000,-0.944000,-20.168000,15.221000,1.023000,29.19
1.108901,0.521000,-0.038000,-0.642000,-4.656000,18.885000,-0.458000,28.95
1.109498,0.617000,-0.101000,-0.800000,-2.244000,-2.947000,-5.740000,29.05
1.110021,0.614000,-0.028000,-0.826000,-9.924000,-6.702000,-5.863000,29.28
1.110497,0.604000,-0.073000,-0.769000,-9.328000,-7.573000,-5.863000,29.09
1.110946,0.632000,-0.038000,-0.741000,-4.916000,-12.702000,-6.580000,29.14
1.111394,0.241000,-0.293000,-0.835000,-17.771000,-3.130000,-2.931000,29.24
1.111833,0.519000,-0.111000,-0.659000,12.137000,-6.122000,-1.115000,29.09
1.112278,0.579000,-0.083000,-0.905000,16.962000,-23.603000,-2.046000,29.14
1.112722,0.613000,-0.222000,-1.291000,7.084000,-12.198000,8.214000,29.05
1.113159,0.633000,-0.188000,-0.693000,12.840000,-0.763000,3.603000,29.09
1.113589,0.616000,-0.102000,-0.868000,7.878000,-1.679000,0.366000,29.19
1.114024,0.572000,-0.143000,-0.761000,14.687000,-8.748000,0.672000,29.24
1.114457,0.596000,-0.113000,-0.814000,10.473000,-6.794000,0.489000,29.14
1.114907,0.589000,-0.118000,-0.825000,6.885000,-6.718000,0.748000,29.09
1.115370,0.597000,-0.157000,-0.787000,4.458000,-5.634000,0.153000,29.09
1.115916,0.582000,-0.114000,-0.790000,2.366000,-2.656000,-0.702000,29.14
1.116431,0.584000,-0.110000,-0.795000,0.519000,0.763000,-0.763000,29.05
1.116886,0.583000,-0.117000,-0.803000,-0.458000,2.748000,-0.870000,29.09
1.117324,0.585000,-0.107000,-0.804000,-0.962000,2.595000,-0.977000,29.19
1.117765,0.581000,-0.106000,-0.797000,-1.435000,3.267000,-1.099000,29.14
1.118203,0.591000,-0.106000,-0.808000,-1.557000,2.504000,-1.038000,29.09
1.118642,0.635000,-0.221000,-0.718000,-4.672000,12.855000,-3.908000,29.19
1.119090,0.709000,-0.176000,-0.937000,-19.679000,-0.534000,-11.237000,29.19
1.119531,0.538000,-0.087000,-0.756000,-14.000000,34.489000,-4.046000,29.14
1.120018,0.612000,0.018000,-0.851000,-2.489000,9.069000,-1.954000,29.05
1.120485,0.581000,-0.067000,-0.778000,1.924000,1.084000,-0.748000,29.09
1.120932,0.551000,-0.125000,-0.754000,-1.511000,20.565000,2.794000,29.09
1.121398,0.621000,-0.163000,-0.878000,-3.603000,4.382000,1.969000,29.14
1.121881,0.581000,-0.141000,-0.813000,-1.344000,11.817000,2.519000,29.19
1.122332,0.625000,-0.095000,-0.812000,-3.618000,8.824000,0.534000,29.09
1.122768,0.589000,-0.061000,-0.792000,-0.931000,8.809000,1.084000,29.05
1.123215,0.598000,-0.081000,-0.793000,2.168000,7.710000,1.939000,29.14
1.123670,0.587000,-0.103000,-0.781000,3.573000,8.885000,3.863000,29.00
1.124105,0.623000,-0.093000,-0.810000,2.046000,6.076000,2.351000,29.09
1.124515,0.605000,-0.090000,-0.801000,2.366000,3.282000,2.244000,29.14
1.124929,0.592000,-0.074000,-0.801000,1.420000,0.672000,2.443000,29.14
1.125352,0.606000,-0.101000,-0.803000,2.336000,-0.611000,1.786000,29.09
1.125772,0.604000,-0.102000,-0.799000,1.756000,-2.137000,1.374000,29.09
1.126188,0.601000,-0.101000,-0.784000,2.656000,-2.519000,1.328000,29.14
1.126612,0.615000,-0.134000,-0.795000,0.809000,-2.870000,0.336000,29.14
1.127033,0.597000,-0.124000,-0.789000,-0.198000,-4.000000,-0.779000,29.09
1.127460,0.587000,-0.106000,-0.786000,-0.733000,-3.084000,-1.084000,29.09
1.127880,0.600000,-0.116000,-0.797000,-1.130000,-4.870000,-1.374000,29.05
1.128304,0.585000,-0.126000,-0.800000,-0.840000,-4.122000,-1.160000,29.14
1.128723,0.412000,-0.128000,-0.747000,0.382000,-4.305000,1.252000,29.19
1.129156,0.647000,-0.125000,-0.817000,-2.855000,-3.191000,-2.305000,29.09
1.129571,0.569000,-0.102000,-0.776000,0.382000,-2.489000,-0.137000,29.14
1.130106,0.604000,-0.127000,-0.789000,-1.908000,-0.519000,-0.382000,29.19
1.130527,0.584000,-0.109000,-0.807000,-0.962000,0.366000,-0.947000,29.09
1.130947,0.623000,-0.096000,-0.802000,-0.366000,-3.725000,-2.382000,29.09
1.131367,0.640000,-0.102000,-0.805000,-0.321000,-3.603000,-2.626000,29.14
1.131782,0.615000,-0.137000,-0.781000,1.023000,-6.473000,-2.046000,29.05
1.132224,0.570000,-0.092000,-0.771000,-2.229000,-2.840000,-2.687000,29.00
1.132650,0.573000,-0.087000,-0.782000,-2.275000,-1.863000,-3.282000,29.09
1.133075,0.573000,-0.095000,-0.797000,-1.863000,1.328000,-2.687000,29.14
1.133506,0.550000,-0.130000,-0.756000,-0.076000,2.092000,-0.794000,29.14
1.133935,0.580000,-0.117000,-0.792000,-1.008000,1.618000,-0.901000,29.09
1.134352,0.579000,-0.095000,-0.807000,-0.550000,1.527000,-0.672000,29.09
1.134776,0.584000,-0.123000,-0.793000,-0.397000,2.443000,-0.321000,29.14
1.135223,0.577000,-0.115000,-0.795000,-0.397000,2.611000,-0.092000,29.14
1.135655,0.589000,-0.109000,-0.807000,-1.191000,2.412000,-0.763000,29.19
1.136087,0.588000,-0.178000,-0.804000,2.107000,2.977000,1.466000,29.09
1.136502,0.584000,-0.152000,-0.835000,0.244000,3.160000,1.221000,29.14
1.136917,0.583000,-0.155000,-0.767000,3.084000,4.962000,2.000000,29.19
1.137322,0.591000,-0.126000,-0.795000,4.611000,6.427000,2.656000,29.09
1.137731,0.596000,-0.125000,-0.813000,3.008000,5.924000,2.641000,29.14
1.138143,0.568000,-0.101000,-0.799000,2.992000,7.023000,2.702000,29.14
1.138554,0.583000,-0.107000,-0.810000,2.595000,6.885000,2.366000,29.19
1.138964,0.582000,-0.087000,-0.803000,1.206000,5.786000,1.557000,29.09
1.139388,0.591000,-0.064000,-0.816000,-0.198000,4.473000,-0.153000,29.14
1.139941,0.577000,-0.068000,-0.813000,-1.924000,1.908000,-1.679000,29.14
1.140504,0.592000,-0.094000,-0.804000,-2.183000,0.244000,-2.458000,29.09
1.140972,0.590000,-0.112000,-0.800000,-2.137000,-0.779000,-2.534000,29.09
1.141405,0.578000,-0.111000,-0.796000,-2.397000,-0.046000,-2.412000,29.14
1.141831,0.615000,-0.111000,-0.824000,-3.679000,-1.679000,-3.725000,29.05
1.142252,0.620000,-0.156000,-0.786000,-3.679000,-1.496000,-3.389000,29.09
1.142676,0.639000,-0.269000,-0.906000,-16.916000,-0.336000,-9.847000,29.09
1.143105,0.554000,-0.098000,-0.756000,-3.618000,3.924000,-1.740000,29.24
1.143528,0.561000,-0.099000,-0.804000,-2.397000,1.435000,-1.252000,29.05
1.143945,0.579000,-0.117000,-0.796000,-1.542000,1.771000,-0.748000,29.19
1.144361,0.588000,-0.133000,-0.802000,-1.954000,2.916000,-1.252000,29.09
1.144780,0.589000,-0.115000,-0.803000,-1.878000,2.458000,-1.160000,29.14
1.145198,0.573000,-0.113000,-0.797000,-1.695000,2.015000,-1.191000,29.14
1.145614,0.581000,-0.125000,-0.804000,-1.847000,1.878000,-0.947000,29.19
1.146042,0.572000,-0.125000,-0.804000,-2.092000,2.137000,-1.115000,29.09
1.146464,0.583000,-0.118000,-0.802000,-1.985000,2.397000,-1.099000,29.05
1.146883,0.586000,-0.108000,-0.802000,-1.679000,2.351000,-1.084000,29.24
1.147309,0.576000,-0.113000,-0.794000,-1.527000,2.504000,-1.084000,29.19
1.147731,0.580000,-0.113000,-0.805000,-1.618000,2.595000,-0.840000,29.19
1.148154,0.582000,-0.120000,-0.802000,-1.420000,2.397000,-0.916000,29.05
1.148583,0.579000,-0.115000,-0.796000,-1.450000,2.305000,-0.779000,29.09
1.149003,0.586000,-0.112000,-0.803000,-1.466000,2.427000,-0.931000,29.19
1.149425,0.580000,-0.115000,-0.802000,-1.450000,2.489000,-0.672000,29.09
1.149924,0.582000,-0.115000,-0.806000,-1.420000,2.702000,-0.687000,29.14
1.150425,0.579000,-0.120000,-0.801000,-1.389000,2.656000,-0.901000,29.14
1.150854,0.574000,-0.115000,-0.809000,-1.450000,2.473000,-0.916000,29.09
1.151277,0.577000,-0.122000,-0.798000,-1.481000,2.504000,-0.809000,29.09
1.151693,0.579000,-0.124000,-0.799000,-1.649000,2.672000,-0.885000,29.14
1.152122,0.578000,-0.116000,-0.798000,-1.710000,2.672000,-0.779000,29.14
1.152539,0.578000,-0.118000,-0.799000,-1.588000,2.840000,-0.992000,29.19
1.152972,0.581000,-0.120000,-0.796000,-1.786000,2.962000,-1.084000,29.09
1.153385,0.579000,-0.116000,-0.802000,-1.969000,2.611000,-1.206000,29.05
1.153803,0.577000,-0.116000,-0.808000,-1.939000,2.763000,-1.099000,29.05
1.154226,0.577000,-0.118000,-0.802000,-1.924000,2.702000,-1.328000,29.09
1.154645,0.579000,-0.114000,-0.802000,-1.969000,2.702000,-1.053000,29.19
1.155060,0.579000,-0.117000,-0.804000,-1.832000,2.702000,-1.206000,29.14
1.155482,0.575000,-0.117000,-0.798000,-1.664000,2.992000,-1.084000,29.09
1.155920,0.582000,-0.118000,-0.808000,-1.618000,2.763000,-1.191000,29.09
1.156348,0.575000,-0.114000,-0.799000,-1.618000,2.824000,-0.885000,29.09
1.156782,0.583000,-0.119000,-0.802000,-1.649000,2.992000,-0.977000,29.14
1.157286,0.589000,-0.118000,-0.804000,-1.740000,2.947000,-1.206000,29.14
1.157994,0.585000,-0.117000,-0.804000,-1.603000,2.885000,-1.298000,29.19
1.158485,0.583000,-0.115000,-0.796000,-1.908000,2.916000,-1.115000,29.19
1.158928,0.581000,-0.114000,-0.808000,-1.878000,2.840000,-1.176000,29.14
1.159386,0.578000,-0.118000,-0.807000,-1.771000,2.840000,-1.252000,29.05
1.159822,0.575000,-0.120000,-0.816000,-1.634000,2.809000,-1.084000,29.19
1.160403,0.587000,-0.114000,-0.805000,-1.664000,2.870000,-0.931000,29.09
1.160949,0.573000,-0.120000,-0.808000,-1.786000,2.794000,-1.008000,29.14
1.161446,0.567000,-0.109000,-0.819000,-1.771000,12.763000,-1.542000,29.24
1.161887,0.584000,-0.123000,-0.787000,-1.145000,4.122000,-0.427000,29.09
1.162311,0.577000,-0.113000,-0.794000,-1.802000,0.672000,-0.916000,29.00
1.162730,0.583000,-0.121000,-0.802000,-1.466000,1.924000,-0.977000,29.14
1.163145,0.583000,-0.094000,-0.812000,-1.710000,6.153000,-1.664000,29.09
1.163566,0.575000,-0.111000,-0.787000,-0.504000,3.145000,-0.901000,29.19
1.163993,0.581000,-0.117000,-0.816000,-1.832000,2.718000,-0.672000,29.09
1.164416,0.560000,-0.119000,-0.774000,-2.626000,4.305000,-0.702000,28.95
1.164837,0.583000,-0.128000,-0.796000,-3.389000,2.855000,-0.916000,29.14
1.165274,0.583000,-0.118000,-0.800000,-2.214000,1.695000,-0.855000,29.09
1.165732,0.592000,-0.112000,-0.813000,-4.748000,-1.634000,-0.687000,29.19
1.166171,0.582000,-0.089000,-0.817000,2.641000,-5.924000,-1.221000,29.14
1.166586,0.570000,-0.131000,-0.802000,0.260000,1.863000,-0.336000,29.14
1.167016,0.577000,-0.124000,-0.803000,-2.305000,-2.870000,-0.656000,29.09
1.167444,0.583000,-0.113000,-0.812000,-0.580000,-6.626000,-0.534000,29.19
1.167879,0.567000,-0.122000,-0.808000,-1.237000,-5.695000,-0.443000,29.14
1.168305,0.569000,-0.119000,-0.802000,-1.740000,-4.183000,-0.336000,29.05
1.168727,0.567000,-0.115000,-0.807000,-2.137000,0.031000,-0.351000,29.09
1.169147,0.571000,-0.121000,-0.817000,-2.351000,1.176000,-0.611000,29.19
1.169576,0.575000,-0.117000,-0.804000,-2.626000,-1.664000,-0.595000,29.05
1.170117,0.573000,-0.115000,-0.803000,-1.008000,-0.443000,-0.855000,29.09
1.170691,0.577000,-0.125000,-0.825000,-3.221000,-5.573000,-0.504000,29.19
1.171224,0.572000,-0.114000,-0.815000,-0.489000,-8.061000,-0.458000,29.09
1.171719,0.560000,-0.119000,-0.794000,-0.626000,-9.267000,-0.183000,29.14
1.172219,0.573000,-0.127000,-0.814000,-0.305000,-16.229000,-0.382000,29.14
1.172716,0.565000,-0.123000,-0.810000,-0.427000,-13.542000,-0.382000,29.19
1.173203,0.554000,-0.125000,-0.809000,-0.107000,-10.519000,-0.076000,29.19
1.173694,0.545000,-0.138000,-0.825000,0.595000,-7.267000,0.244000,29.24
1.174174,0.549000,-0.119000,-0.814000,1.282000,-3.282000,-0.183000,29.14
1.174674,0.547000,-0.119000,-0.823000,-1.130000,-0.107000,-0.366000,29.19
1.175227,0.561000,-0.124000,-0.813000,-2.580000,2.855000,-0.244000,29.19
1.175686,0.565000,-0.111000,-0.830000,-2.214000,5.740000,-0.489000,29.14
1.176164,0.554000,-0.123000,-0.812000,-2.046000,4.153000,-0.458000,29.14
1.176628,0.554000,-0.123000,-0.815000,-2.321000,2.947000,-0.794000,29.19
1.177067,0.550000,-0.118000,-0.816000,-1.298000,2.076000,-0.855000,29.19
1.177496,0.551000,-0.120000,-0.813000,-1.008000,4.412000,-0.870000,29.14
1.177924,0.549000,-0.113000,-0.792000,-0.916000,11.298000,-0.458000,29.19
1.178344,0.552000,-0.127000,-0.814000,-1.817000,10.198000,-0.595000,29.19
1.178765,0.554000,-0.123000,-0.818000,-1.847000,11.282000,-0.611000,29.09
1.179191,0.561000,-0.126000,-0.823000,-2.107000,11.893000,-0.702000,29.24
1.179613,0.571000,-0.127000,-0.813000,-3.053000,10.901000,-1.191000,29.05
1.180120,0.565000,-0.109000,-0.833000,-2.962000,10.290000,-1.084000,29.09
1.180639,0.569000,-0.131000,-0.820000,-2.748000,8.595000,-0.992000,29.19
1.181136,0.561000,-0.124000,-0.814000,-2.656000,1.588000,-1.527000,29.14
1.181586,0.569000,-0.111000,-0.823000,-2.351000,-0.763000,-1.817000,29.14
1.182015,0.568000,-0.119000,-0.821000,-1.939000,1.053000,-1.298000,29.19
1.182443,0.548000,-0.130000,-0.795000,-1.252000,5.695000,-1.069000,29.14
1.182866,0.556000,-0.123000,-0.807000,-2.443000,8.321000,-0.947000,29.24
1.183283,0.559000,-0.118000,-0.810000,-2.931000,5.038000,-1.298000,29.09
1.183708,0.566000,-0.124000,-0.809000,-1.985000,4.809000,-1.115000,29.19
1.184129,0.559000,-0.117000,-0.800000,-2.260000,5.160000,-0.977000,29.14
1.184548,0.556000,-0.120000,-0.797000,-1.985000,8.321000,-1.389000,29.14
1.184973,0.567000,-0.120000,-0.808000,-2.168000,8.916000,-1.282000,29.19
1.185386,0.590000,-0.131000,-0.866000,-3.969000,6.855000,-1.313000,29.19
1.185811,0.578000,-0.124000,-0.818000,-1.420000,7.527000,-1.267000,29.05
1.186226,0.567000,-0.125000,-0.846000,-1.725000,8.519000,-1.374000,29.14
1.186644,0.558000,-0.115000,-0.812000,-1.969000,10.229000,-1.237000,29.19
1.187071,0.567000,-0.123000,-0.811000,-2.000000,10.931000,-1.420000,29.09
1.187482,0.576000,-0.118000,-0.801000,-1.679000,8.672000,-1.160000,29.14
1.187899,0.573000,-0.116000,-0.811000,-1.359000,5.588000,-1.069000,29.14
1.188324,0.571000,-0.125000,-0.805000,-1.420000,2.947000,-1.069000,29.19
1.188740,0.566000,-0.128000,-0.814000,-1.969000,1.710000,-1.328000,29.09
1.189159,0.576000,-0.119000,-0.813000,-2.031000,2.076000,-1.282000,29.14
1.189578,0.563000,-0.121000,-0.800000,-1.435000,4.443000,-1.176000,29.19
1.190096,0.568000,-0.122000,-0.809000,-1.634000,4.382000,-1.267000,29.19
1.190708,0.571000,-0.117000,-0.810000,-1.344000,4.473000,-1.435000,29.09
1.191217,0.571000,-0.118000,-0.800000,-1.710000,4.626000,-1.664000,29.14
1.191683,0.571000,-0.122000,-0.801000,-2.000000,4.366000,-1.817000,29.05
1.192129,0.570000,-0.121000,-0.811000,-1.679000,4.229000,-1.328000,29.19
1.192609,0.563000,-0.113000,-0.814000,-1.405000,4.229000,-1.435000,29.19
1.193093,0.573000,-0.115000,-0.807000,-1.160000,4.702000,-1.389000,29.14
1.193539,0.578000,-0.117000,-0.807000,-1.405000,4.733000,-1.389000,29.14
1.193975,0.577000,-0.120000,-0.809000,-1.573000,4.809000,-1.481000,29.19
1.194436,0.576000,-0.121000,-0.811000,-1.588000,4.107000,-1.313000,29.19
1.194890,0.574000,-0.121000,-0.806000,-1.603000,4.031000,-1.389000,29.14
1.195333,0.574000,-0.121000,-0.807000,-1.450000,3.542000,-1.359000,29.14
1.195774,0.581000,-0.119000,-0.810000,-1.603000,3.618000,-1.405000,29.19
1.196242,0.575000,-0.121000,-0.804000,-1.725000,3.511000,-1.359000,29.19
1.196691,0.571000,-0.122000,-0.819000,-1.786000,3.588000,-1.099000,29.24
1.197105,0.581000,-0.111000,-0.806000,-1.557000,3.023000,-1.023000,29.19
1.197522,0.574000,-0.117000,-0.802000,-1.450000,3.145000,-0.916000,29.09
1.197954,0.581000,-0.116000,-0.807000,-1.405000,2.885000,-1.099000,29.09
1.198371,0.579000,-0.115000,-0.812000,-1.344000,2.962000,-0.977000,29.24
1.198796,0.579000,-0.125000,-0.804000,-1.435000,2.977000,-0.962000,29.14
1.199240,0.573000,-0.114000,-0.809000,-0.992000,3.282000,-0.718000,29.19
1.199666,0.581000,-0.128000,-0.800000,-1.313000,2.672000,-0.885000,29.28
1.200175,0.575000,-0.118000,-0.799000,-1.282000,2.840000,-0.931000,29.14
1.200725,0.574000,-0.117000,-0.806000,-1.176000,2.748000,-0.901000,29.19
1.201224,0.576000,-0.130000,-0.810000,-1.481000,2.870000,-0.962000,29.00
1.201694,0.579000,-0.119000,-0.810000,-1.511000,2.855000,-0.992000,29.14
1.202138,0.576000,-0.123000,-0.805000,-1.527000,2.763000,-0.916000,29.05
1.202614,0.577000,-0.115000,-0.805000,-1.618000,2.840000,-0.916000,29.19
1.203062,0.578000,-0.122000,-0.803000,-1.588000,2.855000,-0.962000,29.19
1.203504,0.574000,-0.115000,-0.799000,-1.664000,2.931000,-0.885000,29.14
1.203945,0.573000,-0.123000,-0.806000,-1.405000,3.130000,-1.023000,29.14
1.204377,0.568000,-0.126000,-0.804000,-1.466000,3.542000,-1.115000,29.09
1.204808,0.573000,-0.115000,-0.818000,-1.359000,3.328000,-0.947000,29.19
1.205249,0.569000,-0.115000,-0.813000,-1.328000,3.298000,-0.870000,29.24
1.205708,0.576000,-0.119000,-0.812000,-1.420000,3.344000,-0.794000,29.14
1.206243,0.573000,-0.117000,-0.811000,-1.298000,3.389000,-0.794000,29.09
1.206695,0.575000,-0.122000,-0.804000,-1.160000,3.313000,-0.626000,29.19
1.207123,0.577000,-0.120000,-0.809000,-1.252000,3.237000,-0.718000,29.14
1.207549,0.576000,-0.117000,-0.799000,-1.267000,3.191000,-0.840000,29.14
1.207973,0.574000,-0.119000,-0.796000,-1.389000,3.038000,-0.733000,29.19
1.208399,0.574000,-0.118000,-0.801000,-1.466000,3.221000,-0.901000,29.28
1.208810,0.573000,-0.118000,-0.809000,-1.298000,2.885000,-0.626000,29.24
1.209239,0.585000,-0.117000,-0.807000,-1.389000,3.405000,-0.870000,29.19
1.209667,0.578000,-0.122000,-0.805000,-1.481000,2.962000,-0.641000,29.19
1.210085,0.577000,-0.119000,-0.806000,-1.420000,2.977000,-0.809000,29.19
1.210660,0.575000,-0.115000,-0.808000,-1.237000,3.008000,-0.718000,29.14
1.211215,0.573000,-0.125000,-0.799000,-1.313000,2.947000,-0.794000,29.24
1.211661,0.573000,-0.123000,-0.807000,-1.435000,3.252000,-0.763000,29.09
1.212082,0.574000,-0.122000,-0.802000,-1.221000,2.550000,-0.641000,29.19
1.212494,0.568000,-0.126000,-0.810000,-1.450000,2.794000,-0.672000,29.24
1.212916,0.587000,-0.110000,-0.805000,-1.237000,2.931000,-0.504000,29.14
1.213351,0.572000,-0.119000,-0.812000,-0.931000,2.489000,-0.458000,29.28
1.213774,0.578000,-0.125000,-0.804000,-0.931000,2.855000,-0.290000,29.19
1.214187,0.582000,-0.118000,-0.812000,-0.947000,2.473000,-0.321000,29.14
1.214610,0.574000,-0.126000,-0.805000,-0.947000,2.656000,-0.214000,29.14
1.215023,0.573000,-0.123000,-0.806000,-0.916000,2.885000,-0.076000,29.19
1.215447,0.575000,-0.121000,-0.816000,-1.130000,2.473000,-0.076000,29.09
1.215861,0.572000,-0.123000,-0.805000,-1.023000,3.023000,-0.229000,29.24
1.216283,0.573000,-0.120000,-0.802000,-0.809000,2.336000,-0.092000,29.28
1.216696,0.580000,-0.119000,-0.802000,-0.931000,2.611000,0.000000,29.19
1.217124,0.571000,-0.123000,-0.813000,-0.809000,2.718000,-0.076000,29.19
1.217542,0.575000,-0.124000,-0.803000,-0.840000,2.763000,0.046000,29.24
1.217961,0.573000,-0.130000,-0.807000,-0.840000,2.519000,-0.031000,29.24
1.218381,0.576000,-0.116000,-0.803000,-0.763000,2.672000,0.183000,29.19
1.218794,0.573000,-0.124000,-0.809000,-0.794000,2.611000,-0.015000,29.19
1.219212,0.580000,-0.121000,-0.810000,-0.840000,2.504000,-0.061000,29.33
1.219630,0.577000,-0.117000,-0.803000,-0.931000,2.687000,-0.153000,29.24
1.220046,0.576000,-0.125000,-0.799000,-1.099000,2.641000,-0.214000,29.19
1.220613,0.568000,-0.128000,-0.811000,-1.206000,2.672000,-0.412000,29.24
1.221259,0.570000,-0.127000,-0.807000,-1.359000,2.885000,-0.534000,29.24
1.221728,0.578000,-0.122000,-0.800000,-1.237000,2.611000,-0.275000,29.28
1.222179,0.572000,-0.121000,-0.806000,-1.053000,2.916000,-0.504000,29.09
1.222625,0.586000,-0.121000,-0.804000,-1.008000,2.885000,-0.275000,29.14
1.223070,0.566000,-0.126000,-0.814000,-1.206000,3.160000,-0.412000,29.24
1.223574,0.577000,-0.130000,-0.809000,-1.160000,3.023000,-0.305000,29.09
1.224079,0.573000,-0.127000,-0.805000,-1.191000,2.947000,-0.550000,29.19
1.224536,0.574000,-0.125000,-0.808000,-1.313000,2.901000,-0.534000,29.14
1.224965,0.567000,-0.132000,-0.811000,-1.267000,3.084000,-0.641000,29.24
1.225394,0.577000,-0.124000,-0.807000,-1.267000,3.145000,-0.565000,29.09
1.225830,0.580000,-0.125000,-0.801000,-1.267000,3.191000,-0.351000,29.09
1.226350,0.575000,-0.130000,-0.807000,-1.237000,3.344000,-0.595000,29.24
1.226906,0.576000,-0.125000,-0.805000,-1.282000,3.084000,-0.672000,29.24
1.227359,0.581000,-0.127000,-0.803000,-1.466000,3.267000,-0.687000,29.19
1.227868,0.573000,-0.127000,-0.806000,-1.496000,3.405000,-0.824000,29.19
1.228331,0.576000,-0.132000,-0.800000,-1.374000,3.282000,-0.733000,29.24
1.228762,0.568000,-0.124000,-0.799000,-1.405000,3.374000,-0.885000,29.09
1.229205,0.574000,-0.127000,-0.807000,-1.466000,3.664000,-0.794000,29.09
1.229629,0.573000,-0.120000,-0.805000,-1.206000,3.481000,-0.794000,29.19
1.230059,0.576000,-0.122000,-0.805000,-1.237000,3.511000,-0.794000,29.05
1.230494,0.573000,-0.123000,-0.805000,-1.237000,3.618000,-0.595000,29.14
1.230919,0.574000,-0.130000,-0.817000,-1.267000,3.649000,-0.473000,29.19
1.231341,0.576000,-0.127000,-0.805000,-1.099000,3.679000,-0.824000,29.09
1.231776,0.577000,-0.125000,-0.801000,-1.435000,3.740000,-0.641000,29.24
1.232218,0.575000,-0.135000,-0.809000,-1.099000,3.557000,-0.718000,29.14
1.232650,0.569000,-0.120000,-0.799000,-1.038000,3.878000,-0.779000,29.19
1.233066,0.573000,-0.127000,-0.813000,-1.740000,3.557000,-0.534000,29.19
1.233488,0.575000,-0.127000,-0.801000,-1.649000,3.374000,-0.931000,29.24
1.233909,0.571000,-0.125000,-0.796000,-1.099000,3.618000,-0.748000,29.24
1.234329,0.577000,-0.132000,-0.797000,-1.160000,3.954000,-0.748000,29.19
1.234761,0.567000,-0.138000,-0.793000,-1.374000,3.985000,-0.748000,29.19
1.235190,0.580000,-0.129000,-0.802000,-1.420000,3.725000,-0.809000,29.14
1.235612,0.577000,-0.136000,-0.806000,-1.603000,4.076000,-1.115000,29.19
1.236040,0.576000,-0.129000,-0.803000,-1.878000,4.214000,-1.023000,29.19
1.236457,0.578000,-0.128000,-0.806000,-1.847000,3.771000,-1.221000,29.19
1.236879,0.574000,-0.133000,-0.800000,-2.031000,3.893000,-1.206000,29.05
1.237320,0.573000,-0.128000,-0.804000,-2.015000,3.863000,-1.374000,29.14
1.237898,0.582000,-0.128000,-0.808000,-1.817000,3.710000,-1.221000,29.19
1.238580,0.575000,-0.130000,-0.805000,-1.817000,3.832000,-1.267000,29.19
1.239101,0.582000,-0.129000,-0.802000,-1.771000,3.405000,-1.145000,29.14
1.240430,0.578000,-0.127000,-0.805000,-1.634000,3.649000,-0.916000,29.24
1.241035,0.578000,-0.119000,-0.807000,-1.527000,3.511000,-0.779000,29.19
1.241611,0.577000,-0.126000,-0.799000,-1.206000,3.496000,-0.916000,29.19
1.242079,0.577000,-0.127000,-0.803000,-1.237000,3.420000,-0.748000,29.14
1.242545,0.584000,-0.130000,-0.805000,-1.130000,3.527000,-0.931000,29.14
1.242998,0.575000,-0.123000,-0.794000,-1.053000,3.649000,-0.840000,29.09
1.243490,0.577000,-0.125000,-0.807000,-1.069000,3.817000,-0.641000,29.09
1.243963,0.584000,-0.126000,-0.808000,-0.794000,3.496000,-0.427000,29.24
1.244391,0.580000,-0.125000,-0.795000,-0.779000,3.573000,-0.611000,29.09
1.244807,0.574000,-0.127000,-0.801000,-0.870000,3.542000,-0.443000,29.19
1.245229,0.574000,-0.126000,-0.804000,-0.824000,3.802000,-0.366000,29.14
1.245648,0.578000,-0.135000,-0.803000,-0.947000,3.618000,-0.824000,29.14
1.246073,0.577000,-0.128000,-0.794000,-0.916000,3.786000,-0.748000,29.19
1.246491,0.575000,-0.133000,-0.805000,-1.115000,3.832000,-0.885000,29.09
1.246909,0.575000,-0.131000,-0.805000,-1.344000,3.893000,-1.176000,29.24
1.247352,0.584000,-0.130000,-0.810000,-1.435000,3.725000,-0.977000,29.14
1.247808,0.580000,-0.131000,-0.799000,-1.435000,3.725000,-1.145000,29.19
1.248251,0.584000,-0.129000,-0.806000,-1.389000,3.802000,-1.053000,29.19
1.248687,0.582000,-0.126000,-0.800000,-1.359000,3.802000,-1.160000,29.14
1.249113,0.580000,-0.128000,-0.806000,-1.496000,3.450000,-0.931000,29.14
1.249537,0.579000,-0.132000,-0.800000,-1.618000,3.053000,-1.237000,29.19
1.249963,0.583000,-0.137000,-0.803000,-1.649000,3.099000,-1.542000,29.09
1.250475,0.583000,-0.125000,-0.794000,-1.817000,3.817000,-1.313000,29.24
1.251130,0.581000,-0.127000,-0.807000,-1.740000,3.496000,-1.298000,29.14
1.251652,0.583000,-0.134000,-0.790000,-1.710000,4.092000,-1.267000,29.19
1.252125,0.573000,-0.131000,-0.795000,-1.878000,3.405000,-1.496000,29.28
1.252557,0.578000,-0.141000,-0.803000,-2.061000,3.588000,-1.542000,29.24
1.252994,0.578000,-0.134000,-0.798000,-2.122000,3.725000,-1.725000,29.24
1.253438,0.582000,-0.122000,-0.803000,-2.412000,3.084000,-1.847000,29.19
1.253869,0.577000,-0.135000,-0.797000,-2.397000,3.267000,-1.588000,29.19
1.254288,0.581000,-0.135000,-0.799000,-2.336000,3.069000,-1.527000,29.14
1.254718,0.583000,-0.127000,-0.792000,-2.305000,2.885000,-1.664000,29.24
1.255140,0.583000,-0.133000,-0.797000,-2.458000,2.595000,-1.710000,29.19
1.255559,0.580000,-0.132000,-0.800000,-2.580000,2.656000,-1.618000,29.19
1.255993,0.586000,-0.131000,-0.799000,-2.534000,2.336000,-1.756000,29.14
1.256436,0.580000,-0.121000,-0.802000,-2.550000,2.260000,-1.847000,29.28
1.256874,0.578000,-0.128000,-0.804000,-2.656000,2.076000,-1.603000,29.19
1.257324,0.577000,-0.128000,-0.800000,-2.504000,2.366000,-1.710000,29.09
1.257771,0.579000,-0.126000,-0.806000,-2.580000,2.107000,-1.740000,29.14
1.258210,0.583000,-0.130000,-0.799000,-2.687000,2.061000,-1.863000,29.14
1.258644,0.574000,-0.133000,-0.799000,-2.672000,2.000000,-2.122000,29.28
1.259073,0.580000,-0.133000,-0.794000,-3.023000,2.122000,-2.244000,29.28
1.259499,0.586000,-0.127000,-0.795000,-3.053000,2.000000,-2.382000,29.14
1.259926,0.583000,-0.123000,-0.795000,-2.733000,1.527000,-1.969000,29.24
1.260348,0.575000,-0.126000,-0.803000,-2.458000,1.588000,-1.985000,29.28
1.260950,0.574000,-0.125000,-0.805000,-2.611000,1.191000,-2.046000,29.09
1.261690,0.573000,-0.120000,-0.798000,-2.427000,1.740000,-2.137000,29.24
1.262180,0.583000,-0.120000,-0.796000,-2.641000,1.557000,-2.305000,29.24
1.262623,0.578000,-0.125000,-0.810000,-2.550000,1.863000,-2.153000,29.28
1.263045,0.573000,-0.119000,-0.796000,-2.397000,2.107000,-2.244000,29.24
1.263462,0.581000,-0.122000,-0.804000,-2.626000,2.153000,-2.305000,29.24
1.263905,0.582000,-0.123000,-0.807000,-2.458000,2.275000,-2.107000,29.28
1.264340,0.577000,-0.113000,-0.812000,-2.015000,2.183000,-1.893000,29.19
1.264772,0.578000,-0.122000,-0.810000,-1.954000,2.550000,-1.817000,29.24
1.265210,0.583000,-0.120000,-0.806000,-1.588000,2.733000,-1.740000,29.14
1.265697,0.577000,-0.126000,-0.804000,-1.573000,2.595000,-1.908000,29.28
1.266166,0.580000,-0.124000,-0.803000,-1.695000,2.611000,-1.679000,29.19
1.266604,0.577000,-0.129000,-0.814000,-1.847000,2.733000,-1.832000,29.24
1.267048,0.573000,-0.121000,-0.800000,-1.740000,2.779000,-1.878000,29.24
1.267495,0.569000,-0.117000,-0.803000,-1.786000,3.160000,-1.908000,29.19
1.267927,0.575000,-0.128000,-0.805000,-1.435000,3.328000,-2.244000,29.09
1.268347,0.571000,-0.125000,-0.803000,-1.450000,3.740000,-2.458000,29.24
1.268774,0.585000,-0.113000,-0.800000,-1.160000,3.664000,-2.504000,29.09
1.269196,0.581000,-0.119000,-0.798000,-0.718000,3.344000,-2.214000,29.19
1.269643,0.578000,-0.115000,-0.799000,0.244000,2.947000,-2.092000,29.09
1.270223,0.577000,-0.124000,-0.796000,0.382000,2.748000,-2.076000,29.24
1.270757,0.579000,-0.129000,-0.798000,0.901000,1.863000,-2.412000,29.24
1.271376,0.580000,-0.133000,-0.802000,1.206000,1.786000,-2.779000,29.28
1.271850,0.573000,-0.126000,-0.803000,1.267000,1.481000,-2.901000,29.19
1.272343,0.564000,-0.123000,-0.846000,1.527000,0.550000,-3.435000,29.24
1.272832,0.564000,-0.131000,-0.773000,1.466000,1.893000,-3.893000,29.24
1.273261,0.557000,-0.118000,-0.788000,2.198000,1.679000,-4.412000,29.19
1.273708,0.569000,-0.129000,-0.814000,2.794000,1.893000,-4.626000,29.28
1.274441,0.550000,-0.113000,-0.762000,3.069000,2.321000,-5.176000,29.24
1.274883,0.563000,-0.131000,-0.811000,2.000000,3.313000,-5.099000,29.24
1.275298,0.567000,-0.117000,-0.811000,1.878000,3.450000,-5.511000,29.19
1.275722,0.556000,-0.134000,-0.802000,1.817000,3.481000,-6.107000,29.28
1.276147,0.577000,-0.133000,-0.807000,1.985000,3.130000,-6.534000,29.24
1.276572,0.596000,-0.127000,-0.799000,1.725000,3.099000,-6.641000,29.19
1.277147,0.579000,-0.113000,-0.794000,2.458000,3.145000,-6.153000,29.28
1.277618,0.577000,-0.129000,-0.794000,1.511000,2.534000,-6.290000,29.19
1.278054,0.580000,-0.132000,-0.802000,1.466000,2.427000,-6.656000,29.14
1.278508,0.588000,-0.127000,-0.803000,1.603000,2.336000,-6.489000,29.24
1.278962,0.582000,-0.127000,-0.800000,1.756000,2.214000,-6.076000,29.28
1.279410,0.580000,-0.119000,-0.801000,2.107000,2.336000,-5.817000,29.28
1.279847,0.592000,-0.122000,-0.812000,1.725000,2.137000,-5.450000,29.24
1.280277,0.597000,-0.114000,-0.803000,1.740000,2.183000,-4.550000,29.14
1.280799,0.578000,-0.108000,-0.806000,2.015000,2.275000,-4.351000,29.19
1.281412,0.576000,-0.121000,-0.802000,2.366000,2.397000,-3.756000,29.19
1.281932,0.584000,-0.112000,-0.796000,3.053000,2.870000,-3.084000,29.24
1.282491,0.567000,-0.131000,-0.793000,3.405000,3.008000,-2.702000,29.33
1.282980,0.559000,-0.125000,-0.800000,4.275000,3.267000,-2.595000,29.28
1.283424,0.585000,-0.129000,-0.798000,5.191000,4.107000,-2.305000,29.19
1.283854,0.588000,-0.127000,-0.806000,4.931000,4.443000,-1.557000,29.24
1.284287,0.591000,-0.123000,-0.791000,5.771000,3.847000,-0.870000,29.28
1.284707,0.589000,-0.123000,-0.794000,5.802000,2.840000,-0.397000,29.19
1.285131,0.583000,-0.133000,-0.786000,6.366000,2.962000,0.076000,29.28
1.285567,0.579000,-0.146000,-0.792000,5.710000,1.878000,-0.214000,29.24
1.285989,0.582000,-0.150000,-0.792000,5.435000,1.237000,-0.763000,29.24
1.286415,0.580000,-0.157000,-0.793000,4.458000,1.053000,-1.191000,29.28
1.286850,0.585000,-0.125000,-0.807000,4.107000,1.206000,-1.389000,29.19
1.287282,0.578000,-0.126000,-0.807000,3.939000,1.099000,-0.947000,29.24
1.287710,0.592000,-0.125000,-0.807000,3.878000,1.282000,-0.382000,29.14
1.288145,0.591000,-0.125000,-0.801000,3.679000,1.389000,0.122000,29.19
1.288579,0.582000,-0.122000,-0.807000,3.435000,1.679000,0.840000,29.28
1.289029,0.592000,-0.115000,-0.809000,3.832000,2.504000,1.832000,29.24
1.289465,0.591000,-0.142000,-0.803000,3.802000,2.641000,2.641000,29.28
1.289990,0.587000,-0.153000,-0.803000,3.359000,2.107000,2.351000,29.28
1.290679,0.591000,-0.149000,-0.805000,2.153000,1.847000,1.893000,29.24
1.291140,0.596000,-0.154000,-0.799000,1.374000,1.099000,1.481000,29.24
1.291577,0.591000,-0.163000,-0.804000,0.550000,-0.092000,0.901000,29.19
1.291994,0.580000,-0.155000,-0.787000,-0.763000,-1.374000,0.321000,29.28
1.292420,0.584000,-0.146000,-0.799000,-1.115000,-1.466000,0.198000,29.33
1.293137,0.586000,-0.155000,-0.806000,-1.160000,-1.603000,0.137000,29.24
1.293727,0.586000,-0.141000,-0.807000,-1.725000,-1.481000,-0.076000,29.19
1.294217,0.577000,-0.130000,-0.810000,-1.542000,-0.916000,0.489000,29.19
1.294685,0.582000,-0.131000,-0.809000,-0.794000,-0.580000,1.176000,29.24
1.295123,0.584000,-0.141000,-0.809000,-0.656000,-0.168000,1.725000,29.33
1.295549,0.590000,-0.151000,-0.803000,-0.718000,-0.260000,1.740000,29.19
1.295969,0.584000,-0.143000,-0.806000,-0.763000,-0.397000,2.122000,29.28
1.296391,0.569000,-0.157000,-0.800000,-0.901000,-0.260000,2.122000,29.24
1.296815,0.559000,-0.161000,-0.800000,-0.794000,-0.733000,1.664000,29.28
1.297236,0.560000,-0.161000,-0.805000,-1.466000,0.092000,0.656000,29.28
1.297642,0.558000,-0.149000,-0.801000,-1.786000,0.580000,0.336000,29.19
1.298085,0.560000,-0.154000,-0.802000,-1.847000,0.947000,0.107000,29.33
1.298513,0.564000,-0.147000,-0.802000,-1.893000,1.420000,0.000000,29.24
1.298957,0.569000,-0.151000,-0.810000,-1.832000,1.679000,0.183000,29.19
1.299406,0.577000,-0.147000,-0.803000,-1.908000,1.069000,0.046000,29.28
1.299863,0.570000,-0.145000,-0.807000,-1.649000,1.573000,0.153000,29.33
1.300304,0.569000,-0.145000,-0.807000,-1.252000,1.527000,0.244000,29.24
1.300745,0.569000,-0.142000,-0.802000,-0.870000,1.786000,0.763000,29.28
1.301170,0.564000,-0.152000,-0.807000,-0.473000,1.969000,0.855000,29.19
1.301585,0.566000,-0.144000,-0.808000,-0.183000,2.107000,1.053000,29.33
1.302005,0.565000,-0.150000,-0.813000,-0.092000,2.458000,0.931000,29.28
1.302421,0.573000,-0.148000,-0.805000,-0.214000,2.321000,0.901000,29.19
1.302966,0.573000,-0.147000,-0.805000,0.198000,2.489000,1.069000,29.24
1.303516,0.569000,-0.157000,-0.805000,0.504000,2.626000,1.282000,29.33
1.303987,0.577000,-0.152000,-0.804000,0.198000,2.595000,1.023000,29.19
1.304440,0.565000,-0.156000,-0.807000,0.260000,2.702000,1.344000,29.19
1.304885,0.575000,-0.156000,-0.806000,0.641000,2.809000,1.481000,29.24
1.305332,0.564000,-0.149000,-0.811000,0.718000,3.206000,1.618000,29.24
1.305786,0.559000,-0.151000,-0.808000,0.931000,3.603000,1.756000,29.28
1.306213,0.573000,-0.156000,-0.808000,0.916000,4.061000,1.542000,29.19
1.306641,0.567000,-0.161000,-0.815000,0.595000,4.809000,1.878000,29.24
1.307083,0.576000,-0.170000,-0.802000,-0.565000,5.847000,1.527000,29.24
1.307530,0.577000,-0.182000,-0.791000,-1.603000,5.664000,0.748000,29.28
1.307985,0.574000,-0.179000,-0.797000,-2.412000,4.885000,-0.107000,29.28
1.308438,0.579000,-0.169000,-0.796000,-3.221000,4.382000,-0.580000,29.24
1.308883,0.579000,-0.168000,-0.795000,-3.786000,3.969000,-1.008000,29.28
1.309334,0.567000,-0.158000,-0.802000,-4.229000,3.527000,-1.420000,29.19
1.309783,0.567000,-0.138000,-0.809000,-4.015000,3.893000,-1.267000,29.19
1.310225,0.575000,-0.146000,-0.814000,-3.588000,4.733000,-0.275000,29.24
1.310640,0.569000,-0.143000,-0.820000,-3.481000,5.618000,0.275000,29.24
1.311054,0.570000,-0.144000,-0.804000,-3.115000,6.336000,0.702000,29.28
1.311471,0.574000,-0.152000,-0.806000,-3.115000,6.260000,0.809000,29.28
1.311901,0.574000,-0.162000,-0.798000,-3.527000,5.954000,0.550000,29.24
1.312310,0.573000,-0.161000,-0.792000,-3.771000,5.695000,0.244000,29.33
1.312873,0.573000,-0.175000,-0.802000,-4.489000,5.115000,-0.443000,29.19
1.313502,0.567000,-0.175000,-0.792000,-5.359000,4.809000,-1.267000,29.19
1.313965,0.571000,-0.184000,-0.798000,-6.427000,4.214000,-2.382000,29.24
1.314462,0.570000,-0.174000,-0.792000,-7.160000,3.359000,-3.527000,29.24
1.314953,0.573000,-0.154000,-0.790000,-7.405000,2.550000,-3.939000,29.28
1.315422,0.562000,-0.149000,-0.797000,-7.053000,2.290000,-4.137000,29.28
1.315846,0.562000,-0.134000,-0.806000,-6.595000,2.427000,-3.878000,29.24
1.316258,0.570000,-0.124000,-0.813000,-5.542000,2.733000,-3.115000,29.28
1.316673,0.569000,-0.134000,-0.814000,-4.489000,3.420000,-2.366000,29.19
1.317087,0.573000,-0.140000,-0.817000,-4.244000,3.817000,-1.908000,29.28
1.317502,0.576000,-0.142000,-0.794000,-3.756000,4.611000,-1.405000,29.24
1.317921,0.570000,-0.138000,-0.792000,-3.359000,4.458000,-1.313000,29.24
1.318340,0.574000,-0.148000,-0.800000,-3.084000,4.000000,-1.435000,29.19
1.318761,0.582000,-0.154000,-0.796000,-3.130000,3.634000,-1.237000,29.28
1.319198,0.570000,-0.152000,-0.795000,-3.313000,3.176000,-1.573000,29.14
1.319611,0.578000,-0.141000,-0.800000,-3.252000,2.748000,-1.649000,29.24
1.320047,0.579000,-0.131000,-0.799000,-2.702000,2.443000,-1.176000,29.19
1.320466,0.582000,-0.136000,-0.811000,-2.168000,2.321000,-0.611000,29.38
1.320887,0.577000,-0.140000,-0.805000,-1.954000,2.076000,-0.336000,29.24
1.321304,0.578000,-0.150000,-0.797000,-1.420000,2.107000,-0.611000,29.24
1.321728,0.569000,-0.150000,-0.804000,-1.298000,2.000000,-0.382000,29.19
1.322149,0.565000,-0.150000,-0.802000,-1.466000,2.183000,-0.550000,29.28
1.322695,0.574000,-0.144000,-0.802000,-0.794000,2.351000,-0.550000,29.24
1.323239,0.576000,-0.142000,-0.801000,-0.504000,2.260000,-0.015000,29.28
1.323663,0.572000,-0.142000,-0.791000,0.733000,2.626000,0.260000,29.19
1.324124,0.570000,-0.135000,-0.798000,1.740000,2.779000,0.962000,29.28
1.324746,0.572000,-0.134000,-0.810000,3.115000,3.282000,1.878000,29.24
1.325245,0.574000,-0.132000,-0.811000,4.046000,3.435000,2.656000,29.24
1.325689,0.575000,-0.140000,-0.798000,4.947000,3.466000,3.435000,29.28
1.326120,0.575000,-0.147000,-0.804000,5.298000,3.221000,3.618000,29.38
1.326550,0.577000,-0.156000,-0.804000,5.542000,2.885000,3.847000,29.33
1.326978,0.579000,-0.166000,-0.811000,5.023000,2.626000,3.802000,29.33
1.327414,0.584000,-0.166000,-0.801000,4.382000,2.031000,3.237000,29.28
1.327844,0.586000,-0.172000,-0.799000,3.588000,1.527000,2.931000,29.19
1.328274,0.591000,-0.158000,-0.807000,2.901000,0.962000,2.641000,29.33
1.328719,0.589000,-0.154000,-0.804000,3.130000,0.107000,3.237000,29.28
1.329210,0.592000,-0.153000,-0.805000,3.496000,-0.595000,3.573000,29.19
1.329690,0.608000,-0.140000,-0.829000,5.282000,-0.947000,5.252000,29.24
1.330140,0.624000,-0.111000,-0.851000,8.443000,-2.412000,7.939000,29.24
1.330630,0.602000,-0.119000,-0.823000,11.695000,-3.527000,10.473000,29.19
1.331125,0.565000,-0.146000,-0.804000,13.939000,-3.405000,12.489000,29.28
1.331648,0.464000,-0.192000,-0.746000,14.321000,-0.977000,11.344000,29.24
1.332135,0.472000,-0.277000,-0.796000,8.947000,2.214000,6.687000,29.24
1.332567,0.550000,-0.249000,-0.772000,3.191000,3.847000,2.519000,29.19
1.332985,0.573000,-0.192000,-0.793000,1.084000,3.542000,1.328000,29.28
1.333401,0.580000,-0.207000,-0.796000,0.458000,2.748000,0.748000,29.24
1.333830,0.573000,-0.210000,-0.791000,-1.191000,1.145000,-0.458000,29.33
1.334262,0.574000,-0.199000,-0.792000,-3.282000,0.947000,-1.542000,29.38
1.334680,0.571000,-0.214000,-0.792000,-5.115000,0.229000,-2.733000,29.19
1.335105,0.567000,-0.204000,-0.803000,-7.588000,0.321000,-3.786000,29.24
1.335526,0.582000,-0.202000,-0.833000,-7.954000,1.527000,-3.969000,29.24
1.335941,0.640000,-0.184000,-0.854000,-5.908000,2.290000,-2.031000,29.28
1.336354,0.673000,-0.175000,-0.833000,-3.221000,3.603000,1.573000,29.19
1.336775,0.666000,-0.257000,-0.836000,-4.763000,4.168000,3.206000,29.24
1.337200,0.568000,-0.309000,-0.751000,-12.779000,1.939000,-0.260000,29.24
1.337616,0.419000,-0.279000,-0.766000,-22.580000,1.481000,-7.069000,29.28
1.338047,0.453000,-0.213000,-0.829000,-28.824000,5.069000,-11.985000,29.28
1.338473,0.555000,-0.257000,-0.888000,-29.176000,10.626000,-13.481000,29.28
1.339088,0.477000,-0.289000,-0.829000,-28.794000,14.718000,-16.290000,29.24
1.339748,0.352000,-0.330000,-0.837000,-34.275000,26.107000,-23.374000,29.33
1.340233,0.282000,-0.388000,-0.832000,-40.931000,46.977000,-30.656000,29.28
1.340675,0.506000,-0.357000,-0.980000,-50.412000,65.466000,-49.771000,29.19
1.341116,0.145000,-0.675000,-0.955000,-55.725000,99.221000,-49.053000,29.24
1.341550,0.725000,-0.143000,-1.300000,-60.015000,82.916000,-64.504000,29.14
1.341981,0.629000,-0.595000,-1.285000,-57.298000,89.481000,-71.252000,29.28
1.342412,0.675000,-0.867000,-1.513000,-63.817000,67.359000,-62.672000,29.19
1.342843,0.023000,-1.426000,-1.231000,-56.473000,54.351000,-24.672000,29.24
1.343270,0.077000,-1.173000,-1.109000,-30.290000,43.496000,17.237000,29.24
1.343697,-0.811000,-0.817000,-0.473000,3.130000,46.015000,47.664000,29.28
1.344117,-1.125000,-0.643000,0.055000,25.679000,67.237000,54.794000,29.28
1.344542,-1.007000,-0.594000,0.110000,12.626000,87.221000,48.458000,29.24
1.344971,1.412000,0.706000,-0.089000,3.939000,148.550000,0.229000,29.19
1.345422,2.918000,3.204000,-3.013000,-109.282000,-42.656000,-121.695000,29.28
1.345853,2.686000,2.467000,1.149000,-8.595000,-9.756000,-138.061000,29.28
1.346296,3.598000,0.446000,1.299000,34.351000,57.405000,-88.565000,29.24
1.346742,-0.104000,0.767000,-0.230000,25.008000,16.321000,-27.313000,29.19
1.347179,0.371000,0.718000,-1.271000,41.084000,63.115000,-17.069000,29.28
1.347615,-0.282000,-1.351000,-1.253000,3.191000,-7.893000,-21.511000,29.24
1.348048,0.763000,-0.070000,-1.102000,-65.786000,-13.542000,-22.427000,29.24
1.348485,0.911000,0.738000,-0.335000,-25.863000,13.252000,-10.489000,29.19
1.349034,0.871000,0.174000,-0.699000,-7.313000,32.824000,10.519000,29.28
1.349736,0.543000,-0.096000,-0.895000,-10.397000,32.672000,14.290000,29.14
1.350301,0.824000,-0.323000,-0.831000,-5.634000,5.878000,-1.939000,29.28
1.350800,0.932000,-0.310000,-0.688000,-16.473000,2.565000,-11.740000,29.28
1.351257,0.885000,-0.221000,-0.712000,-20.412000,6.046000,-20.901000,29.19
1.351697,0.763000,-0.263000,-0.801000,-29.985000,0.168000,-30.443000,29.24
1.352125,0.817000,-0.185000,-0.743000,-35.786000,-2.611000,-37.221000,29.24
1.352563,0.845000,-0.164000,-0.725000,-37.160000,-10.473000,-42.916000,29.19
1.352998,0.754000,-0.079000,-0.665000,-39.878000,-13.359000,-45.328000,29.19
1.353430,0.720000,0.110000,-0.646000,-36.916000,-10.901000,-44.702000,29.24
1.353870,0.727000,0.062000,-0.685000,-37.924000,-11.206000,-41.023000,29.24
1.354299,0.645000,0.160000,-0.650000,-41.313000,-15.832000,-36.809000,29.38
1.354736,0.613000,0.229000,-0.561000,-35.618000,-16.931000,-32.916000,29.28
1.355188,0.667000,0.335000,-0.553000,-24.229000,-17.405000,-23.969000,29.33
1.355615,0.585000,0.390000,-0.528000,-14.718000,-16.779000,-11.145000,29.33
1.356034,0.560000,0.370000,-0.575000,-5.374000,-14.763000,2.519000,29.28
1.356449,0.642000,0.318000,-0.638000,6.534000,-9.374000,15.527000,29.28
1.356873,0.657000,0.140000,-0.689000,15.023000,-1.405000,23.069000,29.24
1.357290,0.714000,-0.075000,-0.753000,16.458000,7.313000,22.672000,29.28
1.357718,0.757000,-0.264000,-0.795000,14.595000,14.550000,14.046000,29.28
1.358129,0.750000,-0.173000,-0.809000,5.405000,10.443000,0.550000,29.19
1.358546,0.753000,-0.090000,-0.804000,5.466000,11.771000,-9.359000,29.24
1.359118,0.727000,-0.032000,-0.844000,7.527000,16.260000,-18.626000,29.24
1.359723,0.676000,0.085000,-0.887000,13.420000,28.641000,-23.725000,29.28
1.360219,0.651000,0.053000,-1.045000,21.130000,51.053000,-24.794000,29.33
1.360676,0.741000,-0.089000,-1.150000,25.664000,72.031000,-22.214000,29.24
1.361108,0.696000,-0.079000,-1.135000,19.450000,85.878000,-20.321000,29.19
1.361535,0.864000,-0.228000,-1.268000,13.267000,92.092000,-21.924000,29.28
1.361950,0.873000,-0.375000,-1.334000,0.779000,84.794000,-30.244000,29.24
1.362387,1.032000,-0.579000,-1.399000,-38.351000,49.756000,-36.824000,29.33
1.362812,-0.270000,-1.149000,-2.064000,-27.145000,28.840000,4.626000,29.28
1.363233,0.105000,-1.801000,-1.748000,-2.061000,-5.267000,73.069000,29.28
1.363659,-0.558000,-1.554000,-1.493000,-4.916000,-31.634000,96.794000,29.24
1.364098,-0.672000,-1.201000,-1.622000,-11.069000,-55.557000,103.939000,29.33
1.364522,-0.689000,-0.825000,-1.582000,7.542000,-82.290000,93.603000,29.28
1.364965,-0.808000,-0.804000,-1.281000,30.458000,-102.443000,82.458000,29.28
1.365528,-0.741000,-0.803000,-1.024000,38.244000,-112.855000,68.702000,29.33
1.365981,-0.591000,-0.668000,-0.995000,40.977000,-118.885000,53.435000,29.33
1.366414,-0.410000,-0.511000,-1.032000,52.870000,-123.847000,42.290000,29.38
1.366861,-0.242000,-0.515000,-0.966000,62.214000,-122.779000,34.550000,29.19
1.367300,-0.027000,-0.616000,-0.920000,58.443000,-115.908000,28.382000,29.42
1.367732,0.226000,-0.656000,-0.982000,51.038000,-107.008000,29.221000,29.24
1.368161,0.494000,-0.703000,-1.080000,47.328000,-99.603000,38.931000,29.19
1.368581,0.720000,-0.736000,-1.164000,48.550000,-94.244000,56.489000,29.19
1.369013,0.892000,-0.693000,-1.142000,51.389000,-89.237000,76.504000,29.33
1.369433,1.019000,-0.640000,-1.101000,53.023000,-81.450000,95.954000,29.33
1.369870,1.121000,-0.523000,-1.036000,53.130000,-80.595000,108.779000,29.28
1.370444,1.119000,-0.345000,-0.971000,53.634000,-78.855000,112.931000,29.28
1.371077,1.047000,-0.125000,-0.875000,58.580000,-69.802000,108.427000,29.33
1.371549,1.025000,0.047000,-0.807000,66.168000,-58.046000,95.618000,29.24
1.372002,1.190000,0.133000,-0.587000,68.977000,-24.931000,88.656000,29.28
1.372453,1.095000,0.293000,-0.376000,48.183000,-15.908000,62.580000,29.28
1.372893,1.083000,0.516000,-0.688000,40.947000,-19.145000,33.771000,29.24
1.373332,0.901000,0.637000,-0.764000,53.160000,-18.107000,4.305000,29.33
1.373799,0.990000,0.435000,-0.701000,69.496000,-10.290000,-17.466000,29.28
1.374247,1.026000,0.353000,-0.608000,71.313000,-6.412000,-32.565000,29.19
1.374664,1.205000,0.341000,-0.675000,77.038000,-5.191000,-34.305000,29.33
1.375082,1.246000,0.255000,-0.689000,86.031000,-7.267000,-27.282000,29.24
1.375507,1.286000,0.155000,-0.641000,86.412000,-17.115000,-18.901000,29.28
1.375933,1.130000,0.097000,-0.472000,75.756000,-24.382000,-12.305000,29.19
1.376377,1.034000,0.132000,-0.380000,65.756000,-24.794000,-7.206000,29.38
1.376800,0.979000,0.180000,-0.348000,59.679000,-21.374000,1.420000,29.24
1.377225,0.952000,0.150000,-0.291000,54.748000,-14.641000,12.824000,29.33
1.377644,0.933000,0.117000,-0.278000,43.084000,-9.908000,26.412000,29.28
1.378070,0.888000,0.094000,-0.312000,29.221000,-8.092000,42.824000,29.24
1.378499,0.804000,0.109000,-0.329000,16.595000,-8.595000,63.939000,29.33
1.378954,0.670000,0.144000,-0.265000,1.405000,-5.954000,88.611000,29.28
1.379392,0.853000,0.578000,1.000000,-142.076000,-14.809000,16.733000,29.38
1.379813,1.135000,1.840000,1.166000,-131.802000,27.893000,-9.634000,29.24
1.380389,0.255000,1.112000,0.858000,-96.198000,83.985000,-40.107000,29.33
1.380991,1.898000,1.189000,-2.409000,-22.473000,99.725000,-69.160000,29.19
1.381438,2.125000,0.142000,-3.267000,-30.565000,24.122000,-53.542000,29.28
1.381888,0.488000,-0.126000,-1.218000,-72.626000,-26.137000,-70.504000,29.24
1.382322,0.039000,-0.720000,-0.494000,-66.443000,26.519000,-76.336000,29.24
1.382750,0.626000,-0.458000,-0.989000,-79.511000,49.756000,-65.924000,29.28
1.383172,0.421000,0.665000,-1.049000,-79.008000,50.504000,-68.290000,29.38
1.383598,0.665000,0.279000,-1.071000,-70.504000,50.550000,-57.969000,29.33
1.384032,0.859000,-0.561000,-0.831000,-65.908000,51.374000,-44.550000,29.33
1.384458,0.985000,-0.507000,-1.209000,-58.366000,36.611000,-39.725000,29.28
1.384884,0.615000,-0.052000,-0.915000,-40.000000,16.076000,-33.817000,29.28
1.385308,0.716000,-0.153000,-0.921000,-26.962000,13.389000,-26.489000,29.33
1.385732,0.751000,-0.177000,-0.882000,-20.977000,9.435000,-20.779000,29.33
1.386169,0.602000,-0.172000,-0.873000,-21.634000,9.527000,-19.130000,29.28
1.386590,0.592000,-0.167000,-0.833000,-22.885000,11.603000,-18.107000,29.28
1.387017,0.586000,-0.116000,-0.850000,-20.397000,14.473000,-16.076000,29.33
1.387447,0.614000,-0.114000,-0.840000,-16.550000,13.405000,-12.931000,29.33
1.387869,0.610000,-0.151000,-0.812000,-13.756000,6.916000,-11.527000,29.28
1.388292,0.571000,-0.156000,-0.825000,-13.603000,5.267000,-11.695000,29.28
1.388719,0.567000,-0.126000,-0.832000,-12.748000,6.214000,-11.634000,29.24
1.389148,0.558000,-0.120000,-0.822000,-11.527000,8.076000,-11.038000,29.42
1.389577,0.544000,-0.116000,-0.840000,-10.855000,9.878000,-10.305000,29.19
1.390041,0.569000,-0.105000,-0.826000,-9.740000,10.260000,-9.542000,29.28
1.390814,0.566000,-0.129000,-0.821000,-8.580000,11.130000,-8.977000,29.24
1.391379,0.566000,-0.151000,-0.811000,-7.969000,11.313000,-8.794000,29.28
1.391845,0.567000,-0.149000,-0.799000,-7.710000,11.954000,-9.191000,29.19
1.392297,0.558000,-0.168000,-0.800000,-8.336000,11.496000,-10.076000,29.28
1.392750,0.562000,-0.152000,-0.785000,-8.504000,11.527000,-11.466000,29.24
1.393220,0.538000,-0.142000,-0.801000,-9.160000,12.580000,-12.534000,29.24
1.393678,0.521000,-0.140000,-0.794000,-9.817000,14.687000,-13.664000,29.19
1.394129,0.518000,-0.130000,-0.795000,-10.916000,17.145000,-15.069000,29.19
1.394572,0.527000,-0.132000,-0.784000,-11.649000,20.015000,-16.305000,29.33
1.395045,0.515000,-0.100000,-0.796000,-11.618000,23.450000,-16.336000,29.24
1.395544,0.553000,-0.086000,-0.817000,-10.962000,28.168000,-16.763000,29.28
1.396055,0.566000,-0.090000,-0.818000,-10.733000,33.893000,-16.992000,29.38
1.396517,0.578000,-0.136000,-0.812000,-10.855000,39.863000,-18.977000,29.33
1.396943,0.587000,-0.510000,-0.779000,-15.588000,55.313000,-21.359000,29.33
1.397369,0.493000,0.016000,-0.885000,-19.496000,66.611000,-25.588000,29.28
1.397797,0.588000,-0.200000,-0.824000,-26.550000,76.000000,-23.588000,29.19
1.398240,0.603000,-0.132000,-0.809000,-30.595000,95.313000,-18.763000,29.24
1.398673,0.527000,-0.147000,-0.887000,-33.893000,109.618000,-22.137000,29.28
1.399116,0.595000,-0.041000,-0.837000,-36.595000,127.267000,-21.847000,29.28
1.399546,0.573000,-0.029000,-0.800000,-34.550000,150.702000,-21.573000,29.38
1.399985,0.516000,0.009000,-0.786000,-30.260000,170.595000,-23.359000,29.24
1.400513,0.601000,0.032000,-0.801000,-25.649000,187.374000,-23.344000,29.33
1.401119,0.564000,0.011000,-0.805000,-23.466000,202.977000,-24.137000,29.28
1.401589,0.549000,0.000000,-0.796000,-22.595000,213.863000,-26.977000,29.19
1.402049,0.663000,-0.001000,-0.723000,-23.374000,230.901000,-33.939000,29.24
1.402509,0.677000,0.024000,-0.770000,-18.702000,246.366000,-38.198000,29.33
1.402963,0.708000,-0.007000,-0.784000,-12.641000,264.061000,-39.344000,29.38
1.403397,0.885000,0.005000,-0.769000,1.527000,278.763000,-30.824000,29.28
1.403846,1.065000,-0.144000,-0.909000,27.420000,287.313000,-17.450000,29.24
1.404286,1.073000,-0.158000,-0.981000,53.084000,290.992000,-4.000000,29.24
1.404747,1.260000,-0.198000,-1.163000,73.359000,307.435000,0.901000,29.28
1.405192,1.699000,-0.204000,-1.255000,82.122000,332.595000,1.908000,29.38
1.405656,2.037000,-0.250000,-1.644000,82.305000,340.885000,-17.771000,29.33
1.406158,1.827000,-0.303000,-1.381000,76.153000,324.962000,-51.969000,29.28
1.406652,1.962000,-0.283000,-1.864000,64.000000,310.977000,-71.191000,29.28
1.407129,1.648000,-0.171000,-2.630000,87.802000,275.573000,-74.458000,29.28
1.407593,-0.088000,-1.871000,-2.557000,131.481000,197.359000,-34.290000,29.33
1.408017,1.434000,-4.000000,-3.075000,-17.771000,38.473000,69.389000,29.14
1.408452,0.868000,-3.318000,-3.501000,-241.908000,-129.542000,48.809000,29.28
1.408993,-1.080000,-0.846000,-2.113000,-273.786000,-168.504000,34.015000,29.19
1.409569,-0.860000,0.397000,-2.206000,-179.450000,-193.405000,-7.878000,29.24
1.410031,-0.651000,0.690000,-2.251000,-32.427000,-228.382000,-42.947000,29.33
1.410499,-0.350000,-0.001000,-1.972000,49.634000,-267.481000,-78.840000,29.38
1.411003,-0.373000,-0.826000,-1.269000,67.115000,-293.435000,-116.443000,29.28
1.411463,-0.118000,-0.796000,-1.148000,49.634000,-316.718000,-138.214000,29.33
1.411896,-0.041000,-0.658000,-0.981000,58.046000,-268.458000,-134.321000,29.24
1.412334,0.182000,-0.697000,-0.929000,89.649000,-243.786000,-110.427000,29.28
1.412761,0.378000,-0.846000,-0.936000,117.588000,-235.099000,-71.908000,29.28
1.413196,0.527000,-0.896000,-1.000000,130.382000,-233.466000,-30.763000,29.33
1.413625,0.653000,-0.842000,-1.074000,134.870000,-234.046000,9.008000,29.38
1.414051,0.759000,-0.660000,-1.137000,131.313000,-231.756000,42.962000,29.28
1.419421,0.763000,-0.457000,-1.175000,126.351000,-227.466000,68.779000,29.28
1.429336,0.833000,-0.208000,-1.239000,128.061000,-233.130000,86.458000,29.33
1.439334,0.866000,-0.021000,-1.313000,131.023000,-235.237000,98.641000,29.33
1.449350,0.897000,0.141000,-1.344000,129.710000,-230.779000,103.679000,29.28
1.459349,0.962000,0.339000,-1.393000,125.725000,-225.435000,103.069000,29.28
1.469353,1.064000,0.505000,-1.441000,123.817000,-224.061000,97.008000,29.24
1.479385,1.185000,0.577000,-1.440000,121.939000,-225.206000,85.878000,29.24
1.489378,1.335000,0.547000,-1.390000,117.191000,-226.092000,76.107000,29.28
1.499475,1.490000,0.470000,-1.258000,106.000000,-225.481000,69.084000,29.38
1.509423,1.601000,0.373000,-0.971000,92.779000,-217.344000,66.107000,29.33
1.519434,1.651000,0.379000,-0.688000,84.153000,-197.450000,67.313000,29.33
1.529429,1.688000,0.382000,-0.404000,79.710000,-167.511000,73.802000,29.28
1.539541,1.842000,0.360000,-0.300000,74.565000,-133.145000,86.748000,29.19
1.549520,2.152000,0.367000,-0.409000,69.481000,-105.618000,105.450000,29.33
1.559541,2.521000,0.457000,-0.608000,59.344000,-94.198000,125.740000,29.33
1.569446,2.747000,0.708000,-0.643000,43.053000,-101.695000,141.008000,29.38
1.579468,2.572000,1.034000,-0.365000,27.649000,-113.221000,141.130000,29.28
1.589477,2.389000,1.251000,0.006000,16.580000,-116.122000,120.275000,29.24
1.599507,2.347000,1.217000,0.224000,1.649000,-114.855000,85.573000,29.42
1.609451,2.362000,1.065000,0.312000,-12.763000,-110.534000,53.893000,29.28
1.619449,2.266000,0.971000,0.421000,-18.366000,-95.802000,32.427000,29.28
1.639883,2.075000,0.880000,0.574000,-17.008000,-71.023000,21.939000,29.33
1.641430,1.885000,0.771000,0.646000,-15.237000,-41.115000,17.176000,29.33
1.649419,2.280000,0.769000,1.197000,6.000000,19.359000,0.244000,29.38
1.659330,2.422000,0.898000,1.836000,-25.954000,86.565000,-29.099000,29.28
1.669321,1.462000,0.571000,1.278000,-31.496000,119.527000,-42.412000,29.28
1.679322,1.485000,-0.229000,-1.349000,-7.939000,156.611000,-20.870000,29.33
1.689353,0.398000,-0.701000,-2.333000,-17.634000,96.824000,-28.687000,29.33
1.699326,-0.291000,-0.886000,-1.049000,-18.824000,113.771000,-53.588000,29.28
1.709429,0.143000,-0.104000,-0.569000,-15.786000,171.771000,-80.947000,29.24
1.719349,1.561000,0.769000,-1.876000,24.504000,181.267000,-70.702000,29.33
1.729381,1.484000,0.795000,-1.978000,22.473000,136.214000,-72.198000,29.28
1.739411,1.195000,-0.165000,-1.416000,-1.863000,113.878000,-72.504000,29.38
1.749406,1.162000,-0.982000,-0.960000,-4.168000,84.565000,-47.511000,29.33
1.759398,0.979000,-0.604000,-0.871000,-14.397000,81.191000,-28.366000,29.33
1.769422,0.800000,-0.190000,-0.982000,-28.031000,65.420000,-25.420000,29.28
1.779580,0.733000,-0.585000,-0.752000,-36.870000,42.244000,-23.328000,29.28
1.789581,0.704000,-0.704000,-0.771000,-48.153000,35.664000,-23.389000,29.24
1.799542,0.663000,-0.359000,-0.919000,-54.534000,32.901000,-25.481000,29.33
1.809564,0.615000,-0.326000,-0.928000,-51.985000,34.137000,-25.069000,29.38
1.819560,0.568000,-0.380000,-0.867000,-47.664000,28.198000,-24.611000,29.28
1.829729,0.483000,-0.184000,-0.888000,-46.000000,29.130000,-24.992000,29.28
1.839667,0.547000,-0.094000,-0.944000,-39.069000,27.069000,-22.122000,29.24
1.849619,0.544000,-0.139000,-0.889000,-30.092000,25.038000,-17.450000,29.33
1.859701,0.555000,-0.100000,-0.906000,-19.023000,24.809000,-12.015000,29.28
1.869748,0.544000,-0.227000,-0.836000,-13.664000,27.893000,-10.031000,29.28
1.879787,0.550000,-0.308000,-0.789000,-15.267000,28.489000,-12.656000,29.33
1.890021,0.602000,-0.371000,-0.747000,-18.840000,26.992000,-16.565000,29.33
1.899735,0.594000,-0.343000,-0.757000,-22.718000,24.229000,-20.763000,29.28
1.909798,0.580000,-0.288000,-0.761000,-27.053000,20.840000,-24.840000,29.28
1.919797,0.614000,-0.274000,-0.819000,-28.260000,17.618000,-26.977000,29.33
1.929671,0.568000,-0.238000,-0.769000,-28.885000,13.313000,-28.779000,29.28
1.939539,0.568000,-0.188000,-0.826000,-29.099000,11.618000,-29.893000,29.19
1.949647,0.537000,-0.171000,-0.798000,-29.115000,11.908000,-30.397000,29.28
1.959732,0.519000,-0.192000,-0.806000,-27.573000,16.519000,-29.908000,29.33
1.969877,0.577000,-0.126000,-0.828000,-25.374000,20.672000,-28.321000,29.33
1.979759,0.595000,-0.141000,-0.822000,-22.015000,26.763000,-25.908000,29.28
1.989875,0.594000,-0.113000,-0.821000,-20.122000,30.290000,-24.275000,29.28
1.999621,0.355000,0.182000,-0.921000,-6.931000,32.504000,-33.206000,29.33
2.009743,0.555000,-0.177000,-0.759000,-11.191000,39.924000,-26.794000,29.33
2.019650,0.548000,-0.165000,-0.763000,-8.687000,45.405000,-28.153000,29.28
2.029478,0.576000,-0.257000,-0.794000,-15.817000,50.458000,-28.046000,29.28
2.039568,0.611000,-0.192000,-0.762000,-18.031000,59.740000,-28.504000,29.42
2.049467,0.598000,-0.173000,-0.823000,-24.550000,65.832000,-28.336000,29.33
2.059444,0.582000,-0.172000,-0.797000,-29.115000,74.702000,-23.664000,29.28
2.069472,0.584000,-0.174000,-0.819000,-26.901000,88.198000,-25.130000,29.33
2.079500,0.613000,-0.218000,-0.823000,-28.565000,100.489000,-28.092000,29.33
2.089581,0.601000,-0.194000,-0.813000,-32.672000,120.580000,-30.580000,29.28
2.099613,0.561000,-0.111000,-0.809000,-33.191000,145.527000,-34.305000,29.28
2.109478,0.533000,-0.059000,-0.809000,-31.786000,169.176000,-36.901000,29.33
2.119424,0.597000,-0.008000,-0.805000,-28.931000,186.565000,-37.038000,29.33
2.129427,0.582000,-0.016000,-0.791000,-26.107000,203.053000,-38.076000,29.24
2.139417,0.610000,-0.004000,-0.768000,-23.939000,224.473000,-41.008000,29.28
2.149476,0.633000,0.039000,-0.739000,-26.000000,248.580000,-44.244000,29.28
2.159437,0.741000,0.000000,-0.816000,-32.718000,269.817000,-50.458000,29.33
2.169456,0.643000,-0.173000,-0.838000,-47.328000,291.847000,-61.863000,29.33
2.179479,0.912000,-0.184000,-0.835000,-62.580000,315.863000,-74.672000,29.28
2.189580,0.998000,-0.242000,-0.815000,-60.229000,344.824000,-83.847000,29.38
2.199716,1.366000,-0.309000,-1.138000,-55.115000,381.588000,-88.550000,29.33
2.209589,1.742000,-0.236000,-1.459000,-42.672000,429.893000,-86.458000,29.33
2.219643,2.322000,-0.318000,-1.886000,-19.191000,467.053000,-81.038000,29.38
2.229566,2.600000,-0.471000,-1.831000,69.893000,426.260000,-73.756000,29.38
2.239672,2.645000,-0.421000,-1.997000,132.947000,362.519000,-77.252000,29.42
2.249676,2.349000,-0.317000,-2.343000,78.275000,304.519000,-109.145000,29.28
2.259674,0.883000,-0.802000,-2.469000,23.832000,268.107000,-128.855000,29.28
2.269631,-0.766000,-2.251000,-3.173000,-0.962000,130.916000,-52.733000,29.38
2.279659,2.197000,-3.129000,-4.000000,-21.405000,73.649000,46.885000,29.42
2.289678,0.492000,-2.046000,-3.594000,-149.634000,-105.649000,50.962000,29.42
2.299710,-1.178000,-1.345000,-1.786000,-172.947000,-115.160000,39.115000,29.28
2.309642,-0.564000,-0.131000,-2.204000,-140.031000,-148.092000,13.496000,29.28
2.319960,-0.263000,0.326000,-2.169000,-63.282000,-194.550000,-15.313000,29.24
2.329901,-0.185000,-0.005000,-1.920000,-1.527000,-231.328000,-45.771000,29.24
2.339981,0.079000,-0.248000,-1.772000,17.237000,-259.725000,-80.962000,29.28
2.349730,0.355000,-0.347000,-1.626000,17.450000,-301.664000,-109.435000,29.38
2.360067,0.628000,-0.287000,-1.425000,25.267000,-327.771000,-124.092000,29.33
2.370065,0.805000,-0.225000,-1.203000,45.557000,-347.710000,-125.359000,29.24
2.380101,0.951000,-0.274000,-1.002000,74.076000,-362.290000,-112.244000,29.28
2.390126,1.007000,-0.446000,-0.828000,91.282000,-361.710000,-87.115000,29.28
2.400013,1.030000,-0.623000,-0.709000,94.000000,-353.023000,-55.969000,29.24
2.410092,1.054000,-0.670000,-0.677000,95.389000,-340.183000,-15.786000,29.28
2.420034,1.132000,-0.601000,-0.742000,94.534000,-320.733000,26.153000,29.28
2.430054,1.197000,-0.433000,-0.839000,94.855000,-299.191000,63.435000,29.38
2.439808,1.310000,-0.302000,-0.915000,95.695000,-286.168000,92.595000,29.24
2.449828,1.396000,-0.261000,-0.957000,90.076000,-279.863000,110.763000,29.24
2.459838,1.413000,-0.264000,-0.958000,79.160000,-277.878000,120.763000,29.28
2.469683,1.450000,-0.306000,-0.979000,68.733000,-275.847000,131.725000,29.28
2.479859,1.525000,-0.303000,-0.959000,66.947000,-266.992000,151.450000,29.33
2.489803,1.629000,-0.275000,-0.953000,69.344000,-257.176000,174.061000,29.42
2.499877,1.716000,-0.226000,-0.872000,68.336000,-244.992000,193.527000,29.28
2.509769,1.779000,-0.080000,-0.740000,62.397000,-226.153000,204.580000,29.38
2.519927,1.851000,0.222000,-0.632000,60.489000,-206.061000,203.771000,29.33
2.529881,1.914000,0.501000,-0.495000,73.603000,-185.282000,193.771000,29.24
2.539699,2.036000,0.695000,-0.382000,92.473000,-165.405000,177.267000,29.38
2.549700,2.212000,0.755000,-0.343000,104.809000,-148.977000,155.924000,29.28
2.559852,2.486000,0.815000,-0.366000,112.427000,-137.618000,133.450000,29.33
2.569908,2.726000,0.949000,-0.414000,111.313000,-136.443000,109.267000,29.33
2.580022,2.832000,1.148000,-0.268000,109.527000,-139.573000,82.366000,29.28
2.589923,2.810000,1.274000,0.050000,107.206000,-143.206000,50.626000,29.28
2.599967,2.674000,1.269000,0.373000,96.611000,-138.122000,16.672000,29.24
2.609868,2.562000,1.224000,0.618000,79.939000,-121.908000,-9.908000,29.33
2.619912,2.507000,1.156000,0.723000,64.183000,-94.840000,-26.504000,29.38
2.629888,2.552000,1.142000,0.620000,56.198000,-66.092000,-33.435000,29.28
2.639836,2.490000,1.115000,0.540000,50.137000,-44.015000,-33.573000,29.24
2.649751,2.190000,0.998000,0.582000,30.092000,-25.130000,-35.832000,29.33
2.659863,1.009000,0.191000,1.221000,1.511000,67.282000,-10.321000,29.38
2.669928,0.938000,0.971000,1.566000,-53.298000,53.924000,-33.450000,29.38
2.679896,1.551000,0.306000,-1.419000,10.275000,121.588000,20.290000,29.33
2.689800,0.231000,-0.582000,-1.900000,-14.244000,69.420000,18.122000,29.33
2.699753,-1.040000,-0.470000,-1.214000,6.519000,86.244000,-35.588000,29.28
2.709850,-0.547000,-0.041000,-0.512000,21.237000,145.756000,-55.542000,29.38
2.719925,0.898000,0.273000,-1.254000,42.473000,220.229000,-61.588000,29.33
2.729859,1.812000,0.924000,-2.387000,65.466000,191.267000,-57.740000,29.33
2.739899,1.138000,1.006000,-1.826000,83.878000,172.504000,-69.389000,29.33
2.750074,1.059000,0.041000,-1.450000,103.496000,133.160000,-64.916000,29.38
2.759961,1.206000,-1.509000,-0.862000,68.794000,73.695000,-54.779000,29.47
2.770064,1.256000,-1.891000,-0.475000,10.565000,87.511000,-40.076000,29.33
2.780050,1.142000,-1.150000,-0.701000,-22.092000,86.076000,-28.916000,29.28
2.789985,1.008000,-0.169000,-1.188000,-41.847000,49.649000,-33.893000,29.28
2.800092,0.957000,-0.599000,-0.866000,-56.931000,30.656000,-31.893000,29.28
2.810011,0.706000,-0.822000,-0.720000,-67.481000,28.260000,-30.321000,29.24
2.820044,0.529000,-0.379000,-0.899000,-70.565000,16.641000,-34.305000,29.24
2.830041,0.483000,-0.176000,-0.913000,-65.115000,14.550000,-34.321000,29.38
2.840240,0.354000,-0.241000,-0.826000,-57.893000,22.351000,-33.450000,29.38
2.849977,0.343000,-0.126000,-0.940000,-50.962000,28.168000,-32.168000,29.24
2.860363,0.480000,-0.002000,-0.905000,-40.763000,37.969000,-28.015000,29.33
2.870267,0.493000,-0.052000,-0.918000,-33.282000,42.061000,-22.840000,29.38
2.880284,0.493000,-0.217000,-0.810000,-28.122000,46.275000,-19.954000,29.28
2.890405,0.474000,-0.367000,-0.710000,-32.504000,47.847000,-23.695000,29.33
2.900507,0.508000,-0.429000,-0.709000,-48.855000,42.015000,-32.733000,29.24
2.909943,0.605000,-0.529000,-0.837000,-63.145000,32.641000,-41.115000,29.38
2.919976,0.630000,-0.331000,-0.761000,-65.298000,15.435000,-45.786000,29.38
2.929715,0.628000,-0.323000,-0.771000,-65.969000,8.458000,-48.290000,29.33
2.939479,0.689000,-0.114000,-0.922000,-58.244000,-0.382000,-47.573000,29.38
2.949860,0.611000,-0.083000,-0.853000,-46.321000,-1.328000,-43.252000,29.38
2.960999,0.564000,-0.049000,-0.896000,-38.473000,1.924000,-38.443000,29.38
2.969939,0.568000,-0.067000,-0.885000,-31.786000,6.198000,-34.779000,29.33
2.980034,0.547000,-0.083000,-0.865000,-26.992000,12.840000,-32.031000,29.33
2.994582,0.547000,-0.087000,-0.847000,-21.710000,21.496000,-30.137000,29.28
3.000080,0.523000,-0.140000,-0.840000,-17.634000,28.702000,-29.786000,29.38
3.010016,0.564000,-0.077000,-0.846000,-16.382000,38.214000,-28.336000,29.33
3.019907,0.586000,-0.156000,-0.817000,-15.099000,47.160000,-28.550000,29.24
3.029439,0.575000,-0.135000,-0.864000,-10.107000,50.763000,-34.198000,29.28
3.042676,0.685000,-0.679000,-0.861000,-28.137000,60.137000,-34.809000,29.28
3.050484,0.685000,-0.028000,-0.869000,-20.611000,69.450000,-36.107000,29.33
3.061045,0.622000,-0.044000,-0.895000,-27.740000,86.214000,-30.824000,29.42
3.069502,0.562000,-0.166000,-0.873000,-26.656000,105.481000,-30.611000,29.38
3.079455,0.556000,-0.178000,-0.874000,-33.282000,124.336000,-29.725000,29.38
3.089621,0.588000,-0.246000,-0.858000,-36.809000,148.107000,-33.817000,29.33
3.099689,0.485000,-0.158000,-0.816000,-40.519000,177.221000,-43.221000,29.33
3.109650,0.455000,-0.085000,-0.843000,-42.992000,208.870000,-50.550000,29.38
3.119532,0.572000,0.029000,-0.828000,-42.840000,235.145000,-53.527000,29.28
3.129426,0.565000,0.031000,-0.861000,-42.275000,261.038000,-53.603000,29.33
3.142665,0.627000,0.022000,-0.900000,-38.947000,287.649000,-63.435000,29.33
3.149339,0.563000,-0.119000,-0.907000,-45.115000,311.130000,-81.908000,29.28
3.159706,0.667000,-0.181000,-0.873000,-61.893000,345.450000,-106.656000,29.28
3.169343,1.094000,-0.218000,-1.026000,-60.458000,374.702000,-129.145000,29.42
3.183560,1.212000,-0.491000,-1.104000,-43.695000,387.679000,-146.458000,29.33
3.192638,1.717000,-0.523000,-1.375000,-31.282000,403.802000,-149.267000,29.38
3.201467,2.345000,-0.339000,-1.623000,-22.336000,412.046000,-152.840000,29.28
3.209296,2.494000,-0.555000,-1.857000,-26.763000,384.962000,-173.389000,29.42
3.219294,2.559000,-0.832000,-2.013000,-70.489000,329.450000,-208.687000,29.33
3.232950,1.992000,-1.027000,-2.293000,-116.427000,276.122000,-202.366000,29.33
3.243543,1.174000,-0.977000,-1.858000,-133.313000,186.687000,-179.298000,29.28
3.249335,-0.482000,-3.318000,-4.000000,-48.412000,71.344000,21.206000,29.28
3.259472,2.013000,-3.152000,-3.958000,-110.687000,-70.901000,79.542000,29.42
3.269637,-1.033000,-2.415000,-1.862000,-200.687000,-137.878000,78.382000,29.33
3.279795,-0.732000,-1.107000,-1.885000,-208.183000,-133.908000,63.405000,29.28
3.293945,-0.279000,-0.499000,-2.129000,-151.802000,-168.992000,61.695000,29.38
3.300195,-0.146000,-0.443000,-2.093000,-71.527000,-205.115000,65.527000,29.33
3.310202,0.118000,-0.680000,-2.003000,-31.130000,-236.595000,56.672000,29.28
3.319684,0.327000,-0.798000,-1.630000,-28.824000,-279.878000,35.969000,29.28
3.329901,0.362000,-0.531000,-1.233000,-26.092000,-301.344000,16.183000,29.38
3.339489,0.399000,-0.293000,-0.895000,1.191000,-299.374000,8.260000,29.42
3.349818,0.549000,-0.272000,-0.795000,46.046000,-289.832000,16.473000,29.33
3.360007,0.667000,-0.403000,-0.704000,80.321000,-279.618000,32.427000,29.28
3.370202,0.798000,-0.581000,-0.766000,90.702000,-266.641000,49.450000,29.38
3.380023,0.907000,-0.603000,-0.855000,85.817000,-255.878000,66.336000,29.33
3.390167,1.004000,-0.505000,-0.934000,80.031000,-252.168000,83.084000,29.42
3.400107,1.046000,-0.330000,-1.031000,79.160000,-249.557000,97.298000,29.28
3.409976,1.141000,-0.177000,-1.145000,85.893000,-252.550000,108.412000,29.28
3.420038,1.149000,-0.047000,-1.194000,93.878000,-258.962000,113.786000,29.33
3.430120,1.111000,0.059000,-1.257000,99.664000,-264.275000,115.252000,29.33
3.440049,1.051000,0.281000,-1.286000,106.122000,-264.122000,110.305000,29.28
3.449641,1.039000,0.409000,-1.320000,115.542000,-263.176000,95.832000,29.47
3.460004,1.127000,0.364000,-1.345000,122.046000,-263.221000,78.931000,29.24
3.469564,1.236000,0.359000,-1.258000,127.359000,-258.672000,68.061000,29.38
3.479478,1.346000,0.330000,-1.144000,134.962000,-249.740000,60.595000,29.38
3.489532,1.465000,0.280000,-1.018000,143.649000,-233.191000,57.450000,29.38
3.499520,1.752000,0.166000,-0.978000,149.573000,-210.580000,62.443000,29.24
3.509486,2.077000,0.150000,-0.952000,151.328000,-193.359000,71.603000,29.24
3.519673,2.321000,0.223000,-0.863000,155.756000,-176.870000,79.252000,29.38
3.529654,2.706000,0.406000,-0.906000,163.954000,-168.229000,90.595000,29.38
3.539688,2.840000,0.638000,-0.747000,172.824000,-169.954000,106.733000,29.33
3.549695,2.836000,0.775000,-0.516000,168.076000,-172.641000,121.695000,29.33
3.559723,2.762000,0.886000,-0.194000,141.802000,-166.763000,130.076000,29.38
3.569552,2.685000,0.998000,0.148000,108.412000,-151.252000,132.305000,29.38
3.579650,2.727000,1.188000,0.599000,90.901000,-122.779000,136.260000,29.33
3.589671,2.823000,1.235000,0.857000,79.359000,-84.046000,136.718000,29.33
3.599554,2.828000,1.283000,1.117000,44.626000,-48.443000,124.107000,29.38
3.609824,2.776000,1.286000,1.334000,-5.313000,-5.557000,102.672000,29.28
3.619868,2.642000,1.318000,1.360000,-45.511000,41.282000,85.588000,29.24
3.629566,2.525000,1.259000,1.159000,-70.885000,84.397000,75.344000,29.47
3.639795,0.692000,1.926000,1.909000,17.084000,220.382000,28.489000,29.28
3.649819,-1.154000,-0.280000,-0.079000,-18.275000,138.794000,22.809000,29.38
3.659566,2.051000,-1.139000,-2.402000,-92.092000,105.130000,-80.198000,29.24
3.669704,-0.511000,-0.585000,-1.917000,-55.939000,57.893000,-52.840000,29.33
3.679725,-0.188000,-1.444000,-0.118000,-68.443000,83.496000,-66.595000,29.38
3.689828,0.851000,0.132000,-0.199000,-28.947000,181.664000,-67.038000,29.38
3.699720,1.719000,0.617000,-2.042000,-17.618000,199.771000,-70.763000,29.33
3.709813,1.498000,1.295000,-2.639000,10.809000,148.901000,-79.832000,29.33
3.719834,0.873000,0.612000,-1.884000,-12.412000,143.756000,-92.336000,29.38
3.729909,1.530000,-0.655000,-1.631000,20.382000,78.153000,-86.534000,29.28
3.739512,0.906000,-0.779000,-0.753000,5.695000,80.382000,-57.908000,29.33
3.749839,0.785000,-0.529000,-0.882000,-8.351000,74.702000,-51.466000,29.42
3.759924,0.920000,-0.483000,-0.874000,-16.824000,48.809000,-43.969000,29.38
3.769974,1.081000,-0.840000,-0.820000,-26.977000,34.458000,-33.389000,29.38
3.780064,0.846000,-0.663000,-0.770000,-42.107000,33.344000,-29.038000,29.33
3.789504,0.661000,-0.508000,-0.874000,-53.939000,30.015000,-30.534000,29.38
3.799745,0.563000,-0.593000,-0.753000,-62.763000,20.901000,-34.031000,29.38
3.809905,0.443000,-0.580000,-0.672000,-72.321000,13.786000,-39.511000,29.28
3.819925,0.348000,-0.331000,-0.768000,-81.969000,11.023000,-46.168000,29.33
3.829882,0.408000,-0.222000,-0.892000,-83.618000,16.840000,-48.916000,29.42
3.839511,0.558000,-0.193000,-0.979000,-74.260000,23.542000,-44.916000,29.28
3.849882,0.696000,-0.019000,-1.032000,-52.611000,25.679000,-32.275000,29.38
3.859877,0.605000,-0.015000,-0.959000,-33.695000,23.237000,-20.794000,29.33
3.869913,0.524000,-0.163000,-0.845000,-21.725000,22.153000,-12.977000,29.42
3.879989,0.528000,-0.209000,-0.865000,-15.450000,22.076000,-9.603000,29.38
3.889823,0.469000,-0.251000,-0.789000,-13.252000,21.481000,-10.107000,29.28
3.899867,0.440000,-0.377000,-0.708000,-18.809000,23.206000,-15.725000,29.33
3.909912,0.533000,-0.372000,-0.807000,-26.702000,25.618000,-21.206000,29.33
3.919848,0.489000,-0.312000,-0.738000,-32.962000,23.542000,-25.374000,29.28
3.929956,0.479000,-0.316000,-0.751000,-39.527000,24.458000,-29.328000,29.38
3.939791,0.509000,-0.247000,-0.809000,-44.122000,22.947000,-33.359000,29.42
3.949972,0.571000,-0.196000,-0.940000,-42.718000,20.977000,-35.023000,29.42
3.959718,0.533000,-0.076000,-0.854000,-38.763000,17.466000,-34.626000,29.38
3.969936,0.530000,-0.098000,-0.856000,-33.145000,19.160000,-31.969000,29.28
3.979955,0.533000,-0.118000,-0.830000,-28.214000,23.466000,-30.198000,29.33
3.989524,0.557000,-0.128000,-0.842000,-25.359000,28.275000,-28.504000,29.24
3.999850,0.590000,-0.073000,-0.866000,-20.901000,32.779000,-26.931000,29.28
4.009589,0.613000,-0.099000,-0.853000,-16.397000,41.893000,-24.534000,29.38
4.019793,0.599000,-0.137000,-0.823000,-15.740000,47.771000,-23.313000,29.42
4.029905,0.395000,0.126000,-0.917000,-3.420000,49.023000,-33.145000,29.33
4.039999,0.556000,-0.155000,-0.743000,-6.153000,58.504000,-24.977000,29.28
4.049891,0.585000,-0.256000,-0.807000,-9.267000,68.275000,-22.290000,29.38
4.059947,0.566000,-0.194000,-0.852000,-15.649000,84.718000,-23.389000,29.33
4.069914,0.561000,-0.248000,-0.837000,-22.321000,103.710000,-22.198000,29.24
4.079948,0.544000,-0.205000,-0.873000,-25.313000,127.450000,-22.244000,29.38
4.089468,0.599000,-0.225000,-0.867000,-30.565000,149.496000,-26.290000,29.38
4.099972,0.531000,-0.137000,-0.802000,-32.870000,176.809000,-31.023000,29.42
4.109746,0.473000,-0.022000,-0.769000,-29.374000,204.321000,-37.985000,29.38
4.119845,0.571000,-0.003000,-0.792000,-27.481000,228.382000,-41.603000,29.28
4.129959,0.563000,-0.006000,-0.798000,-21.924000,243.954000,-38.656000,29.28
4.139795,0.570000,0.041000,-0.784000,-20.748000,266.458000,-42.321000,29.33
4.149885,0.616000,-0.044000,-0.795000,-27.221000,286.366000,-52.534000,29.33
4.159840,0.619000,-0.156000,-0.930000,-37.969000,305.023000,-65.527000,29.28
4.169924,0.960000,-0.337000,-0.980000,-49.893000,332.901000,-77.985000,29.28
4.179920,1.152000,-0.370000,-1.014000,-40.473000,369.847000,-82.977000,29.42
4.189952,1.435000,-0.463000,-1.149000,-5.710000,404.107000,-83.053000,29.33
4.199802,2.083000,-0.401000,-1.388000,50.290000,414.779000,-71.954000,29.28
4.210007,2.562000,-0.403000,-2.041000,94.015000,396.504000,-70.275000,29.28
4.219928,2.224000,-0.441000,-1.825000,92.412000,376.809000,-103.038000,29.38
4.229796,2.525000,-0.790000,-2.585000,47.771000,335.298000,-139.725000,29.33
4.239719,1.367000,-0.830000,-2.537000,6.809000,276.107000,-149.374000,29.33
4.249578,-0.358000,-2.013000,-3.303000,23.756000,164.947000,-85.466000,29.28
4.259535,0.857000,-4.000000,-3.642000,-47.130000,75.344000,31.664000,29.28
4.269568,0.488000,-2.902000,-4.000000,-249.634000,-111.420000,11.420000,29.33
4.279568,-1.066000,-1.039000,-2.519000,-278.382000,-149.985000,-14.809000,29.33
4.291468,-0.685000,0.240000,-2.951000,-199.176000,-220.198000,-60.397000,29.28
4.300002,-0.509000,0.510000,-2.494000,-74.977000,-279.679000,-99.740000,29.28
4.309758,-0.539000,-0.276000,-1.871000,-0.473000,-320.198000,-134.031000,29.33
4.319578,-0.470000,-0.710000,-1.138000,37.023000,-324.489000,-155.084000,29.38
4.329408,-0.244000,-0.751000,-0.811000,73.160000,-309.237000,-149.924000,29.38
4.339448,0.110000,-1.012000,-0.907000,114.870000,-254.840000,-106.031000,29.38
4.349307,0.521000,-1.292000,-0.976000,134.061000,-232.321000,-43.802000,29.33
4.359356,0.726000,-1.481000,-0.965000,128.290000,-232.092000,18.275000,29.47
4.369378,0.837000,-1.271000,-0.955000,108.229000,-233.527000,70.412000,29.38
4.379418,0.993000,-0.923000,-1.108000,85.588000,-235.679000,102.214000,29.38
4.389435,1.116000,-0.604000,-1.288000,74.916000,-248.519000,116.107000,29.42
4.399379,1.193000,-0.399000,-1.408000,75.542000,-268.076000,123.603000,29.33
4.409364,1.210000,-0.292000,-1.322000,83.084000,-284.061000,128.458000,29.38
4.419404,1.194000,-0.216000,-1.260000,87.359000,-296.198000,132.489000,29.38
4.429403,1.130000,-0.065000,-1.045000,93.145000,-279.588000,140.947000,29.33
4.439638,1.320000,-0.238000,-1.129000,47.603000,-276.473000,162.611000,29.42
4.449508,1.686000,0.628000,-1.729000,114.687000,-257.542000,153.374000,29.28
4.459547,1.251000,0.160000,-1.355000,131.176000,-260.336000,140.824000,29.47
4.469524,1.340000,-0.128000,-1.207000,110.443000,-257.313000,123.435000,29.33
4.479512,1.525000,0.104000,-1.235000,107.771000,-248.153000,107.832000,29.47
4.489518,1.749000,0.051000,-1.012000,122.351000,-229.847000,105.389000,29.28
4.499619,1.883000,-0.124000,-0.790000,130.000000,-209.924000,112.000000,29.38
4.509603,2.225000,-0.170000,-0.775000,131.756000,-186.015000,127.099000,29.42
4.519691,2.836000,-0.134000,-0.715000,128.076000,-153.115000,155.313000,29.38
4.529662,2.668000,0.348000,-0.500000,115.099000,-140.244000,167.588000,29.38
4.539638,2.710000,0.834000,-0.724000,108.763000,-156.061000,159.740000,29.42
4.549751,2.665000,1.293000,-0.665000,117.008000,-160.702000,143.099000,29.33
4.559672,2.603000,1.364000,-0.315000,123.969000,-157.618000,117.252000,29.38
4.569741,2.778000,1.237000,0.181000,106.580000,-143.603000,93.420000,29.38
4.579701,2.892000,1.233000,0.524000,83.450000,-116.733000,76.763000,29.33
4.589735,2.980000,1.321000,0.804000,53.557000,-88.168000,58.458000,29.33
4.599722,2.758000,1.494000,1.122000,24.885000,-50.122000,38.611000,29.38
4.609740,2.721000,1.494000,1.156000,3.313000,-9.099000,20.427000,29.38
4.619650,1.564000,0.853000,1.598000,-21.557000,78.122000,24.366000,29.33
4.629759,2.501000,1.220000,1.833000,-95.221000,100.443000,-13.588000,29.42
4.639632,1.956000,1.448000,1.273000,-85.130000,173.099000,-31.191000,29.28
4.649858,1.691000,0.213000,-1.977000,-54.840000,186.565000,-24.489000,29.38
4.659609,0.448000,-0.532000,-2.676000,-70.718000,112.977000,-48.992000,29.42
4.669656,-0.760000,-0.319000,-1.175000,-44.198000,114.931000,-90.763000,29.42
4.679616,-0.275000,-0.026000,0.091000,-20.931000,183.481000,-106.702000,29.38
4.689515,1.815000,0.174000,-1.486000,13.405000,230.626000,-100.992000,29.28
4.699327,2.077000,0.790000,-2.517000,35.038000,167.664000,-90.611000,29.24
4.709324,1.516000,0.325000,-2.023000,7.573000,107.435000,-118.580000,29.33
4.719291,1.664000,-0.876000,-1.338000,-6.885000,66.504000,-81.527000,29.38
4.729283,1.083000,-0.864000,-0.753000,-23.771000,72.916000,-46.336000,29.47
4.739339,0.797000,-0.143000,-1.123000,-28.855000,48.031000,-34.763000,29.33
4.749780,0.839000,-0.350000,-0.984000,-36.656000,18.519000,-27.969000,29.33
4.759317,0.796000,-0.979000,-0.683000,-43.679000,18.870000,-22.214000,29.38
4.769296,0.641000,-0.580000,-0.880000,-52.061000,30.336000,-25.313000,29.47
4.779452,0.604000,-0.429000,-0.907000,-56.504000,32.275000,-31.145000,29.24
4.789371,0.584000,-0.478000,-0.812000,-57.664000,31.313000,-33.282000,29.33
4.799287,0.469000,-0.372000,-0.848000,-60.550000,28.870000,-36.382000,29.28
4.809301,0.470000,-0.247000,-0.857000,-59.710000,26.779000,-38.443000,29.28
4.819347,0.583000,-0.189000,-0.908000,-52.107000,29.389000,-37.618000,29.42
4.829294,0.517000,-0.061000,-0.954000,-45.115000,25.954000,-33.099000,29.42
4.843319,0.521000,-0.135000,-0.884000,-36.626000,28.641000,-29.038000,29.38
4.849290,0.531000,-0.166000,-0.855000,-31.298000,28.626000,-26.260000,29.38
4.860099,0.576000,-0.185000,-0.858000,-25.985000,27.527000,-23.405000,29.33
4.873748,0.580000,-0.209000,-0.839000,-21.695000,26.183000,-21.252000,29.42
4.880103,0.572000,-0.182000,-0.812000,-18.977000,22.290000,-20.412000,29.38
4.890201,0.569000,-0.255000,-0.800000,-20.489000,19.924000,-22.031000,29.28
4.900192,0.550000,-0.250000,-0.803000,-22.702000,15.756000,-24.824000,29.33
4.910180,0.558000,-0.231000,-0.801000,-24.687000,12.336000,-26.550000,29.38
4.919928,0.548000,-0.204000,-0.791000,-26.122000,10.412000,-27.969000,29.38
4.937205,0.545000,-0.192000,-0.813000,-26.565000,10.260000,-28.412000,29.38
4.939462,0.549000,-0.131000,-0.826000,-24.611000,12.504000,-27.344000,29.33
4.949520,0.541000,-0.151000,-0.828000,-23.344000,15.511000,-27.573000,29.33
4.959521,0.556000,-0.073000,-0.871000,-21.786000,21.099000,-25.649000,29.47
4.972938,0.573000,-0.107000,-0.841000,-20.443000,25.084000,-23.832000,29.38
4.980064,0.554000,-0.109000,-0.826000,-18.916000,29.771000,-22.840000,29.42
4.990366,0.573000,-0.117000,-0.812000,-16.565000,32.794000,-23.817000,29.42
5.000245,0.529000,-0.494000,-0.719000,-16.489000,38.351000,-23.817000,29.47
5.010211,0.593000,-0.041000,-0.876000,-14.229000,43.756000,-25.786000,29.47
5.020189,0.553000,-0.139000,-0.845000,-16.473000,53.221000,-24.244000,29.33
5.030005,0.557000,-0.136000,-0.849000,-18.229000,63.389000,-22.458000,29.42
5.040362,0.611000,-0.116000,-0.888000,-20.092000,77.924000,-18.748000,29.38
5.050241,0.603000,-0.211000,-0.854000,-22.137000,95.145000,-18.809000,29.47
5.060302,0.588000,-0.258000,-0.873000,-25.908000,111.130000,-21.176000,29.33
5.070245,0.573000,-0.232000,-0.835000,-30.718000,131.649000,-25.817000,29.28
5.080139,0.531000,-0.146000,-0.831000,-33.313000,156.321000,-31.359000,29.38
5.090126,0.469000,-0.064000,-0.790000,-32.748000,187.420000,-36.947000,29.38
5.100117,0.526000,-0.017000,-0.824000,-30.214000,215.542000,-40.183000,29.33
5.110012,0.475000,-0.041000,-0.923000,-39.695000,249.008000,-37.802000,29.33
5.119983,0.407000,-0.131000,-0.748000,-36.015000,275.786000,-48.260000,29.38
5.130116,0.532000,-0.133000,-0.868000,-36.534000,291.939000,-62.718000,29.28
5.139869,0.836000,-0.057000,-0.970000,-46.687000,299.618000,-80.702000,29.33
5.150057,0.492000,-0.275000,-0.812000,-75.130000,363.344000,-111.954000,29.42
5.159949,1.111000,-0.415000,-1.039000,-74.626000,395.053000,-136.031000,29.38
5.170030,1.459000,-0.688000,-1.445000,-65.511000,397.527000,-136.718000,29.28
5.179919,1.868000,-0.592000,-1.672000,-34.382000,430.962000,-139.328000,29.33
5.189809,2.709000,-0.488000,-2.044000,-18.351000,433.374000,-145.542000,29.42
5.199874,2.489000,-0.481000,-1.863000,-1.725000,399.481000,-166.733000,29.28
5.209859,2.672000,-0.742000,-2.341000,-33.466000,349.450000,-187.634000,29.38
5.219876,1.654000,-0.997000,-2.485000,-80.168000,305.756000,-187.557000,29.33
5.229746,0.721000,-1.424000,-2.655000,-80.397000,207.405000,-139.725000,29.47
5.239918,0.550000,-3.342000,-4.000000,-39.130000,116.718000,19.252000,29.38
5.249764,1.569000,-2.725000,-4.000000,-112.702000,-63.298000,58.977000,29.28
5.259795,-1.089000,-2.039000,-2.016000,-172.107000,-131.130000,70.214000,29.33
5.269817,-0.707000,-1.155000,-2.137000,-167.023000,-140.947000,68.382000,29.33
5.279848,-0.348000,-0.656000,-2.119000,-127.893000,-182.611000,69.695000,29.28
5.289712,-0.225000,-0.534000,-2.027000,-58.550000,-214.198000,68.076000,29.38
5.299693,0.176000,-0.640000,-2.029000,-14.702000,-251.573000,61.893000,29.33
5.309764,0.451000,-0.643000,-1.832000,3.221000,-287.130000,51.405000,29.42
5.319892,0.604000,-0.455000,-1.505000,20.870000,-324.580000,40.427000,29.47
5.329800,0.636000,-0.261000,-1.112000,38.076000,-346.931000,26.656000,29.38
5.339812,0.574000,-0.077000,-0.769000,63.420000,-349.298000,12.992000,29.42
5.349830,0.640000,-0.059000,-0.647000,90.885000,-341.863000,-0.290000,29.42
5.359696,0.754000,-0.145000,-0.718000,110.076000,-329.740000,-8.214000,29.38
5.369830,0.883000,-0.256000,-0.783000,115.740000,-317.298000,-9.099000,29.47
5.379868,0.956000,-0.288000,-0.863000,114.305000,-301.450000,-2.977000,29.42
5.389624,1.032000,-0.280000,-0.961000,118.260000,-286.992000,11.908000,29.38
5.399733,1.115000,-0.186000,-1.024000,127.466000,-278.427000,31.450000,29.38
5.409759,1.151000,-0.117000,-1.092000,138.565000,-273.786000,49.695000,29.38
5.419688,1.182000,-0.108000,-1.080000,145.084000,-269.145000,63.786000,29.42
5.429814,1.250000,-0.216000,-1.077000,144.733000,-262.397000,75.252000,29.42
5.439767,1.379000,-0.259000,-1.067000,138.611000,-252.153000,92.855000,29.38
5.449804,1.499000,-0.251000,-1.050000,132.794000,-239.649000,112.198000,29.38
5.459801,1.653000,-0.208000,-1.040000,132.504000,-227.893000,135.298000,29.42
5.469803,1.856000,-0.146000,-1.022000,132.580000,-216.229000,158.840000,29.33
5.479821,2.095000,-0.085000,-1.050000,125.634000,-209.145000,178.305000,29.38
5.489528,2.327000,0.069000,-1.062000,116.305000,-204.290000,191.267000,29.38
5.499573,2.512000,0.331000,-1.044000,110.244000,-201.420000,198.275000,29.42
5.509478,2.697000,0.665000,-0.946000,113.328000,-200.336000,200.580000,29.33
5.519482,2.832000,0.936000,-0.764000,119.099000,-199.328000,195.863000,29.38
5.529553,3.317000,1.196000,-0.453000,101.939000,-182.595000,175.344000,29.38
5.539543,2.887000,1.277000,0.029000,81.099000,-174.214000,144.092000,29.33
5.549826,2.906000,1.535000,0.215000,84.656000,-162.473000,105.221000,29.38
5.559743,3.023000,1.673000,0.759000,93.099000,-133.282000,68.244000,29.38
5.569709,2.895000,1.695000,1.240000,90.763000,-89.832000,27.893000,29.47
5.579841,2.815000,1.570000,1.599000,53.588000,-35.588000,-6.427000,29.42
5.589635,2.816000,1.251000,1.729000,-20.595000,33.115000,-29.466000,29.42
5.599616,3.332000,1.248000,1.781000,-112.962000,78.198000,-48.733000,29.38
5.609589,1.008000,1.676000,1.167000,-129.496000,133.084000,-59.237000,29.38
5.619660,1.917000,0.574000,-2.176000,-67.405000,174.382000,-33.496000,29.42
5.629747,0.360000,-0.619000,-3.229000,-82.504000,102.122000,-54.382000,29.42
5.639563,-0.256000,-0.384000,-1.340000,-44.260000,83.954000,-86.855000,29.38
5.649585,-0.500000,0.094000,0.148000,-42.061000,163.084000,-116.901000,29.38
5.659692,1.504000,0.200000,-1.389000,-13.298000,218.809000,-105.359000,29.33
5.669761,1.749000,0.664000,-2.023000,13.252000,169.038000,-80.534000,29.42
5.679597,0.773000,0.583000,-1.237000,16.550000,135.344000,-100.214000,29.38
5.689692,1.463000,-0.957000,-1.355000,-15.878000,110.885000,-92.870000,29.38
5.699665,1.598000,-1.372000,-0.958000,-43.878000,85.252000,-57.786000,29.42
5.709662,1.100000,-0.210000,-1.197000,-55.527000,82.153000,-42.382000,29.47
5.719666,0.898000,0.133000,-1.272000,-56.153000,58.931000,-35.008000,29.38
5.729756,0.901000,-0.609000,-0.861000,-52.641000,28.977000,-25.832000,29.28
5.739680,0.764000,-0.537000,-0.906000,-53.802000,17.084000,-20.550000,29.42
5.749715,0.570000,-0.142000,-0.958000,-48.290000,15.221000,-21.130000,29.42
5.759669,0.636000,-0.363000,-0.906000,-40.580000,18.504000,-19.664000,29.38
5.769726,0.525000,-0.385000,-0.825000,-36.412000,22.290000,-20.351000,29.38
5.779684,0.491000,-0.256000,-0.882000,-33.832000,25.527000,-22.229000,29.33
5.789567,0.538000,-0.165000,-0.915000,-28.656000,24.489000,-21.618000,29.42
5.799675,0.537000,-0.127000,-0.930000,-22.916000,26.519000,-20.092000,29.28
5.809694,0.511000,-0.165000,-0.891000,-17.542000,27.908000,-18.565000,29.28
5.819737,0.521000,-0.148000,-0.878000,-12.076000,25.863000,-16.275000,29.42
5.829680,0.523000,-0.212000,-0.818000,-9.313000,22.260000,-15.313000,29.33
5.839759,0.476000,-0.300000,-0.778000,-12.763000,20.229000,-16.931000,29.28
5.849744,0.480000,-0.284000,-0.785000,-20.840000,19.511000,-20.397000,29.38
5.859738,0.503000,-0.311000,-0.784000,-26.626000,19.573000,-24.153000,29.33
5.869713,0.500000,-0.276000,-0.794000,-29.634000,17.985000,-27.069000,29.47
5.879748,0.509000,-0.166000,-0.792000,-29.237000,14.137000,-29.435000,29.28
5.889462,0.547000,-0.178000,-0.827000,-27.359000,13.191000,-30.183000,29.38
5.899665,0.559000,-0.148000,-0.851000,-24.046000,14.260000,-29.237000,29.42
5.909627,0.561000,-0.119000,-0.843000,-22.076000,15.511000,-28.244000,29.33
5.919778,0.514000,-0.103000,-0.795000,-20.275000,18.748000,-26.427000,29.38
5.929813,0.518000,-0.136000,-0.824000,-18.901000,21.069000,-25.374000,29.28
5.939712,0.512000,-0.139000,-0.862000,-18.427000,28.031000,-24.580000,29.42
5.949616,0.558000,-0.169000,-0.788000,-18.000000,32.427000,-25.771000,29.42
5.959774,0.566000,-0.198000,-0.825000,-19.893000,36.626000,-27.847000,29.38
5.969767,0.521000,-0.419000,-0.791000,-21.344000,43.603000,-29.511000,29.47
5.979984,0.642000,-0.065000,-0.842000,-14.336000,40.153000,-32.779000,29.42
5.989788,0.356000,-0.650000,-0.981000,-52.763000,101.115000,-28.977000,29.38
5.999643,0.744000,-0.042000,-0.556000,-41.588000,55.542000,-30.565000,29.38
6.009507,0.549000,-0.008000,-0.938000,-53.359000,98.885000,-20.641000,29.33
6.019491,0.502000,-0.317000,-1.195000,-44.427000,109.435000,-14.458000,29.42
6.029553,0.559000,-0.243000,-0.891000,-22.992000,107.282000,-20.901000,29.38
6.039393,0.410000,-0.250000,-0.852000,-39.252000,140.504000,-23.924000,29.38
6.049452,-0.102000,-0.172000,-0.273000,-36.580000,349.084000,-33.221000,29.33
6.059337,0.416000,-0.058000,-0.568000,-68.748000,258.962000,-36.443000,29.33
6.069335,0.543000,0.139000,-0.836000,-39.511000,277.282000,-52.824000,29.38
6.079310,0.934000,-0.028000,-0.542000,-37.573000,261.679000,-59.313000,29.38
6.089382,0.464000,-0.522000,-0.685000,-56.305000,330.412000,-63.389000,29.42
6.099363,0.856000,0.319000,-1.024000,-20.137000,304.336000,-81.649000,29.42
6.109301,0.818000,0.193000,-1.413000,-19.557000,277.053000,-88.229000,29.28
6.119296,1.156000,0.025000,-0.491000,-16.931000,338.641000,-107.695000,29.38
6.129295,1.960000,0.026000,-1.050000,6.412000,338.305000,-116.137000,29.33
6.139319,1.947000,-0.460000,-1.567000,7.298000,392.382000,-125.496000,29.42
6.149395,2.072000,-0.501000,-1.821000,42.763000,440.992000,-161.893000,29.47
6.159378,2.294000,-0.465000,-2.025000,23.191000,318.321000,-171.252000,29.47
6.169464,1.623000,-0.661000,-2.307000,-12.305000,261.634000,-144.901000,29.42
6.179350,-0.380000,-2.845000,-3.510000,51.008000,119.893000,-32.641000,29.42
6.189401,0.827000,-3.638000,-2.880000,-36.641000,68.687000,57.863000,29.38
6.199489,-0.862000,-2.416000,-2.192000,-151.786000,-38.244000,59.405000,29.38
6.209483,-0.505000,-1.697000,-1.867000,-197.023000,-85.176000,81.313000,29.42
6.219470,-0.152000,-0.970000,-2.406000,-194.748000,-160.336000,84.931000,29.33
6.229458,0.129000,0.004000,-2.513000,-145.115000,-214.733000,58.809000,29.38
6.239398,-0.496000,-0.283000,-2.290000,-100.229000,-179.130000,50.412000,29.38
6.249328,-0.161000,-0.341000,-1.728000,-77.145000,-204.733000,0.718000,29.33
6.259315,-0.054000,-0.162000,-1.573000,-54.137000,-266.901000,-33.328000,29.42
6.269310,0.136000,0.060000,-1.485000,-13.893000,-265.649000,-57.099000,29.38
6.279316,0.314000,-0.114000,-1.281000,39.435000,-285.389000,-69.389000,29.47
6.289320,0.475000,-0.273000,-1.070000,74.992000,-287.176000,-73.542000,29.42
6.299323,0.639000,-0.411000,-0.904000,93.496000,-283.359000,-69.771000,29.38
6.309295,0.749000,-0.518000,-0.808000,105.176000,-285.557000,-59.008000,29.38
6.319295,0.802000,-0.559000,-0.739000,115.038000,-268.977000,-38.611000,29.47
6.329308,0.886000,-0.593000,-0.761000,124.565000,-265.740000,-12.275000,29.42
6.339319,0.809000,-0.623000,-0.707000,132.794000,-241.649000,19.817000,29.33
6.349345,0.944000,-0.613000,-0.815000,133.328000,-216.901000,49.344000,29.28
6.359346,3.293000,-4.000000,0.949000,-27.924000,-147.710000,245.191000,29.38
6.369276,-3.905000,2.956000,-0.167000,-84.748000,-267.420000,-22.763000,29.42
6.379343,1.029000,1.607000,-3.961000,221.954000,-239.115000,174.595000,29.42
6.389335,1.582000,0.400000,-0.885000,313.145000,-151.069000,244.870000,29.38
6.399379,1.335000,-1.209000,-0.502000,230.000000,-167.985000,166.855000,29.38
6.409374,1.457000,-0.941000,-1.326000,62.916000,-165.115000,128.733000,29.33
6.419303,1.321000,0.225000,-1.155000,2.046000,-183.817000,117.603000,29.33
6.429332,1.606000,0.802000,-1.431000,42.550000,-184.427000,118.763000,29.47
6.439396,1.500000,0.746000,-1.229000,107.374000,-200.504000,126.931000,29.38
6.449361,1.622000,0.420000,-0.985000,132.534000,-205.573000,125.405000,29.52
6.459462,1.825000,0.239000,-0.817000,113.298000,-199.649000,108.321000,29.42
6.469464,2.010000,0.324000,-0.619000,86.092000,-180.809000,83.908000,29.28
6.479555,2.050000,0.597000,-0.256000,90.336000,-132.061000,66.473000,29.38
6.489659,2.375000,0.776000,-0.222000,109.985000,-155.557000,54.031000,29.33
6.499545,2.817000,0.940000,-0.383000,151.053000,-147.496000,58.183000,29.33
6.509528,2.747000,0.750000,-0.133000,161.405000,-147.389000,75.221000,29.38
6.519565,2.327000,0.589000,0.455000,128.931000,-122.824000,82.076000,29.38
6.529570,2.539000,0.670000,0.635000,69.053000,-95.206000,85.466000,29.42
6.539656,2.400000,0.951000,0.895000,55.756000,-45.023000,78.733000,29.42
6.549492,2.587000,1.034000,1.035000,18.489000,-0.855000,61.282000,29.38
6.559619,2.479000,0.851000,1.192000,-40.244000,23.679000,39.420000,29.47
6.569720,2.807000,1.058000,1.483000,-107.496000,51.802000,7.634000,29.33
6.579764,2.906000,1.607000,1.943000,-155.313000,113.084000,-17.573000,29.42
6.589637,0.015000,0.690000,-0.008000,-93.282000,189.435000,-20.855000,29.38
6.599602,1.137000,0.324000,-2.833000,-109.985000,162.015000,-65.618000,29.38
6.609748,-0.248000,0.161000,-2.679000,-81.435000,90.397000,-92.763000,29.33
6.619691,-0.136000,0.343000,-0.940000,-18.992000,110.641000,-120.916000,29.42
6.629764,0.644000,0.049000,-0.706000,6.870000,209.603000,-128.595000,29.47
6.639712,2.086000,-0.070000,-1.895000,11.130000,139.725000,-104.718000,29.38
6.649629,1.945000,-0.465000,-1.065000,-40.122000,116.244000,-100.550000,29.42
6.659617,0.842000,-0.441000,-0.892000,-72.092000,61.542000,-93.466000,29.42
6.670014,0.896000,-0.290000,-0.997000,-75.405000,86.962000,-73.908000,29.38
6.679643,0.980000,0.073000,-1.156000,-77.832000,61.420000,-67.954000,29.47
6.689527,1.035000,-0.147000,-1.105000,-80.214000,25.695000,-55.618000,29.33
6.699560,0.814000,-0.356000,-1.042000,-67.542000,11.664000,-44.168000,29.42
6.709678,0.683000,-0.266000,-1.112000,-56.534000,2.244000,-36.015000,29.38
6.719635,0.558000,-0.227000,-0.925000,-48.641000,6.718000,-28.290000,29.47
6.729634,0.553000,-0.260000,-0.987000,-45.145000,4.122000,-24.198000,29.42
6.739690,0.519000,-0.313000,-0.933000,-33.053000,15.679000,-25.481000,29.42
6.749558,0.555000,-0.196000,-0.967000,-29.221000,-0.290000,-26.321000,29.47
6.759704,0.581000,-0.114000,-0.972000,-22.183000,21.084000,-21.939000,29.38
6.769632,0.558000,-0.162000,-0.871000,-16.260000,16.244000,-18.885000,29.42
6.779646,0.547000,-0.153000,-0.870000,-8.855000,16.382000,-17.954000,29.47
6.789613,0.541000,-0.161000,-0.853000,-6.962000,12.504000,-17.282000,29.38
6.799652,0.532000,-0.190000,-0.802000,-8.641000,14.137000,-18.870000,29.38
6.809727,0.534000,-0.200000,-0.823000,-11.756000,14.580000,-20.229000,29.33
6.819713,0.544000,-0.188000,-0.828000,-13.634000,15.756000,-21.344000,29.42
6.831387,0.552000,-0.144000,-0.833000,-14.168000,17.573000,-20.641000,29.38
6.840135,0.537000,-0.132000,-0.840000,-15.038000,17.740000,-20.122000,29.38
6.850043,0.524000,-0.133000,-0.843000,-13.740000,17.435000,-21.115000,29.33
6.860386,0.545000,-0.160000,-0.842000,-14.733000,17.954000,-22.611000,29.42
6.869280,0.531000,-0.167000,-0.833000,-17.756000,20.916000,-23.115000,29.38
6.879281,0.541000,-0.147000,-0.842000,-19.344000,27.145000,-23.420000,29.38
6.889302,0.550000,-0.152000,-0.834000,-23.878000,28.595000,-23.603000,29.42
6.899310,0.563000,-0.122000,-0.823000,-21.695000,38.702000,-25.344000,29.33
6.909344,0.406000,-0.439000,-0.760000,-25.328000,53.420000,-24.443000,29.38
6.919317,0.544000,-0.015000,-0.891000,-24.000000,50.198000,-26.153000,29.47
6.929312,0.747000,-0.105000,-0.826000,-34.305000,65.313000,-25.893000,29.42
6.939352,0.554000,-0.091000,-0.672000,-25.099000,64.107000,-25.664000,29.38
6.949387,0.533000,-0.021000,-0.851000,-27.466000,69.878000,-22.641000,29.47
6.959395,0.660000,-0.083000,-0.865000,-33.038000,81.710000,-17.099000,29.38
6.969377,0.568000,-0.018000,-0.852000,-34.824000,92.916000,-13.542000,29.33
6.979400,0.547000,-0.017000,-0.835000,-32.794000,128.794000,-9.924000,29.42
6.989465,0.622000,0.027000,-0.737000,-21.725000,139.649000,-7.786000,29.38
6.999520,0.553000,0.009000,-0.844000,-28.611000,169.924000,-4.504000,29.38
7.009546,0.420000,-0.057000,-0.847000,-28.885000,188.366000,-8.046000,29.42
7.019508,0.481000,-0.113000,-0.819000,-31.618000,208.748000,-16.046000,29.42
7.029460,0.569000,-0.182000,-0.815000,-37.893000,219.817000,-26.977000,29.47
7.039548,0.663000,-0.225000,-0.765000,-39.053000,230.153000,-40.977000,29.47
7.049592,0.570000,-0.216000,-0.768000,-39.160000,253.267000,-59.298000,29.42
7.059438,0.725000,-0.181000,-0.717000,-51.191000,274.702000,-81.771000,29.33
7.069505,0.785000,-0.105000,-0.767000,-54.763000,296.412000,-104.382000,29.47
7.079655,0.923000,-0.077000,-0.838000,-58.565000,331.511000,-123.481000,29.38
7.089658,1.194000,-0.346000,-1.220000,-25.115000,355.084000,-128.198000,29.42
7.099765,1.603000,-0.619000,-1.432000,22.000000,352.275000,-123.756000,29.47
7.109703,2.101000,-0.385000,-1.636000,41.924000,346.931000,-121.099000,29.38
7.119694,2.602000,-0.147000,-2.011000,45.725000,348.443000,-129.573000,29.38
7.129727,3.044000,-0.423000,-1.213000,36.947000,214.443000,-164.198000,29.42
7.139612,2.096000,-0.523000,-2.428000,-21.328000,421.237000,-184.244000,29.42
7.149680,0.110000,-1.420000,-3.058000,0.473000,311.023000,-155.115000,29.38
7.159806,0.731000,-4.000000,-3.607000,57.588000,128.977000,-15.282000,29.38
7.169722,1.436000,-3.416000,-4.000000,-96.901000,196.137000,34.870000,29.47
7.179737,-0.509000,-2.450000,-1.899000,-168.992000,-62.275000,70.183000,29.33
7.189605,-0.533000,-1.063000,-1.905000,-150.183000,-232.229000,66.092000,29.42
7.199649,-0.513000,-0.286000,-2.161000,-108.092000,-236.046000,76.504000,29.38
7.209719,-0.434000,-0.052000,-1.819000,-22.519000,-276.992000,66.397000,29.28
7.219628,-0.476000,-0.355000,-1.831000,29.969000,-227.099000,37.038000,29.33
7.229710,-0.074000,-0.520000,-1.632000,45.374000,-263.756000,5.511000,29.33
7.239771,0.157000,-0.501000,-1.420000,46.168000,-295.664000,-14.336000,29.38
7.249678,0.809000,0.017000,-1.510000,44.153000,-331.481000,-25.969000,29.47
7.259783,0.618000,-0.303000,-1.360000,68.183000,-280.565000,-13.511000,29.42
7.269693,0.719000,-0.465000,-1.051000,81.863000,-271.176000,-7.298000,29.33
7.279715,0.710000,-0.508000,-0.921000,93.344000,-266.794000,6.809000,29.38
7.289695,0.760000,-0.479000,-0.886000,101.420000,-262.763000,25.481000,29.38
7.299722,0.847000,-0.481000,-0.923000,109.069000,-252.183000,45.695000,29.42
7.309683,0.946000,-0.515000,-0.963000,113.450000,-240.351000,65.954000,29.38
7.319738,1.152000,-0.451000,-1.032000,112.412000,-229.939000,88.489000,29.38
7.329760,1.321000,-0.350000,-1.243000,126.840000,-237.221000,109.389000,29.47
7.339823,1.480000,-0.495000,-0.641000,58.489000,-321.435000,136.687000,29.33
7.349619,1.260000,0.306000,-1.249000,106.382000,-208.580000,129.634000,29.33
7.359696,0.824000,-0.013000,-0.844000,134.962000,-197.649000,157.481000,29.38
7.369636,1.321000,-0.339000,-1.020000,134.397000,-179.740000,156.336000,29.38
7.379856,1.532000,-0.281000,-1.202000,98.427000,-189.221000,165.191000,29.42
7.389924,1.601000,-0.056000,-1.250000,72.855000,-194.427000,165.634000,29.42
7.399518,1.741000,0.209000,-1.223000,73.344000,-196.840000,165.985000,29.47
7.409753,1.835000,0.387000,-1.131000,87.221000,-193.023000,162.824000,29.38
7.419727,2.041000,0.461000,-1.043000,105.099000,-189.740000,151.710000,29.42
7.429798,3.284000,0.246000,-0.606000,108.901000,-139.511000,152.656000,29.42
7.439728,2.413000,0.230000,0.338000,59.573000,-130.672000,122.473000,29.38
7.449803,3.113000,1.009000,-0.374000,43.221000,-145.053000,91.130000,29.38
7.459676,3.176000,1.405000,-0.357000,73.008000,-150.580000,98.198000,29.42
7.469747,3.079000,1.253000,0.104000,97.817000,-146.137000,100.885000,29.47
7.479790,2.531000,1.100000,0.890000,45.145000,-88.489000,84.763000,29.38
7.489691,2.596000,1.323000,1.087000,68.443000,-173.252000,46.611000,29.38
7.499793,2.523000,1.303000,1.592000,-9.969000,-36.153000,51.115000,29.33
7.509789,2.685000,1.134000,1.257000,-48.901000,-23.939000,49.084000,29.33
7.519737,3.009000,1.394000,2.220000,-57.847000,11.710000,29.924000,29.38
7.529790,3.149000,1.752000,2.927000,-88.122000,107.511000,25.573000,29.47
7.539627,0.914000,1.303000,0.638000,-63.710000,293.588000,8.733000,29.42
7.549828,1.510000,0.849000,-4.000000,-47.939000,237.679000,-36.153000,29.42
7.559839,0.586000,1.340000,-3.713000,-14.916000,125.008000,-75.603000,29.38
7.569837,-0.266000,0.447000,-0.542000,19.557000,112.595000,-128.565000,29.47
7.579784,2.227000,-1.136000,-0.815000,4.015000,169.099000,-141.053000,29.42
7.589822,2.639000,-2.060000,-1.522000,-71.267000,108.076000,-77.664000,29.42
7.599712,0.963000,0.607000,-0.950000,-107.969000,80.122000,-78.214000,29.47
7.609776,0.711000,0.638000,-1.742000,-75.969000,10.977000,-64.046000,29.47
7.619683,1.217000,-0.259000,-0.964000,-61.557000,7.206000,-47.053000,29.42
7.629734,0.863000,-0.783000,-0.868000,-75.679000,55.679000,-21.267000,29.42
7.639698,0.544000,-0.019000,-1.052000,-47.344000,31.588000,-19.435000,29.38
7.649611,0.644000,-0.340000,-0.959000,-25.344000,23.802000,-17.466000,29.38
7.659537,0.601000,-0.304000,-0.872000,-16.962000,20.092000,-15.313000,29.47
7.669664,0.499000,-0.199000,-0.752000,-15.420000,24.855000,-15.893000,29.52
7.679667,0.579000,-0.235000,-0.864000,-13.542000,16.550000,-18.137000,29.47
7.693994,0.552000,-0.227000,-0.815000,-19.557000,16.183000,-18.687000,29.38
7.699723,0.585000,-0.277000,-0.801000,-20.473000,12.305000,-21.802000,29.38
7.710871,0.550000,-0.202000,-0.796000,-20.275000,9.573000,-23.634000,29.42
7.719280,0.551000,-0.241000,-0.819000,-21.069000,7.359000,-25.221000,29.42
7.729281,0.521000,-0.197000,-0.833000,-21.038000,4.504000,-27.832000,29.47
7.739281,0.558000,-0.194000,-0.856000,-19.908000,2.244000,-29.359000,29.47
7.749313,0.546000,-0.172000,-0.845000,-18.779000,1.954000,-29.786000,29.33
7.759324,0.541000,-0.167000,-0.883000,-18.092000,-1.542000,-28.656000,29.52
7.769298,0.554000,-0.119000,-0.813000,-14.489000,7.756000,-27.008000,29.38
7.779390,0.518000,-0.144000,-0.833000,-15.221000,15.664000,-25.298000,29.47
7.789401,0.510000,-0.172000,-0.859000,-16.336000,18.015000,-24.901000,29.42
7.799453,0.534000,-0.164000,-0.848000,-14.595000,22.748000,-25.618000,29.42
7.809470,0.572000,-0.176000,-0.838000,-18.687000,24.702000,-26.015000,29.38
7.819405,0.729000,0.065000,-1.167000,-25.969000,29.740000,-24.611000,29.38
7.829424,0.706000,-0.136000,-0.843000,-7.664000,30.244000,-26.885000,29.42
7.839447,0.576000,-0.118000,-0.871000,-14.412000,34.000000,-24.779000,29.47
7.849460,0.585000,-0.161000,-0.840000,-15.878000,36.092000,-24.565000,29.47
7.859455,0.583000,-0.092000,-0.877000,-17.328000,51.008000,-22.260000,29.47
7.869585,0.578000,-0.062000,-0.823000,-15.969000,52.626000,-19.786000,29.33
7.879480,0.576000,-0.081000,-0.824000,-14.458000,59.695000,-17.511000,29.42
7.889493,0.579000,-0.048000,-0.817000,-16.779000,69.115000,-13.511000,29.38
7.899684,0.577000,-0.027000,-0.825000,-14.855000,80.992000,-9.908000,29.47
7.909492,0.569000,-0.005000,-0.828000,-11.344000,92.931000,-6.489000,29.42
7.919501,0.566000,-0.031000,-0.842000,-13.863000,110.443000,-1.878000,29.42
7.929539,0.564000,-0.086000,-0.830000,-18.794000,129.985000,0.550000,29.38
7.939547,0.573000,-0.150000,-0.786000,-21.527000,154.336000,-4.397000,29.38
7.949649,0.553000,-0.204000,-0.764000,-18.901000,175.420000,-15.221000,29.42
7.959715,0.559000,-0.188000,-0.752000,-16.031000,190.412000,-29.374000,29.42
7.969721,0.602000,-0.137000,-0.876000,-15.618000,191.924000,-38.794000,29.38
7.979842,0.679000,-0.051000,-0.722000,-16.565000,209.099000,-41.908000,29.47
7.989733,0.610000,0.005000,-0.728000,-7.863000,226.153000,-45.130000,29.42
7.999570,0.646000,-0.108000,-0.837000,-2.015000,239.527000,-51.405000,29.47
8.009717,0.645000,-0.007000,-0.748000,-7.466000,258.595000,-54.076000,29.28
8.019808,0.764000,-0.086000,-0.823000,-8.977000,275.084000,-55.740000,29.47
8.029760,0.931000,-0.185000,-0.864000,-14.870000,296.534000,-53.053000,29.42
8.039549,1.167000,-0.479000,-0.937000,-2.992000,301.908000,-66.534000,29.33
8.049760,1.266000,-0.424000,-1.109000,10.779000,305.511000,-73.069000,29.38
8.059416,1.708000,-0.316000,-1.347000,18.977000,329.084000,-77.298000,29.38
8.069471,2.151000,-0.499000,-1.735000,18.733000,350.565000,-87.038000,29.33
8.079643,2.167000,-0.214000,-1.597000,11.618000,340.748000,-116.031000,29.42
8.089700,2.389000,-0.576000,-1.826000,8.901000,318.321000,-143.863000,29.47
8.099757,2.096000,-0.706000,-2.264000,-24.580000,284.855000,-146.565000,29.38
8.109647,0.017000,-2.103000,-2.520000,24.947000,277.679000,-120.641000,29.42
8.119577,1.177000,-3.811000,-2.189000,-38.351000,213.679000,-2.977000,29.42
8.129454,0.918000,-2.695000,-3.339000,-183.344000,71.252000,26.137000,29.33
8.139360,-0.627000,-1.582000,-2.021000,-255.893000,-40.595000,36.947000,29.38
8.149350,-0.475000,-0.647000,-1.869000,-193.756000,-178.611000,18.931000,29.38
8.159420,-0.190000,-0.090000,-2.251000,-132.076000,-215.328000,19.374000,29.52
8.169350,-0.117000,-0.135000,-2.200000,-44.351000,-255.908000,2.336000,29.42
8.179258,-0.149000,-0.493000,-1.720000,-4.595000,-238.366000,-28.809000,29.47
8.189579,-0.129000,-0.661000,-1.413000,9.160000,-277.160000,-56.641000,29.47
8.199355,0.253000,-0.533000,-1.269000,3.511000,-268.397000,-78.794000,29.42
8.209280,0.362000,-0.461000,-1.126000,31.573000,-299.481000,-82.229000,29.38
8.219351,0.548000,-0.443000,-1.006000,70.443000,-303.038000,-74.229000,29.47
8.229313,0.702000,-0.536000,-0.942000,105.664000,-293.176000,-56.794000,29.28
8.239285,0.812000,-0.665000,-0.780000,120.641000,-287.603000,-36.595000,29.42
8.249424,0.867000,-0.742000,-0.718000,123.710000,-285.817000,-15.374000,29.42
8.259290,0.931000,-0.677000,-0.717000,125.954000,-276.153000,6.718000,29.47
8.269366,1.584000,-0.540000,-0.881000,131.313000,-249.618000,31.802000,29.38
8.279302,1.407000,-0.295000,-0.776000,135.496000,-253.618000,57.573000,29.42
8.289296,1.513000,-0.047000,-0.711000,145.221000,-254.901000,76.702000,29.33
8.299892,1.250000,-0.026000,-0.627000,141.267000,-238.916000,87.344000,29.47
8.310098,1.200000,-0.032000,-0.601000,126.122000,-219.863000,89.756000,29.38
8.319433,1.237000,-0.078000,-0.724000,110.458000,-207.588000,98.000000,29.47
8.330804,1.124000,-0.070000,-0.740000,98.489000,-198.473000,109.557000,29.42
8.340108,1.128000,-0.130000,-0.793000,92.015000,-176.718000,119.359000,29.42
8.352297,1.739000,-0.055000,-0.890000,102.214000,-160.565000,133.954000,29.47
8.359407,1.625000,-0.054000,-0.835000,97.191000,-156.351000,143.115000,29.47
8.370165,1.684000,-0.049000,-0.743000,90.931000,-157.389000,150.504000,29.33
8.379807,1.751000,0.093000,-0.662000,86.534000,-155.206000,154.519000,29.42
8.389424,1.868000,0.250000,-0.605000,83.435000,-144.779000,159.252000,29.47
8.399467,1.958000,0.450000,-0.566000,99.557000,-158.443000,159.740000,29.47
8.409521,2.017000,0.580000,-0.538000,94.733000,-151.740000,158.565000,29.52
8.422214,0.973000,0.223000,0.236000,68.641000,-63.420000,159.618000,29.47
8.433421,1.750000,0.732000,0.517000,5.237000,-98.748000,127.038000,29.38
8.440248,2.583000,1.360000,-0.019000,-27.084000,-43.710000,111.893000,29.47
8.449684,2.704000,1.355000,0.195000,5.710000,-43.298000,107.267000,29.33
8.460162,2.800000,1.199000,0.456000,1.863000,-41.710000,92.916000,29.42
8.470035,2.733000,1.266000,0.963000,-22.168000,-39.603000,67.450000,29.47
8.479707,2.663000,1.360000,1.381000,-39.130000,-6.092000,48.366000,29.38
8.489729,2.881000,1.259000,1.632000,-63.618000,49.359000,46.473000,29.42
8.499580,2.883000,1.395000,2.115000,-84.046000,110.794000,49.695000,29.33
8.509708,1.188000,1.407000,1.240000,-56.962000,235.527000,31.588000,29.38
8.519691,1.503000,1.738000,-3.365000,-40.748000,187.618000,-54.015000,29.38
8.529541,0.836000,1.630000,-3.380000,-16.214000,107.710000,-60.611000,29.42
8.539596,0.378000,-0.310000,-0.728000,21.847000,31.649000,-129.496000,29.42
8.549625,1.838000,-2.556000,-0.129000,-1.725000,4.794000,-96.168000,29.47
8.559512,1.454000,-1.037000,-0.880000,-58.779000,26.015000,-56.794000,29.47
8.569860,0.471000,1.246000,-1.695000,-74.000000,32.305000,-62.458000,29.52
8.579641,0.651000,0.381000,-1.321000,-44.595000,16.794000,-42.534000,29.42
8.589756,0.988000,-0.846000,-0.411000,-38.412000,51.954000,-15.130000,29.47
8.599744,0.708000,-0.265000,-1.009000,-36.611000,41.344000,-8.763000,29.38
8.609689,0.482000,-0.035000,-1.015000,-28.305000,35.573000,-6.656000,29.42
8.619787,0.480000,-0.475000,-0.741000,-13.450000,30.733000,-6.000000,29.52
8.629810,0.540000,-0.399000,-0.883000,-17.908000,11.160000,-10.321000,29.47
8.639711,0.568000,-0.242000,-0.907000,-12.015000,16.107000,-13.267000,29.47
8.649566,0.558000,-0.290000,-0.818000,-18.229000,32.427000,-13.603000,29.42
8.659413,0.519000,-0.275000,-0.819000,-21.298000,34.611000,-15.893000,29.33
8.669406,0.527000,-0.237000,-0.823000,-26.458000,29.023000,-18.153000,29.47
8.679497,0.518000,-0.279000,-0.807000,-31.069000,20.122000,-20.611000,29.47
8.689529,0.558000,-0.260000,-0.792000,-30.977000,12.351000,-23.160000,29.52
8.699744,0.597000,-0.186000,-0.878000,-29.053000,2.992000,-22.855000,29.42
8.709712,0.587000,-0.173000,-0.839000,-23.405000,-0.977000,-21.756000,29.47
8.719359,0.556000,-0.140000,-0.847000,-21.221000,1.023000,-21.252000,29.47
8.729346,0.542000,-0.140000,-0.837000,-14.855000,-2.092000,-19.802000,29.52
8.739333,0.576000,-0.147000,-0.841000,-13.191000,1.344000,-18.611000,29.38
8.749388,0.578000,-0.105000,-0.834000,-9.221000,2.046000,-16.931000,29.47
8.759242,0.550000,-0.142000,-0.835000,-9.405000,6.061000,-16.412000,29.47
8.769239,0.553000,-0.158000,-0.832000,-10.198000,12.687000,-16.702000,29.33
8.779279,0.553000,-0.147000,-0.834000,-10.977000,17.618000,-16.580000,29.42
8.789288,0.576000,-0.125000,-0.846000,-9.084000,20.198000,-16.229000,29.47
8.799293,0.574000,-0.126000,-0.829000,-8.565000,22.931000,-14.473000,29.38
8.809577,0.569000,-0.165000,-0.825000,-9.603000,25.863000,-14.305000,29.33
8.824628,0.574000,-0.141000,-0.806000,-9.328000,26.870000,-14.702000,29.52
8.829296,0.574000,-0.124000,-0.802000,-9.359000,29.023000,-14.382000,29.38
8.839273,0.557000,-0.092000,-0.807000,-7.817000,32.947000,-14.351000,29.47
8.853934,0.539000,-0.208000,-0.800000,-8.611000,40.840000,-13.710000,29.52
8.859244,0.518000,-0.139000,-0.804000,-4.458000,47.527000,-14.275000,29.42
8.869619,0.540000,-0.221000,-0.856000,-7.344000,56.153000,-14.534000,29.47
8.881357,0.580000,-0.189000,-0.817000,-9.038000,63.908000,-16.168000,29.47
8.893327,0.573000,-0.219000,-0.846000,-14.031000,78.763000,-16.840000,29.42
8.901502,0.559000,-0.191000,-0.836000,-17.802000,98.229000,-17.344000,29.47
8.909691,0.570000,-0.216000,-0.835000,-23.267000,111.802000,-19.084000,29.47
8.919253,0.586000,-0.231000,-0.816000,-29.802000,125.985000,-21.664000,29.47
8.929378,0.525000,-0.139000,-0.869000,-36.122000,146.260000,-25.053000,29.52
8.939583,0.517000,-0.062000,-0.825000,-33.939000,168.443000,-30.748000,29.42
8.949481,0.557000,-0.036000,-0.788000,-31.221000,201.832000,-34.153000,29.47
8.959290,0.579000,-0.000000,-0.807000,-23.924000,223.038000,-35.023000,29.47
8.974086,0.551000,-0.019000,-0.830000,-21.374000,251.679000,-37.695000,29.42
8.979450,0.551000,-0.088000,-0.734000,-23.802000,281.008000,-43.802000,29.52
8.989506,0.693000,-0.159000,-0.837000,-20.885000,295.160000,-54.397000,29.28
8.999566,0.657000,-0.280000,-0.868000,-16.748000,308.947000,-69.160000,29.47
9.009840,0.985000,-0.295000,-0.975000,-0.763000,316.733000,-78.702000,29.33
9.019684,1.137000,-0.392000,-0.933000,16.198000,333.649000,-88.275000,29.42
9.029425,1.303000,-0.442000,-1.251000,21.313000,364.427000,-90.443000,29.47
9.039467,1.789000,-0.401000,-1.268000,18.534000,392.947000,-90.550000,29.38
9.049553,2.461000,-0.346000,-1.796000,13.084000,407.069000,-97.405000,29.42
9.059666,2.271000,-0.220000,-1.670000,33.634000,368.076000,-127.603000,29.47
9.069463,2.241000,-0.393000,-1.959000,5.130000,312.107000,-134.672000,29.47
9.079398,1.075000,-0.854000,-2.155000,-15.924000,239.603000,-125.496000,29.47
9.089407,-0.714000,-2.979000,-2.934000,-20.000000,113.725000,-48.122000,29.33
9.099396,0.820000,-3.160000,-3.509000,-106.000000,9.802000,18.763000,29.52
9.109374,-0.364000,-2.097000,-1.345000,-255.679000,-123.313000,29.267000,29.57
9.119365,-1.171000,-1.372000,-1.828000,-234.595000,-216.015000,17.908000,29.47
9.129430,-0.659000,-0.481000,-1.933000,-133.557000,-193.145000,0.504000,29.42
9.139449,-0.432000,-0.236000,-1.359000,-59.221000,-212.550000,-5.450000,29.52
9.149467,-0.265000,-0.499000,-1.475000,-10.153000,-236.473000,-12.061000,29.47
9.159483,-0.100000,-0.622000,-1.186000,17.542000,-236.916000,-21.023000,29.47
9.169496,0.141000,-0.669000,-0.998000,43.878000,-269.603000,-31.527000,29.42
9.179577,0.252000,-0.576000,-0.814000,68.473000,-296.122000,-33.588000,29.52
9.189502,0.572000,-0.625000,-0.863000,77.053000,-279.908000,-23.618000,29.47
9.199646,0.696000,-0.596000,-0.869000,93.344000,-266.641000,-8.458000,29.47
9.209687,0.789000,-0.635000,-0.855000,106.107000,-260.840000,8.061000,29.42
9.219662,0.855000,-0.680000,-0.865000,117.420000,-254.458000,27.878000,29.47
9.229635,1.008000,-0.688000,-0.886000,113.634000,-252.870000,48.748000,29.47
9.239685,1.049000,-0.615000,-0.910000,110.519000,-245.160000,72.580000,29.47
9.249603,1.830000,-0.527000,-1.098000,119.573000,-234.351000,96.672000,29.42
9.259594,1.522000,0.015000,-1.000000,107.191000,-239.389000,99.725000,29.42
9.269769,1.541000,0.308000,-0.755000,101.206000,-242.244000,90.992000,29.47
9.279682,1.651000,0.434000,-0.726000,95.282000,-230.229000,75.969000,29.47
9.289823,1.549000,0.582000,-0.654000,95.649000,-228.916000,61.954000,29.38
9.299800,1.139000,0.452000,-0.543000,100.656000,-204.519000,54.351000,29.42
9.309831,0.975000,0.241000,-0.684000,103.908000,-180.977000,51.679000,29.52
9.319799,1.018000,-0.105000,-0.682000,97.679000,-167.237000,50.931000,29.47
9.329827,1.468000,-0.137000,-0.750000,95.145000,-148.397000,55.542000,29.47
9.339734,1.520000,-0.199000,-0.678000,92.916000,-134.489000,62.809000,29.33
9.349844,1.484000,-0.309000,-0.583000,86.626000,-133.466000,73.023000,29.52
9.359810,1.791000,0.169000,-0.468000,106.397000,-93.863000,91.878000,29.47
9.369751,1.587000,-0.342000,0.229000,47.496000,-84.382000,107.389000,29.38
9.379781,2.342000,-0.071000,0.205000,3.756000,-28.076000,122.992000,29.42
9.389624,2.437000,0.558000,-0.259000,10.672000,-5.786000,149.282000,29.42
9.399745,2.729000,0.998000,-0.486000,29.527000,-8.901000,166.977000,29.47
9.409813,2.312000,1.237000,-0.248000,26.916000,-23.878000,149.267000,29.38
9.425742,2.043000,1.612000,0.074000,-3.130000,-24.611000,103.450000,29.42
9.431796,2.011000,1.835000,0.223000,0.748000,1.969000,48.260000,29.38
9.439816,2.096000,1.612000,0.305000,-17.115000,9.908000,17.725000,29.38
9.449662,2.198000,1.395000,0.470000,4.351000,-54.931000,-12.687000,29.47
9.459281,2.238000,1.280000,0.969000,-24.366000,-41.420000,-28.092000,29.52
9.469283,2.315000,1.148000,1.489000,-60.794000,6.061000,-31.038000,29.42
9.479292,2.326000,1.389000,1.869000,-85.771000,115.389000,-34.550000,29.47
9.489345,1.683000,1.061000,-2.228000,-21.450000,149.679000,-48.305000,29.47
9.499360,1.857000,0.958000,-3.076000,-3.115000,47.710000,-33.771000,29.42
9.509312,0.594000,-0.371000,-1.129000,-21.160000,2.733000,-54.153000,29.52
9.519362,0.017000,-1.485000,0.001000,-60.840000,51.282000,-72.443000,29.47
9.529384,1.019000,-1.456000,-0.600000,-71.099000,67.618000,-60.733000,29.47
9.539579,0.755000,0.909000,-1.488000,-91.878000,61.924000,-59.893000,29.42
9.549543,0.709000,0.522000,-1.302000,-67.359000,57.863000,-45.267000,29.33
9.559510,0.708000,-0.601000,-0.734000,-36.901000,28.595000,-24.702000,29.47
9.569482,0.517000,-0.246000,-0.948000,-43.069000,11.053000,-13.618000,29.47
9.579440,0.494000,-0.096000,-1.171000,-29.130000,9.145000,-19.527000,29.52
9.589551,0.658000,-0.312000,-0.887000,-9.038000,5.847000,-12.412000,29.47
9.599612,0.547000,-0.166000,-0.845000,-1.160000,6.748000,-11.420000,29.38
9.609520,0.604000,-0.135000,-0.931000,4.427000,11.145000,-8.489000,29.38
9.619542,0.513000,-0.159000,-0.832000,4.626000,15.160000,-7.328000,29.42
9.629605,0.649000,-0.203000,-0.849000,7.298000,8.656000,-6.733000,29.42
9.639492,0.612000,-0.282000,-0.824000,7.435000,11.588000,-9.084000,29.47
9.649587,0.579000,-0.277000,-0.765000,2.427000,11.771000,-11.802000,29.47
9.659547,0.586000,-0.269000,-0.831000,-0.458000,11.847000,-14.947000,29.42
9.669522,0.562000,-0.250000,-0.825000,-3.695000,12.779000,-17.511000,29.33
9.679516,0.633000,-0.212000,-0.793000,-4.794000,8.824000,-20.443000,29.47
9.689624,0.586000,-0.179000,-0.826000,-7.878000,12.382000,-20.260000,29.47
9.699746,0.578000,-0.129000,-0.816000,-7.924000,15.267000,-18.840000,29.42
9.709699,0.458000,-0.115000,-0.854000,-5.618000,17.221000,-16.565000,29.42
9.719661,0.587000,-0.146000,-0.802000,-5.420000,20.870000,-15.053000,29.38
9.729702,0.618000,-0.109000,-0.736000,4.382000,14.198000,-19.145000,29.38
9.739722,0.557000,-0.121000,-0.790000,-9.557000,32.107000,-12.031000,29.42
9.749532,0.553000,-0.137000,-0.778000,-0.290000,28.305000,-11.542000,29.38
9.759697,0.605000,-0.140000,-0.807000,-4.183000,32.366000,-10.809000,29.57
9.769638,0.607000,-0.154000,-0.790000,-3.985000,29.878000,-9.756000,29.47
9.779669,0.624000,-0.148000,-0.780000,-3.496000,30.901000,-9.389000,29.42
9.789665,0.638000,-0.124000,-0.785000,-3.618000,31.908000,-8.656000,29.42
9.799729,0.610000,-0.169000,-0.783000,-5.496000,31.145000,-7.527000,29.47
9.809617,0.598000,-0.135000,-0.758000,-4.840000,32.962000,-7.634000,29.47
9.819605,0.620000,-0.187000,-0.766000,-5.756000,26.641000,-7.725000,29.52
9.829722,0.606000,-0.163000,-0.768000,-5.939000,25.405000,-8.641000,29.42
9.839732,0.619000,-0.160000,-0.763000,-4.718000,26.840000,-9.618000,29.47
9.849416,0.604000,-0.138000,-0.767000,-8.000000,34.672000,-8.901000,29.47
9.859329,0.606000,-0.117000,-0.784000,-7.023000,36.855000,-8.168000,29.42
9.869410,0.637000,-0.105000,-0.772000,-5.847000,38.076000,-6.458000,29.42
9.879436,0.601000,-0.101000,-0.810000,-6.427000,43.908000,-3.618000,29.47
9.889458,0.614000,-0.117000,-0.775000,-2.198000,48.626000,-1.588000,29.47
9.899565,0.592000,-0.145000,-0.785000,-3.267000,56.000000,0.580000,29.52
9.909448,0.600000,-0.141000,-0.756000,-2.046000,68.336000,1.481000,29.38
9.919485,0.595000,-0.162000,-0.804000,-5.817000,80.672000,2.519000,29.47
9.929511,0.570000,-0.193000,-0.782000,-8.321000,96.855000,0.687000,29.47
9.939566,0.526000,-0.214000,-0.829000,-10.458000,112.489000,-5.542000,29.52
9.949548,0.566000,-0.203000,-0.799000,-8.901000,127.053000,-12.733000,29.42
9.959566,0.675000,-0.149000,-0.750000,-0.885000,129.725000,-15.221000,29.38
9.969609,0.720000,-0.167000,-0.759000,8.901000,133.405000,-13.939000,29.38
9.979670,0.724000,-0.177000,-0.748000,18.794000,142.885000,-11.847000,29.42
9.989771,0.683000,-0.219000,-0.758000,22.916000,154.076000,-11.969000,29.42
9.999564,0.635000,-0.275000,-0.853000,27.221000,163.176000,-17.023000,29.47
10.009717,0.761000,-0.254000,-0.850000,25.771000,177.313000,-22.137000,29.47
